usage: server.py [-h] --role ROLE [--bind BIND] [--node-id NODE_ID]
                 [--artifact-dir ARTIFACT_DIR] [--service-name SERVICE_NAME]
                 [--queue-capacity QUEUE_CAPACITY]
                 [--worker-capacity WORKER_CAPACITY]
                 [--max-workers MAX_WORKERS]
                 [--service-http-bind SERVICE_HTTP_BIND]
                 [--service-http-base-url SERVICE_HTTP_BASE_URL]
                 [--executor-backend {subprocess_host}]
                 [--service-default-workers SERVICE_DEFAULT_WORKERS]
                 [--service-heartbeat-timeout-sec SERVICE_HEARTBEAT_TIMEOUT_SEC]
                 [--infocenter-addr INFOCENTER_ADDR]
                 [--advertise-addr ADVERTISE_ADDR] [--node-tags NODE_TAGS]
                 [--node-version NODE_VERSION]
                 [--taskpool-policy-id TASKPOOL_POLICY_ID]
                 [--gateway-refresh-interval-sec GATEWAY_REFRESH_INTERVAL_SEC]
                 [--gateway-failure-threshold GATEWAY_FAILURE_THRESHOLD]
                 [--gateway-open-sec GATEWAY_OPEN_SEC] [--log-level LOG_LEVEL]
server.py: error: unrecognized arguments: --service-default-heartbeat-timeout-sec 30 --node-http-bind 127.0.0.1:52181
2026-05-04 09:03:21,939 INFO __main__ [Server] starting NodeControl bind=127.0.0.1:50061 node_id=node-1 infocenter=127.0.0.1:50051 advertise=127.0.0.1:50061 node_http=http://127.0.0.1:19081 log_level=INFO
2026-05-04 09:03:21,952 INFO __main__ [Server] HTTP NodeControl started base_url=http://127.0.0.1:19081
2026-05-04 09:03:21,952 INFO __main__ [Server] NodeControl registrar start node_id=node-1 infocenter=127.0.0.1:50051 advertise=127.0.0.1:50061
2026-05-04 09:03:21,969 INFO pycloud_parallel.controlplane.registrar [Registrar] node register node_id=node-1 node_instance_id=node-1-842786c5a138 control_addr=127.0.0.1:50061 hb=5 service_count=0 task_pool_count=0
I0504 09:04:17.421554 7520102 fork_posix.cc:71] Other threads are currently calling into gRPC, skipping fork() handlers
I0504 09:04:17.424314 7520137 ev_poll_posix.cc:593] FD from fork parent still in poll list: fd(13, generation: 1)
I0504 09:04:17.424418 7520137 ev_poll_posix.cc:593] FD from fork parent still in poll list: fd(6, generation: 1)
I0504 09:04:17.426626 7520102 fork_posix.cc:71] Other threads are currently calling into gRPC, skipping fork() handlers
I0504 09:04:17.428536 7520177 ev_poll_posix.cc:593] FD from fork parent still in poll list: fd(13, generation: 1)
I0504 09:04:17.428615 7520177 ev_poll_posix.cc:593] FD from fork parent still in poll list: fd(6, generation: 1)
I0504 09:04:17.428628 7520177 ev_poll_posix.cc:593] FD from fork parent still in poll list: fd(13, generation: 1)
I0504 09:04:17.428638 7520177 ev_poll_posix.cc:593] FD from fork parent still in poll list: fd(6, generation: 1)
I0504 09:04:17.428645 7520177 ev_poll_posix.cc:593] FD from fork parent still in poll list: fd(13, generation: 1)
I0504 09:04:17.428651 7520177 ev_poll_posix.cc:593] FD from fork parent still in poll list: fd(6, generation: 1)
I0504 09:04:17.428657 7520177 ev_poll_posix.cc:593] FD from fork parent still in poll list: fd(13, generation: 1)
I0504 09:04:17.428662 7520177 ev_poll_posix.cc:593] FD from fork parent still in poll list: fd(6, generation: 1)
I0504 09:04:17.428669 7520177 ev_poll_posix.cc:593] FD from fork parent still in poll list: fd(13, generation: 1)
I0504 09:04:17.428674 7520177 ev_poll_posix.cc:593] FD from fork parent still in poll list: fd(6, generation: 1)
I0504 09:04:17.428681 7520177 ev_poll_posix.cc:593] FD from fork parent still in poll list: fd(13, generation: 1)
I0504 09:04:17.428686 7520177 ev_poll_posix.cc:593] FD from fork parent still in poll list: fd(6, generation: 1)
I0504 09:04:17.428692 7520177 ev_poll_posix.cc:593] FD from fork parent still in poll list: fd(13, generation: 1)
I0504 09:04:17.428699 7520177 ev_poll_posix.cc:593] FD from fork parent still in poll list: fd(6, generation: 1)
I0504 09:04:17.428712 7520177 ev_poll_posix.cc:593] FD from fork parent still in poll list: fd(13, generation: 1)
I0504 09:04:17.428719 7520177 ev_poll_posix.cc:593] FD from fork parent still in poll list: fd(6, generation: 1)
2026-05-04 09:04:20,375 INFO pycloud_parallel.controlplane.services [NodeControl] UpdateRuntimeGlobals peer=ipv4:127.0.0.1:50722 client_id=874d19504dc8483f90177de62046abf4 code_version=sha256:aa95aad4481684160695f22f301d2d55c94c2f06460a5c521fd1712cd234ad4e.ef3a391391da0f75 runtime_key=874d19504dc8483f90177de62046abf4
2026-05-04 09:04:20,654 INFO numexpr.utils NumExpr defaulting to 10 threads.
2026-05-04 09:04:20,876 INFO pycloud_parallel.controlplane.services [NodeControl] UpdateRuntimeGlobals timing client_id=874d19504dc8483f90177de62046abf4 runtime_key=874d19504dc8483f90177de62046abf4 keys=['bench_mark_closeprice_df', 'bench_mark_yield_df', 'bench_mark_yield_df_weekly'] decode_ms=468.585 state_ms=32.423 total_ms=501.322
/opt/anaconda3/lib/python3.13/site-packages/flare_cores/cores.py:2508: FutureWarning: Series.__getitem__ treating keys as positions is deprecated. In a future version, integer keys will always be treated as labels (consistent with DataFrame behavior). To access a value by position, use `ser.iloc[pos]`
  if len(a) > 0 and np.isnan(a[0]):
/opt/anaconda3/lib/python3.13/site-packages/flare_cores/cores.py:2508: FutureWarning: Series.__getitem__ treating keys as positions is deprecated. In a future version, integer keys will always be treated as labels (consistent with DataFrame behavior). To access a value by position, use `ser.iloc[pos]`
  if len(a) > 0 and np.isnan(a[0]):
/opt/anaconda3/lib/python3.13/site-packages/flare_cores/cores.py:2508: FutureWarning: Series.__getitem__ treating keys as positions is deprecated. In a future version, integer keys will always be treated as labels (consistent with DataFrame behavior). To access a value by position, use `ser.iloc[pos]`
  if len(a) > 0 and np.isnan(a[0]):
/opt/anaconda3/lib/python3.13/site-packages/flare_cores/cores.py:2508: FutureWarning: Series.__getitem__ treating keys as positions is deprecated. In a future version, integer keys will always be treated as labels (consistent with DataFrame behavior). To access a value by position, use `ser.iloc[pos]`
  if len(a) > 0 and np.isnan(a[0]):
/opt/anaconda3/lib/python3.13/site-packages/flare_cores/cores.py:2508: FutureWarning: Series.__getitem__ treating keys as positions is deprecated. In a future version, integer keys will always be treated as labels (consistent with DataFrame behavior). To access a value by position, use `ser.iloc[pos]`
  if len(a) > 0 and np.isnan(a[0]):
/opt/anaconda3/lib/python3.13/site-packages/flare_cores/cores.py:2508: FutureWarning: Series.__getitem__ treating keys as positions is deprecated. In a future version, integer keys will always be treated as labels (consistent with DataFrame behavior). To access a value by position, use `ser.iloc[pos]`
  if len(a) > 0 and np.isnan(a[0]):
/opt/anaconda3/lib/python3.13/site-packages/flare_cores/cores.py:2508: FutureWarning: Series.__getitem__ treating keys as positions is deprecated. In a future version, integer keys will always be treated as labels (consistent with DataFrame behavior). To access a value by position, use `ser.iloc[pos]`
  if len(a) > 0 and np.isnan(a[0]):
/opt/anaconda3/lib/python3.13/site-packages/flare_cores/cores.py:2508: FutureWarning: Series.__getitem__ treating keys as positions is deprecated. In a future version, integer keys will always be treated as labels (consistent with DataFrame behavior). To access a value by position, use `ser.iloc[pos]`
  if len(a) > 0 and np.isnan(a[0]):
/opt/anaconda3/lib/python3.13/site-packages/flare_cores/cores.py:2508: FutureWarning: Series.__getitem__ treating keys as positions is deprecated. In a future version, integer keys will always be treated as labels (consistent with DataFrame behavior). To access a value by position, use `ser.iloc[pos]`
  if len(a) > 0 and np.isnan(a[0]):
/opt/anaconda3/lib/python3.13/site-packages/flare_cores/cores.py:2508: FutureWarning: Series.__getitem__ treating keys as positions is deprecated. In a future version, integer keys will always be treated as labels (consistent with DataFrame behavior). To access a value by position, use `ser.iloc[pos]`
  if len(a) > 0 and np.isnan(a[0]):
2026-05-04 09:04:33,047 INFO pycloud_parallel.service_timing {"event": "task_pool_timing", "pool_id": "874d19504dc8483f90177de62046abf4", "pool_name": "task-pool-33d82d4a27", "method": "get_fund_asset_ratio", "ok": true, "setup_ms": 0.0, "build_execute_spec_ms": 0.032, "executor_ms": 11625.584, "finalize_ms": 0.0, "total_ms": 11625.616, "error_type": "", "error_message": "", "subprocess": {"decode_ms": 1.307, "worker_decode_ms": 1.307, "invoke_ms": 11574.631, "invoke_wrapper_ms": 0.359, "user_fn_ms": 11574.086, "encode_ms": 2.93, "worker_encode_result_ms": 2.93, "managed_globals_cache_hit": true, "managed_globals_ms": 0.014}, "queue_wait_ms": 46.716}
2026-05-04 09:04:35,348 INFO pycloud_parallel.service_timing {"event": "task_pool_timing", "pool_id": "874d19504dc8483f90177de62046abf4", "pool_name": "task-pool-33d82d4a27", "method": "get_fund_asset_ratio", "ok": true, "setup_ms": 0.0, "build_execute_spec_ms": 0.036, "executor_ms": 13929.073, "finalize_ms": 0.0, "total_ms": 13929.109, "error_type": "", "error_message": "", "subprocess": {"decode_ms": 1.187, "worker_decode_ms": 1.187, "invoke_ms": 13821.942, "invoke_wrapper_ms": 0.345, "user_fn_ms": 13821.536, "encode_ms": 34.564, "worker_encode_result_ms": 34.564, "managed_globals_cache_hit": true, "managed_globals_ms": 0.014}, "queue_wait_ms": 71.38}
/opt/anaconda3/lib/python3.13/site-packages/flare_cores/cores.py:2508: FutureWarning: Series.__getitem__ treating keys as positions is deprecated. In a future version, integer keys will always be treated as labels (consistent with DataFrame behavior). To access a value by position, use `ser.iloc[pos]`
  if len(a) > 0 and np.isnan(a[0]):
2026-05-04 09:04:36,311 INFO pycloud_parallel.service_timing {"event": "task_pool_timing", "pool_id": "874d19504dc8483f90177de62046abf4", "pool_name": "task-pool-33d82d4a27", "method": "get_fund_asset_ratio", "ok": true, "setup_ms": 0.0, "build_execute_spec_ms": 0.019, "executor_ms": 14894.437, "finalize_ms": 0.0, "total_ms": 14894.456, "error_type": "", "error_message": "", "subprocess": {"decode_ms": 0.897, "worker_decode_ms": 0.897, "invoke_ms": 14859.492, "invoke_wrapper_ms": 0.34, "user_fn_ms": 14859.075, "encode_ms": 1.899, "worker_encode_result_ms": 1.899, "managed_globals_cache_hit": true, "managed_globals_ms": 0.009}, "queue_wait_ms": 32.149}
2026-05-04 09:04:36,311 INFO pycloud_parallel.service_timing {"event": "task_pool_timing", "pool_id": "874d19504dc8483f90177de62046abf4", "pool_name": "task-pool-33d82d4a27", "method": "get_fund_asset_ratio", "ok": true, "setup_ms": 0.0, "build_execute_spec_ms": 0.048, "executor_ms": 14893.957, "finalize_ms": 0.0, "total_ms": 14894.005, "error_type": "", "error_message": "", "subprocess": {"decode_ms": 1.474, "worker_decode_ms": 1.474, "invoke_ms": 14873.259, "invoke_wrapper_ms": 0.482, "user_fn_ms": 14872.72, "encode_ms": 1.425, "worker_encode_result_ms": 1.425, "managed_globals_cache_hit": true, "managed_globals_ms": 0.014}, "queue_wait_ms": 17.799}
/opt/anaconda3/lib/python3.13/site-packages/flare_cores/cores.py:2508: FutureWarning: Series.__getitem__ treating keys as positions is deprecated. In a future version, integer keys will always be treated as labels (consistent with DataFrame behavior). To access a value by position, use `ser.iloc[pos]`
  if len(a) > 0 and np.isnan(a[0]):
2026-05-04 09:04:38,497 INFO pycloud_parallel.service_timing {"event": "task_pool_timing", "pool_id": "874d19504dc8483f90177de62046abf4", "pool_name": "task-pool-33d82d4a27", "method": "get_fund_asset_ratio", "ok": true, "setup_ms": 0.0, "build_execute_spec_ms": 0.012, "executor_ms": 17082.258, "finalize_ms": 0.0, "total_ms": 17082.27, "error_type": "", "error_message": "", "subprocess": {"decode_ms": 1.174, "worker_decode_ms": 1.174, "invoke_ms": 17045.192, "invoke_wrapper_ms": 0.492, "user_fn_ms": 17044.636, "encode_ms": 1.634, "worker_encode_result_ms": 1.634, "managed_globals_cache_hit": true, "managed_globals_ms": 0.016}, "queue_wait_ms": 34.258}
2026-05-04 09:04:38,715 INFO pycloud_parallel.service_timing {"event": "task_pool_timing", "pool_id": "874d19504dc8483f90177de62046abf4", "pool_name": "task-pool-33d82d4a27", "method": "get_fund_asset_ratio", "ok": true, "setup_ms": 0.0, "build_execute_spec_ms": 0.016, "executor_ms": 17298.897, "finalize_ms": 0.0, "total_ms": 17298.913, "error_type": "", "error_message": "", "subprocess": {"decode_ms": 3.372, "worker_decode_ms": 3.372, "invoke_ms": 17221.655, "invoke_wrapper_ms": 0.438, "user_fn_ms": 17221.171, "encode_ms": 22.484, "worker_encode_result_ms": 22.484, "managed_globals_cache_hit": true, "managed_globals_ms": 0.024}, "queue_wait_ms": 51.386}
/opt/anaconda3/lib/python3.13/site-packages/flare_cores/cores.py:2508: FutureWarning: Series.__getitem__ treating keys as positions is deprecated. In a future version, integer keys will always be treated as labels (consistent with DataFrame behavior). To access a value by position, use `ser.iloc[pos]`
  if len(a) > 0 and np.isnan(a[0]):
/opt/anaconda3/lib/python3.13/site-packages/flare_cores/cores.py:2508: FutureWarning: Series.__getitem__ treating keys as positions is deprecated. In a future version, integer keys will always be treated as labels (consistent with DataFrame behavior). To access a value by position, use `ser.iloc[pos]`
  if len(a) > 0 and np.isnan(a[0]):
2026-05-04 09:04:40,465 INFO pycloud_parallel.service_timing {"event": "task_pool_timing", "pool_id": "874d19504dc8483f90177de62046abf4", "pool_name": "task-pool-33d82d4a27", "method": "get_fund_asset_ratio", "ok": true, "setup_ms": 0.0, "build_execute_spec_ms": 0.018, "executor_ms": 19051.539, "finalize_ms": 0.0, "total_ms": 19051.557, "error_type": "", "error_message": "", "subprocess": {"decode_ms": 0.894, "worker_decode_ms": 0.894, "invoke_ms": 18982.864, "invoke_wrapper_ms": 0.256, "user_fn_ms": 18982.536, "encode_ms": 2.41, "worker_encode_result_ms": 2.41, "managed_globals_cache_hit": true, "managed_globals_ms": 0.009}, "queue_wait_ms": 65.371}
/opt/anaconda3/lib/python3.13/site-packages/flare_cores/cores.py:2508: FutureWarning: Series.__getitem__ treating keys as positions is deprecated. In a future version, integer keys will always be treated as labels (consistent with DataFrame behavior). To access a value by position, use `ser.iloc[pos]`
  if len(a) > 0 and np.isnan(a[0]):
/opt/anaconda3/lib/python3.13/site-packages/flare_cores/cores.py:2508: FutureWarning: Series.__getitem__ treating keys as positions is deprecated. In a future version, integer keys will always be treated as labels (consistent with DataFrame behavior). To access a value by position, use `ser.iloc[pos]`
  if len(a) > 0 and np.isnan(a[0]):
2026-05-04 09:04:41,693 INFO pycloud_parallel.service_timing {"event": "task_pool_timing", "pool_id": "874d19504dc8483f90177de62046abf4", "pool_name": "task-pool-33d82d4a27", "method": "get_fund_asset_ratio", "ok": true, "setup_ms": 0.0, "build_execute_spec_ms": 0.012, "executor_ms": 20277.888, "finalize_ms": 0.0, "total_ms": 20277.9, "error_type": "", "error_message": "", "subprocess": {"decode_ms": 1.021, "worker_decode_ms": 1.021, "invoke_ms": 20253.35, "invoke_wrapper_ms": 0.223, "user_fn_ms": 20253.08, "encode_ms": 2.046, "worker_encode_result_ms": 2.046, "managed_globals_cache_hit": true, "managed_globals_ms": 0.011}, "queue_wait_ms": 21.471}
2026-05-04 09:04:42,123 INFO pycloud_parallel.service_timing {"event": "task_pool_timing", "pool_id": "874d19504dc8483f90177de62046abf4", "pool_name": "task-pool-33d82d4a27", "method": "get_fund_asset_ratio", "ok": true, "setup_ms": 0.0, "build_execute_spec_ms": 0.015, "executor_ms": 20708.842, "finalize_ms": 0.0, "total_ms": 20708.857, "error_type": "", "error_message": "", "subprocess": {"decode_ms": 0.886, "worker_decode_ms": 0.886, "invoke_ms": 20633.4, "invoke_wrapper_ms": 0.255, "user_fn_ms": 20633.095, "encode_ms": 2.375, "worker_encode_result_ms": 2.375, "managed_globals_cache_hit": true, "managed_globals_ms": 0.011}, "queue_wait_ms": 72.181}
/opt/anaconda3/lib/python3.13/site-packages/flare_cores/cores.py:2508: FutureWarning: Series.__getitem__ treating keys as positions is deprecated. In a future version, integer keys will always be treated as labels (consistent with DataFrame behavior). To access a value by position, use `ser.iloc[pos]`
  if len(a) > 0 and np.isnan(a[0]):
/opt/anaconda3/lib/python3.13/site-packages/flare_cores/cores.py:2508: FutureWarning: Series.__getitem__ treating keys as positions is deprecated. In a future version, integer keys will always be treated as labels (consistent with DataFrame behavior). To access a value by position, use `ser.iloc[pos]`
  if len(a) > 0 and np.isnan(a[0]):
/opt/anaconda3/lib/python3.13/site-packages/flare_cores/cores.py:2508: FutureWarning: Series.__getitem__ treating keys as positions is deprecated. In a future version, integer keys will always be treated as labels (consistent with DataFrame behavior). To access a value by position, use `ser.iloc[pos]`
  if len(a) > 0 and np.isnan(a[0]):
2026-05-04 09:04:45,500 INFO pycloud_parallel.service_timing {"event": "task_pool_timing", "pool_id": "874d19504dc8483f90177de62046abf4", "pool_name": "task-pool-33d82d4a27", "method": "get_fund_asset_ratio", "ok": true, "setup_ms": 0.0, "build_execute_spec_ms": 0.024, "executor_ms": 24078.011, "finalize_ms": 0.0, "total_ms": 24078.035, "error_type": "", "error_message": "", "subprocess": {"decode_ms": 1.016, "worker_decode_ms": 1.016, "invoke_ms": 12428.41, "invoke_wrapper_ms": 1.356, "user_fn_ms": 12427.036, "encode_ms": 1.444, "worker_encode_result_ms": 1.444, "managed_globals_cache_hit": true, "managed_globals_ms": 0.014}, "queue_wait_ms": 11647.141}
2026-05-04 09:04:46,149 INFO pycloud_parallel.service_timing {"event": "task_pool_timing", "pool_id": "874d19504dc8483f90177de62046abf4", "pool_name": "task-pool-33d82d4a27", "method": "get_fund_asset_ratio", "ok": true, "setup_ms": 0.0, "build_execute_spec_ms": 0.031, "executor_ms": 24719.922, "finalize_ms": 0.0, "total_ms": 24719.953, "error_type": "", "error_message": "", "subprocess": {"decode_ms": 0.986, "worker_decode_ms": 0.986, "invoke_ms": 10824.963, "invoke_wrapper_ms": 0.096, "user_fn_ms": 10824.846, "encode_ms": 2.058, "worker_encode_result_ms": 2.058, "managed_globals_cache_hit": true, "managed_globals_ms": 0.013}, "queue_wait_ms": 13891.915}
2026-05-04 09:04:46,725 INFO pycloud_parallel.service_timing {"event": "task_pool_timing", "pool_id": "874d19504dc8483f90177de62046abf4", "pool_name": "task-pool-33d82d4a27", "method": "get_fund_asset_ratio", "ok": true, "setup_ms": 0.0, "build_execute_spec_ms": 0.017, "executor_ms": 25285.696, "finalize_ms": 0.0, "total_ms": 25285.713, "error_type": "", "error_message": "", "subprocess": {"decode_ms": 0.753, "worker_decode_ms": 0.753, "invoke_ms": 10340.421, "invoke_wrapper_ms": 0.094, "user_fn_ms": 10340.311, "encode_ms": 1.189, "worker_encode_result_ms": 1.189, "managed_globals_cache_hit": true, "managed_globals_ms": 0.012}, "queue_wait_ms": 14943.333}
2026-05-04 09:04:46,944 INFO pycloud_parallel.service_timing {"event": "task_pool_timing", "pool_id": "874d19504dc8483f90177de62046abf4", "pool_name": "task-pool-33d82d4a27", "method": "get_fund_asset_ratio", "ok": true, "setup_ms": 0.0, "build_execute_spec_ms": 0.052, "executor_ms": 25530.661, "finalize_ms": 0.0, "total_ms": 25530.713, "error_type": "", "error_message": "", "subprocess": {"decode_ms": 2.733, "worker_decode_ms": 2.733, "invoke_ms": 25447.612, "invoke_wrapper_ms": 0.218, "user_fn_ms": 25447.358, "encode_ms": 1.845, "worker_encode_result_ms": 1.845, "managed_globals_cache_hit": true, "managed_globals_ms": 0.011}, "queue_wait_ms": 78.471}
/opt/anaconda3/lib/python3.13/site-packages/flare_cores/cores.py:2508: FutureWarning: Series.__getitem__ treating keys as positions is deprecated. In a future version, integer keys will always be treated as labels (consistent with DataFrame behavior). To access a value by position, use `ser.iloc[pos]`
  if len(a) > 0 and np.isnan(a[0]):
2026-05-04 09:04:47,588 INFO pycloud_parallel.service_timing {"event": "task_pool_timing", "pool_id": "874d19504dc8483f90177de62046abf4", "pool_name": "task-pool-33d82d4a27", "method": "get_fund_asset_ratio", "ok": true, "setup_ms": 0.0, "build_execute_spec_ms": 0.023, "executor_ms": 26151.746, "finalize_ms": 0.0, "total_ms": 26151.769, "error_type": "", "error_message": "", "subprocess": {"decode_ms": 0.848, "worker_decode_ms": 0.848, "invoke_ms": 11247.62, "invoke_wrapper_ms": 0.1, "user_fn_ms": 11247.504, "encode_ms": 1.24, "worker_encode_result_ms": 1.24, "managed_globals_cache_hit": true, "managed_globals_ms": 0.013}, "queue_wait_ms": 14902.038}
/opt/anaconda3/lib/python3.13/site-packages/flare_cores/cores.py:2508: FutureWarning: Series.__getitem__ treating keys as positions is deprecated. In a future version, integer keys will always be treated as labels (consistent with DataFrame behavior). To access a value by position, use `ser.iloc[pos]`
  if len(a) > 0 and np.isnan(a[0]):
2026-05-04 09:04:48,018 INFO pycloud_parallel.service_timing {"event": "task_pool_timing", "pool_id": "874d19504dc8483f90177de62046abf4", "pool_name": "task-pool-33d82d4a27", "method": "get_fund_asset_ratio", "ok": true, "setup_ms": 0.0, "build_execute_spec_ms": 0.054, "executor_ms": 14892.626, "finalize_ms": 0.0, "total_ms": 14892.68, "error_type": "", "error_message": "", "subprocess": {"decode_ms": 0.813, "worker_decode_ms": 0.813, "invoke_ms": 9283.891, "invoke_wrapper_ms": 0.098, "user_fn_ms": 9283.774, "encode_ms": 2.133, "worker_encode_result_ms": 2.133, "managed_globals_cache_hit": true, "managed_globals_ms": 0.013}, "queue_wait_ms": 5605.789}
/opt/anaconda3/lib/python3.13/site-packages/flare_cores/cores.py:2508: FutureWarning: Series.__getitem__ treating keys as positions is deprecated. In a future version, integer keys will always be treated as labels (consistent with DataFrame behavior). To access a value by position, use `ser.iloc[pos]`
  if len(a) > 0 and np.isnan(a[0]):
2026-05-04 09:04:48,234 INFO pycloud_parallel.service_timing {"event": "task_pool_timing", "pool_id": "874d19504dc8483f90177de62046abf4", "pool_name": "task-pool-33d82d4a27", "method": "get_fund_asset_ratio", "ok": true, "setup_ms": 0.0, "build_execute_spec_ms": 0.056, "executor_ms": 12765.41, "finalize_ms": 0.0, "total_ms": 12765.466, "error_type": "", "error_message": "", "subprocess": {"decode_ms": 2.884, "worker_decode_ms": 2.884, "invoke_ms": 7753.711, "invoke_wrapper_ms": 0.094, "user_fn_ms": 7753.602, "encode_ms": 1.336, "worker_encode_result_ms": 1.336, "managed_globals_cache_hit": true, "managed_globals_ms": 0.01}, "queue_wait_ms": 5007.479}
/opt/anaconda3/lib/python3.13/site-packages/flare_cores/cores.py:2508: FutureWarning: Series.__getitem__ treating keys as positions is deprecated. In a future version, integer keys will always be treated as labels (consistent with DataFrame behavior). To access a value by position, use `ser.iloc[pos]`
  if len(a) > 0 and np.isnan(a[0]):
/opt/anaconda3/lib/python3.13/site-packages/flare_cores/cores.py:2508: FutureWarning: Series.__getitem__ treating keys as positions is deprecated. In a future version, integer keys will always be treated as labels (consistent with DataFrame behavior). To access a value by position, use `ser.iloc[pos]`
  if len(a) > 0 and np.isnan(a[0]):
/opt/anaconda3/lib/python3.13/site-packages/flare_cores/cores.py:2508: FutureWarning: Series.__getitem__ treating keys as positions is deprecated. In a future version, integer keys will always be treated as labels (consistent with DataFrame behavior). To access a value by position, use `ser.iloc[pos]`
  if len(a) > 0 and np.isnan(a[0]):
/opt/anaconda3/lib/python3.13/site-packages/flare_cores/cores.py:2508: FutureWarning: Series.__getitem__ treating keys as positions is deprecated. In a future version, integer keys will always be treated as labels (consistent with DataFrame behavior). To access a value by position, use `ser.iloc[pos]`
  if len(a) > 0 and np.isnan(a[0]):
2026-05-04 09:04:49,946 INFO pycloud_parallel.service_timing {"event": "task_pool_timing", "pool_id": "874d19504dc8483f90177de62046abf4", "pool_name": "task-pool-33d82d4a27", "method": "get_fund_asset_ratio", "ok": true, "setup_ms": 0.0, "build_execute_spec_ms": 0.059, "executor_ms": 13598.784, "finalize_ms": 0.0, "total_ms": 13598.843, "error_type": "", "error_message": "", "subprocess": {"decode_ms": 0.772, "worker_decode_ms": 0.772, "invoke_ms": 8207.219, "invoke_wrapper_ms": 0.101, "user_fn_ms": 8207.078, "encode_ms": 50.993, "worker_encode_result_ms": 50.993, "managed_globals_cache_hit": true, "managed_globals_ms": 0.009}, "queue_wait_ms": 5339.8}
2026-05-04 09:04:50,000 INFO pycloud_parallel.service_timing {"event": "task_pool_timing", "pool_id": "874d19504dc8483f90177de62046abf4", "pool_name": "task-pool-33d82d4a27", "method": "get_fund_asset_ratio", "ok": true, "setup_ms": 0.0, "build_execute_spec_ms": 0.02, "executor_ms": 13652.451, "finalize_ms": 0.0, "total_ms": 13652.471, "error_type": "", "error_message": "", "subprocess": {"decode_ms": 0.99, "worker_decode_ms": 0.99, "invoke_ms": 7870.874, "invoke_wrapper_ms": 0.122, "user_fn_ms": 7870.734, "encode_ms": 23.087, "worker_encode_result_ms": 23.087, "managed_globals_cache_hit": true, "managed_globals_ms": 0.016}, "queue_wait_ms": 5757.5}
2026-05-04 09:04:50,484 INFO pycloud_parallel.service_timing {"event": "task_pool_timing", "pool_id": "874d19504dc8483f90177de62046abf4", "pool_name": "task-pool-33d82d4a27", "method": "get_fund_asset_ratio", "ok": true, "setup_ms": 0.0, "build_execute_spec_ms": 0.018, "executor_ms": 29043.581, "finalize_ms": 0.0, "total_ms": 29043.599, "error_type": "", "error_message": "", "subprocess": {"decode_ms": 0.88, "worker_decode_ms": 0.88, "invoke_ms": 11951.923, "invoke_wrapper_ms": 0.098, "user_fn_ms": 11951.808, "encode_ms": 1.094, "worker_encode_result_ms": 1.094, "managed_globals_cache_hit": true, "managed_globals_ms": 0.009}, "queue_wait_ms": 17089.684}
/opt/anaconda3/lib/python3.13/site-packages/flare_cores/cores.py:2508: FutureWarning: Series.__getitem__ treating keys as positions is deprecated. In a future version, integer keys will always be treated as labels (consistent with DataFrame behavior). To access a value by position, use `ser.iloc[pos]`
  if len(a) > 0 and np.isnan(a[0]):
/opt/anaconda3/lib/python3.13/site-packages/flare_cores/cores.py:2508: FutureWarning: Series.__getitem__ treating keys as positions is deprecated. In a future version, integer keys will always be treated as labels (consistent with DataFrame behavior). To access a value by position, use `ser.iloc[pos]`
  if len(a) > 0 and np.isnan(a[0]):
/opt/anaconda3/lib/python3.13/site-packages/flare_cores/cores.py:2508: FutureWarning: Series.__getitem__ treating keys as positions is deprecated. In a future version, integer keys will always be treated as labels (consistent with DataFrame behavior). To access a value by position, use `ser.iloc[pos]`
  if len(a) > 0 and np.isnan(a[0]):
2026-05-04 09:04:51,760 INFO pycloud_parallel.service_timing {"event": "task_pool_timing", "pool_id": "874d19504dc8483f90177de62046abf4", "pool_name": "task-pool-33d82d4a27", "method": "get_fund_asset_ratio", "ok": true, "setup_ms": 0.0, "build_execute_spec_ms": 0.059, "executor_ms": 4094.868, "finalize_ms": 0.0, "total_ms": 4094.927, "error_type": "", "error_message": "", "subprocess": {"decode_ms": 0.805, "worker_decode_ms": 0.805, "invoke_ms": 1282.471, "invoke_wrapper_ms": 0.064, "user_fn_ms": 1282.393, "encode_ms": 0.959, "worker_encode_result_ms": 0.959, "managed_globals_cache_hit": true, "managed_globals_ms": 0.007}, "queue_wait_ms": 2810.633}
2026-05-04 09:04:51,972 INFO pycloud_parallel.service_timing {"event": "task_pool_timing", "pool_id": "874d19504dc8483f90177de62046abf4", "pool_name": "task-pool-33d82d4a27", "method": "get_fund_asset_ratio", "ok": true, "setup_ms": 0.0, "build_execute_spec_ms": 0.058, "executor_ms": 13229.834, "finalize_ms": 0.0, "total_ms": 13229.892, "error_type": "", "error_message": "", "subprocess": {"decode_ms": 0.785, "worker_decode_ms": 0.785, "invoke_ms": 5742.471, "invoke_wrapper_ms": 0.08, "user_fn_ms": 5742.38, "encode_ms": 24.913, "worker_encode_result_ms": 24.913, "managed_globals_cache_hit": true, "managed_globals_ms": 0.009}, "queue_wait_ms": 7461.665}
2026-05-04 09:04:51,973 INFO pycloud_parallel.service_timing {"event": "task_pool_timing", "pool_id": "874d19504dc8483f90177de62046abf4", "pool_name": "task-pool-33d82d4a27", "method": "get_fund_asset_ratio", "ok": true, "setup_ms": 0.0, "build_execute_spec_ms": 0.054, "executor_ms": 11383.156, "finalize_ms": 0.0, "total_ms": 11383.21, "error_type": "", "error_message": "", "subprocess": {"decode_ms": 0.82, "worker_decode_ms": 0.82, "invoke_ms": 5264.123, "invoke_wrapper_ms": 0.064, "user_fn_ms": 5264.044, "encode_ms": 1.103, "worker_encode_result_ms": 1.103, "managed_globals_cache_hit": true, "managed_globals_ms": 0.007}, "queue_wait_ms": 6117.11}
2026-05-04 09:04:52,027 INFO pycloud_parallel.service_timing {"event": "task_pool_timing", "pool_id": "874d19504dc8483f90177de62046abf4", "pool_name": "task-pool-33d82d4a27", "method": "get_fund_asset_ratio", "ok": true, "setup_ms": 0.0, "build_execute_spec_ms": 0.052, "executor_ms": 13505.985, "finalize_ms": 0.0, "total_ms": 13506.037, "error_type": "", "error_message": "", "subprocess": {"decode_ms": 0.723, "worker_decode_ms": 0.723, "invoke_ms": 6502.874, "invoke_wrapper_ms": 0.074, "user_fn_ms": 6502.788, "encode_ms": 1.022, "worker_encode_result_ms": 1.022, "managed_globals_cache_hit": true, "managed_globals_ms": 0.008}, "queue_wait_ms": 7001.366}
2026-05-04 09:04:52,028 INFO pycloud_parallel.service_timing {"event": "task_pool_timing", "pool_id": "874d19504dc8483f90177de62046abf4", "pool_name": "task-pool-33d82d4a27", "method": "get_fund_asset_ratio", "ok": true, "setup_ms": 0.0, "build_execute_spec_ms": 0.056, "executor_ms": 5000.665, "finalize_ms": 0.0, "total_ms": 5000.721, "error_type": "", "error_message": "", "subprocess": {"decode_ms": 1.934, "worker_decode_ms": 1.934, "invoke_ms": 2034.714, "invoke_wrapper_ms": 0.08, "user_fn_ms": 2034.608, "encode_ms": 1.724, "worker_encode_result_ms": 1.724, "managed_globals_cache_hit": true, "managed_globals_ms": 0.01}, "queue_wait_ms": 2962.293}
/opt/anaconda3/lib/python3.13/site-packages/flare_cores/cores.py:2508: FutureWarning: Series.__getitem__ treating keys as positions is deprecated. In a future version, integer keys will always be treated as labels (consistent with DataFrame behavior). To access a value by position, use `ser.iloc[pos]`
  if len(a) > 0 and np.isnan(a[0]):
/opt/anaconda3/lib/python3.13/site-packages/flare_cores/cores.py:2508: FutureWarning: Series.__getitem__ treating keys as positions is deprecated. In a future version, integer keys will always be treated as labels (consistent with DataFrame behavior). To access a value by position, use `ser.iloc[pos]`
  if len(a) > 0 and np.isnan(a[0]):
2026-05-04 09:04:52,082 INFO pycloud_parallel.service_timing {"event": "task_pool_timing", "pool_id": "874d19504dc8483f90177de62046abf4", "pool_name": "task-pool-33d82d4a27", "method": "get_fund_asset_ratio", "ok": true, "setup_ms": 0.0, "build_execute_spec_ms": 0.053, "executor_ms": 5827.032, "finalize_ms": 0.0, "total_ms": 5827.085, "error_type": "", "error_message": "", "subprocess": {"decode_ms": 0.715, "worker_decode_ms": 0.715, "invoke_ms": 3829.201, "invoke_wrapper_ms": 0.069, "user_fn_ms": 3829.114, "encode_ms": 1.415, "worker_encode_result_ms": 1.415, "managed_globals_cache_hit": true, "managed_globals_ms": 0.008}, "queue_wait_ms": 1995.701}
2026-05-04 09:04:52,082 INFO pycloud_parallel.service_timing {"event": "task_pool_timing", "pool_id": "874d19504dc8483f90177de62046abf4", "pool_name": "task-pool-33d82d4a27", "method": "get_fund_asset_ratio", "ok": true, "setup_ms": 0.0, "build_execute_spec_ms": 0.056, "executor_ms": 6481.008, "finalize_ms": 0.0, "total_ms": 6481.064, "error_type": "", "error_message": "", "subprocess": {"decode_ms": 0.774, "worker_decode_ms": 0.774, "invoke_ms": 4028.426, "invoke_wrapper_ms": 0.126, "user_fn_ms": 4028.278, "encode_ms": 2.463, "worker_encode_result_ms": 2.463, "managed_globals_cache_hit": true, "managed_globals_ms": 0.008}, "queue_wait_ms": 2449.345}
2026-05-04 09:04:52,083 INFO pycloud_parallel.service_timing {"event": "task_pool_timing", "pool_id": "874d19504dc8483f90177de62046abf4", "pool_name": "task-pool-33d82d4a27", "method": "get_fund_asset_ratio", "ok": true, "setup_ms": 0.0, "build_execute_spec_ms": 0.058, "executor_ms": 233.097, "finalize_ms": 0.0, "total_ms": 233.155, "error_type": "", "error_message": "", "subprocess": {"decode_ms": 1.01, "worker_decode_ms": 1.01, "invoke_ms": 28.965, "invoke_wrapper_ms": 0.126, "user_fn_ms": 28.82, "encode_ms": 0.764, "worker_encode_result_ms": 0.764, "managed_globals_cache_hit": true, "managed_globals_ms": 0.058}, "queue_wait_ms": 202.358}
/opt/anaconda3/lib/python3.13/site-packages/flare_cores/cores.py:2508: FutureWarning: Series.__getitem__ treating keys as positions is deprecated. In a future version, integer keys will always be treated as labels (consistent with DataFrame behavior). To access a value by position, use `ser.iloc[pos]`
  if len(a) > 0 and np.isnan(a[0]):
/opt/anaconda3/lib/python3.13/site-packages/flare_cores/cores.py:2508: FutureWarning: Series.__getitem__ treating keys as positions is deprecated. In a future version, integer keys will always be treated as labels (consistent with DataFrame behavior). To access a value by position, use `ser.iloc[pos]`
  if len(a) > 0 and np.isnan(a[0]):
/opt/anaconda3/lib/python3.13/site-packages/flare_cores/cores.py:2508: FutureWarning: Series.__getitem__ treating keys as positions is deprecated. In a future version, integer keys will always be treated as labels (consistent with DataFrame behavior). To access a value by position, use `ser.iloc[pos]`
  if len(a) > 0 and np.isnan(a[0]):
2026-05-04 09:04:52,138 INFO pycloud_parallel.service_timing {"event": "task_pool_timing", "pool_id": "874d19504dc8483f90177de62046abf4", "pool_name": "task-pool-33d82d4a27", "method": "get_fund_asset_ratio", "ok": true, "setup_ms": 0.0, "build_execute_spec_ms": 0.015, "executor_ms": 51.195, "finalize_ms": 0.0, "total_ms": 51.21, "error_type": "", "error_message": "", "subprocess": {"decode_ms": 0.609, "worker_decode_ms": 0.609, "invoke_ms": 3.369, "invoke_wrapper_ms": 0.066, "user_fn_ms": 3.288, "encode_ms": 0.097, "worker_encode_result_ms": 0.097, "managed_globals_cache_hit": true, "managed_globals_ms": 0.007}, "queue_wait_ms": 47.12}
/opt/anaconda3/lib/python3.13/site-packages/flare_cores/cores.py:2508: FutureWarning: Series.__getitem__ treating keys as positions is deprecated. In a future version, integer keys will always be treated as labels (consistent with DataFrame behavior). To access a value by position, use `ser.iloc[pos]`
  if len(a) > 0 and np.isnan(a[0]):
/opt/anaconda3/lib/python3.13/site-packages/flare_cores/cores.py:2508: FutureWarning: Series.__getitem__ treating keys as positions is deprecated. In a future version, integer keys will always be treated as labels (consistent with DataFrame behavior). To access a value by position, use `ser.iloc[pos]`
  if len(a) > 0 and np.isnan(a[0]):
/opt/anaconda3/lib/python3.13/site-packages/flare_cores/cores.py:2508: FutureWarning: Series.__getitem__ treating keys as positions is deprecated. In a future version, integer keys will always be treated as labels (consistent with DataFrame behavior). To access a value by position, use `ser.iloc[pos]`
  if len(a) > 0 and np.isnan(a[0]):
2026-05-04 09:04:52,191 INFO pycloud_parallel.service_timing {"event": "task_pool_timing", "pool_id": "874d19504dc8483f90177de62046abf4", "pool_name": "task-pool-33d82d4a27", "method": "get_fund_asset_ratio", "ok": true, "setup_ms": 0.0, "build_execute_spec_ms": 0.048, "executor_ms": 104.9, "finalize_ms": 0.0, "total_ms": 104.948, "error_type": "", "error_message": "", "subprocess": {"decode_ms": 0.663, "worker_decode_ms": 0.663, "invoke_ms": 47.014, "invoke_wrapper_ms": 0.061, "user_fn_ms": 46.94, "encode_ms": 0.813, "worker_encode_result_ms": 0.813, "managed_globals_cache_hit": true, "managed_globals_ms": 0.008}, "queue_wait_ms": 56.41}
2026-05-04 09:04:52,191 INFO pycloud_parallel.service_timing {"event": "task_pool_timing", "pool_id": "874d19504dc8483f90177de62046abf4", "pool_name": "task-pool-33d82d4a27", "method": "get_fund_asset_ratio", "ok": true, "setup_ms": 0.0, "build_execute_spec_ms": 0.019, "executor_ms": 103.838, "finalize_ms": 0.0, "total_ms": 103.857, "error_type": "", "error_message": "", "subprocess": {"decode_ms": 0.62, "worker_decode_ms": 0.62, "invoke_ms": 2.999, "invoke_wrapper_ms": 0.06, "user_fn_ms": 2.928, "encode_ms": 0.085, "worker_encode_result_ms": 0.085, "managed_globals_cache_hit": true, "managed_globals_ms": 0.007}, "queue_wait_ms": 100.134}
2026-05-04 09:04:52,191 INFO pycloud_parallel.service_timing {"event": "task_pool_timing", "pool_id": "874d19504dc8483f90177de62046abf4", "pool_name": "task-pool-33d82d4a27", "method": "get_fund_asset_ratio", "ok": true, "setup_ms": 0.0, "build_execute_spec_ms": 0.012, "executor_ms": 104.421, "finalize_ms": 0.0, "total_ms": 104.433, "error_type": "", "error_message": "", "subprocess": {"decode_ms": 0.792, "worker_decode_ms": 0.792, "invoke_ms": 81.734, "invoke_wrapper_ms": 0.103, "user_fn_ms": 81.608, "encode_ms": 0.843, "worker_encode_result_ms": 0.843, "managed_globals_cache_hit": true, "managed_globals_ms": 0.006}, "queue_wait_ms": 21.052}
2026-05-04 09:04:52,245 INFO pycloud_parallel.service_timing {"event": "task_pool_timing", "pool_id": "874d19504dc8483f90177de62046abf4", "pool_name": "task-pool-33d82d4a27", "method": "get_fund_asset_ratio", "ok": true, "setup_ms": 0.0, "build_execute_spec_ms": 0.057, "executor_ms": 1683.616, "finalize_ms": 0.0, "total_ms": 1683.673, "error_type": "", "error_message": "", "subprocess": {"decode_ms": 0.744, "worker_decode_ms": 0.744, "invoke_ms": 180.267, "invoke_wrapper_ms": 0.074, "user_fn_ms": 180.178, "encode_ms": 1.611, "worker_encode_result_ms": 1.611, "managed_globals_cache_hit": true, "managed_globals_ms": 0.009}, "queue_wait_ms": 1500.994}
2026-05-04 09:04:52,351 INFO pycloud_parallel.service_timing {"event": "task_pool_timing", "pool_id": "874d19504dc8483f90177de62046abf4", "pool_name": "task-pool-33d82d4a27", "method": "get_fund_asset_ratio", "ok": true, "setup_ms": 0.0, "build_execute_spec_ms": 0.061, "executor_ms": 2321.82, "finalize_ms": 0.0, "total_ms": 2321.881, "error_type": "", "error_message": "", "subprocess": {"decode_ms": 0.69, "worker_decode_ms": 0.69, "invoke_ms": 374.896, "invoke_wrapper_ms": 0.071, "user_fn_ms": 374.809, "encode_ms": 1.707, "worker_encode_result_ms": 1.707, "managed_globals_cache_hit": true, "managed_globals_ms": 0.008}, "queue_wait_ms": 1944.527}
2026-05-04 09:04:52,352 INFO pycloud_parallel.service_timing {"event": "task_pool_timing", "pool_id": "874d19504dc8483f90177de62046abf4", "pool_name": "task-pool-33d82d4a27", "method": "get_fund_asset_ratio", "ok": true, "setup_ms": 0.0, "build_execute_spec_ms": 0.017, "executor_ms": 2321.649, "finalize_ms": 0.0, "total_ms": 2321.666, "error_type": "", "error_message": "", "subprocess": {"decode_ms": 0.725, "worker_decode_ms": 0.725, "invoke_ms": 325.957, "invoke_wrapper_ms": 0.08, "user_fn_ms": 325.867, "encode_ms": 0.885, "worker_encode_result_ms": 0.885, "managed_globals_cache_hit": true, "managed_globals_ms": 0.009}, "queue_wait_ms": 1994.082}
2026-05-04 09:04:52,459 INFO pycloud_parallel.service_timing {"event": "task_pool_timing", "pool_id": "874d19504dc8483f90177de62046abf4", "pool_name": "task-pool-33d82d4a27", "method": "get_fund_asset_ratio", "ok": true, "setup_ms": 0.0, "build_execute_spec_ms": 0.055, "executor_ms": 4127.006, "finalize_ms": 0.0, "total_ms": 4127.061, "error_type": "", "error_message": "", "subprocess": {"decode_ms": 1.317, "worker_decode_ms": 1.317, "invoke_ms": 484.534, "invoke_wrapper_ms": 0.078, "user_fn_ms": 484.435, "encode_ms": 1.219, "worker_encode_result_ms": 1.219, "managed_globals_cache_hit": true, "managed_globals_ms": 0.011}, "queue_wait_ms": 3639.936}
2026-05-04 09:04:52,465 INFO pycloud_parallel.service_timing {"event": "task_pool_timing", "pool_id": "874d19504dc8483f90177de62046abf4", "pool_name": "task-pool-33d82d4a27", "method": "get_fund_asset_ratio", "ok": true, "setup_ms": 0.0, "build_execute_spec_ms": 0.056, "executor_ms": 5668.466, "finalize_ms": 0.0, "total_ms": 5668.522, "error_type": "", "error_message": "", "subprocess": {"decode_ms": 0.664, "worker_decode_ms": 0.664, "invoke_ms": 2486.772, "invoke_wrapper_ms": 0.069, "user_fn_ms": 2486.685, "encode_ms": 1.241, "worker_encode_result_ms": 1.241, "managed_globals_cache_hit": true, "managed_globals_ms": 0.007}, "queue_wait_ms": 3179.789}
2026-05-04 09:04:52,519 INFO pycloud_parallel.service_timing {"event": "task_pool_timing", "pool_id": "874d19504dc8483f90177de62046abf4", "pool_name": "task-pool-33d82d4a27", "method": "get_fund_asset_ratio", "ok": true, "setup_ms": 0.0, "build_execute_spec_ms": 0.059, "executor_ms": 4409.776, "finalize_ms": 0.0, "total_ms": 4409.835, "error_type": "", "error_message": "", "subprocess": {"decode_ms": 0.518, "worker_decode_ms": 0.518, "invoke_ms": 727.41, "invoke_wrapper_ms": 0.062, "user_fn_ms": 727.332, "encode_ms": 1.24, "worker_encode_result_ms": 1.24, "managed_globals_cache_hit": true, "managed_globals_ms": 0.005}, "queue_wait_ms": 3680.608}
2026-05-04 09:04:52,519 INFO pycloud_parallel.service_timing {"event": "task_pool_timing", "pool_id": "874d19504dc8483f90177de62046abf4", "pool_name": "task-pool-33d82d4a27", "method": "get_fund_asset_ratio", "ok": true, "setup_ms": 0.0, "build_execute_spec_ms": 0.051, "executor_ms": 10327.559, "finalize_ms": 0.0, "total_ms": 10327.61, "error_type": "", "error_message": "", "subprocess": {"decode_ms": 0.738, "worker_decode_ms": 0.738, "invoke_ms": 4928.323, "invoke_wrapper_ms": 0.07, "user_fn_ms": 4928.238, "encode_ms": 1.245, "worker_encode_result_ms": 1.245, "managed_globals_cache_hit": true, "managed_globals_ms": 0.008}, "queue_wait_ms": 5397.253}
2026-05-04 09:04:52,520 INFO pycloud_parallel.service_timing {"event": "task_pool_timing", "pool_id": "874d19504dc8483f90177de62046abf4", "pool_name": "task-pool-33d82d4a27", "method": "get_fund_asset_ratio", "ok": true, "setup_ms": 0.0, "build_execute_spec_ms": 0.061, "executor_ms": 10760.858, "finalize_ms": 0.0, "total_ms": 10760.919, "error_type": "", "error_message": "", "subprocess": {"decode_ms": 1.024, "worker_decode_ms": 1.024, "invoke_ms": 5583.941, "invoke_wrapper_ms": 0.662, "user_fn_ms": 5583.262, "encode_ms": 1.521, "worker_encode_result_ms": 1.521, "managed_globals_cache_hit": true, "managed_globals_ms": 0.012}, "queue_wait_ms": 5174.372}
 re minimize 
I0504 09:04:52.696034 7520839 fork_posix.cc:71] Other threads are currently calling into gRPC, skipping fork() handlers
I0504 09:04:52.701724 7520881 ev_poll_posix.cc:593] FD from fork parent still in poll list: fd(6, generation: 1)
2026-05-04 09:06:42,332 INFO __main__ [Server] NodeControl registrar stop node_id=node-1
2026-05-04 09:06:42,333 INFO __main__ [Server] HTTP NodeControl stop base_url=http://127.0.0.1:19081
2026-05-04 09:06:46,281 INFO __main__ [Server] starting NodeControl bind=127.0.0.1:50061 node_id=node-1 infocenter=127.0.0.1:50051 advertise=127.0.0.1:50061 node_http=http://127.0.0.1:19081 log_level=INFO
2026-05-04 09:06:46,296 INFO __main__ [Server] HTTP NodeControl started base_url=http://127.0.0.1:19081
2026-05-04 09:06:46,296 INFO __main__ [Server] NodeControl registrar start node_id=node-1 infocenter=127.0.0.1:50051 advertise=127.0.0.1:50061
2026-05-04 09:06:46,313 INFO pycloud_parallel.controlplane.registrar [Registrar] node register node_id=node-1 node_instance_id=node-1-93d1fb00840b control_addr=127.0.0.1:50061 hb=5 service_count=0 task_pool_count=0
I0504 09:07:04.122199 7523817 fork_posix.cc:71] Other threads are currently calling into gRPC, skipping fork() handlers
I0504 09:07:04.124549 7523851 ev_poll_posix.cc:593] FD from fork parent still in poll list: fd(6, generation: 1)
I0504 09:07:04.127110 7523817 fork_posix.cc:71] Other threads are currently calling into gRPC, skipping fork() handlers
I0504 09:07:04.129010 7523894 ev_poll_posix.cc:593] FD from fork parent still in poll list: fd(6, generation: 1)
I0504 09:07:04.129111 7523894 ev_poll_posix.cc:593] FD from fork parent still in poll list: fd(6, generation: 1)
I0504 09:07:04.129123 7523894 ev_poll_posix.cc:593] FD from fork parent still in poll list: fd(6, generation: 1)
I0504 09:07:04.129132 7523894 ev_poll_posix.cc:593] FD from fork parent still in poll list: fd(6, generation: 1)
I0504 09:07:04.129138 7523894 ev_poll_posix.cc:593] FD from fork parent still in poll list: fd(6, generation: 1)
I0504 09:07:04.129177 7523894 ev_poll_posix.cc:593] FD from fork parent still in poll list: fd(6, generation: 1)
I0504 09:07:04.129183 7523894 ev_poll_posix.cc:593] FD from fork parent still in poll list: fd(6, generation: 1)
I0504 09:07:04.129188 7523894 ev_poll_posix.cc:593] FD from fork parent still in poll list: fd(6, generation: 1)
I0504 09:07:04.129194 7523894 ev_poll_posix.cc:593] FD from fork parent still in poll list: fd(6, generation: 1)
I0504 09:07:04.129198 7523894 ev_poll_posix.cc:593] FD from fork parent still in poll list: fd(6, generation: 1)
I0504 09:07:04.129203 7523894 ev_poll_posix.cc:593] FD from fork parent still in poll list: fd(6, generation: 1)
I0504 09:07:04.129208 7523894 ev_poll_posix.cc:593] FD from fork parent still in poll list: fd(6, generation: 1)
I0504 09:07:04.129212 7523894 ev_poll_posix.cc:593] FD from fork parent still in poll list: fd(6, generation: 1)
I0504 09:07:04.129217 7523894 ev_poll_posix.cc:593] FD from fork parent still in poll list: fd(6, generation: 1)
I0504 09:07:04.129223 7523894 ev_poll_posix.cc:593] FD from fork parent still in poll list: fd(6, generation: 1)
I0504 09:07:04.129228 7523894 ev_poll_posix.cc:593] FD from fork parent still in poll list: fd(6, generation: 1)
I0504 09:07:04.129233 7523894 ev_poll_posix.cc:593] FD from fork parent still in poll list: fd(6, generation: 1)
I0504 09:07:04.129238 7523894 ev_poll_posix.cc:593] FD from fork parent still in poll list: fd(6, generation: 1)
I0504 09:07:04.129243 7523894 ev_poll_posix.cc:593] FD from fork parent still in poll list: fd(6, generation: 1)
I0504 09:07:04.129247 7523894 ev_poll_posix.cc:593] FD from fork parent still in poll list: fd(6, generation: 1)
2026-05-04 09:07:07,313 INFO numexpr.utils NumExpr defaulting to 10 threads.
/opt/anaconda3/lib/python3.13/site-packages/flare_cores/cores.py:2508: FutureWarning: Series.__getitem__ treating keys as positions is deprecated. In a future version, integer keys will always be treated as labels (consistent with DataFrame behavior). To access a value by position, use `ser.iloc[pos]`
  if len(a) > 0 and np.isnan(a[0]):
/opt/anaconda3/lib/python3.13/site-packages/flare_cores/cores.py:2508: FutureWarning: Series.__getitem__ treating keys as positions is deprecated. In a future version, integer keys will always be treated as labels (consistent with DataFrame behavior). To access a value by position, use `ser.iloc[pos]`
  if len(a) > 0 and np.isnan(a[0]):
/opt/anaconda3/lib/python3.13/site-packages/flare_cores/cores.py:2508: FutureWarning: Series.__getitem__ treating keys as positions is deprecated. In a future version, integer keys will always be treated as labels (consistent with DataFrame behavior). To access a value by position, use `ser.iloc[pos]`
  if len(a) > 0 and np.isnan(a[0]):
/opt/anaconda3/lib/python3.13/site-packages/flare_cores/cores.py:2508: FutureWarning: Series.__getitem__ treating keys as positions is deprecated. In a future version, integer keys will always be treated as labels (consistent with DataFrame behavior). To access a value by position, use `ser.iloc[pos]`
  if len(a) > 0 and np.isnan(a[0]):
/opt/anaconda3/lib/python3.13/site-packages/flare_cores/cores.py:2508: FutureWarning: Series.__getitem__ treating keys as positions is deprecated. In a future version, integer keys will always be treated as labels (consistent with DataFrame behavior). To access a value by position, use `ser.iloc[pos]`
  if len(a) > 0 and np.isnan(a[0]):
/opt/anaconda3/lib/python3.13/site-packages/flare_cores/cores.py:2508: FutureWarning: Series.__getitem__ treating keys as positions is deprecated. In a future version, integer keys will always be treated as labels (consistent with DataFrame behavior). To access a value by position, use `ser.iloc[pos]`
  if len(a) > 0 and np.isnan(a[0]):
/opt/anaconda3/lib/python3.13/site-packages/flare_cores/cores.py:2508: FutureWarning: Series.__getitem__ treating keys as positions is deprecated. In a future version, integer keys will always be treated as labels (consistent with DataFrame behavior). To access a value by position, use `ser.iloc[pos]`
  if len(a) > 0 and np.isnan(a[0]):
/opt/anaconda3/lib/python3.13/site-packages/flare_cores/cores.py:2508: FutureWarning: Series.__getitem__ treating keys as positions is deprecated. In a future version, integer keys will always be treated as labels (consistent with DataFrame behavior). To access a value by position, use `ser.iloc[pos]`
  if len(a) > 0 and np.isnan(a[0]):
/opt/anaconda3/lib/python3.13/site-packages/flare_cores/cores.py:2508: FutureWarning: Series.__getitem__ treating keys as positions is deprecated. In a future version, integer keys will always be treated as labels (consistent with DataFrame behavior). To access a value by position, use `ser.iloc[pos]`
  if len(a) > 0 and np.isnan(a[0]):
/opt/anaconda3/lib/python3.13/site-packages/flare_cores/cores.py:2508: FutureWarning: Series.__getitem__ treating keys as positions is deprecated. In a future version, integer keys will always be treated as labels (consistent with DataFrame behavior). To access a value by position, use `ser.iloc[pos]`
  if len(a) > 0 and np.isnan(a[0]):
2026-05-04 09:07:19,526 INFO pycloud_parallel.service_timing {"event": "task_pool_timing", "pool_id": "9f371e7f823a4576bdef63b11b34a6cb", "pool_name": "task-pool-a1b2026d3b", "method": "get_fund_asset_ratio", "ok": true, "setup_ms": 0.0, "build_execute_spec_ms": 0.016, "executor_ms": 11451.582, "finalize_ms": 0.0, "total_ms": 11451.598, "error_type": "", "error_message": "", "subprocess": {"decode_ms": 1.258, "worker_decode_ms": 1.258, "invoke_ms": 11399.41, "invoke_wrapper_ms": 0.479, "user_fn_ms": 11398.877, "encode_ms": 1.655, "worker_encode_result_ms": 1.655, "managed_globals_cache_hit": true, "managed_globals_ms": 0.015}, "queue_wait_ms": 49.259}
2026-05-04 09:07:21,876 INFO pycloud_parallel.service_timing {"event": "task_pool_timing", "pool_id": "9f371e7f823a4576bdef63b11b34a6cb", "pool_name": "task-pool-a1b2026d3b", "method": "get_fund_asset_ratio", "ok": true, "setup_ms": 0.0, "build_execute_spec_ms": 0.014, "executor_ms": 13802.218, "finalize_ms": 0.0, "total_ms": 13802.232, "error_type": "", "error_message": "", "subprocess": {"decode_ms": 1.446, "worker_decode_ms": 1.446, "invoke_ms": 13785.249, "invoke_wrapper_ms": 0.217, "user_fn_ms": 13784.991, "encode_ms": 1.359, "worker_encode_result_ms": 1.359, "managed_globals_cache_hit": true, "managed_globals_ms": 0.016}, "queue_wait_ms": 14.164}
/opt/anaconda3/lib/python3.13/site-packages/flare_cores/cores.py:2508: FutureWarning: Series.__getitem__ treating keys as positions is deprecated. In a future version, integer keys will always be treated as labels (consistent with DataFrame behavior). To access a value by position, use `ser.iloc[pos]`
  if len(a) > 0 and np.isnan(a[0]):
2026-05-04 09:07:22,900 INFO pycloud_parallel.service_timing {"event": "task_pool_timing", "pool_id": "9f371e7f823a4576bdef63b11b34a6cb", "pool_name": "task-pool-a1b2026d3b", "method": "get_fund_asset_ratio", "ok": true, "setup_ms": 0.0, "build_execute_spec_ms": 0.015, "executor_ms": 14827.224, "finalize_ms": 0.0, "total_ms": 14827.239, "error_type": "", "error_message": "", "subprocess": {"decode_ms": 0.961, "worker_decode_ms": 0.961, "invoke_ms": 14798.596, "invoke_wrapper_ms": 0.244, "user_fn_ms": 14798.301, "encode_ms": 2.248, "worker_encode_result_ms": 2.248, "managed_globals_cache_hit": true, "managed_globals_ms": 0.01}, "queue_wait_ms": 25.419}
2026-05-04 09:07:22,961 INFO pycloud_parallel.service_timing {"event": "task_pool_timing", "pool_id": "9f371e7f823a4576bdef63b11b34a6cb", "pool_name": "task-pool-a1b2026d3b", "method": "get_fund_asset_ratio", "ok": true, "setup_ms": 0.0, "build_execute_spec_ms": 0.019, "executor_ms": 14888.417, "finalize_ms": 0.0, "total_ms": 14888.436, "error_type": "", "error_message": "", "subprocess": {"decode_ms": 1.427, "worker_decode_ms": 1.427, "invoke_ms": 14850.031, "invoke_wrapper_ms": 0.352, "user_fn_ms": 14849.613, "encode_ms": 2.746, "worker_encode_result_ms": 2.746, "managed_globals_cache_hit": true, "managed_globals_ms": 0.019}, "queue_wait_ms": 34.213}
/opt/anaconda3/lib/python3.13/site-packages/flare_cores/cores.py:2508: FutureWarning: Series.__getitem__ treating keys as positions is deprecated. In a future version, integer keys will always be treated as labels (consistent with DataFrame behavior). To access a value by position, use `ser.iloc[pos]`
  if len(a) > 0 and np.isnan(a[0]):
2026-05-04 09:07:24,656 INFO pycloud_parallel.service_timing {"event": "task_pool_timing", "pool_id": "9f371e7f823a4576bdef63b11b34a6cb", "pool_name": "task-pool-a1b2026d3b", "method": "get_fund_asset_ratio", "ok": true, "setup_ms": 0.0, "build_execute_spec_ms": 0.022, "executor_ms": 16585.118, "finalize_ms": 0.0, "total_ms": 16585.14, "error_type": "", "error_message": "", "subprocess": {"decode_ms": 1.566, "worker_decode_ms": 1.566, "invoke_ms": 16547.876, "invoke_wrapper_ms": 0.599, "user_fn_ms": 16547.216, "encode_ms": 1.362, "worker_encode_result_ms": 1.362, "managed_globals_cache_hit": true, "managed_globals_ms": 0.021}, "queue_wait_ms": 34.314}
2026-05-04 09:07:24,707 INFO pycloud_parallel.service_timing {"event": "task_pool_timing", "pool_id": "9f371e7f823a4576bdef63b11b34a6cb", "pool_name": "task-pool-a1b2026d3b", "method": "get_fund_asset_ratio", "ok": true, "setup_ms": 0.0, "build_execute_spec_ms": 0.019, "executor_ms": 16635.61, "finalize_ms": 0.0, "total_ms": 16635.629, "error_type": "", "error_message": "", "subprocess": {"decode_ms": 1.611, "worker_decode_ms": 1.611, "invoke_ms": 16608.204, "invoke_wrapper_ms": 0.299, "user_fn_ms": 16607.858, "encode_ms": 2.148, "worker_encode_result_ms": 2.148, "managed_globals_cache_hit": true, "managed_globals_ms": 0.017}, "queue_wait_ms": 23.647}
/opt/anaconda3/lib/python3.13/site-packages/flare_cores/cores.py:2508: FutureWarning: Series.__getitem__ treating keys as positions is deprecated. In a future version, integer keys will always be treated as labels (consistent with DataFrame behavior). To access a value by position, use `ser.iloc[pos]`
  if len(a) > 0 and np.isnan(a[0]):
/opt/anaconda3/lib/python3.13/site-packages/flare_cores/cores.py:2508: FutureWarning: Series.__getitem__ treating keys as positions is deprecated. In a future version, integer keys will always be treated as labels (consistent with DataFrame behavior). To access a value by position, use `ser.iloc[pos]`
  if len(a) > 0 and np.isnan(a[0]):
/opt/anaconda3/lib/python3.13/site-packages/flare_cores/cores.py:2508: FutureWarning: Series.__getitem__ treating keys as positions is deprecated. In a future version, integer keys will always be treated as labels (consistent with DataFrame behavior). To access a value by position, use `ser.iloc[pos]`
  if len(a) > 0 and np.isnan(a[0]):
/opt/anaconda3/lib/python3.13/site-packages/flare_cores/cores.py:2508: FutureWarning: Series.__getitem__ treating keys as positions is deprecated. In a future version, integer keys will always be treated as labels (consistent with DataFrame behavior). To access a value by position, use `ser.iloc[pos]`
  if len(a) > 0 and np.isnan(a[0]):
2026-05-04 09:07:27,090 INFO pycloud_parallel.service_timing {"event": "task_pool_timing", "pool_id": "9f371e7f823a4576bdef63b11b34a6cb", "pool_name": "task-pool-a1b2026d3b", "method": "get_fund_asset_ratio", "ok": true, "setup_ms": 0.0, "build_execute_spec_ms": 0.015, "executor_ms": 19020.781, "finalize_ms": 0.0, "total_ms": 19020.796, "error_type": "", "error_message": "", "subprocess": {"decode_ms": 1.154, "worker_decode_ms": 1.154, "invoke_ms": 18942.15, "invoke_wrapper_ms": 0.386, "user_fn_ms": 18941.71, "encode_ms": 11.898, "worker_encode_result_ms": 11.898, "managed_globals_cache_hit": true, "managed_globals_ms": 0.011}, "queue_wait_ms": 65.579}
2026-05-04 09:07:28,274 INFO pycloud_parallel.service_timing {"event": "task_pool_timing", "pool_id": "9f371e7f823a4576bdef63b11b34a6cb", "pool_name": "task-pool-a1b2026d3b", "method": "get_fund_asset_ratio", "ok": true, "setup_ms": 0.0, "build_execute_spec_ms": 0.012, "executor_ms": 20203.448, "finalize_ms": 0.0, "total_ms": 20203.46, "error_type": "", "error_message": "", "subprocess": {"decode_ms": 1.22, "worker_decode_ms": 1.22, "invoke_ms": 20159.856, "invoke_wrapper_ms": 0.315, "user_fn_ms": 20159.498, "encode_ms": 1.832, "worker_encode_result_ms": 1.832, "managed_globals_cache_hit": true, "managed_globals_ms": 0.014}, "queue_wait_ms": 40.54}
2026-05-04 09:07:28,565 INFO pycloud_parallel.service_timing {"event": "task_pool_timing", "pool_id": "9f371e7f823a4576bdef63b11b34a6cb", "pool_name": "task-pool-a1b2026d3b", "method": "get_fund_asset_ratio", "ok": true, "setup_ms": 0.0, "build_execute_spec_ms": 0.01, "executor_ms": 20495.391, "finalize_ms": 0.0, "total_ms": 20495.401, "error_type": "", "error_message": "", "subprocess": {"decode_ms": 0.987, "worker_decode_ms": 0.987, "invoke_ms": 20451.8, "invoke_wrapper_ms": 0.256, "user_fn_ms": 20451.469, "encode_ms": 2.212, "worker_encode_result_ms": 2.212, "managed_globals_cache_hit": true, "managed_globals_ms": 0.015}, "queue_wait_ms": 40.392}
/opt/anaconda3/lib/python3.13/site-packages/flare_cores/cores.py:2508: FutureWarning: Series.__getitem__ treating keys as positions is deprecated. In a future version, integer keys will always be treated as labels (consistent with DataFrame behavior). To access a value by position, use `ser.iloc[pos]`
  if len(a) > 0 and np.isnan(a[0]):
/opt/anaconda3/lib/python3.13/site-packages/flare_cores/cores.py:2508: FutureWarning: Series.__getitem__ treating keys as positions is deprecated. In a future version, integer keys will always be treated as labels (consistent with DataFrame behavior). To access a value by position, use `ser.iloc[pos]`
  if len(a) > 0 and np.isnan(a[0]):
/opt/anaconda3/lib/python3.13/site-packages/flare_cores/cores.py:2508: FutureWarning: Series.__getitem__ treating keys as positions is deprecated. In a future version, integer keys will always be treated as labels (consistent with DataFrame behavior). To access a value by position, use `ser.iloc[pos]`
  if len(a) > 0 and np.isnan(a[0]):
2026-05-04 09:07:31,526 INFO pycloud_parallel.service_timing {"event": "task_pool_timing", "pool_id": "9f371e7f823a4576bdef63b11b34a6cb", "pool_name": "task-pool-a1b2026d3b", "method": "get_fund_asset_ratio", "ok": true, "setup_ms": 0.0, "build_execute_spec_ms": 0.021, "executor_ms": 23451.317, "finalize_ms": 0.0, "total_ms": 23451.338, "error_type": "", "error_message": "", "subprocess": {"decode_ms": 0.74, "worker_decode_ms": 0.74, "invoke_ms": 11984.918, "invoke_wrapper_ms": 0.089, "user_fn_ms": 11984.812, "encode_ms": 1.965, "worker_encode_result_ms": 1.965, "managed_globals_cache_hit": true, "managed_globals_ms": 0.009}, "queue_wait_ms": 11463.694}
2026-05-04 09:07:32,820 INFO pycloud_parallel.service_timing {"event": "task_pool_timing", "pool_id": "9f371e7f823a4576bdef63b11b34a6cb", "pool_name": "task-pool-a1b2026d3b", "method": "get_fund_asset_ratio", "ok": true, "setup_ms": 0.0, "build_execute_spec_ms": 0.023, "executor_ms": 24743.073, "finalize_ms": 0.0, "total_ms": 24743.096, "error_type": "", "error_message": "", "subprocess": {"decode_ms": 0.739, "worker_decode_ms": 0.739, "invoke_ms": 10913.973, "invoke_wrapper_ms": 0.081, "user_fn_ms": 10913.875, "encode_ms": 1.471, "worker_encode_result_ms": 1.471, "managed_globals_cache_hit": true, "managed_globals_ms": 0.009}, "queue_wait_ms": 13826.89}
2026-05-04 09:07:32,982 INFO pycloud_parallel.service_timing {"event": "task_pool_timing", "pool_id": "9f371e7f823a4576bdef63b11b34a6cb", "pool_name": "task-pool-a1b2026d3b", "method": "get_fund_asset_ratio", "ok": true, "setup_ms": 0.0, "build_execute_spec_ms": 0.025, "executor_ms": 24897.017, "finalize_ms": 0.0, "total_ms": 24897.042, "error_type": "", "error_message": "", "subprocess": {"decode_ms": 0.839, "worker_decode_ms": 0.839, "invoke_ms": 9980.478, "invoke_wrapper_ms": 0.105, "user_fn_ms": 9980.357, "encode_ms": 1.129, "worker_encode_result_ms": 1.129, "managed_globals_cache_hit": true, "managed_globals_ms": 0.011}, "queue_wait_ms": 14914.571}
2026-05-04 09:07:33,202 INFO pycloud_parallel.service_timing {"event": "task_pool_timing", "pool_id": "9f371e7f823a4576bdef63b11b34a6cb", "pool_name": "task-pool-a1b2026d3b", "method": "get_fund_asset_ratio", "ok": true, "setup_ms": 0.0, "build_execute_spec_ms": 0.054, "executor_ms": 25133.951, "finalize_ms": 0.0, "total_ms": 25134.005, "error_type": "", "error_message": "", "subprocess": {"decode_ms": 2.952, "worker_decode_ms": 2.952, "invoke_ms": 25100.37, "invoke_wrapper_ms": 0.27, "user_fn_ms": 25100.047, "encode_ms": 3.175, "worker_encode_result_ms": 3.175, "managed_globals_cache_hit": true, "managed_globals_ms": 0.011}, "queue_wait_ms": 27.454}
/opt/anaconda3/lib/python3.13/site-packages/flare_cores/cores.py:2508: FutureWarning: Series.__getitem__ treating keys as positions is deprecated. In a future version, integer keys will always be treated as labels (consistent with DataFrame behavior). To access a value by position, use `ser.iloc[pos]`
  if len(a) > 0 and np.isnan(a[0]):
2026-05-04 09:07:33,757 INFO pycloud_parallel.service_timing {"event": "task_pool_timing", "pool_id": "9f371e7f823a4576bdef63b11b34a6cb", "pool_name": "task-pool-a1b2026d3b", "method": "get_fund_asset_ratio", "ok": true, "setup_ms": 0.0, "build_execute_spec_ms": 0.018, "executor_ms": 25679.827, "finalize_ms": 0.0, "total_ms": 25679.845, "error_type": "", "error_message": "", "subprocess": {"decode_ms": 0.731, "worker_decode_ms": 0.731, "invoke_ms": 10788.478, "invoke_wrapper_ms": 0.079, "user_fn_ms": 10788.38, "encode_ms": 17.989, "worker_encode_result_ms": 17.989, "managed_globals_cache_hit": true, "managed_globals_ms": 0.01}, "queue_wait_ms": 14872.629}
2026-05-04 09:07:34,160 INFO pycloud_parallel.service_timing {"event": "task_pool_timing", "pool_id": "9f371e7f823a4576bdef63b11b34a6cb", "pool_name": "task-pool-a1b2026d3b", "method": "get_fund_asset_ratio", "ok": true, "setup_ms": 0.0, "build_execute_spec_ms": 0.064, "executor_ms": 14545.217, "finalize_ms": 0.0, "total_ms": 14545.281, "error_type": "", "error_message": "", "subprocess": {"decode_ms": 0.782, "worker_decode_ms": 0.782, "invoke_ms": 9387.912, "invoke_wrapper_ms": 0.147, "user_fn_ms": 9387.75, "encode_ms": 19.437, "worker_encode_result_ms": 19.437, "managed_globals_cache_hit": true, "managed_globals_ms": 0.012}, "queue_wait_ms": 5137.086}
/opt/anaconda3/lib/python3.13/site-packages/flare_cores/cores.py:2508: FutureWarning: Series.__getitem__ treating keys as positions is deprecated. In a future version, integer keys will always be treated as labels (consistent with DataFrame behavior). To access a value by position, use `ser.iloc[pos]`
  if len(a) > 0 and np.isnan(a[0]):
/opt/anaconda3/lib/python3.13/site-packages/flare_cores/cores.py:2508: FutureWarning: Series.__getitem__ treating keys as positions is deprecated. In a future version, integer keys will always be treated as labels (consistent with DataFrame behavior). To access a value by position, use `ser.iloc[pos]`
  if len(a) > 0 and np.isnan(a[0]):
/opt/anaconda3/lib/python3.13/site-packages/flare_cores/cores.py:2508: FutureWarning: Series.__getitem__ treating keys as positions is deprecated. In a future version, integer keys will always be treated as labels (consistent with DataFrame behavior). To access a value by position, use `ser.iloc[pos]`
  if len(a) > 0 and np.isnan(a[0]):
2026-05-04 09:07:34,668 INFO pycloud_parallel.service_timing {"event": "task_pool_timing", "pool_id": "9f371e7f823a4576bdef63b11b34a6cb", "pool_name": "task-pool-a1b2026d3b", "method": "get_fund_asset_ratio", "ok": true, "setup_ms": 0.0, "build_execute_spec_ms": 0.053, "executor_ms": 12673.662, "finalize_ms": 0.0, "total_ms": 12673.715, "error_type": "", "error_message": "", "subprocess": {"decode_ms": 1.11, "worker_decode_ms": 1.11, "invoke_ms": 7582.427, "invoke_wrapper_ms": 0.101, "user_fn_ms": 7582.307, "encode_ms": 1.404, "worker_encode_result_ms": 1.404, "managed_globals_cache_hit": true, "managed_globals_ms": 0.013}, "queue_wait_ms": 5088.721}
/opt/anaconda3/lib/python3.13/site-packages/flare_cores/cores.py:2508: FutureWarning: Series.__getitem__ treating keys as positions is deprecated. In a future version, integer keys will always be treated as labels (consistent with DataFrame behavior). To access a value by position, use `ser.iloc[pos]`
  if len(a) > 0 and np.isnan(a[0]):
/opt/anaconda3/lib/python3.13/site-packages/flare_cores/cores.py:2508: FutureWarning: Series.__getitem__ treating keys as positions is deprecated. In a future version, integer keys will always be treated as labels (consistent with DataFrame behavior). To access a value by position, use `ser.iloc[pos]`
  if len(a) > 0 and np.isnan(a[0]):
/opt/anaconda3/lib/python3.13/site-packages/flare_cores/cores.py:2508: FutureWarning: Series.__getitem__ treating keys as positions is deprecated. In a future version, integer keys will always be treated as labels (consistent with DataFrame behavior). To access a value by position, use `ser.iloc[pos]`
  if len(a) > 0 and np.isnan(a[0]):
2026-05-04 09:07:35,800 INFO pycloud_parallel.service_timing {"event": "task_pool_timing", "pool_id": "9f371e7f823a4576bdef63b11b34a6cb", "pool_name": "task-pool-a1b2026d3b", "method": "get_fund_asset_ratio", "ok": true, "setup_ms": 0.0, "build_execute_spec_ms": 0.051, "executor_ms": 12756.036, "finalize_ms": 0.0, "total_ms": 12756.087, "error_type": "", "error_message": "", "subprocess": {"decode_ms": 0.846, "worker_decode_ms": 0.846, "invoke_ms": 7531.049, "invoke_wrapper_ms": 0.085, "user_fn_ms": 7530.948, "encode_ms": 1.825, "worker_encode_result_ms": 1.825, "managed_globals_cache_hit": true, "managed_globals_ms": 0.011}, "queue_wait_ms": 5222.316}
2026-05-04 09:07:35,911 INFO pycloud_parallel.service_timing {"event": "task_pool_timing", "pool_id": "9f371e7f823a4576bdef63b11b34a6cb", "pool_name": "task-pool-a1b2026d3b", "method": "get_fund_asset_ratio", "ok": true, "setup_ms": 0.0, "build_execute_spec_ms": 0.019, "executor_ms": 12866.296, "finalize_ms": 0.0, "total_ms": 12866.315, "error_type": "", "error_message": "", "subprocess": {"decode_ms": 0.831, "worker_decode_ms": 0.831, "invoke_ms": 7333.904, "invoke_wrapper_ms": 0.094, "user_fn_ms": 7333.794, "encode_ms": 1.648, "worker_encode_result_ms": 1.648, "managed_globals_cache_hit": true, "managed_globals_ms": 0.012}, "queue_wait_ms": 5529.913}
2026-05-04 09:07:36,250 INFO pycloud_parallel.service_timing {"event": "task_pool_timing", "pool_id": "9f371e7f823a4576bdef63b11b34a6cb", "pool_name": "task-pool-a1b2026d3b", "method": "get_fund_asset_ratio", "ok": true, "setup_ms": 0.0, "build_execute_spec_ms": 0.018, "executor_ms": 28163.107, "finalize_ms": 0.0, "total_ms": 28163.125, "error_type": "", "error_message": "", "subprocess": {"decode_ms": 0.692, "worker_decode_ms": 0.692, "invoke_ms": 11558.57, "invoke_wrapper_ms": 0.079, "user_fn_ms": 11558.475, "encode_ms": 15.838, "worker_encode_result_ms": 15.838, "managed_globals_cache_hit": true, "managed_globals_ms": 0.008}, "queue_wait_ms": 16588.007}
/opt/anaconda3/lib/python3.13/site-packages/flare_cores/cores.py:2508: FutureWarning: Series.__getitem__ treating keys as positions is deprecated. In a future version, integer keys will always be treated as labels (consistent with DataFrame behavior). To access a value by position, use `ser.iloc[pos]`
  if len(a) > 0 and np.isnan(a[0]):
/opt/anaconda3/lib/python3.13/site-packages/flare_cores/cores.py:2508: FutureWarning: Series.__getitem__ treating keys as positions is deprecated. In a future version, integer keys will always be treated as labels (consistent with DataFrame behavior). To access a value by position, use `ser.iloc[pos]`
  if len(a) > 0 and np.isnan(a[0]):
/opt/anaconda3/lib/python3.13/site-packages/flare_cores/cores.py:2508: FutureWarning: Series.__getitem__ treating keys as positions is deprecated. In a future version, integer keys will always be treated as labels (consistent with DataFrame behavior). To access a value by position, use `ser.iloc[pos]`
  if len(a) > 0 and np.isnan(a[0]):
2026-05-04 09:07:37,519 INFO pycloud_parallel.service_timing {"event": "task_pool_timing", "pool_id": "9f371e7f823a4576bdef63b11b34a6cb", "pool_name": "task-pool-a1b2026d3b", "method": "get_fund_asset_ratio", "ok": true, "setup_ms": 0.0, "build_execute_spec_ms": 0.059, "executor_ms": 3742.555, "finalize_ms": 0.0, "total_ms": 3742.614, "error_type": "", "error_message": "", "subprocess": {"decode_ms": 0.617, "worker_decode_ms": 0.617, "invoke_ms": 1266.999, "invoke_wrapper_ms": 0.063, "user_fn_ms": 1266.92, "encode_ms": 1.433, "worker_encode_result_ms": 1.433, "managed_globals_cache_hit": true, "managed_globals_ms": 0.007}, "queue_wait_ms": 2473.506}
/opt/anaconda3/lib/python3.13/site-packages/flare_cores/cores.py:2508: FutureWarning: Series.__getitem__ treating keys as positions is deprecated. In a future version, integer keys will always be treated as labels (consistent with DataFrame behavior). To access a value by position, use `ser.iloc[pos]`
  if len(a) > 0 and np.isnan(a[0]):
2026-05-04 09:07:37,973 INFO pycloud_parallel.service_timing {"event": "task_pool_timing", "pool_id": "9f371e7f823a4576bdef63b11b34a6cb", "pool_name": "task-pool-a1b2026d3b", "method": "get_fund_asset_ratio", "ok": true, "setup_ms": 0.0, "build_execute_spec_ms": 0.046, "executor_ms": 4665.811, "finalize_ms": 0.0, "total_ms": 4665.857, "error_type": "", "error_message": "", "subprocess": {"decode_ms": 0.669, "worker_decode_ms": 0.669, "invoke_ms": 2075.202, "invoke_wrapper_ms": 0.074, "user_fn_ms": 2075.113, "encode_ms": 0.926, "worker_encode_result_ms": 0.926, "managed_globals_cache_hit": true, "managed_globals_ms": 0.007}, "queue_wait_ms": 2589.014}
2026-05-04 09:07:38,140 INFO pycloud_parallel.service_timing {"event": "task_pool_timing", "pool_id": "9f371e7f823a4576bdef63b11b34a6cb", "pool_name": "task-pool-a1b2026d3b", "method": "get_fund_asset_ratio", "ok": true, "setup_ms": 0.0, "build_execute_spec_ms": 0.046, "executor_ms": 3909.376, "finalize_ms": 0.0, "total_ms": 3909.422, "error_type": "", "error_message": "", "subprocess": {"decode_ms": 2.782, "worker_decode_ms": 2.782, "invoke_ms": 627.522, "invoke_wrapper_ms": 0.073, "user_fn_ms": 627.436, "encode_ms": 15.627, "worker_encode_result_ms": 15.627, "managed_globals_cache_hit": true, "managed_globals_ms": 0.008}, "queue_wait_ms": 3263.445}
2026-05-04 09:07:38,140 INFO pycloud_parallel.service_timing {"event": "task_pool_timing", "pool_id": "9f371e7f823a4576bdef63b11b34a6cb", "pool_name": "task-pool-a1b2026d3b", "method": "get_fund_asset_ratio", "ok": true, "setup_ms": 0.0, "build_execute_spec_ms": 0.048, "executor_ms": 6557.404, "finalize_ms": 0.0, "total_ms": 6557.452, "error_type": "", "error_message": "", "subprocess": {"decode_ms": 0.746, "worker_decode_ms": 0.746, "invoke_ms": 4026.128, "invoke_wrapper_ms": 0.075, "user_fn_ms": 4026.039, "encode_ms": 1.249, "worker_encode_result_ms": 1.249, "managed_globals_cache_hit": true, "managed_globals_ms": 0.008}, "queue_wait_ms": 2529.281}
/opt/anaconda3/lib/python3.13/site-packages/flare_cores/cores.py:2508: FutureWarning: Series.__getitem__ treating keys as positions is deprecated. In a future version, integer keys will always be treated as labels (consistent with DataFrame behavior). To access a value by position, use `ser.iloc[pos]`
  if len(a) > 0 and np.isnan(a[0]):
/opt/anaconda3/lib/python3.13/site-packages/flare_cores/cores.py:2508: FutureWarning: Series.__getitem__ treating keys as positions is deprecated. In a future version, integer keys will always be treated as labels (consistent with DataFrame behavior). To access a value by position, use `ser.iloc[pos]`
  if len(a) > 0 and np.isnan(a[0]):
/opt/anaconda3/lib/python3.13/site-packages/flare_cores/cores.py:2508: FutureWarning: Series.__getitem__ treating keys as positions is deprecated. In a future version, integer keys will always be treated as labels (consistent with DataFrame behavior). To access a value by position, use `ser.iloc[pos]`
  if len(a) > 0 and np.isnan(a[0]):
2026-05-04 09:07:38,362 INFO pycloud_parallel.service_timing {"event": "task_pool_timing", "pool_id": "9f371e7f823a4576bdef63b11b34a6cb", "pool_name": "task-pool-a1b2026d3b", "method": "get_fund_asset_ratio", "ok": true, "setup_ms": 0.0, "build_execute_spec_ms": 0.055, "executor_ms": 2370.695, "finalize_ms": 0.0, "total_ms": 2370.75, "error_type": "", "error_message": "", "subprocess": {"decode_ms": 0.667, "worker_decode_ms": 0.667, "invoke_ms": 157.687, "invoke_wrapper_ms": 0.067, "user_fn_ms": 157.604, "encode_ms": 19.127, "worker_encode_result_ms": 19.127, "managed_globals_cache_hit": true, "managed_globals_ms": 0.007}, "queue_wait_ms": 2193.214}
2026-05-04 09:07:38,362 INFO pycloud_parallel.service_timing {"event": "task_pool_timing", "pool_id": "9f371e7f823a4576bdef63b11b34a6cb", "pool_name": "task-pool-a1b2026d3b", "method": "get_fund_asset_ratio", "ok": true, "setup_ms": 0.0, "build_execute_spec_ms": 0.047, "executor_ms": 5295.646, "finalize_ms": 0.0, "total_ms": 5295.693, "error_type": "", "error_message": "", "subprocess": {"decode_ms": 0.602, "worker_decode_ms": 0.602, "invoke_ms": 2574.577, "invoke_wrapper_ms": 0.062, "user_fn_ms": 2574.502, "encode_ms": 1.466, "worker_encode_result_ms": 1.466, "managed_globals_cache_hit": true, "managed_globals_ms": 0.007}, "queue_wait_ms": 2719.001}
/opt/anaconda3/lib/python3.13/site-packages/flare_cores/cores.py:2508: FutureWarning: Series.__getitem__ treating keys as positions is deprecated. In a future version, integer keys will always be treated as labels (consistent with DataFrame behavior). To access a value by position, use `ser.iloc[pos]`
  if len(a) > 0 and np.isnan(a[0]):
/opt/anaconda3/lib/python3.13/site-packages/flare_cores/cores.py:2508: FutureWarning: Series.__getitem__ treating keys as positions is deprecated. In a future version, integer keys will always be treated as labels (consistent with DataFrame behavior). To access a value by position, use `ser.iloc[pos]`
  if len(a) > 0 and np.isnan(a[0]):
2026-05-04 09:07:38,422 INFO pycloud_parallel.service_timing {"event": "task_pool_timing", "pool_id": "9f371e7f823a4576bdef63b11b34a6cb", "pool_name": "task-pool-a1b2026d3b", "method": "get_fund_asset_ratio", "ok": true, "setup_ms": 0.0, "build_execute_spec_ms": 0.045, "executor_ms": 2089.168, "finalize_ms": 0.0, "total_ms": 2089.213, "error_type": "", "error_message": "", "subprocess": {"decode_ms": 0.565, "worker_decode_ms": 0.565, "invoke_ms": 98.521, "invoke_wrapper_ms": 0.065, "user_fn_ms": 98.442, "encode_ms": 0.829, "worker_encode_result_ms": 0.829, "managed_globals_cache_hit": true, "managed_globals_ms": 0.005}, "queue_wait_ms": 1989.253}
/opt/anaconda3/lib/python3.13/site-packages/flare_cores/cores.py:2508: FutureWarning: Series.__getitem__ treating keys as positions is deprecated. In a future version, integer keys will always be treated as labels (consistent with DataFrame behavior). To access a value by position, use `ser.iloc[pos]`
  if len(a) > 0 and np.isnan(a[0]):
2026-05-04 09:07:38,479 INFO pycloud_parallel.service_timing {"event": "task_pool_timing", "pool_id": "9f371e7f823a4576bdef63b11b34a6cb", "pool_name": "task-pool-a1b2026d3b", "method": "get_fund_asset_ratio", "ok": true, "setup_ms": 0.0, "build_execute_spec_ms": 0.056, "executor_ms": 900.083, "finalize_ms": 0.0, "total_ms": 900.139, "error_type": "", "error_message": "", "subprocess": {"decode_ms": 0.61, "worker_decode_ms": 0.61, "invoke_ms": 77.384, "invoke_wrapper_ms": 0.062, "user_fn_ms": 77.308, "encode_ms": 0.838, "worker_encode_result_ms": 0.838, "managed_globals_cache_hit": true, "managed_globals_ms": 0.007}, "queue_wait_ms": 821.251}
2026-05-04 09:07:38,480 INFO pycloud_parallel.service_timing {"event": "task_pool_timing", "pool_id": "9f371e7f823a4576bdef63b11b34a6cb", "pool_name": "task-pool-a1b2026d3b", "method": "get_fund_asset_ratio", "ok": true, "setup_ms": 0.0, "build_execute_spec_ms": 0.048, "executor_ms": 297.361, "finalize_ms": 0.0, "total_ms": 297.409, "error_type": "", "error_message": "", "subprocess": {"decode_ms": 0.612, "worker_decode_ms": 0.612, "invoke_ms": 3.301, "invoke_wrapper_ms": 0.06, "user_fn_ms": 3.224, "encode_ms": 0.132, "worker_encode_result_ms": 0.132, "managed_globals_cache_hit": true, "managed_globals_ms": 0.007}, "queue_wait_ms": 293.316}
2026-05-04 09:07:38,480 INFO pycloud_parallel.service_timing {"event": "task_pool_timing", "pool_id": "9f371e7f823a4576bdef63b11b34a6cb", "pool_name": "task-pool-a1b2026d3b", "method": "get_fund_asset_ratio", "ok": true, "setup_ms": 0.0, "build_execute_spec_ms": 0.045, "executor_ms": 2613.073, "finalize_ms": 0.0, "total_ms": 2613.118, "error_type": "", "error_message": "", "subprocess": {"decode_ms": 0.608, "worker_decode_ms": 0.608, "invoke_ms": 318.771, "invoke_wrapper_ms": 0.066, "user_fn_ms": 318.689, "encode_ms": 1.166, "worker_encode_result_ms": 1.166, "managed_globals_cache_hit": true, "managed_globals_ms": 0.008}, "queue_wait_ms": 2292.528}
2026-05-04 09:07:38,480 INFO pycloud_parallel.service_timing {"event": "task_pool_timing", "pool_id": "9f371e7f823a4576bdef63b11b34a6cb", "pool_name": "task-pool-a1b2026d3b", "method": "get_fund_asset_ratio", "ok": true, "setup_ms": 0.0, "build_execute_spec_ms": 0.047, "executor_ms": 422.247, "finalize_ms": 0.0, "total_ms": 422.294, "error_type": "", "error_message": "", "subprocess": {"decode_ms": 0.536, "worker_decode_ms": 0.536, "invoke_ms": 44.828, "invoke_wrapper_ms": 0.065, "user_fn_ms": 44.747, "encode_ms": 0.961, "worker_encode_result_ms": 0.961, "managed_globals_cache_hit": true, "managed_globals_ms": 0.006}, "queue_wait_ms": 375.922}
2026-05-04 09:07:38,598 INFO pycloud_parallel.service_timing {"event": "task_pool_timing", "pool_id": "9f371e7f823a4576bdef63b11b34a6cb", "pool_name": "task-pool-a1b2026d3b", "method": "get_fund_asset_ratio", "ok": true, "setup_ms": 0.0, "build_execute_spec_ms": 0.053, "executor_ms": 11442.322, "finalize_ms": 0.0, "total_ms": 11442.375, "error_type": "", "error_message": "", "subprocess": {"decode_ms": 0.694, "worker_decode_ms": 0.694, "invoke_ms": 5589.399, "invoke_wrapper_ms": 0.068, "user_fn_ms": 5589.313, "encode_ms": 1.719, "worker_encode_result_ms": 1.719, "managed_globals_cache_hit": true, "managed_globals_ms": 0.007}, "queue_wait_ms": 5850.51}
2026-05-04 09:07:38,599 INFO pycloud_parallel.service_timing {"event": "task_pool_timing", "pool_id": "9f371e7f823a4576bdef63b11b34a6cb", "pool_name": "task-pool-a1b2026d3b", "method": "get_fund_asset_ratio", "ok": true, "setup_ms": 0.0, "build_execute_spec_ms": 0.047, "executor_ms": 5762.053, "finalize_ms": 0.0, "total_ms": 5762.1, "error_type": "", "error_message": "", "subprocess": {"decode_ms": 1.081, "worker_decode_ms": 1.081, "invoke_ms": 3907.195, "invoke_wrapper_ms": 0.068, "user_fn_ms": 3907.112, "encode_ms": 1.279, "worker_encode_result_ms": 1.279, "managed_globals_cache_hit": true, "managed_globals_ms": 0.008}, "queue_wait_ms": 1852.498}
2026-05-04 09:07:38,655 INFO pycloud_parallel.service_timing {"event": "task_pool_timing", "pool_id": "9f371e7f823a4576bdef63b11b34a6cb", "pool_name": "task-pool-a1b2026d3b", "method": "get_fund_asset_ratio", "ok": true, "setup_ms": 0.0, "build_execute_spec_ms": 0.053, "executor_ms": 9985.413, "finalize_ms": 0.0, "total_ms": 9985.466, "error_type": "", "error_message": "", "subprocess": {"decode_ms": 0.874, "worker_decode_ms": 0.874, "invoke_ms": 4876.367, "invoke_wrapper_ms": 0.576, "user_fn_ms": 4875.779, "encode_ms": 0.973, "worker_encode_result_ms": 0.973, "managed_globals_cache_hit": true, "managed_globals_ms": 0.009}, "queue_wait_ms": 5107.199}
2026-05-04 09:07:38,656 INFO pycloud_parallel.service_timing {"event": "task_pool_timing", "pool_id": "9f371e7f823a4576bdef63b11b34a6cb", "pool_name": "task-pool-a1b2026d3b", "method": "get_fund_asset_ratio", "ok": true, "setup_ms": 0.0, "build_execute_spec_ms": 0.046, "executor_ms": 3870.426, "finalize_ms": 0.0, "total_ms": 3870.472, "error_type": "", "error_message": "", "subprocess": {"decode_ms": 0.693, "worker_decode_ms": 0.693, "invoke_ms": 673.634, "invoke_wrapper_ms": 0.073, "user_fn_ms": 673.544, "encode_ms": 1.232, "worker_encode_result_ms": 1.232, "managed_globals_cache_hit": true, "managed_globals_ms": 0.007}, "queue_wait_ms": 3194.867}
2026-05-04 09:07:38,656 INFO pycloud_parallel.service_timing {"event": "task_pool_timing", "pool_id": "9f371e7f823a4576bdef63b11b34a6cb", "pool_name": "task-pool-a1b2026d3b", "method": "get_fund_asset_ratio", "ok": true, "setup_ms": 0.0, "build_execute_spec_ms": 0.047, "executor_ms": 13886.044, "finalize_ms": 0.0, "total_ms": 13886.091, "error_type": "", "error_message": "", "subprocess": {"decode_ms": 0.792, "worker_decode_ms": 0.792, "invoke_ms": 7150.439, "invoke_wrapper_ms": 0.072, "user_fn_ms": 7150.356, "encode_ms": 1.014, "worker_encode_result_ms": 1.014, "managed_globals_cache_hit": true, "managed_globals_ms": 0.009}, "queue_wait_ms": 6733.799}
2026-05-04 09:07:38,715 INFO pycloud_parallel.service_timing {"event": "task_pool_timing", "pool_id": "9f371e7f823a4576bdef63b11b34a6cb", "pool_name": "task-pool-a1b2026d3b", "method": "get_fund_asset_ratio", "ok": true, "setup_ms": 0.0, "build_execute_spec_ms": 0.048, "executor_ms": 10401.992, "finalize_ms": 0.0, "total_ms": 10402.04, "error_type": "", "error_message": "", "subprocess": {"decode_ms": 0.869, "worker_decode_ms": 0.869, "invoke_ms": 5453.238, "invoke_wrapper_ms": 0.091, "user_fn_ms": 5453.134, "encode_ms": 1.06, "worker_encode_result_ms": 1.06, "managed_globals_cache_hit": true, "managed_globals_ms": 0.012}, "queue_wait_ms": 4946.825}
2026-05-04 09:07:38,885 INFO pycloud_parallel.service_timing {"event": "task_pool_timing", "pool_id": "9f371e7f823a4576bdef63b11b34a6cb", "pool_name": "task-pool-a1b2026d3b", "method": "get_fund_asset_ratio", "ok": true, "setup_ms": 0.0, "build_execute_spec_ms": 0.018, "executor_ms": 14115.072, "finalize_ms": 0.0, "total_ms": 14115.09, "error_type": "", "error_message": "", "subprocess": {"decode_ms": 0.676, "worker_decode_ms": 0.676, "invoke_ms": 6071.134, "invoke_wrapper_ms": 0.068, "user_fn_ms": 6071.053, "encode_ms": 0.955, "worker_encode_result_ms": 0.955, "managed_globals_cache_hit": true, "managed_globals_ms": 0.006}, "queue_wait_ms": 8042.307}
 re minimize 
I0504 09:07:53.261296 7525765 fork_posix.cc:71] Other threads are currently calling into gRPC, skipping fork() handlers
I0504 09:07:53.267419 7525783 ev_poll_posix.cc:593] FD from fork parent still in poll list: fd(3, generation: 1)
I0504 09:07:53.267499 7525783 ev_poll_posix.cc:593] FD from fork parent still in poll list: fd(6, generation: 1)
2026-05-04 09:07:56,092 INFO pycloud_parallel.controlplane.services [NodeControl] UpdateRuntimeGlobals peer=ipv4:127.0.0.1:51829 client_id=65940bb1eea64205b332807dfb933328 code_version=sha256:aa95aad4481684160695f22f301d2d55c94c2f06460a5c521fd1712cd234ad4e.ef3a391391da0f75 runtime_key=65940bb1eea64205b332807dfb933328
2026-05-04 09:07:56,113 INFO pycloud_parallel.controlplane.services [NodeControl] UpdateRuntimeGlobals timing client_id=65940bb1eea64205b332807dfb933328 runtime_key=65940bb1eea64205b332807dfb933328 keys=['bench_mark_closeprice_df', 'bench_mark_yield_df', 'bench_mark_yield_df_weekly'] decode_ms=3.688 state_ms=17.792 total_ms=21.840
/opt/anaconda3/lib/python3.13/site-packages/flare_cores/cores.py:2508: FutureWarning: Series.__getitem__ treating keys as positions is deprecated. In a future version, integer keys will always be treated as labels (consistent with DataFrame behavior). To access a value by position, use `ser.iloc[pos]`
  if len(a) > 0 and np.isnan(a[0]):
/opt/anaconda3/lib/python3.13/site-packages/flare_cores/cores.py:2508: FutureWarning: Series.__getitem__ treating keys as positions is deprecated. In a future version, integer keys will always be treated as labels (consistent with DataFrame behavior). To access a value by position, use `ser.iloc[pos]`
  if len(a) > 0 and np.isnan(a[0]):
2026-05-04 09:08:00,396 INFO pycloud_parallel.service_timing {"event": "task_pool_timing", "pool_id": "65940bb1eea64205b332807dfb933328", "pool_name": "task-pool-0527718a3f", "method": "get_fund_asset_ratio", "ok": true, "setup_ms": 0.0, "build_execute_spec_ms": 0.043, "executor_ms": 4235.001, "finalize_ms": 0.0, "total_ms": 4235.044, "error_type": "", "error_message": "", "subprocess": {"decode_ms": 0.684, "worker_decode_ms": 0.684, "invoke_ms": 4181.376, "invoke_wrapper_ms": 0.245, "user_fn_ms": 4181.107, "encode_ms": 0.983, "worker_encode_result_ms": 0.983, "managed_globals_cache_hit": true, "managed_globals_ms": 0.006}, "queue_wait_ms": 51.958}
2026-05-04 09:10:11,390 INFO __main__ [Server] NodeControl registrar stop node_id=node-1
2026-05-04 09:10:11,390 INFO __main__ [Server] HTTP NodeControl stop base_url=http://127.0.0.1:19081
2026-05-04 09:10:15,333 INFO __main__ [Server] starting NodeControl bind=127.0.0.1:50061 node_id=node-1 infocenter=127.0.0.1:50051 advertise=127.0.0.1:50061 node_http=http://127.0.0.1:19081 log_level=INFO
2026-05-04 09:10:15,347 INFO __main__ [Server] HTTP NodeControl started base_url=http://127.0.0.1:19081
2026-05-04 09:10:15,347 INFO __main__ [Server] NodeControl registrar start node_id=node-1 infocenter=127.0.0.1:50051 advertise=127.0.0.1:50061
2026-05-04 09:10:15,362 INFO pycloud_parallel.controlplane.registrar [Registrar] node register node_id=node-1 node_instance_id=node-1-75a063ba9262 control_addr=127.0.0.1:50061 hb=5 service_count=0 task_pool_count=0
I0504 09:10:40.605044 7529142 fork_posix.cc:71] Other threads are currently calling into gRPC, skipping fork() handlers
I0504 09:10:40.607591 7529173 ev_poll_posix.cc:593] FD from fork parent still in poll list: fd(6, generation: 1)
I0504 09:10:40.607754 7529173 ev_poll_posix.cc:593] FD from fork parent still in poll list: fd(6, generation: 1)
I0504 09:10:40.607772 7529173 ev_poll_posix.cc:593] FD from fork parent still in poll list: fd(6, generation: 1)
I0504 09:10:40.607778 7529173 ev_poll_posix.cc:593] FD from fork parent still in poll list: fd(6, generation: 1)
I0504 09:10:40.607784 7529173 ev_poll_posix.cc:593] FD from fork parent still in poll list: fd(6, generation: 1)
I0504 09:10:40.607788 7529173 ev_poll_posix.cc:593] FD from fork parent still in poll list: fd(6, generation: 1)
I0504 09:10:40.607793 7529173 ev_poll_posix.cc:593] FD from fork parent still in poll list: fd(6, generation: 1)
I0504 09:10:40.607797 7529173 ev_poll_posix.cc:593] FD from fork parent still in poll list: fd(6, generation: 1)
I0504 09:10:40.607801 7529173 ev_poll_posix.cc:593] FD from fork parent still in poll list: fd(6, generation: 1)
I0504 09:10:40.607806 7529173 ev_poll_posix.cc:593] FD from fork parent still in poll list: fd(6, generation: 1)
I0504 09:10:40.607810 7529173 ev_poll_posix.cc:593] FD from fork parent still in poll list: fd(6, generation: 1)
I0504 09:10:40.607816 7529173 ev_poll_posix.cc:593] FD from fork parent still in poll list: fd(6, generation: 1)
I0504 09:10:40.607821 7529173 ev_poll_posix.cc:593] FD from fork parent still in poll list: fd(6, generation: 1)
I0504 09:10:40.607829 7529173 ev_poll_posix.cc:593] FD from fork parent still in poll list: fd(6, generation: 1)
I0504 09:10:40.607836 7529173 ev_poll_posix.cc:593] FD from fork parent still in poll list: fd(6, generation: 1)
I0504 09:10:40.607841 7529173 ev_poll_posix.cc:593] FD from fork parent still in poll list: fd(6, generation: 1)
I0504 09:10:40.607845 7529173 ev_poll_posix.cc:593] FD from fork parent still in poll list: fd(6, generation: 1)
I0504 09:10:40.607851 7529173 ev_poll_posix.cc:593] FD from fork parent still in poll list: fd(6, generation: 1)
I0504 09:10:40.607855 7529173 ev_poll_posix.cc:593] FD from fork parent still in poll list: fd(6, generation: 1)
I0504 09:10:40.607868 7529173 ev_poll_posix.cc:593] FD from fork parent still in poll list: fd(6, generation: 1)
I0504 09:10:40.607874 7529173 ev_poll_posix.cc:593] FD from fork parent still in poll list: fd(6, generation: 1)
I0504 09:10:40.607886 7529173 ev_poll_posix.cc:593] FD from fork parent still in poll list: fd(6, generation: 1)
I0504 09:10:40.607892 7529173 ev_poll_posix.cc:593] FD from fork parent still in poll list: fd(6, generation: 1)
I0504 09:10:40.607902 7529173 ev_poll_posix.cc:593] FD from fork parent still in poll list: fd(6, generation: 1)
I0504 09:10:40.607918 7529173 ev_poll_posix.cc:593] FD from fork parent still in poll list: fd(6, generation: 1)
I0504 09:10:40.607927 7529173 ev_poll_posix.cc:593] FD from fork parent still in poll list: fd(6, generation: 1)
I0504 09:10:40.607936 7529173 ev_poll_posix.cc:593] FD from fork parent still in poll list: fd(6, generation: 1)
I0504 09:10:40.607945 7529173 ev_poll_posix.cc:593] FD from fork parent still in poll list: fd(6, generation: 1)
I0504 09:10:40.610204 7529142 fork_posix.cc:71] Other threads are currently calling into gRPC, skipping fork() handlers
I0504 09:10:40.612308 7529223 ev_poll_posix.cc:593] FD from fork parent still in poll list: fd(6, generation: 1)
2026-05-04 09:10:43,805 INFO numexpr.utils NumExpr defaulting to 10 threads.
/opt/anaconda3/lib/python3.13/site-packages/flare_cores/cores.py:2508: FutureWarning: Series.__getitem__ treating keys as positions is deprecated. In a future version, integer keys will always be treated as labels (consistent with DataFrame behavior). To access a value by position, use `ser.iloc[pos]`
  if len(a) > 0 and np.isnan(a[0]):
/opt/anaconda3/lib/python3.13/site-packages/flare_cores/cores.py:2508: FutureWarning: Series.__getitem__ treating keys as positions is deprecated. In a future version, integer keys will always be treated as labels (consistent with DataFrame behavior). To access a value by position, use `ser.iloc[pos]`
  if len(a) > 0 and np.isnan(a[0]):
/opt/anaconda3/lib/python3.13/site-packages/flare_cores/cores.py:2508: FutureWarning: Series.__getitem__ treating keys as positions is deprecated. In a future version, integer keys will always be treated as labels (consistent with DataFrame behavior). To access a value by position, use `ser.iloc[pos]`
  if len(a) > 0 and np.isnan(a[0]):
/opt/anaconda3/lib/python3.13/site-packages/flare_cores/cores.py:2508: FutureWarning: Series.__getitem__ treating keys as positions is deprecated. In a future version, integer keys will always be treated as labels (consistent with DataFrame behavior). To access a value by position, use `ser.iloc[pos]`
  if len(a) > 0 and np.isnan(a[0]):
/opt/anaconda3/lib/python3.13/site-packages/flare_cores/cores.py:2508: FutureWarning: Series.__getitem__ treating keys as positions is deprecated. In a future version, integer keys will always be treated as labels (consistent with DataFrame behavior). To access a value by position, use `ser.iloc[pos]`
  if len(a) > 0 and np.isnan(a[0]):
/opt/anaconda3/lib/python3.13/site-packages/flare_cores/cores.py:2508: FutureWarning: Series.__getitem__ treating keys as positions is deprecated. In a future version, integer keys will always be treated as labels (consistent with DataFrame behavior). To access a value by position, use `ser.iloc[pos]`
  if len(a) > 0 and np.isnan(a[0]):
/opt/anaconda3/lib/python3.13/site-packages/flare_cores/cores.py:2508: FutureWarning: Series.__getitem__ treating keys as positions is deprecated. In a future version, integer keys will always be treated as labels (consistent with DataFrame behavior). To access a value by position, use `ser.iloc[pos]`
  if len(a) > 0 and np.isnan(a[0]):
/opt/anaconda3/lib/python3.13/site-packages/flare_cores/cores.py:2508: FutureWarning: Series.__getitem__ treating keys as positions is deprecated. In a future version, integer keys will always be treated as labels (consistent with DataFrame behavior). To access a value by position, use `ser.iloc[pos]`
  if len(a) > 0 and np.isnan(a[0]):
/opt/anaconda3/lib/python3.13/site-packages/flare_cores/cores.py:2508: FutureWarning: Series.__getitem__ treating keys as positions is deprecated. In a future version, integer keys will always be treated as labels (consistent with DataFrame behavior). To access a value by position, use `ser.iloc[pos]`
  if len(a) > 0 and np.isnan(a[0]):
/opt/anaconda3/lib/python3.13/site-packages/flare_cores/cores.py:2508: FutureWarning: Series.__getitem__ treating keys as positions is deprecated. In a future version, integer keys will always be treated as labels (consistent with DataFrame behavior). To access a value by position, use `ser.iloc[pos]`
  if len(a) > 0 and np.isnan(a[0]):
2026-05-04 09:10:55,428 INFO pycloud_parallel.service_timing {"event": "task_pool_timing", "pool_id": "e47663b6561f45a0ad49c1d546a7ebb9", "pool_name": "task-pool-37665ff625", "method": "get_fund_asset_ratio", "ok": true, "setup_ms": 0.0, "build_execute_spec_ms": 0.048, "executor_ms": 10856.02, "finalize_ms": 0.0, "total_ms": 10856.068, "error_type": "", "error_message": "", "subprocess": {"decode_ms": 1.03, "worker_decode_ms": 1.03, "invoke_ms": 10781.08, "invoke_wrapper_ms": 1.963, "user_fn_ms": 10779.082, "encode_ms": 1.307, "worker_encode_result_ms": 1.307, "managed_globals_cache_hit": true, "managed_globals_ms": 0.014}, "queue_wait_ms": 72.603}
2026-05-04 09:10:57,847 INFO pycloud_parallel.service_timing {"event": "task_pool_timing", "pool_id": "e47663b6561f45a0ad49c1d546a7ebb9", "pool_name": "task-pool-37665ff625", "method": "get_fund_asset_ratio", "ok": true, "setup_ms": 0.0, "build_execute_spec_ms": 0.03, "executor_ms": 13276.772, "finalize_ms": 0.0, "total_ms": 13276.802, "error_type": "", "error_message": "", "subprocess": {"decode_ms": 1.088, "worker_decode_ms": 1.088, "invoke_ms": 13218.356, "invoke_wrapper_ms": 0.285, "user_fn_ms": 13218.027, "encode_ms": 1.664, "worker_encode_result_ms": 1.664, "managed_globals_cache_hit": true, "managed_globals_ms": 0.016}, "queue_wait_ms": 55.664}
/opt/anaconda3/lib/python3.13/site-packages/flare_cores/cores.py:2508: FutureWarning: Series.__getitem__ treating keys as positions is deprecated. In a future version, integer keys will always be treated as labels (consistent with DataFrame behavior). To access a value by position, use `ser.iloc[pos]`
  if len(a) > 0 and np.isnan(a[0]):
2026-05-04 09:10:59,094 INFO pycloud_parallel.service_timing {"event": "task_pool_timing", "pool_id": "e47663b6561f45a0ad49c1d546a7ebb9", "pool_name": "task-pool-37665ff625", "method": "get_fund_asset_ratio", "ok": true, "setup_ms": 0.0, "build_execute_spec_ms": 0.021, "executor_ms": 14526.294, "finalize_ms": 0.0, "total_ms": 14526.315, "error_type": "", "error_message": "", "subprocess": {"decode_ms": 1.018, "worker_decode_ms": 1.018, "invoke_ms": 14488.126, "invoke_wrapper_ms": 0.259, "user_fn_ms": 14487.822, "encode_ms": 1.744, "worker_encode_result_ms": 1.744, "managed_globals_cache_hit": true, "managed_globals_ms": 0.011}, "queue_wait_ms": 35.406}
2026-05-04 09:10:59,153 INFO pycloud_parallel.service_timing {"event": "task_pool_timing", "pool_id": "e47663b6561f45a0ad49c1d546a7ebb9", "pool_name": "task-pool-37665ff625", "method": "get_fund_asset_ratio", "ok": true, "setup_ms": 0.0, "build_execute_spec_ms": 0.022, "executor_ms": 14587.06, "finalize_ms": 0.0, "total_ms": 14587.082, "error_type": "", "error_message": "", "subprocess": {"decode_ms": 1.824, "worker_decode_ms": 1.824, "invoke_ms": 14505.395, "invoke_wrapper_ms": 0.347, "user_fn_ms": 14505.005, "encode_ms": 23.009, "worker_encode_result_ms": 23.009, "managed_globals_cache_hit": true, "managed_globals_ms": 0.015}, "queue_wait_ms": 56.832}
/opt/anaconda3/lib/python3.13/site-packages/flare_cores/cores.py:2508: FutureWarning: Series.__getitem__ treating keys as positions is deprecated. In a future version, integer keys will always be treated as labels (consistent with DataFrame behavior). To access a value by position, use `ser.iloc[pos]`
  if len(a) > 0 and np.isnan(a[0]):
2026-05-04 09:11:00,871 INFO pycloud_parallel.service_timing {"event": "task_pool_timing", "pool_id": "e47663b6561f45a0ad49c1d546a7ebb9", "pool_name": "task-pool-37665ff625", "method": "get_fund_asset_ratio", "ok": true, "setup_ms": 0.0, "build_execute_spec_ms": 0.009, "executor_ms": 16306.266, "finalize_ms": 0.0, "total_ms": 16306.275, "error_type": "", "error_message": "", "subprocess": {"decode_ms": 1.721, "worker_decode_ms": 1.721, "invoke_ms": 16257.475, "invoke_wrapper_ms": 0.498, "user_fn_ms": 16256.932, "encode_ms": 1.66, "worker_encode_result_ms": 1.66, "managed_globals_cache_hit": true, "managed_globals_ms": 0.016}, "queue_wait_ms": 45.41}
2026-05-04 09:11:01,164 INFO pycloud_parallel.service_timing {"event": "task_pool_timing", "pool_id": "e47663b6561f45a0ad49c1d546a7ebb9", "pool_name": "task-pool-37665ff625", "method": "get_fund_asset_ratio", "ok": true, "setup_ms": 0.0, "build_execute_spec_ms": 0.015, "executor_ms": 16598.801, "finalize_ms": 0.0, "total_ms": 16598.816, "error_type": "", "error_message": "", "subprocess": {"decode_ms": 1.518, "worker_decode_ms": 1.518, "invoke_ms": 16530.299, "invoke_wrapper_ms": 0.302, "user_fn_ms": 16529.942, "encode_ms": 2.315, "worker_encode_result_ms": 2.315, "managed_globals_cache_hit": true, "managed_globals_ms": 0.019}, "queue_wait_ms": 64.669}
/opt/anaconda3/lib/python3.13/site-packages/flare_cores/cores.py:2508: FutureWarning: Series.__getitem__ treating keys as positions is deprecated. In a future version, integer keys will always be treated as labels (consistent with DataFrame behavior). To access a value by position, use `ser.iloc[pos]`
  if len(a) > 0 and np.isnan(a[0]):
/opt/anaconda3/lib/python3.13/site-packages/flare_cores/cores.py:2508: FutureWarning: Series.__getitem__ treating keys as positions is deprecated. In a future version, integer keys will always be treated as labels (consistent with DataFrame behavior). To access a value by position, use `ser.iloc[pos]`
  if len(a) > 0 and np.isnan(a[0]):
/opt/anaconda3/lib/python3.13/site-packages/flare_cores/cores.py:2508: FutureWarning: Series.__getitem__ treating keys as positions is deprecated. In a future version, integer keys will always be treated as labels (consistent with DataFrame behavior). To access a value by position, use `ser.iloc[pos]`
  if len(a) > 0 and np.isnan(a[0]):
2026-05-04 09:11:03,260 INFO pycloud_parallel.service_timing {"event": "task_pool_timing", "pool_id": "e47663b6561f45a0ad49c1d546a7ebb9", "pool_name": "task-pool-37665ff625", "method": "get_fund_asset_ratio", "ok": true, "setup_ms": 0.0, "build_execute_spec_ms": 0.014, "executor_ms": 18696.843, "finalize_ms": 0.0, "total_ms": 18696.857, "error_type": "", "error_message": "", "subprocess": {"decode_ms": 1.067, "worker_decode_ms": 1.067, "invoke_ms": 18621.289, "invoke_wrapper_ms": 0.428, "user_fn_ms": 18620.826, "encode_ms": 1.564, "worker_encode_result_ms": 1.564, "managed_globals_cache_hit": true, "managed_globals_ms": 0.012}, "queue_wait_ms": 72.923}
/opt/anaconda3/lib/python3.13/site-packages/flare_cores/cores.py:2508: FutureWarning: Series.__getitem__ treating keys as positions is deprecated. In a future version, integer keys will always be treated as labels (consistent with DataFrame behavior). To access a value by position, use `ser.iloc[pos]`
  if len(a) > 0 and np.isnan(a[0]):
2026-05-04 09:11:04,131 INFO pycloud_parallel.service_timing {"event": "task_pool_timing", "pool_id": "e47663b6561f45a0ad49c1d546a7ebb9", "pool_name": "task-pool-37665ff625", "method": "get_fund_asset_ratio", "ok": true, "setup_ms": 0.0, "build_execute_spec_ms": 0.011, "executor_ms": 19566.645, "finalize_ms": 0.0, "total_ms": 19566.656, "error_type": "", "error_message": "", "subprocess": {"decode_ms": 1.394, "worker_decode_ms": 1.394, "invoke_ms": 19485.547, "invoke_wrapper_ms": 0.317, "user_fn_ms": 19485.19, "encode_ms": 1.788, "worker_encode_result_ms": 1.788, "managed_globals_cache_hit": true, "managed_globals_ms": 0.014}, "queue_wait_ms": 77.916}
2026-05-04 09:11:04,586 INFO pycloud_parallel.service_timing {"event": "task_pool_timing", "pool_id": "e47663b6561f45a0ad49c1d546a7ebb9", "pool_name": "task-pool-37665ff625", "method": "get_fund_asset_ratio", "ok": true, "setup_ms": 0.0, "build_execute_spec_ms": 0.015, "executor_ms": 20022.384, "finalize_ms": 0.0, "total_ms": 20022.399, "error_type": "", "error_message": "", "subprocess": {"decode_ms": 1.09, "worker_decode_ms": 1.09, "invoke_ms": 19950.308, "invoke_wrapper_ms": 0.281, "user_fn_ms": 19949.987, "encode_ms": 2.173, "worker_encode_result_ms": 2.173, "managed_globals_cache_hit": true, "managed_globals_ms": 0.013}, "queue_wait_ms": 68.813}
/opt/anaconda3/lib/python3.13/site-packages/flare_cores/cores.py:2508: FutureWarning: Series.__getitem__ treating keys as positions is deprecated. In a future version, integer keys will always be treated as labels (consistent with DataFrame behavior). To access a value by position, use `ser.iloc[pos]`
  if len(a) > 0 and np.isnan(a[0]):
/opt/anaconda3/lib/python3.13/site-packages/flare_cores/cores.py:2508: FutureWarning: Series.__getitem__ treating keys as positions is deprecated. In a future version, integer keys will always be treated as labels (consistent with DataFrame behavior). To access a value by position, use `ser.iloc[pos]`
  if len(a) > 0 and np.isnan(a[0]):
/opt/anaconda3/lib/python3.13/site-packages/flare_cores/cores.py:2508: FutureWarning: Series.__getitem__ treating keys as positions is deprecated. In a future version, integer keys will always be treated as labels (consistent with DataFrame behavior). To access a value by position, use `ser.iloc[pos]`
  if len(a) > 0 and np.isnan(a[0]):
2026-05-04 09:11:07,450 INFO pycloud_parallel.service_timing {"event": "task_pool_timing", "pool_id": "e47663b6561f45a0ad49c1d546a7ebb9", "pool_name": "task-pool-37665ff625", "method": "get_fund_asset_ratio", "ok": true, "setup_ms": 0.0, "build_execute_spec_ms": 0.027, "executor_ms": 22870.553, "finalize_ms": 0.0, "total_ms": 22870.58, "error_type": "", "error_message": "", "subprocess": {"decode_ms": 0.811, "worker_decode_ms": 0.811, "invoke_ms": 11982.25, "invoke_wrapper_ms": 0.083, "user_fn_ms": 11982.149, "encode_ms": 1.341, "worker_encode_result_ms": 1.341, "managed_globals_cache_hit": true, "managed_globals_ms": 0.011}, "queue_wait_ms": 10886.151}
2026-05-04 09:11:08,573 INFO pycloud_parallel.service_timing {"event": "task_pool_timing", "pool_id": "e47663b6561f45a0ad49c1d546a7ebb9", "pool_name": "task-pool-37665ff625", "method": "get_fund_asset_ratio", "ok": true, "setup_ms": 0.0, "build_execute_spec_ms": 0.021, "executor_ms": 23992.557, "finalize_ms": 0.0, "total_ms": 23992.578, "error_type": "", "error_message": "", "subprocess": {"decode_ms": 0.67, "worker_decode_ms": 0.67, "invoke_ms": 10737.409, "invoke_wrapper_ms": 0.08, "user_fn_ms": 10737.303, "encode_ms": 3.995, "worker_encode_result_ms": 3.995, "managed_globals_cache_hit": true, "managed_globals_ms": 0.009}, "queue_wait_ms": 13250.483}
2026-05-04 09:11:08,909 INFO pycloud_parallel.service_timing {"event": "task_pool_timing", "pool_id": "e47663b6561f45a0ad49c1d546a7ebb9", "pool_name": "task-pool-37665ff625", "method": "get_fund_asset_ratio", "ok": true, "setup_ms": 0.0, "build_execute_spec_ms": 0.057, "executor_ms": 24346.175, "finalize_ms": 0.0, "total_ms": 24346.232, "error_type": "", "error_message": "", "subprocess": {"decode_ms": 4.007, "worker_decode_ms": 4.007, "invoke_ms": 24323.407, "invoke_wrapper_ms": 0.41, "user_fn_ms": 24322.957, "encode_ms": 1.825, "worker_encode_result_ms": 1.825, "managed_globals_cache_hit": true, "managed_globals_ms": 0.014}, "queue_wait_ms": 16.936}
2026-05-04 09:11:09,022 INFO pycloud_parallel.service_timing {"event": "task_pool_timing", "pool_id": "e47663b6561f45a0ad49c1d546a7ebb9", "pool_name": "task-pool-37665ff625", "method": "get_fund_asset_ratio", "ok": true, "setup_ms": 0.0, "build_execute_spec_ms": 0.024, "executor_ms": 24432.825, "finalize_ms": 0.0, "total_ms": 24432.849, "error_type": "", "error_message": "", "subprocess": {"decode_ms": 0.969, "worker_decode_ms": 0.969, "invoke_ms": 9836.582, "invoke_wrapper_ms": 0.107, "user_fn_ms": 9836.459, "encode_ms": 29.642, "worker_encode_result_ms": 29.642, "managed_globals_cache_hit": true, "managed_globals_ms": 0.015}, "queue_wait_ms": 14565.632}
/opt/anaconda3/lib/python3.13/site-packages/flare_cores/cores.py:2508: FutureWarning: Series.__getitem__ treating keys as positions is deprecated. In a future version, integer keys will always be treated as labels (consistent with DataFrame behavior). To access a value by position, use `ser.iloc[pos]`
  if len(a) > 0 and np.isnan(a[0]):
2026-05-04 09:11:10,028 INFO pycloud_parallel.service_timing {"event": "task_pool_timing", "pool_id": "e47663b6561f45a0ad49c1d546a7ebb9", "pool_name": "task-pool-37665ff625", "method": "get_fund_asset_ratio", "ok": true, "setup_ms": 0.0, "build_execute_spec_ms": 0.027, "executor_ms": 25445.664, "finalize_ms": 0.0, "total_ms": 25445.691, "error_type": "", "error_message": "", "subprocess": {"decode_ms": 0.934, "worker_decode_ms": 0.934, "invoke_ms": 10876.527, "invoke_wrapper_ms": 0.094, "user_fn_ms": 10876.415, "encode_ms": 21.472, "worker_encode_result_ms": 21.472, "managed_globals_cache_hit": true, "managed_globals_ms": 0.013}, "queue_wait_ms": 14546.731}
/opt/anaconda3/lib/python3.13/site-packages/flare_cores/cores.py:2508: FutureWarning: Series.__getitem__ treating keys as positions is deprecated. In a future version, integer keys will always be treated as labels (consistent with DataFrame behavior). To access a value by position, use `ser.iloc[pos]`
  if len(a) > 0 and np.isnan(a[0]):
/opt/anaconda3/lib/python3.13/site-packages/flare_cores/cores.py:2508: FutureWarning: Series.__getitem__ treating keys as positions is deprecated. In a future version, integer keys will always be treated as labels (consistent with DataFrame behavior). To access a value by position, use `ser.iloc[pos]`
  if len(a) > 0 and np.isnan(a[0]):
2026-05-04 09:11:10,310 INFO pycloud_parallel.service_timing {"event": "task_pool_timing", "pool_id": "e47663b6561f45a0ad49c1d546a7ebb9", "pool_name": "task-pool-37665ff625", "method": "get_fund_asset_ratio", "ok": true, "setup_ms": 0.0, "build_execute_spec_ms": 0.05, "executor_ms": 14805.799, "finalize_ms": 0.0, "total_ms": 14805.849, "error_type": "", "error_message": "", "subprocess": {"decode_ms": 0.834, "worker_decode_ms": 0.834, "invoke_ms": 9091.86, "invoke_wrapper_ms": 0.09, "user_fn_ms": 9091.753, "encode_ms": 2.017, "worker_encode_result_ms": 2.017, "managed_globals_cache_hit": true, "managed_globals_ms": 0.011}, "queue_wait_ms": 5711.088}
/opt/anaconda3/lib/python3.13/site-packages/flare_cores/cores.py:2508: FutureWarning: Series.__getitem__ treating keys as positions is deprecated. In a future version, integer keys will always be treated as labels (consistent with DataFrame behavior). To access a value by position, use `ser.iloc[pos]`
  if len(a) > 0 and np.isnan(a[0]):
2026-05-04 09:11:10,919 INFO pycloud_parallel.service_timing {"event": "task_pool_timing", "pool_id": "e47663b6561f45a0ad49c1d546a7ebb9", "pool_name": "task-pool-37665ff625", "method": "get_fund_asset_ratio", "ok": true, "setup_ms": 0.0, "build_execute_spec_ms": 0.047, "executor_ms": 12936.611, "finalize_ms": 0.0, "total_ms": 12936.658, "error_type": "", "error_message": "", "subprocess": {"decode_ms": 0.795, "worker_decode_ms": 0.795, "invoke_ms": 7706.979, "invoke_wrapper_ms": 0.085, "user_fn_ms": 7706.879, "encode_ms": 1.07, "worker_encode_result_ms": 1.07, "managed_globals_cache_hit": true, "managed_globals_ms": 0.012}, "queue_wait_ms": 5227.767}
/opt/anaconda3/lib/python3.13/site-packages/flare_cores/cores.py:2508: FutureWarning: Series.__getitem__ treating keys as positions is deprecated. In a future version, integer keys will always be treated as labels (consistent with DataFrame behavior). To access a value by position, use `ser.iloc[pos]`
  if len(a) > 0 and np.isnan(a[0]):
/opt/anaconda3/lib/python3.13/site-packages/flare_cores/cores.py:2508: FutureWarning: Series.__getitem__ treating keys as positions is deprecated. In a future version, integer keys will always be treated as labels (consistent with DataFrame behavior). To access a value by position, use `ser.iloc[pos]`
  if len(a) > 0 and np.isnan(a[0]):
/opt/anaconda3/lib/python3.13/site-packages/flare_cores/cores.py:2508: FutureWarning: Series.__getitem__ treating keys as positions is deprecated. In a future version, integer keys will always be treated as labels (consistent with DataFrame behavior). To access a value by position, use `ser.iloc[pos]`
  if len(a) > 0 and np.isnan(a[0]):
2026-05-04 09:11:12,130 INFO pycloud_parallel.service_timing {"event": "task_pool_timing", "pool_id": "e47663b6561f45a0ad49c1d546a7ebb9", "pool_name": "task-pool-37665ff625", "method": "get_fund_asset_ratio", "ok": true, "setup_ms": 0.0, "build_execute_spec_ms": 0.018, "executor_ms": 12892.643, "finalize_ms": 0.0, "total_ms": 12892.661, "error_type": "", "error_message": "", "subprocess": {"decode_ms": 1.059, "worker_decode_ms": 1.059, "invoke_ms": 7554.687, "invoke_wrapper_ms": 0.103, "user_fn_ms": 7554.564, "encode_ms": 16.863, "worker_encode_result_ms": 16.863, "managed_globals_cache_hit": true, "managed_globals_ms": 0.009}, "queue_wait_ms": 5320.034}
2026-05-04 09:11:12,188 INFO pycloud_parallel.service_timing {"event": "task_pool_timing", "pool_id": "e47663b6561f45a0ad49c1d546a7ebb9", "pool_name": "task-pool-37665ff625", "method": "get_fund_asset_ratio", "ok": true, "setup_ms": 0.0, "build_execute_spec_ms": 0.019, "executor_ms": 27594.446, "finalize_ms": 0.0, "total_ms": 27594.465, "error_type": "", "error_message": "", "subprocess": {"decode_ms": 0.664, "worker_decode_ms": 0.664, "invoke_ms": 11326.462, "invoke_wrapper_ms": 0.077, "user_fn_ms": 11326.369, "encode_ms": 1.163, "worker_encode_result_ms": 1.163, "managed_globals_cache_hit": true, "managed_globals_ms": 0.008}, "queue_wait_ms": 16266.157}
2026-05-04 09:11:12,245 INFO pycloud_parallel.service_timing {"event": "task_pool_timing", "pool_id": "e47663b6561f45a0ad49c1d546a7ebb9", "pool_name": "task-pool-37665ff625", "method": "get_fund_asset_ratio", "ok": true, "setup_ms": 0.0, "build_execute_spec_ms": 0.05, "executor_ms": 13008.718, "finalize_ms": 0.0, "total_ms": 13008.768, "error_type": "", "error_message": "", "subprocess": {"decode_ms": 0.871, "worker_decode_ms": 0.871, "invoke_ms": 8104.402, "invoke_wrapper_ms": 0.1, "user_fn_ms": 8104.282, "encode_ms": 1.74, "worker_encode_result_ms": 1.74, "managed_globals_cache_hit": true, "managed_globals_ms": 0.011}, "queue_wait_ms": 4901.705}
/opt/anaconda3/lib/python3.13/site-packages/flare_cores/cores.py:2508: FutureWarning: Series.__getitem__ treating keys as positions is deprecated. In a future version, integer keys will always be treated as labels (consistent with DataFrame behavior). To access a value by position, use `ser.iloc[pos]`
  if len(a) > 0 and np.isnan(a[0]):
/opt/anaconda3/lib/python3.13/site-packages/flare_cores/cores.py:2508: FutureWarning: Series.__getitem__ treating keys as positions is deprecated. In a future version, integer keys will always be treated as labels (consistent with DataFrame behavior). To access a value by position, use `ser.iloc[pos]`
  if len(a) > 0 and np.isnan(a[0]):
/opt/anaconda3/lib/python3.13/site-packages/flare_cores/cores.py:2508: FutureWarning: Series.__getitem__ treating keys as positions is deprecated. In a future version, integer keys will always be treated as labels (consistent with DataFrame behavior). To access a value by position, use `ser.iloc[pos]`
  if len(a) > 0 and np.isnan(a[0]):
2026-05-04 09:11:13,346 INFO pycloud_parallel.service_timing {"event": "task_pool_timing", "pool_id": "e47663b6561f45a0ad49c1d546a7ebb9", "pool_name": "task-pool-37665ff625", "method": "get_fund_asset_ratio", "ok": true, "setup_ms": 0.0, "build_execute_spec_ms": 0.045, "executor_ms": 3251.232, "finalize_ms": 0.0, "total_ms": 3251.277, "error_type": "", "error_message": "", "subprocess": {"decode_ms": 0.9, "worker_decode_ms": 0.9, "invoke_ms": 1125.769, "invoke_wrapper_ms": 0.074, "user_fn_ms": 1125.681, "encode_ms": 0.94, "worker_encode_result_ms": 0.94, "managed_globals_cache_hit": true, "managed_globals_ms": 0.009}, "queue_wait_ms": 2123.623}
/opt/anaconda3/lib/python3.13/site-packages/flare_cores/cores.py:2508: FutureWarning: Series.__getitem__ treating keys as positions is deprecated. In a future version, integer keys will always be treated as labels (consistent with DataFrame behavior). To access a value by position, use `ser.iloc[pos]`
  if len(a) > 0 and np.isnan(a[0]):
2026-05-04 09:11:14,150 INFO pycloud_parallel.service_timing {"event": "task_pool_timing", "pool_id": "e47663b6561f45a0ad49c1d546a7ebb9", "pool_name": "task-pool-37665ff625", "method": "get_fund_asset_ratio", "ok": true, "setup_ms": 0.0, "build_execute_spec_ms": 0.056, "executor_ms": 6602.458, "finalize_ms": 0.0, "total_ms": 6602.514, "error_type": "", "error_message": "", "subprocess": {"decode_ms": 0.764, "worker_decode_ms": 0.764, "invoke_ms": 3845.362, "invoke_wrapper_ms": 0.067, "user_fn_ms": 3845.282, "encode_ms": 19.193, "worker_encode_result_ms": 19.193, "managed_globals_cache_hit": true, "managed_globals_ms": 0.008}, "queue_wait_ms": 2737.139}
2026-05-04 09:11:14,210 INFO pycloud_parallel.service_timing {"event": "task_pool_timing", "pool_id": "e47663b6561f45a0ad49c1d546a7ebb9", "pool_name": "task-pool-37665ff625", "method": "get_fund_asset_ratio", "ok": true, "setup_ms": 0.0, "build_execute_spec_ms": 0.046, "executor_ms": 3867.3, "finalize_ms": 0.0, "total_ms": 3867.346, "error_type": "", "error_message": "", "subprocess": {"decode_ms": 0.526, "worker_decode_ms": 0.526, "invoke_ms": 859.914, "invoke_wrapper_ms": 0.064, "user_fn_ms": 859.834, "encode_ms": 1.271, "worker_encode_result_ms": 1.271, "managed_globals_cache_hit": true, "managed_globals_ms": 0.006}, "queue_wait_ms": 3005.589}
/opt/anaconda3/lib/python3.13/site-packages/flare_cores/cores.py:2508: FutureWarning: Series.__getitem__ treating keys as positions is deprecated. In a future version, integer keys will always be treated as labels (consistent with DataFrame behavior). To access a value by position, use `ser.iloc[pos]`
  if len(a) > 0 and np.isnan(a[0]):
/opt/anaconda3/lib/python3.13/site-packages/flare_cores/cores.py:2508: FutureWarning: Series.__getitem__ treating keys as positions is deprecated. In a future version, integer keys will always be treated as labels (consistent with DataFrame behavior). To access a value by position, use `ser.iloc[pos]`
  if len(a) > 0 and np.isnan(a[0]):
2026-05-04 09:11:14,499 INFO pycloud_parallel.service_timing {"event": "task_pool_timing", "pool_id": "e47663b6561f45a0ad49c1d546a7ebb9", "pool_name": "task-pool-37665ff625", "method": "get_fund_asset_ratio", "ok": true, "setup_ms": 0.0, "build_execute_spec_ms": 0.051, "executor_ms": 11207.331, "finalize_ms": 0.0, "total_ms": 11207.382, "error_type": "", "error_message": "", "subprocess": {"decode_ms": 0.722, "worker_decode_ms": 0.722, "invoke_ms": 5506.413, "invoke_wrapper_ms": 0.079, "user_fn_ms": 5506.319, "encode_ms": 1.048, "worker_encode_result_ms": 1.048, "managed_globals_cache_hit": true, "managed_globals_ms": 0.01}, "queue_wait_ms": 5699.148}
/opt/anaconda3/lib/python3.13/site-packages/flare_cores/cores.py:2508: FutureWarning: Series.__getitem__ treating keys as positions is deprecated. In a future version, integer keys will always be treated as labels (consistent with DataFrame behavior). To access a value by position, use `ser.iloc[pos]`
  if len(a) > 0 and np.isnan(a[0]):
2026-05-04 09:11:14,556 INFO pycloud_parallel.service_timing {"event": "task_pool_timing", "pool_id": "e47663b6561f45a0ad49c1d546a7ebb9", "pool_name": "task-pool-37665ff625", "method": "get_fund_asset_ratio", "ok": true, "setup_ms": 0.0, "build_execute_spec_ms": 0.058, "executor_ms": 2347.039, "finalize_ms": 0.0, "total_ms": 2347.097, "error_type": "", "error_message": "", "subprocess": {"decode_ms": 0.531, "worker_decode_ms": 0.531, "invoke_ms": 316.341, "invoke_wrapper_ms": 0.064, "user_fn_ms": 316.265, "encode_ms": 0.877, "worker_encode_result_ms": 0.877, "managed_globals_cache_hit": true, "managed_globals_ms": 0.005}, "queue_wait_ms": 2029.29}
/opt/anaconda3/lib/python3.13/site-packages/flare_cores/cores.py:2508: FutureWarning: Series.__getitem__ treating keys as positions is deprecated. In a future version, integer keys will always be treated as labels (consistent with DataFrame behavior). To access a value by position, use `ser.iloc[pos]`
  if len(a) > 0 and np.isnan(a[0]):
/opt/anaconda3/lib/python3.13/site-packages/flare_cores/cores.py:2508: FutureWarning: Series.__getitem__ treating keys as positions is deprecated. In a future version, integer keys will always be treated as labels (consistent with DataFrame behavior). To access a value by position, use `ser.iloc[pos]`
  if len(a) > 0 and np.isnan(a[0]):
2026-05-04 09:11:14,615 INFO pycloud_parallel.service_timing {"event": "task_pool_timing", "pool_id": "e47663b6561f45a0ad49c1d546a7ebb9", "pool_name": "task-pool-37665ff625", "method": "get_fund_asset_ratio", "ok": true, "setup_ms": 0.0, "build_execute_spec_ms": 0.056, "executor_ms": 13655.545, "finalize_ms": 0.0, "total_ms": 13655.601, "error_type": "", "error_message": "", "subprocess": {"decode_ms": 1.052, "worker_decode_ms": 1.052, "invoke_ms": 7142.539, "invoke_wrapper_ms": 0.094, "user_fn_ms": 7142.43, "encode_ms": 1.171, "worker_encode_result_ms": 1.171, "managed_globals_cache_hit": true, "managed_globals_ms": 0.008}, "queue_wait_ms": 6510.783}
2026-05-04 09:11:14,616 INFO pycloud_parallel.service_timing {"event": "task_pool_timing", "pool_id": "e47663b6561f45a0ad49c1d546a7ebb9", "pool_name": "task-pool-37665ff625", "method": "get_fund_asset_ratio", "ok": true, "setup_ms": 0.0, "build_execute_spec_ms": 0.049, "executor_ms": 10431.788, "finalize_ms": 0.0, "total_ms": 10431.837, "error_type": "", "error_message": "", "subprocess": {"decode_ms": 0.762, "worker_decode_ms": 0.762, "invoke_ms": 5573.179, "invoke_wrapper_ms": 0.074, "user_fn_ms": 5572.951, "encode_ms": 14.12, "worker_encode_result_ms": 14.12, "managed_globals_cache_hit": true, "managed_globals_ms": 0.009}, "queue_wait_ms": 4843.727}
2026-05-04 09:11:14,617 INFO pycloud_parallel.service_timing {"event": "task_pool_timing", "pool_id": "e47663b6561f45a0ad49c1d546a7ebb9", "pool_name": "task-pool-37665ff625", "method": "get_fund_asset_ratio", "ok": true, "setup_ms": 0.0, "build_execute_spec_ms": 0.049, "executor_ms": 5937.445, "finalize_ms": 0.0, "total_ms": 5937.494, "error_type": "", "error_message": "", "subprocess": {"decode_ms": 0.671, "worker_decode_ms": 0.671, "invoke_ms": 3669.793, "invoke_wrapper_ms": 0.067, "user_fn_ms": 3669.714, "encode_ms": 0.99, "worker_encode_result_ms": 0.99, "managed_globals_cache_hit": true, "managed_globals_ms": 0.007}, "queue_wait_ms": 2265.991}
2026-05-04 09:11:14,671 INFO pycloud_parallel.service_timing {"event": "task_pool_timing", "pool_id": "e47663b6561f45a0ad49c1d546a7ebb9", "pool_name": "task-pool-37665ff625", "method": "get_fund_asset_ratio", "ok": true, "setup_ms": 0.0, "build_execute_spec_ms": 0.049, "executor_ms": 5618.609, "finalize_ms": 0.0, "total_ms": 5618.658, "error_type": "", "error_message": "", "subprocess": {"decode_ms": 0.668, "worker_decode_ms": 0.668, "invoke_ms": 2446.824, "invoke_wrapper_ms": 0.066, "user_fn_ms": 2446.744, "encode_ms": 0.989, "worker_encode_result_ms": 0.989, "managed_globals_cache_hit": true, "managed_globals_ms": 0.008}, "queue_wait_ms": 3170.128}
2026-05-04 09:11:14,672 INFO pycloud_parallel.service_timing {"event": "task_pool_timing", "pool_id": "e47663b6561f45a0ad49c1d546a7ebb9", "pool_name": "task-pool-37665ff625", "method": "get_fund_asset_ratio", "ok": true, "setup_ms": 0.0, "build_execute_spec_ms": 0.046, "executor_ms": 1303.408, "finalize_ms": 0.0, "total_ms": 1303.454, "error_type": "", "error_message": "", "subprocess": {"decode_ms": 0.73, "worker_decode_ms": 0.73, "invoke_ms": 66.888, "invoke_wrapper_ms": 0.073, "user_fn_ms": 66.789, "encode_ms": 1.25, "worker_encode_result_ms": 1.25, "managed_globals_cache_hit": true, "managed_globals_ms": 0.009}, "queue_wait_ms": 1234.54}
2026-05-04 09:11:14,672 INFO pycloud_parallel.service_timing {"event": "task_pool_timing", "pool_id": "e47663b6561f45a0ad49c1d546a7ebb9", "pool_name": "task-pool-37665ff625", "method": "get_fund_asset_ratio", "ok": true, "setup_ms": 0.0, "build_execute_spec_ms": 0.047, "executor_ms": 2338.192, "finalize_ms": 0.0, "total_ms": 2338.239, "error_type": "", "error_message": "", "subprocess": {"decode_ms": 0.538, "worker_decode_ms": 0.538, "invoke_ms": 113.25, "invoke_wrapper_ms": 0.062, "user_fn_ms": 113.175, "encode_ms": 0.893, "worker_encode_result_ms": 0.893, "managed_globals_cache_hit": true, "managed_globals_ms": 0.005}, "queue_wait_ms": 2223.511}
2026-05-04 09:11:14,672 INFO pycloud_parallel.service_timing {"event": "task_pool_timing", "pool_id": "e47663b6561f45a0ad49c1d546a7ebb9", "pool_name": "task-pool-37665ff625", "method": "get_fund_asset_ratio", "ok": true, "setup_ms": 0.0, "build_execute_spec_ms": 0.022, "executor_ms": 2460.813, "finalize_ms": 0.0, "total_ms": 2460.835, "error_type": "", "error_message": "", "subprocess": {"decode_ms": 0.799, "worker_decode_ms": 0.799, "invoke_ms": 208.069, "invoke_wrapper_ms": 0.077, "user_fn_ms": 207.982, "encode_ms": 0.827, "worker_encode_result_ms": 0.827, "managed_globals_cache_hit": true, "managed_globals_ms": 0.008}, "queue_wait_ms": 2251.118}
2026-05-04 09:11:14,732 INFO pycloud_parallel.service_timing {"event": "task_pool_timing", "pool_id": "e47663b6561f45a0ad49c1d546a7ebb9", "pool_name": "task-pool-37665ff625", "method": "get_fund_asset_ratio", "ok": true, "setup_ms": 0.0, "build_execute_spec_ms": 0.055, "executor_ms": 3702.036, "finalize_ms": 0.0, "total_ms": 3702.091, "error_type": "", "error_message": "", "subprocess": {"decode_ms": 1.009, "worker_decode_ms": 1.009, "invoke_ms": 583.964, "invoke_wrapper_ms": 0.071, "user_fn_ms": 583.878, "encode_ms": 1.062, "worker_encode_result_ms": 1.062, "managed_globals_cache_hit": true, "managed_globals_ms": 0.009}, "queue_wait_ms": 3116.001}
2026-05-04 09:11:14,791 INFO pycloud_parallel.service_timing {"event": "task_pool_timing", "pool_id": "e47663b6561f45a0ad49c1d546a7ebb9", "pool_name": "task-pool-37665ff625", "method": "get_fund_asset_ratio", "ok": true, "setup_ms": 0.0, "build_execute_spec_ms": 0.052, "executor_ms": 10167.241, "finalize_ms": 0.0, "total_ms": 10167.293, "error_type": "", "error_message": "", "subprocess": {"decode_ms": 1.045, "worker_decode_ms": 1.045, "invoke_ms": 4756.234, "invoke_wrapper_ms": 0.209, "user_fn_ms": 4756.012, "encode_ms": 0.96, "worker_encode_result_ms": 0.96, "managed_globals_cache_hit": true, "managed_globals_ms": 0.009}, "queue_wait_ms": 5409.002}
2026-05-04 09:11:14,850 INFO pycloud_parallel.service_timing {"event": "task_pool_timing", "pool_id": "e47663b6561f45a0ad49c1d546a7ebb9", "pool_name": "task-pool-37665ff625", "method": "get_fund_asset_ratio", "ok": true, "setup_ms": 0.0, "build_execute_spec_ms": 0.062, "executor_ms": 13647.625, "finalize_ms": 0.0, "total_ms": 13647.687, "error_type": "", "error_message": "", "subprocess": {"decode_ms": 0.961, "worker_decode_ms": 0.961, "invoke_ms": 6220.618, "invoke_wrapper_ms": 0.082, "user_fn_ms": 6220.525, "encode_ms": 1.001, "worker_encode_result_ms": 1.001, "managed_globals_cache_hit": true, "managed_globals_ms": 0.011}, "queue_wait_ms": 7425.045}
2026-05-04 09:11:15,014 INFO pycloud_parallel.service_timing {"event": "task_pool_timing", "pool_id": "e47663b6561f45a0ad49c1d546a7ebb9", "pool_name": "task-pool-37665ff625", "method": "get_fund_asset_ratio", "ok": true, "setup_ms": 0.0, "build_execute_spec_ms": 0.049, "executor_ms": 5977.943, "finalize_ms": 0.0, "total_ms": 5977.992, "error_type": "", "error_message": "", "subprocess": {"decode_ms": 0.787, "worker_decode_ms": 0.787, "invoke_ms": 2891.812, "invoke_wrapper_ms": 0.064, "user_fn_ms": 2891.737, "encode_ms": 0.95, "worker_encode_result_ms": 0.95, "managed_globals_cache_hit": true, "managed_globals_ms": 0.008}, "queue_wait_ms": 3084.394}
 re minimize 
I0504 09:11:37.419375 7531131 fork_posix.cc:71] Other threads are currently calling into gRPC, skipping fork() handlers
I0504 09:11:37.425320 7531167 ev_poll_posix.cc:593] FD from fork parent still in poll list: fd(3, generation: 1)
I0504 09:11:37.425434 7531167 ev_poll_posix.cc:593] FD from fork parent still in poll list: fd(6, generation: 1)
I0504 09:11:37.425447 7531167 ev_poll_posix.cc:593] FD from fork parent still in poll list: fd(3, generation: 1)
I0504 09:11:37.425455 7531167 ev_poll_posix.cc:593] FD from fork parent still in poll list: fd(6, generation: 1)
I0504 09:11:37.425464 7531167 ev_poll_posix.cc:593] FD from fork parent still in poll list: fd(3, generation: 1)
I0504 09:11:37.425471 7531167 ev_poll_posix.cc:593] FD from fork parent still in poll list: fd(6, generation: 1)
I0504 09:11:37.425478 7531167 ev_poll_posix.cc:593] FD from fork parent still in poll list: fd(3, generation: 1)
I0504 09:11:37.425485 7531167 ev_poll_posix.cc:593] FD from fork parent still in poll list: fd(6, generation: 1)
I0504 09:11:37.425493 7531167 ev_poll_posix.cc:593] FD from fork parent still in poll list: fd(3, generation: 1)
I0504 09:11:37.425499 7531167 ev_poll_posix.cc:593] FD from fork parent still in poll list: fd(6, generation: 1)
I0504 09:11:37.425507 7531167 ev_poll_posix.cc:593] FD from fork parent still in poll list: fd(3, generation: 1)
I0504 09:11:37.425513 7531167 ev_poll_posix.cc:593] FD from fork parent still in poll list: fd(6, generation: 1)
I0504 09:11:37.425520 7531167 ev_poll_posix.cc:593] FD from fork parent still in poll list: fd(3, generation: 1)
I0504 09:11:37.425526 7531167 ev_poll_posix.cc:593] FD from fork parent still in poll list: fd(6, generation: 1)
I0504 09:11:37.425532 7531167 ev_poll_posix.cc:593] FD from fork parent still in poll list: fd(3, generation: 1)
I0504 09:11:37.425538 7531167 ev_poll_posix.cc:593] FD from fork parent still in poll list: fd(6, generation: 1)
I0504 09:11:37.425544 7531167 ev_poll_posix.cc:593] FD from fork parent still in poll list: fd(3, generation: 1)
I0504 09:11:37.425558 7531167 ev_poll_posix.cc:593] FD from fork parent still in poll list: fd(6, generation: 1)
I0504 09:11:37.425576 7531167 ev_poll_posix.cc:593] FD from fork parent still in poll list: fd(3, generation: 1)
I0504 09:11:37.425603 7531167 ev_poll_posix.cc:593] FD from fork parent still in poll list: fd(6, generation: 1)
I0504 09:11:37.425621 7531167 ev_poll_posix.cc:593] FD from fork parent still in poll list: fd(3, generation: 1)
I0504 09:11:37.425642 7531167 ev_poll_posix.cc:593] FD from fork parent still in poll list: fd(6, generation: 1)
I0504 09:11:37.425651 7531167 ev_poll_posix.cc:593] FD from fork parent still in poll list: fd(3, generation: 1)
I0504 09:11:37.425657 7531167 ev_poll_posix.cc:593] FD from fork parent still in poll list: fd(6, generation: 1)
I0504 09:11:37.425663 7531167 ev_poll_posix.cc:593] FD from fork parent still in poll list: fd(3, generation: 1)
I0504 09:11:37.425668 7531167 ev_poll_posix.cc:593] FD from fork parent still in poll list: fd(6, generation: 1)
2026-05-04 09:11:40,280 INFO pycloud_parallel.controlplane.services [NodeControl] UpdateRuntimeGlobals peer=ipv4:127.0.0.1:52912 client_id=498d076c12df48df9e09fdc7047482ce code_version=sha256:aa95aad4481684160695f22f301d2d55c94c2f06460a5c521fd1712cd234ad4e.ef3a391391da0f75 runtime_key=498d076c12df48df9e09fdc7047482ce
2026-05-04 09:11:40,317 INFO pycloud_parallel.controlplane.services [NodeControl] UpdateRuntimeGlobals timing client_id=498d076c12df48df9e09fdc7047482ce runtime_key=498d076c12df48df9e09fdc7047482ce keys=['bench_mark_closeprice_df', 'bench_mark_yield_df', 'bench_mark_yield_df_weekly'] decode_ms=3.991 state_ms=33.530 total_ms=37.867
/opt/anaconda3/lib/python3.13/site-packages/flare_cores/cores.py:2508: FutureWarning: Series.__getitem__ treating keys as positions is deprecated. In a future version, integer keys will always be treated as labels (consistent with DataFrame behavior). To access a value by position, use `ser.iloc[pos]`
  if len(a) > 0 and np.isnan(a[0]):
/opt/anaconda3/lib/python3.13/site-packages/flare_cores/cores.py:2508: FutureWarning: Series.__getitem__ treating keys as positions is deprecated. In a future version, integer keys will always be treated as labels (consistent with DataFrame behavior). To access a value by position, use `ser.iloc[pos]`
  if len(a) > 0 and np.isnan(a[0]):
/opt/anaconda3/lib/python3.13/site-packages/flare_cores/cores.py:2508: FutureWarning: Series.__getitem__ treating keys as positions is deprecated. In a future version, integer keys will always be treated as labels (consistent with DataFrame behavior). To access a value by position, use `ser.iloc[pos]`
  if len(a) > 0 and np.isnan(a[0]):
/opt/anaconda3/lib/python3.13/site-packages/flare_cores/cores.py:2508: FutureWarning: Series.__getitem__ treating keys as positions is deprecated. In a future version, integer keys will always be treated as labels (consistent with DataFrame behavior). To access a value by position, use `ser.iloc[pos]`
  if len(a) > 0 and np.isnan(a[0]):
/opt/anaconda3/lib/python3.13/site-packages/flare_cores/cores.py:2508: FutureWarning: Series.__getitem__ treating keys as positions is deprecated. In a future version, integer keys will always be treated as labels (consistent with DataFrame behavior). To access a value by position, use `ser.iloc[pos]`
  if len(a) > 0 and np.isnan(a[0]):
/opt/anaconda3/lib/python3.13/site-packages/flare_cores/cores.py:2508: FutureWarning: Series.__getitem__ treating keys as positions is deprecated. In a future version, integer keys will always be treated as labels (consistent with DataFrame behavior). To access a value by position, use `ser.iloc[pos]`
  if len(a) > 0 and np.isnan(a[0]):
/opt/anaconda3/lib/python3.13/site-packages/flare_cores/cores.py:2508: FutureWarning: Series.__getitem__ treating keys as positions is deprecated. In a future version, integer keys will always be treated as labels (consistent with DataFrame behavior). To access a value by position, use `ser.iloc[pos]`
  if len(a) > 0 and np.isnan(a[0]):
/opt/anaconda3/lib/python3.13/site-packages/flare_cores/cores.py:2508: FutureWarning: Series.__getitem__ treating keys as positions is deprecated. In a future version, integer keys will always be treated as labels (consistent with DataFrame behavior). To access a value by position, use `ser.iloc[pos]`
  if len(a) > 0 and np.isnan(a[0]):
/opt/anaconda3/lib/python3.13/site-packages/flare_cores/cores.py:2508: FutureWarning: Series.__getitem__ treating keys as positions is deprecated. In a future version, integer keys will always be treated as labels (consistent with DataFrame behavior). To access a value by position, use `ser.iloc[pos]`
  if len(a) > 0 and np.isnan(a[0]):
/opt/anaconda3/lib/python3.13/site-packages/flare_cores/cores.py:2508: FutureWarning: Series.__getitem__ treating keys as positions is deprecated. In a future version, integer keys will always be treated as labels (consistent with DataFrame behavior). To access a value by position, use `ser.iloc[pos]`
  if len(a) > 0 and np.isnan(a[0]):
2026-05-04 09:11:52,293 INFO pycloud_parallel.service_timing {"event": "task_pool_timing", "pool_id": "498d076c12df48df9e09fdc7047482ce", "pool_name": "task-pool-298a6a039e", "method": "get_fund_asset_ratio", "ok": true, "setup_ms": 0.0, "build_execute_spec_ms": 0.017, "executor_ms": 11455.272, "finalize_ms": 0.0, "total_ms": 11455.289, "error_type": "", "error_message": "", "subprocess": {"decode_ms": 1.398, "worker_decode_ms": 1.398, "invoke_ms": 11403.83, "invoke_wrapper_ms": 0.365, "user_fn_ms": 11403.415, "encode_ms": 20.403, "worker_encode_result_ms": 20.403, "managed_globals_cache_hit": true, "managed_globals_ms": 0.013}, "queue_wait_ms": 29.641}
2026-05-04 09:11:54,943 INFO pycloud_parallel.service_timing {"event": "task_pool_timing", "pool_id": "498d076c12df48df9e09fdc7047482ce", "pool_name": "task-pool-298a6a039e", "method": "get_fund_asset_ratio", "ok": true, "setup_ms": 0.0, "build_execute_spec_ms": 0.02, "executor_ms": 14105.543, "finalize_ms": 0.0, "total_ms": 14105.563, "error_type": "", "error_message": "", "subprocess": {"decode_ms": 1.002, "worker_decode_ms": 1.002, "invoke_ms": 14088.515, "invoke_wrapper_ms": 0.321, "user_fn_ms": 14088.15, "encode_ms": 4.325, "worker_encode_result_ms": 4.325, "managed_globals_cache_hit": true, "managed_globals_ms": 0.014}, "queue_wait_ms": 11.701}
/opt/anaconda3/lib/python3.13/site-packages/flare_cores/cores.py:2508: FutureWarning: Series.__getitem__ treating keys as positions is deprecated. In a future version, integer keys will always be treated as labels (consistent with DataFrame behavior). To access a value by position, use `ser.iloc[pos]`
  if len(a) > 0 and np.isnan(a[0]):
2026-05-04 09:11:55,805 INFO pycloud_parallel.service_timing {"event": "task_pool_timing", "pool_id": "498d076c12df48df9e09fdc7047482ce", "pool_name": "task-pool-298a6a039e", "method": "get_fund_asset_ratio", "ok": true, "setup_ms": 0.0, "build_execute_spec_ms": 0.015, "executor_ms": 14969.194, "finalize_ms": 0.0, "total_ms": 14969.209, "error_type": "", "error_message": "", "subprocess": {"decode_ms": 1.09, "worker_decode_ms": 1.09, "invoke_ms": 14919.713, "invoke_wrapper_ms": 0.341, "user_fn_ms": 14919.331, "encode_ms": 17.653, "worker_encode_result_ms": 17.653, "managed_globals_cache_hit": true, "managed_globals_ms": 0.015}, "queue_wait_ms": 30.738}
2026-05-04 09:11:56,088 INFO pycloud_parallel.service_timing {"event": "task_pool_timing", "pool_id": "498d076c12df48df9e09fdc7047482ce", "pool_name": "task-pool-298a6a039e", "method": "get_fund_asset_ratio", "ok": true, "setup_ms": 0.0, "build_execute_spec_ms": 0.021, "executor_ms": 15252.969, "finalize_ms": 0.0, "total_ms": 15252.99, "error_type": "", "error_message": "", "subprocess": {"decode_ms": 1.211, "worker_decode_ms": 1.211, "invoke_ms": 15147.566, "invoke_wrapper_ms": 0.464, "user_fn_ms": 15147.052, "encode_ms": 46.042, "worker_encode_result_ms": 46.042, "managed_globals_cache_hit": true, "managed_globals_ms": 0.013}, "queue_wait_ms": 58.15}
2026-05-04 09:11:57,599 INFO pycloud_parallel.service_timing {"event": "task_pool_timing", "pool_id": "498d076c12df48df9e09fdc7047482ce", "pool_name": "task-pool-298a6a039e", "method": "get_fund_asset_ratio", "ok": true, "setup_ms": 0.0, "build_execute_spec_ms": 0.021, "executor_ms": 16764.506, "finalize_ms": 0.0, "total_ms": 16764.527, "error_type": "", "error_message": "", "subprocess": {"decode_ms": 0.987, "worker_decode_ms": 0.987, "invoke_ms": 16751.293, "invoke_wrapper_ms": 0.272, "user_fn_ms": 16750.95, "encode_ms": 2.584, "worker_encode_result_ms": 2.584, "managed_globals_cache_hit": true, "managed_globals_ms": 0.018}, "queue_wait_ms": 9.642}
/opt/anaconda3/lib/python3.13/site-packages/flare_cores/cores.py:2508: FutureWarning: Series.__getitem__ treating keys as positions is deprecated. In a future version, integer keys will always be treated as labels (consistent with DataFrame behavior). To access a value by position, use `ser.iloc[pos]`
  if len(a) > 0 and np.isnan(a[0]):
2026-05-04 09:11:57,764 INFO pycloud_parallel.service_timing {"event": "task_pool_timing", "pool_id": "498d076c12df48df9e09fdc7047482ce", "pool_name": "task-pool-298a6a039e", "method": "get_fund_asset_ratio", "ok": true, "setup_ms": 0.0, "build_execute_spec_ms": 0.016, "executor_ms": 16930.409, "finalize_ms": 0.0, "total_ms": 16930.425, "error_type": "", "error_message": "", "subprocess": {"decode_ms": 1.193, "worker_decode_ms": 1.193, "invoke_ms": 16912.56, "invoke_wrapper_ms": 0.426, "user_fn_ms": 16912.095, "encode_ms": 2.026, "worker_encode_result_ms": 2.026, "managed_globals_cache_hit": true, "managed_globals_ms": 0.018}, "queue_wait_ms": 14.63}
/opt/anaconda3/lib/python3.13/site-packages/flare_cores/cores.py:2508: FutureWarning: Series.__getitem__ treating keys as positions is deprecated. In a future version, integer keys will always be treated as labels (consistent with DataFrame behavior). To access a value by position, use `ser.iloc[pos]`
  if len(a) > 0 and np.isnan(a[0]):
/opt/anaconda3/lib/python3.13/site-packages/flare_cores/cores.py:2508: FutureWarning: Series.__getitem__ treating keys as positions is deprecated. In a future version, integer keys will always be treated as labels (consistent with DataFrame behavior). To access a value by position, use `ser.iloc[pos]`
  if len(a) > 0 and np.isnan(a[0]):
/opt/anaconda3/lib/python3.13/site-packages/flare_cores/cores.py:2508: FutureWarning: Series.__getitem__ treating keys as positions is deprecated. In a future version, integer keys will always be treated as labels (consistent with DataFrame behavior). To access a value by position, use `ser.iloc[pos]`
  if len(a) > 0 and np.isnan(a[0]):
/opt/anaconda3/lib/python3.13/site-packages/flare_cores/cores.py:2508: FutureWarning: Series.__getitem__ treating keys as positions is deprecated. In a future version, integer keys will always be treated as labels (consistent with DataFrame behavior). To access a value by position, use `ser.iloc[pos]`
  if len(a) > 0 and np.isnan(a[0]):
2026-05-04 09:11:59,988 INFO pycloud_parallel.service_timing {"event": "task_pool_timing", "pool_id": "498d076c12df48df9e09fdc7047482ce", "pool_name": "task-pool-298a6a039e", "method": "get_fund_asset_ratio", "ok": true, "setup_ms": 0.0, "build_execute_spec_ms": 0.01, "executor_ms": 19156.522, "finalize_ms": 0.0, "total_ms": 19156.532, "error_type": "", "error_message": "", "subprocess": {"decode_ms": 1.019, "worker_decode_ms": 1.019, "invoke_ms": 19108.359, "invoke_wrapper_ms": 0.426, "user_fn_ms": 19107.89, "encode_ms": 1.768, "worker_encode_result_ms": 1.768, "managed_globals_cache_hit": true, "managed_globals_ms": 0.008}, "queue_wait_ms": 45.376}
2026-05-04 09:12:01,026 INFO pycloud_parallel.service_timing {"event": "task_pool_timing", "pool_id": "498d076c12df48df9e09fdc7047482ce", "pool_name": "task-pool-298a6a039e", "method": "get_fund_asset_ratio", "ok": true, "setup_ms": 0.0, "build_execute_spec_ms": 0.009, "executor_ms": 20192.162, "finalize_ms": 0.0, "total_ms": 20192.171, "error_type": "", "error_message": "", "subprocess": {"decode_ms": 1.388, "worker_decode_ms": 1.388, "invoke_ms": 20118.534, "invoke_wrapper_ms": 0.45, "user_fn_ms": 20118.045, "encode_ms": 24.468, "worker_encode_result_ms": 24.468, "managed_globals_cache_hit": true, "managed_globals_ms": 0.01}, "queue_wait_ms": 47.772}
2026-05-04 09:12:01,196 INFO pycloud_parallel.service_timing {"event": "task_pool_timing", "pool_id": "498d076c12df48df9e09fdc7047482ce", "pool_name": "task-pool-298a6a039e", "method": "get_fund_asset_ratio", "ok": true, "setup_ms": 0.0, "build_execute_spec_ms": 0.016, "executor_ms": 20363.461, "finalize_ms": 0.0, "total_ms": 20363.477, "error_type": "", "error_message": "", "subprocess": {"decode_ms": 1.009, "worker_decode_ms": 1.009, "invoke_ms": 20295.239, "invoke_wrapper_ms": 0.43, "user_fn_ms": 20294.775, "encode_ms": 1.403, "worker_encode_result_ms": 1.403, "managed_globals_cache_hit": true, "managed_globals_ms": 0.014}, "queue_wait_ms": 65.81}
/opt/anaconda3/lib/python3.13/site-packages/flare_cores/cores.py:2508: FutureWarning: Series.__getitem__ treating keys as positions is deprecated. In a future version, integer keys will always be treated as labels (consistent with DataFrame behavior). To access a value by position, use `ser.iloc[pos]`
  if len(a) > 0 and np.isnan(a[0]):
/opt/anaconda3/lib/python3.13/site-packages/flare_cores/cores.py:2508: FutureWarning: Series.__getitem__ treating keys as positions is deprecated. In a future version, integer keys will always be treated as labels (consistent with DataFrame behavior). To access a value by position, use `ser.iloc[pos]`
  if len(a) > 0 and np.isnan(a[0]):
/opt/anaconda3/lib/python3.13/site-packages/flare_cores/cores.py:2508: FutureWarning: Series.__getitem__ treating keys as positions is deprecated. In a future version, integer keys will always be treated as labels (consistent with DataFrame behavior). To access a value by position, use `ser.iloc[pos]`
  if len(a) > 0 and np.isnan(a[0]):
2026-05-04 09:12:04,295 INFO pycloud_parallel.service_timing {"event": "task_pool_timing", "pool_id": "498d076c12df48df9e09fdc7047482ce", "pool_name": "task-pool-298a6a039e", "method": "get_fund_asset_ratio", "ok": true, "setup_ms": 0.0, "build_execute_spec_ms": 0.028, "executor_ms": 23455.714, "finalize_ms": 0.0, "total_ms": 23455.742, "error_type": "", "error_message": "", "subprocess": {"decode_ms": 0.796, "worker_decode_ms": 0.796, "invoke_ms": 11973.81, "invoke_wrapper_ms": 0.079, "user_fn_ms": 11973.711, "encode_ms": 1.641, "worker_encode_result_ms": 1.641, "managed_globals_cache_hit": true, "managed_globals_ms": 0.013}, "queue_wait_ms": 11479.467}
2026-05-04 09:12:05,617 INFO pycloud_parallel.service_timing {"event": "task_pool_timing", "pool_id": "498d076c12df48df9e09fdc7047482ce", "pool_name": "task-pool-298a6a039e", "method": "get_fund_asset_ratio", "ok": true, "setup_ms": 0.0, "build_execute_spec_ms": 0.027, "executor_ms": 24776.115, "finalize_ms": 0.0, "total_ms": 24776.142, "error_type": "", "error_message": "", "subprocess": {"decode_ms": 0.728, "worker_decode_ms": 0.728, "invoke_ms": 10639.346, "invoke_wrapper_ms": 0.084, "user_fn_ms": 10639.243, "encode_ms": 1.405, "worker_encode_result_ms": 1.405, "managed_globals_cache_hit": true, "managed_globals_ms": 0.012}, "queue_wait_ms": 14134.636}
2026-05-04 09:12:05,955 INFO pycloud_parallel.service_timing {"event": "task_pool_timing", "pool_id": "498d076c12df48df9e09fdc7047482ce", "pool_name": "task-pool-298a6a039e", "method": "get_fund_asset_ratio", "ok": true, "setup_ms": 0.0, "build_execute_spec_ms": 0.026, "executor_ms": 25104.444, "finalize_ms": 0.0, "total_ms": 25104.47, "error_type": "", "error_message": "", "subprocess": {"decode_ms": 0.965, "worker_decode_ms": 0.965, "invoke_ms": 9870.456, "invoke_wrapper_ms": 0.135, "user_fn_ms": 9870.304, "encode_ms": 1.314, "worker_encode_result_ms": 1.314, "managed_globals_cache_hit": true, "managed_globals_ms": 0.017}, "queue_wait_ms": 15231.709}
/opt/anaconda3/lib/python3.13/site-packages/flare_cores/cores.py:2508: FutureWarning: Series.__getitem__ treating keys as positions is deprecated. In a future version, integer keys will always be treated as labels (consistent with DataFrame behavior). To access a value by position, use `ser.iloc[pos]`
  if len(a) > 0 and np.isnan(a[0]):
2026-05-04 09:12:06,281 INFO pycloud_parallel.service_timing {"event": "task_pool_timing", "pool_id": "498d076c12df48df9e09fdc7047482ce", "pool_name": "task-pool-298a6a039e", "method": "get_fund_asset_ratio", "ok": true, "setup_ms": 0.0, "build_execute_spec_ms": 0.05, "executor_ms": 25449.156, "finalize_ms": 0.0, "total_ms": 25449.206, "error_type": "", "error_message": "", "subprocess": {"decode_ms": 3.902, "worker_decode_ms": 3.902, "invoke_ms": 25389.083, "invoke_wrapper_ms": 0.451, "user_fn_ms": 25388.59, "encode_ms": 2.615, "worker_encode_result_ms": 2.615, "managed_globals_cache_hit": true, "managed_globals_ms": 0.011}, "queue_wait_ms": 53.556}
2026-05-04 09:12:06,665 INFO pycloud_parallel.service_timing {"event": "task_pool_timing", "pool_id": "498d076c12df48df9e09fdc7047482ce", "pool_name": "task-pool-298a6a039e", "method": "get_fund_asset_ratio", "ok": true, "setup_ms": 0.0, "build_execute_spec_ms": 0.052, "executor_ms": 14322.174, "finalize_ms": 0.0, "total_ms": 14322.226, "error_type": "", "error_message": "", "subprocess": {"decode_ms": 0.807, "worker_decode_ms": 0.807, "invoke_ms": 8859.155, "invoke_wrapper_ms": 0.08, "user_fn_ms": 8859.057, "encode_ms": 1.605, "worker_encode_result_ms": 1.605, "managed_globals_cache_hit": true, "managed_globals_ms": 0.009}, "queue_wait_ms": 5460.607}
2026-05-04 09:12:06,718 INFO pycloud_parallel.service_timing {"event": "task_pool_timing", "pool_id": "498d076c12df48df9e09fdc7047482ce", "pool_name": "task-pool-298a6a039e", "method": "get_fund_asset_ratio", "ok": true, "setup_ms": 0.0, "build_execute_spec_ms": 0.028, "executor_ms": 25872.298, "finalize_ms": 0.0, "total_ms": 25872.326, "error_type": "", "error_message": "", "subprocess": {"decode_ms": 0.785, "worker_decode_ms": 0.785, "invoke_ms": 10919.287, "invoke_wrapper_ms": 0.082, "user_fn_ms": 10919.189, "encode_ms": 1.254, "worker_encode_result_ms": 1.254, "managed_globals_cache_hit": true, "managed_globals_ms": 0.01}, "queue_wait_ms": 14950.972}
/opt/anaconda3/lib/python3.13/site-packages/flare_cores/cores.py:2508: FutureWarning: Series.__getitem__ treating keys as positions is deprecated. In a future version, integer keys will always be treated as labels (consistent with DataFrame behavior). To access a value by position, use `ser.iloc[pos]`
  if len(a) > 0 and np.isnan(a[0]):
/opt/anaconda3/lib/python3.13/site-packages/flare_cores/cores.py:2508: FutureWarning: Series.__getitem__ treating keys as positions is deprecated. In a future version, integer keys will always be treated as labels (consistent with DataFrame behavior). To access a value by position, use `ser.iloc[pos]`
  if len(a) > 0 and np.isnan(a[0]):
/opt/anaconda3/lib/python3.13/site-packages/flare_cores/cores.py:2508: FutureWarning: Series.__getitem__ treating keys as positions is deprecated. In a future version, integer keys will always be treated as labels (consistent with DataFrame behavior). To access a value by position, use `ser.iloc[pos]`
  if len(a) > 0 and np.isnan(a[0]):
2026-05-04 09:12:07,498 INFO pycloud_parallel.service_timing {"event": "task_pool_timing", "pool_id": "498d076c12df48df9e09fdc7047482ce", "pool_name": "task-pool-298a6a039e", "method": "get_fund_asset_ratio", "ok": true, "setup_ms": 0.0, "build_execute_spec_ms": 0.055, "executor_ms": 12498.927, "finalize_ms": 0.0, "total_ms": 12498.982, "error_type": "", "error_message": "", "subprocess": {"decode_ms": 0.848, "worker_decode_ms": 0.848, "invoke_ms": 7506.198, "invoke_wrapper_ms": 0.099, "user_fn_ms": 7506.085, "encode_ms": 1.233, "worker_encode_result_ms": 1.233, "managed_globals_cache_hit": true, "managed_globals_ms": 0.013}, "queue_wait_ms": 4990.648}
/opt/anaconda3/lib/python3.13/site-packages/flare_cores/cores.py:2508: FutureWarning: Series.__getitem__ treating keys as positions is deprecated. In a future version, integer keys will always be treated as labels (consistent with DataFrame behavior). To access a value by position, use `ser.iloc[pos]`
  if len(a) > 0 and np.isnan(a[0]):
/opt/anaconda3/lib/python3.13/site-packages/flare_cores/cores.py:2508: FutureWarning: Series.__getitem__ treating keys as positions is deprecated. In a future version, integer keys will always be treated as labels (consistent with DataFrame behavior). To access a value by position, use `ser.iloc[pos]`
  if len(a) > 0 and np.isnan(a[0]):
2026-05-04 09:12:08,138 INFO pycloud_parallel.service_timing {"event": "task_pool_timing", "pool_id": "498d076c12df48df9e09fdc7047482ce", "pool_name": "task-pool-298a6a039e", "method": "get_fund_asset_ratio", "ok": true, "setup_ms": 0.0, "build_execute_spec_ms": 0.062, "executor_ms": 12007.434, "finalize_ms": 0.0, "total_ms": 12007.496, "error_type": "", "error_message": "", "subprocess": {"decode_ms": 0.797, "worker_decode_ms": 0.797, "invoke_ms": 6958.65, "invoke_wrapper_ms": 0.194, "user_fn_ms": 6958.438, "encode_ms": 1.511, "worker_encode_result_ms": 1.511, "managed_globals_cache_hit": true, "managed_globals_ms": 0.01}, "queue_wait_ms": 5046.476}
2026-05-04 09:12:08,255 INFO pycloud_parallel.service_timing {"event": "task_pool_timing", "pool_id": "498d076c12df48df9e09fdc7047482ce", "pool_name": "task-pool-298a6a039e", "method": "get_fund_asset_ratio", "ok": true, "setup_ms": 0.0, "build_execute_spec_ms": 0.052, "executor_ms": 12355.474, "finalize_ms": 0.0, "total_ms": 12355.526, "error_type": "", "error_message": "", "subprocess": {"decode_ms": 1.064, "worker_decode_ms": 1.064, "invoke_ms": 7241.153, "invoke_wrapper_ms": 0.089, "user_fn_ms": 7241.047, "encode_ms": 1.732, "worker_encode_result_ms": 1.732, "managed_globals_cache_hit": true, "managed_globals_ms": 0.017}, "queue_wait_ms": 5111.525}
/opt/anaconda3/lib/python3.13/site-packages/flare_cores/cores.py:2508: FutureWarning: Series.__getitem__ treating keys as positions is deprecated. In a future version, integer keys will always be treated as labels (consistent with DataFrame behavior). To access a value by position, use `ser.iloc[pos]`
  if len(a) > 0 and np.isnan(a[0]):
/opt/anaconda3/lib/python3.13/site-packages/flare_cores/cores.py:2508: FutureWarning: Series.__getitem__ treating keys as positions is deprecated. In a future version, integer keys will always be treated as labels (consistent with DataFrame behavior). To access a value by position, use `ser.iloc[pos]`
  if len(a) > 0 and np.isnan(a[0]):
/opt/anaconda3/lib/python3.13/site-packages/flare_cores/cores.py:2508: FutureWarning: Series.__getitem__ treating keys as positions is deprecated. In a future version, integer keys will always be treated as labels (consistent with DataFrame behavior). To access a value by position, use `ser.iloc[pos]`
  if len(a) > 0 and np.isnan(a[0]):
2026-05-04 09:12:09,008 INFO pycloud_parallel.service_timing {"event": "task_pool_timing", "pool_id": "498d076c12df48df9e09fdc7047482ce", "pool_name": "task-pool-298a6a039e", "method": "get_fund_asset_ratio", "ok": true, "setup_ms": 0.0, "build_execute_spec_ms": 0.023, "executor_ms": 28149.44, "finalize_ms": 0.0, "total_ms": 28149.463, "error_type": "", "error_message": "", "subprocess": {"decode_ms": 1.094, "worker_decode_ms": 1.094, "invoke_ms": 11332.822, "invoke_wrapper_ms": 0.125, "user_fn_ms": 11332.681, "encode_ms": 24.49, "worker_encode_result_ms": 24.49, "managed_globals_cache_hit": true, "managed_globals_ms": 0.017}, "queue_wait_ms": 16791.034}
/opt/anaconda3/lib/python3.13/site-packages/flare_cores/cores.py:2508: FutureWarning: Series.__getitem__ treating keys as positions is deprecated. In a future version, integer keys will always be treated as labels (consistent with DataFrame behavior). To access a value by position, use `ser.iloc[pos]`
  if len(a) > 0 and np.isnan(a[0]):
2026-05-04 09:12:10,018 INFO pycloud_parallel.service_timing {"event": "task_pool_timing", "pool_id": "498d076c12df48df9e09fdc7047482ce", "pool_name": "task-pool-298a6a039e", "method": "get_fund_asset_ratio", "ok": true, "setup_ms": 0.0, "build_execute_spec_ms": 0.056, "executor_ms": 4018.923, "finalize_ms": 0.0, "total_ms": 4018.979, "error_type": "", "error_message": "", "subprocess": {"decode_ms": 0.775, "worker_decode_ms": 0.775, "invoke_ms": 1858.472, "invoke_wrapper_ms": 0.069, "user_fn_ms": 1858.387, "encode_ms": 1.1, "worker_encode_result_ms": 1.1, "managed_globals_cache_hit": true, "managed_globals_ms": 0.009}, "queue_wait_ms": 2158.576}
2026-05-04 09:12:10,250 INFO pycloud_parallel.service_timing {"event": "task_pool_timing", "pool_id": "498d076c12df48df9e09fdc7047482ce", "pool_name": "task-pool-298a6a039e", "method": "get_fund_asset_ratio", "ok": true, "setup_ms": 0.0, "build_execute_spec_ms": 0.054, "executor_ms": 3478.28, "finalize_ms": 0.0, "total_ms": 3478.334, "error_type": "", "error_message": "", "subprocess": {"decode_ms": 0.817, "worker_decode_ms": 0.817, "invoke_ms": 1260.813, "invoke_wrapper_ms": 0.066, "user_fn_ms": 1260.733, "encode_ms": 2.248, "worker_encode_result_ms": 2.248, "managed_globals_cache_hit": true, "managed_globals_ms": 0.009}, "queue_wait_ms": 2214.402}
/opt/anaconda3/lib/python3.13/site-packages/flare_cores/cores.py:2508: FutureWarning: Series.__getitem__ treating keys as positions is deprecated. In a future version, integer keys will always be treated as labels (consistent with DataFrame behavior). To access a value by position, use `ser.iloc[pos]`
  if len(a) > 0 and np.isnan(a[0]):
2026-05-04 09:12:10,310 INFO pycloud_parallel.service_timing {"event": "task_pool_timing", "pool_id": "498d076c12df48df9e09fdc7047482ce", "pool_name": "task-pool-298a6a039e", "method": "get_fund_asset_ratio", "ok": true, "setup_ms": 0.0, "build_execute_spec_ms": 0.055, "executor_ms": 3974.595, "finalize_ms": 0.0, "total_ms": 3974.65, "error_type": "", "error_message": "", "subprocess": {"decode_ms": 0.693, "worker_decode_ms": 0.693, "invoke_ms": 2057.032, "invoke_wrapper_ms": 0.066, "user_fn_ms": 2056.952, "encode_ms": 0.987, "worker_encode_result_ms": 0.987, "managed_globals_cache_hit": true, "managed_globals_ms": 0.008}, "queue_wait_ms": 1915.883}
/opt/anaconda3/lib/python3.13/site-packages/flare_cores/cores.py:2508: FutureWarning: Series.__getitem__ treating keys as positions is deprecated. In a future version, integer keys will always be treated as labels (consistent with DataFrame behavior). To access a value by position, use `ser.iloc[pos]`
  if len(a) > 0 and np.isnan(a[0]):
/opt/anaconda3/lib/python3.13/site-packages/flare_cores/cores.py:2508: FutureWarning: Series.__getitem__ treating keys as positions is deprecated. In a future version, integer keys will always be treated as labels (consistent with DataFrame behavior). To access a value by position, use `ser.iloc[pos]`
  if len(a) > 0 and np.isnan(a[0]):
2026-05-04 09:12:10,590 INFO pycloud_parallel.service_timing {"event": "task_pool_timing", "pool_id": "498d076c12df48df9e09fdc7047482ce", "pool_name": "task-pool-298a6a039e", "method": "get_fund_asset_ratio", "ok": true, "setup_ms": 0.0, "build_execute_spec_ms": 0.062, "executor_ms": 6250.91, "finalize_ms": 0.0, "total_ms": 6250.972, "error_type": "", "error_message": "", "subprocess": {"decode_ms": 0.669, "worker_decode_ms": 0.669, "invoke_ms": 3854.549, "invoke_wrapper_ms": 0.07, "user_fn_ms": 3854.461, "encode_ms": 1.383, "worker_encode_result_ms": 1.383, "managed_globals_cache_hit": true, "managed_globals_ms": 0.008}, "queue_wait_ms": 2394.309}
/opt/anaconda3/lib/python3.13/site-packages/flare_cores/cores.py:2508: FutureWarning: Series.__getitem__ treating keys as positions is deprecated. In a future version, integer keys will always be treated as labels (consistent with DataFrame behavior). To access a value by position, use `ser.iloc[pos]`
  if len(a) > 0 and np.isnan(a[0]):
2026-05-04 09:12:10,764 INFO pycloud_parallel.service_timing {"event": "task_pool_timing", "pool_id": "498d076c12df48df9e09fdc7047482ce", "pool_name": "task-pool-298a6a039e", "method": "get_fund_asset_ratio", "ok": true, "setup_ms": 0.0, "build_execute_spec_ms": 0.018, "executor_ms": 3992.134, "finalize_ms": 0.0, "total_ms": 3992.152, "error_type": "", "error_message": "", "subprocess": {"decode_ms": 0.655, "worker_decode_ms": 0.655, "invoke_ms": 742.764, "invoke_wrapper_ms": 0.069, "user_fn_ms": 742.681, "encode_ms": 1.066, "worker_encode_result_ms": 1.066, "managed_globals_cache_hit": true, "managed_globals_ms": 0.008}, "queue_wait_ms": 3247.649}
2026-05-04 09:12:10,765 INFO pycloud_parallel.service_timing {"event": "task_pool_timing", "pool_id": "498d076c12df48df9e09fdc7047482ce", "pool_name": "task-pool-298a6a039e", "method": "get_fund_asset_ratio", "ok": true, "setup_ms": 0.0, "build_execute_spec_ms": 0.056, "executor_ms": 2533.558, "finalize_ms": 0.0, "total_ms": 2533.614, "error_type": "", "error_message": "", "subprocess": {"decode_ms": 0.623, "worker_decode_ms": 0.623, "invoke_ms": 442.418, "invoke_wrapper_ms": 0.062, "user_fn_ms": 442.343, "encode_ms": 1.145, "worker_encode_result_ms": 1.145, "managed_globals_cache_hit": true, "managed_globals_ms": 0.007}, "queue_wait_ms": 2089.372}
/opt/anaconda3/lib/python3.13/site-packages/flare_cores/cores.py:2508: FutureWarning: Series.__getitem__ treating keys as positions is deprecated. In a future version, integer keys will always be treated as labels (consistent with DataFrame behavior). To access a value by position, use `ser.iloc[pos]`
  if len(a) > 0 and np.isnan(a[0]):
/opt/anaconda3/lib/python3.13/site-packages/flare_cores/cores.py:2508: FutureWarning: Series.__getitem__ treating keys as positions is deprecated. In a future version, integer keys will always be treated as labels (consistent with DataFrame behavior). To access a value by position, use `ser.iloc[pos]`
  if len(a) > 0 and np.isnan(a[0]):
2026-05-04 09:12:10,882 INFO pycloud_parallel.service_timing {"event": "task_pool_timing", "pool_id": "498d076c12df48df9e09fdc7047482ce", "pool_name": "task-pool-298a6a039e", "method": "get_fund_asset_ratio", "ok": true, "setup_ms": 0.0, "build_execute_spec_ms": 0.059, "executor_ms": 767.227, "finalize_ms": 0.0, "total_ms": 767.286, "error_type": "", "error_message": "", "subprocess": {"decode_ms": 0.997, "worker_decode_ms": 0.997, "invoke_ms": 116.02, "invoke_wrapper_ms": 0.062, "user_fn_ms": 115.942, "encode_ms": 0.951, "worker_encode_result_ms": 0.951, "managed_globals_cache_hit": true, "managed_globals_ms": 0.007}, "queue_wait_ms": 649.259}
2026-05-04 09:12:10,882 INFO pycloud_parallel.service_timing {"event": "task_pool_timing", "pool_id": "498d076c12df48df9e09fdc7047482ce", "pool_name": "task-pool-298a6a039e", "method": "get_fund_asset_ratio", "ok": true, "setup_ms": 0.0, "build_execute_spec_ms": 0.049, "executor_ms": 1770.733, "finalize_ms": 0.0, "total_ms": 1770.782, "error_type": "", "error_message": "", "subprocess": {"decode_ms": 0.529, "worker_decode_ms": 0.529, "invoke_ms": 130.507, "invoke_wrapper_ms": 0.062, "user_fn_ms": 130.432, "encode_ms": 0.892, "worker_encode_result_ms": 0.892, "managed_globals_cache_hit": true, "managed_globals_ms": 0.007}, "queue_wait_ms": 1638.805}
/opt/anaconda3/lib/python3.13/site-packages/flare_cores/cores.py:2508: FutureWarning: Series.__getitem__ treating keys as positions is deprecated. In a future version, integer keys will always be treated as labels (consistent with DataFrame behavior). To access a value by position, use `ser.iloc[pos]`
  if len(a) > 0 and np.isnan(a[0]):
/opt/anaconda3/lib/python3.13/site-packages/flare_cores/cores.py:2508: FutureWarning: Series.__getitem__ treating keys as positions is deprecated. In a future version, integer keys will always be treated as labels (consistent with DataFrame behavior). To access a value by position, use `ser.iloc[pos]`
  if len(a) > 0 and np.isnan(a[0]):
2026-05-04 09:12:10,941 INFO pycloud_parallel.service_timing {"event": "task_pool_timing", "pool_id": "498d076c12df48df9e09fdc7047482ce", "pool_name": "task-pool-298a6a039e", "method": "get_fund_asset_ratio", "ok": true, "setup_ms": 0.0, "build_execute_spec_ms": 0.019, "executor_ms": 600.641, "finalize_ms": 0.0, "total_ms": 600.66, "error_type": "", "error_message": "", "subprocess": {"decode_ms": 0.507, "worker_decode_ms": 0.507, "invoke_ms": 41.862, "invoke_wrapper_ms": 0.06, "user_fn_ms": 41.789, "encode_ms": 0.764, "worker_encode_result_ms": 0.764, "managed_globals_cache_hit": true, "managed_globals_ms": 0.006}, "queue_wait_ms": 557.508}
2026-05-04 09:12:10,993 INFO pycloud_parallel.service_timing {"event": "task_pool_timing", "pool_id": "498d076c12df48df9e09fdc7047482ce", "pool_name": "task-pool-298a6a039e", "method": "get_fund_asset_ratio", "ok": true, "setup_ms": 0.0, "build_execute_spec_ms": 0.057, "executor_ms": 652.919, "finalize_ms": 0.0, "total_ms": 652.976, "error_type": "", "error_message": "", "subprocess": {"decode_ms": 0.653, "worker_decode_ms": 0.653, "invoke_ms": 90.54, "invoke_wrapper_ms": 0.063, "user_fn_ms": 90.463, "encode_ms": 0.866, "worker_encode_result_ms": 0.866, "managed_globals_cache_hit": true, "managed_globals_ms": 0.006}, "queue_wait_ms": 560.86}
2026-05-04 09:12:10,994 INFO pycloud_parallel.service_timing {"event": "task_pool_timing", "pool_id": "498d076c12df48df9e09fdc7047482ce", "pool_name": "task-pool-298a6a039e", "method": "get_fund_asset_ratio", "ok": true, "setup_ms": 0.0, "build_execute_spec_ms": 0.049, "executor_ms": 210.841, "finalize_ms": 0.0, "total_ms": 210.89, "error_type": "", "error_message": "", "subprocess": {"decode_ms": 0.543, "worker_decode_ms": 0.543, "invoke_ms": 3.147, "invoke_wrapper_ms": 0.074, "user_fn_ms": 3.062, "encode_ms": 0.089, "worker_encode_result_ms": 0.089, "managed_globals_cache_hit": true, "managed_globals_ms": 0.006}, "queue_wait_ms": 207.062}
2026-05-04 09:12:10,994 INFO pycloud_parallel.service_timing {"event": "task_pool_timing", "pool_id": "498d076c12df48df9e09fdc7047482ce", "pool_name": "task-pool-298a6a039e", "method": "get_fund_asset_ratio", "ok": true, "setup_ms": 0.0, "build_execute_spec_ms": 0.058, "executor_ms": 2648.946, "finalize_ms": 0.0, "total_ms": 2649.004, "error_type": "", "error_message": "", "subprocess": {"decode_ms": 0.719, "worker_decode_ms": 0.719, "invoke_ms": 410.229, "invoke_wrapper_ms": 0.082, "user_fn_ms": 410.129, "encode_ms": 1.146, "worker_encode_result_ms": 1.146, "managed_globals_cache_hit": true, "managed_globals_ms": 0.009}, "queue_wait_ms": 2236.852}
2026-05-04 09:12:10,994 INFO pycloud_parallel.service_timing {"event": "task_pool_timing", "pool_id": "498d076c12df48df9e09fdc7047482ce", "pool_name": "task-pool-298a6a039e", "method": "get_fund_asset_ratio", "ok": true, "setup_ms": 0.0, "build_execute_spec_ms": 0.018, "executor_ms": 210.865, "finalize_ms": 0.0, "total_ms": 210.883, "error_type": "", "error_message": "", "subprocess": {"decode_ms": 0.483, "worker_decode_ms": 0.483, "invoke_ms": 30.064, "invoke_wrapper_ms": 0.055, "user_fn_ms": 29.991, "encode_ms": 0.749, "worker_encode_result_ms": 0.749, "managed_globals_cache_hit": true, "managed_globals_ms": 0.005}, "queue_wait_ms": 179.569}
2026-05-04 09:12:10,994 INFO pycloud_parallel.service_timing {"event": "task_pool_timing", "pool_id": "498d076c12df48df9e09fdc7047482ce", "pool_name": "task-pool-298a6a039e", "method": "get_fund_asset_ratio", "ok": true, "setup_ms": 0.0, "build_execute_spec_ms": 0.075, "executor_ms": 94.277, "finalize_ms": 0.0, "total_ms": 94.352, "error_type": "", "error_message": "", "subprocess": {"decode_ms": 0.91, "worker_decode_ms": 0.91, "invoke_ms": 6.624, "invoke_wrapper_ms": 0.075, "user_fn_ms": 6.533, "encode_ms": 0.123, "worker_encode_result_ms": 0.123, "managed_globals_cache_hit": true, "managed_globals_ms": 0.008}, "queue_wait_ms": 86.62}
/opt/anaconda3/lib/python3.13/site-packages/flare_cores/cores.py:2508: FutureWarning: Series.__getitem__ treating keys as positions is deprecated. In a future version, integer keys will always be treated as labels (consistent with DataFrame behavior). To access a value by position, use `ser.iloc[pos]`
  if len(a) > 0 and np.isnan(a[0]):
2026-05-04 09:12:11,046 INFO pycloud_parallel.service_timing {"event": "task_pool_timing", "pool_id": "498d076c12df48df9e09fdc7047482ce", "pool_name": "task-pool-298a6a039e", "method": "get_fund_asset_ratio", "ok": true, "setup_ms": 0.0, "build_execute_spec_ms": 0.05, "executor_ms": 378.941, "finalize_ms": 0.0, "total_ms": 378.991, "error_type": "", "error_message": "", "subprocess": {"decode_ms": 0.539, "worker_decode_ms": 0.539, "invoke_ms": 104.182, "invoke_wrapper_ms": 0.062, "user_fn_ms": 104.102, "encode_ms": 20.113, "worker_encode_result_ms": 20.113, "managed_globals_cache_hit": true, "managed_globals_ms": 0.005}, "queue_wait_ms": 254.107}
2026-05-04 09:12:11,097 INFO pycloud_parallel.service_timing {"event": "task_pool_timing", "pool_id": "498d076c12df48df9e09fdc7047482ce", "pool_name": "task-pool-298a6a039e", "method": "get_fund_asset_ratio", "ok": true, "setup_ms": 0.0, "build_execute_spec_ms": 0.059, "executor_ms": 3544.012, "finalize_ms": 0.0, "total_ms": 3544.071, "error_type": "", "error_message": "", "subprocess": {"decode_ms": 0.712, "worker_decode_ms": 0.712, "invoke_ms": 859.557, "invoke_wrapper_ms": 0.062, "user_fn_ms": 859.478, "encode_ms": 1.186, "worker_encode_result_ms": 1.186, "managed_globals_cache_hit": true, "managed_globals_ms": 0.007}, "queue_wait_ms": 2682.557}
2026-05-04 09:12:11,213 INFO pycloud_parallel.service_timing {"event": "task_pool_timing", "pool_id": "498d076c12df48df9e09fdc7047482ce", "pool_name": "task-pool-298a6a039e", "method": "get_fund_asset_ratio", "ok": true, "setup_ms": 0.0, "build_execute_spec_ms": 0.064, "executor_ms": 5562.094, "finalize_ms": 0.0, "total_ms": 5562.158, "error_type": "", "error_message": "", "subprocess": {"decode_ms": 0.643, "worker_decode_ms": 0.643, "invoke_ms": 3692.067, "invoke_wrapper_ms": 0.069, "user_fn_ms": 3691.982, "encode_ms": 1.37, "worker_encode_result_ms": 1.37, "managed_globals_cache_hit": true, "managed_globals_ms": 0.007}, "queue_wait_ms": 1868.014}
2026-05-04 09:12:11,316 INFO pycloud_parallel.service_timing {"event": "task_pool_timing", "pool_id": "498d076c12df48df9e09fdc7047482ce", "pool_name": "task-pool-298a6a039e", "method": "get_fund_asset_ratio", "ok": true, "setup_ms": 0.0, "build_execute_spec_ms": 0.051, "executor_ms": 10040.233, "finalize_ms": 0.0, "total_ms": 10040.284, "error_type": "", "error_message": "", "subprocess": {"decode_ms": 1.075, "worker_decode_ms": 1.075, "invoke_ms": 4670.339, "invoke_wrapper_ms": 0.075, "user_fn_ms": 4670.248, "encode_ms": 1.293, "worker_encode_result_ms": 1.293, "managed_globals_cache_hit": true, "managed_globals_ms": 0.008}, "queue_wait_ms": 5367.526}
2026-05-04 09:12:11,319 INFO pycloud_parallel.service_timing {"event": "task_pool_timing", "pool_id": "498d076c12df48df9e09fdc7047482ce", "pool_name": "task-pool-298a6a039e", "method": "get_fund_asset_ratio", "ok": true, "setup_ms": 0.0, "build_execute_spec_ms": 0.051, "executor_ms": 13646.602, "finalize_ms": 0.0, "total_ms": 13646.653, "error_type": "", "error_message": "", "subprocess": {"decode_ms": 0.934, "worker_decode_ms": 0.934, "invoke_ms": 7024.999, "invoke_wrapper_ms": 0.075, "user_fn_ms": 7024.912, "encode_ms": 1.037, "worker_encode_result_ms": 1.037, "managed_globals_cache_hit": true, "managed_globals_ms": 0.009}, "queue_wait_ms": 6619.632}
2026-05-04 09:12:11,371 INFO pycloud_parallel.service_timing {"event": "task_pool_timing", "pool_id": "498d076c12df48df9e09fdc7047482ce", "pool_name": "task-pool-298a6a039e", "method": "get_fund_asset_ratio", "ok": true, "setup_ms": 0.0, "build_execute_spec_ms": 0.056, "executor_ms": 10330.204, "finalize_ms": 0.0, "total_ms": 10330.26, "error_type": "", "error_message": "", "subprocess": {"decode_ms": 1.014, "worker_decode_ms": 1.014, "invoke_ms": 5111.705, "invoke_wrapper_ms": 0.082, "user_fn_ms": 5111.611, "encode_ms": 1.425, "worker_encode_result_ms": 1.425, "managed_globals_cache_hit": true, "managed_globals_ms": 0.013}, "queue_wait_ms": 5216.06}
2026-05-04 09:12:11,372 INFO pycloud_parallel.service_timing {"event": "task_pool_timing", "pool_id": "498d076c12df48df9e09fdc7047482ce", "pool_name": "task-pool-298a6a039e", "method": "get_fund_asset_ratio", "ok": true, "setup_ms": 0.0, "build_execute_spec_ms": 0.051, "executor_ms": 11328.397, "finalize_ms": 0.0, "total_ms": 11328.448, "error_type": "", "error_message": "", "subprocess": {"decode_ms": 0.697, "worker_decode_ms": 0.697, "invoke_ms": 5436.195, "invoke_wrapper_ms": 0.065, "user_fn_ms": 5436.118, "encode_ms": 1.004, "worker_encode_result_ms": 1.004, "managed_globals_cache_hit": true, "managed_globals_ms": 0.007}, "queue_wait_ms": 5890.501}
2026-05-04 09:12:11,483 INFO pycloud_parallel.service_timing {"event": "task_pool_timing", "pool_id": "498d076c12df48df9e09fdc7047482ce", "pool_name": "task-pool-298a6a039e", "method": "get_fund_asset_ratio", "ok": true, "setup_ms": 0.0, "build_execute_spec_ms": 0.055, "executor_ms": 13685.119, "finalize_ms": 0.0, "total_ms": 13685.174, "error_type": "", "error_message": "", "subprocess": {"decode_ms": 0.792, "worker_decode_ms": 0.792, "invoke_ms": 5860.016, "invoke_wrapper_ms": 0.077, "user_fn_ms": 5859.925, "encode_ms": 0.997, "worker_encode_result_ms": 0.997, "managed_globals_cache_hit": true, "managed_globals_ms": 0.011}, "queue_wait_ms": 7823.314}
2026-05-04 09:29:09,535 INFO __main__ [Server] NodeControl registrar stop node_id=node-1
2026-05-04 09:29:09,536 INFO __main__ [Server] HTTP NodeControl stop base_url=http://127.0.0.1:19081
2026-05-04 09:29:13,468 INFO __main__ [Server] starting NodeControl bind=127.0.0.1:50061 node_id=node-1 infocenter=127.0.0.1:50051 advertise=127.0.0.1:50061 node_http=http://127.0.0.1:19081 log_level=INFO
2026-05-04 09:29:13,481 INFO __main__ [Server] HTTP NodeControl started base_url=http://127.0.0.1:19081
2026-05-04 09:29:13,481 INFO __main__ [Server] NodeControl registrar start node_id=node-1 infocenter=127.0.0.1:50051 advertise=127.0.0.1:50061
2026-05-04 09:29:13,498 INFO pycloud_parallel.controlplane.registrar [Registrar] node register node_id=node-1 node_instance_id=node-1-3ae8fb0be59d control_addr=127.0.0.1:50061 hb=5 service_count=0 task_pool_count=0
I0504 09:29:30.984191 7552908 fork_posix.cc:71] Other threads are currently calling into gRPC, skipping fork() handlers
I0504 09:29:30.987013 7552935 ev_poll_posix.cc:593] FD from fork parent still in poll list: fd(6, generation: 1)
I0504 09:29:30.987163 7552935 ev_poll_posix.cc:593] FD from fork parent still in poll list: fd(6, generation: 1)
I0504 09:29:30.987191 7552935 ev_poll_posix.cc:593] FD from fork parent still in poll list: fd(6, generation: 1)
I0504 09:29:30.987200 7552935 ev_poll_posix.cc:593] FD from fork parent still in poll list: fd(6, generation: 1)
I0504 09:29:30.987208 7552935 ev_poll_posix.cc:593] FD from fork parent still in poll list: fd(6, generation: 1)
I0504 09:29:30.987215 7552935 ev_poll_posix.cc:593] FD from fork parent still in poll list: fd(6, generation: 1)
I0504 09:29:30.987222 7552935 ev_poll_posix.cc:593] FD from fork parent still in poll list: fd(6, generation: 1)
I0504 09:29:30.987228 7552935 ev_poll_posix.cc:593] FD from fork parent still in poll list: fd(6, generation: 1)
I0504 09:29:30.987235 7552935 ev_poll_posix.cc:593] FD from fork parent still in poll list: fd(6, generation: 1)
I0504 09:29:30.987242 7552935 ev_poll_posix.cc:593] FD from fork parent still in poll list: fd(6, generation: 1)
I0504 09:29:30.987249 7552935 ev_poll_posix.cc:593] FD from fork parent still in poll list: fd(6, generation: 1)
I0504 09:29:30.987255 7552935 ev_poll_posix.cc:593] FD from fork parent still in poll list: fd(6, generation: 1)
I0504 09:29:30.987261 7552935 ev_poll_posix.cc:593] FD from fork parent still in poll list: fd(6, generation: 1)
I0504 09:29:30.987292 7552935 ev_poll_posix.cc:593] FD from fork parent still in poll list: fd(6, generation: 1)
I0504 09:29:30.987349 7552935 ev_poll_posix.cc:593] FD from fork parent still in poll list: fd(6, generation: 1)
I0504 09:29:30.987361 7552935 ev_poll_posix.cc:593] FD from fork parent still in poll list: fd(6, generation: 1)
I0504 09:29:30.987370 7552935 ev_poll_posix.cc:593] FD from fork parent still in poll list: fd(6, generation: 1)
I0504 09:29:30.987379 7552935 ev_poll_posix.cc:593] FD from fork parent still in poll list: fd(6, generation: 1)
I0504 09:29:30.987385 7552935 ev_poll_posix.cc:593] FD from fork parent still in poll list: fd(6, generation: 1)
I0504 09:29:30.989756 7552908 fork_posix.cc:71] Other threads are currently calling into gRPC, skipping fork() handlers
I0504 09:29:30.991324 7552984 ev_poll_posix.cc:593] FD from fork parent still in poll list: fd(6, generation: 1)
2026-05-04 09:29:34,201 INFO numexpr.utils NumExpr defaulting to 10 threads.
/opt/anaconda3/lib/python3.13/site-packages/flare_cores/cores.py:2508: FutureWarning: Series.__getitem__ treating keys as positions is deprecated. In a future version, integer keys will always be treated as labels (consistent with DataFrame behavior). To access a value by position, use `ser.iloc[pos]`
  if len(a) > 0 and np.isnan(a[0]):
/opt/anaconda3/lib/python3.13/site-packages/flare_cores/cores.py:2508: FutureWarning: Series.__getitem__ treating keys as positions is deprecated. In a future version, integer keys will always be treated as labels (consistent with DataFrame behavior). To access a value by position, use `ser.iloc[pos]`
  if len(a) > 0 and np.isnan(a[0]):
/opt/anaconda3/lib/python3.13/site-packages/flare_cores/cores.py:2508: FutureWarning: Series.__getitem__ treating keys as positions is deprecated. In a future version, integer keys will always be treated as labels (consistent with DataFrame behavior). To access a value by position, use `ser.iloc[pos]`
  if len(a) > 0 and np.isnan(a[0]):
/opt/anaconda3/lib/python3.13/site-packages/flare_cores/cores.py:2508: FutureWarning: Series.__getitem__ treating keys as positions is deprecated. In a future version, integer keys will always be treated as labels (consistent with DataFrame behavior). To access a value by position, use `ser.iloc[pos]`
  if len(a) > 0 and np.isnan(a[0]):
/opt/anaconda3/lib/python3.13/site-packages/flare_cores/cores.py:2508: FutureWarning: Series.__getitem__ treating keys as positions is deprecated. In a future version, integer keys will always be treated as labels (consistent with DataFrame behavior). To access a value by position, use `ser.iloc[pos]`
  if len(a) > 0 and np.isnan(a[0]):
/opt/anaconda3/lib/python3.13/site-packages/flare_cores/cores.py:2508: FutureWarning: Series.__getitem__ treating keys as positions is deprecated. In a future version, integer keys will always be treated as labels (consistent with DataFrame behavior). To access a value by position, use `ser.iloc[pos]`
  if len(a) > 0 and np.isnan(a[0]):
/opt/anaconda3/lib/python3.13/site-packages/flare_cores/cores.py:2508: FutureWarning: Series.__getitem__ treating keys as positions is deprecated. In a future version, integer keys will always be treated as labels (consistent with DataFrame behavior). To access a value by position, use `ser.iloc[pos]`
  if len(a) > 0 and np.isnan(a[0]):
/opt/anaconda3/lib/python3.13/site-packages/flare_cores/cores.py:2508: FutureWarning: Series.__getitem__ treating keys as positions is deprecated. In a future version, integer keys will always be treated as labels (consistent with DataFrame behavior). To access a value by position, use `ser.iloc[pos]`
  if len(a) > 0 and np.isnan(a[0]):
/opt/anaconda3/lib/python3.13/site-packages/flare_cores/cores.py:2508: FutureWarning: Series.__getitem__ treating keys as positions is deprecated. In a future version, integer keys will always be treated as labels (consistent with DataFrame behavior). To access a value by position, use `ser.iloc[pos]`
  if len(a) > 0 and np.isnan(a[0]):
/opt/anaconda3/lib/python3.13/site-packages/flare_cores/cores.py:2508: FutureWarning: Series.__getitem__ treating keys as positions is deprecated. In a future version, integer keys will always be treated as labels (consistent with DataFrame behavior). To access a value by position, use `ser.iloc[pos]`
  if len(a) > 0 and np.isnan(a[0]):
2026-05-04 09:29:49,783 INFO pycloud_parallel.service_timing {"event": "task_pool_timing", "pool_id": "308914a2f7f7409cabd013f66df55e66", "pool_name": "task-pool-e971918a3f", "method": "get_fund_asset_ratio", "ok": true, "setup_ms": 0.0, "build_execute_spec_ms": 0.019, "executor_ms": 14662.26, "finalize_ms": 0.0, "total_ms": 14662.279, "error_type": "", "error_message": "", "subprocess": {"decode_ms": 1.324, "worker_decode_ms": 1.324, "invoke_ms": 14633.442, "invoke_wrapper_ms": 0.555, "user_fn_ms": 14632.832, "encode_ms": 1.755, "worker_encode_result_ms": 1.755, "managed_globals_cache_hit": true, "managed_globals_ms": 0.014}, "queue_wait_ms": 25.739}
2026-05-04 09:29:52,511 INFO pycloud_parallel.service_timing {"event": "task_pool_timing", "pool_id": "308914a2f7f7409cabd013f66df55e66", "pool_name": "task-pool-e971918a3f", "method": "get_fund_asset_ratio", "ok": true, "setup_ms": 0.0, "build_execute_spec_ms": 0.021, "executor_ms": 17392.227, "finalize_ms": 0.0, "total_ms": 17392.248, "error_type": "", "error_message": "", "subprocess": {"decode_ms": 1.129, "worker_decode_ms": 1.129, "invoke_ms": 17312.914, "invoke_wrapper_ms": 0.411, "user_fn_ms": 17312.459, "encode_ms": 24.075, "worker_encode_result_ms": 24.075, "managed_globals_cache_hit": true, "managed_globals_ms": 0.017}, "queue_wait_ms": 54.109}
/opt/anaconda3/lib/python3.13/site-packages/flare_cores/cores.py:2508: FutureWarning: Series.__getitem__ treating keys as positions is deprecated. In a future version, integer keys will always be treated as labels (consistent with DataFrame behavior). To access a value by position, use `ser.iloc[pos]`
  if len(a) > 0 and np.isnan(a[0]):
2026-05-04 09:29:53,693 INFO pycloud_parallel.service_timing {"event": "task_pool_timing", "pool_id": "308914a2f7f7409cabd013f66df55e66", "pool_name": "task-pool-e971918a3f", "method": "get_fund_asset_ratio", "ok": true, "setup_ms": 0.0, "build_execute_spec_ms": 0.019, "executor_ms": 18576.112, "finalize_ms": 0.0, "total_ms": 18576.131, "error_type": "", "error_message": "", "subprocess": {"decode_ms": 1.237, "worker_decode_ms": 1.237, "invoke_ms": 18516.935, "invoke_wrapper_ms": 0.293, "user_fn_ms": 18516.604, "encode_ms": 1.387, "worker_encode_result_ms": 1.387, "managed_globals_cache_hit": true, "managed_globals_ms": 0.022}, "queue_wait_ms": 56.553}
2026-05-04 09:29:54,067 INFO pycloud_parallel.service_timing {"event": "task_pool_timing", "pool_id": "308914a2f7f7409cabd013f66df55e66", "pool_name": "task-pool-e971918a3f", "method": "get_fund_asset_ratio", "ok": true, "setup_ms": 0.0, "build_execute_spec_ms": 0.025, "executor_ms": 18951.05, "finalize_ms": 0.0, "total_ms": 18951.075, "error_type": "", "error_message": "", "subprocess": {"decode_ms": 1.239, "worker_decode_ms": 1.239, "invoke_ms": 18837.722, "invoke_wrapper_ms": 1.324, "user_fn_ms": 18836.343, "encode_ms": 51.607, "worker_encode_result_ms": 51.607, "managed_globals_cache_hit": true, "managed_globals_ms": 0.012}, "queue_wait_ms": 60.482}
/opt/anaconda3/lib/python3.13/site-packages/flare_cores/cores.py:2508: FutureWarning: Series.__getitem__ treating keys as positions is deprecated. In a future version, integer keys will always be treated as labels (consistent with DataFrame behavior). To access a value by position, use `ser.iloc[pos]`
  if len(a) > 0 and np.isnan(a[0]):
2026-05-04 09:29:55,782 INFO pycloud_parallel.service_timing {"event": "task_pool_timing", "pool_id": "308914a2f7f7409cabd013f66df55e66", "pool_name": "task-pool-e971918a3f", "method": "get_fund_asset_ratio", "ok": true, "setup_ms": 0.0, "build_execute_spec_ms": 0.016, "executor_ms": 20667.164, "finalize_ms": 0.0, "total_ms": 20667.18, "error_type": "", "error_message": "", "subprocess": {"decode_ms": 1.258, "worker_decode_ms": 1.258, "invoke_ms": 20655.211, "invoke_wrapper_ms": 0.847, "user_fn_ms": 20654.32, "encode_ms": 1.605, "worker_encode_result_ms": 1.605, "managed_globals_cache_hit": true, "managed_globals_ms": 0.014}, "queue_wait_ms": 9.09}
2026-05-04 09:29:55,891 INFO pycloud_parallel.service_timing {"event": "task_pool_timing", "pool_id": "308914a2f7f7409cabd013f66df55e66", "pool_name": "task-pool-e971918a3f", "method": "get_fund_asset_ratio", "ok": true, "setup_ms": 0.0, "build_execute_spec_ms": 0.01, "executor_ms": 20777.365, "finalize_ms": 0.0, "total_ms": 20777.375, "error_type": "", "error_message": "", "subprocess": {"decode_ms": 1.551, "worker_decode_ms": 1.551, "invoke_ms": 20695.842, "invoke_wrapper_ms": 0.339, "user_fn_ms": 20695.449, "encode_ms": 58.781, "worker_encode_result_ms": 58.781, "managed_globals_cache_hit": true, "managed_globals_ms": 0.013}, "queue_wait_ms": 21.191}
/opt/anaconda3/lib/python3.13/site-packages/flare_cores/cores.py:2508: FutureWarning: Series.__getitem__ treating keys as positions is deprecated. In a future version, integer keys will always be treated as labels (consistent with DataFrame behavior). To access a value by position, use `ser.iloc[pos]`
  if len(a) > 0 and np.isnan(a[0]):
/opt/anaconda3/lib/python3.13/site-packages/flare_cores/cores.py:2508: FutureWarning: Series.__getitem__ treating keys as positions is deprecated. In a future version, integer keys will always be treated as labels (consistent with DataFrame behavior). To access a value by position, use `ser.iloc[pos]`
  if len(a) > 0 and np.isnan(a[0]):
2026-05-04 09:29:57,923 INFO pycloud_parallel.service_timing {"event": "task_pool_timing", "pool_id": "308914a2f7f7409cabd013f66df55e66", "pool_name": "task-pool-e971918a3f", "method": "get_fund_asset_ratio", "ok": true, "setup_ms": 0.0, "build_execute_spec_ms": 0.017, "executor_ms": 22810.969, "finalize_ms": 0.0, "total_ms": 22810.986, "error_type": "", "error_message": "", "subprocess": {"decode_ms": 0.965, "worker_decode_ms": 0.965, "invoke_ms": 22773.156, "invoke_wrapper_ms": 0.355, "user_fn_ms": 22772.763, "encode_ms": 1.665, "worker_encode_result_ms": 1.665, "managed_globals_cache_hit": true, "managed_globals_ms": 0.011}, "queue_wait_ms": 35.183}
/opt/anaconda3/lib/python3.13/site-packages/flare_cores/cores.py:2508: FutureWarning: Series.__getitem__ treating keys as positions is deprecated. In a future version, integer keys will always be treated as labels (consistent with DataFrame behavior). To access a value by position, use `ser.iloc[pos]`
  if len(a) > 0 and np.isnan(a[0]):
/opt/anaconda3/lib/python3.13/site-packages/flare_cores/cores.py:2508: FutureWarning: Series.__getitem__ treating keys as positions is deprecated. In a future version, integer keys will always be treated as labels (consistent with DataFrame behavior). To access a value by position, use `ser.iloc[pos]`
  if len(a) > 0 and np.isnan(a[0]):
2026-05-04 09:29:59,481 INFO pycloud_parallel.service_timing {"event": "task_pool_timing", "pool_id": "308914a2f7f7409cabd013f66df55e66", "pool_name": "task-pool-e971918a3f", "method": "get_fund_asset_ratio", "ok": true, "setup_ms": 0.0, "build_execute_spec_ms": 0.012, "executor_ms": 24367.926, "finalize_ms": 0.0, "total_ms": 24367.938, "error_type": "", "error_message": "", "subprocess": {"decode_ms": 1.308, "worker_decode_ms": 1.308, "invoke_ms": 24344.397, "invoke_wrapper_ms": 0.405, "user_fn_ms": 24343.953, "encode_ms": 2.086, "worker_encode_result_ms": 2.086, "managed_globals_cache_hit": true, "managed_globals_ms": 0.014}, "queue_wait_ms": 20.135}
2026-05-04 09:29:59,698 INFO pycloud_parallel.service_timing {"event": "task_pool_timing", "pool_id": "308914a2f7f7409cabd013f66df55e66", "pool_name": "task-pool-e971918a3f", "method": "get_fund_asset_ratio", "ok": true, "setup_ms": 0.0, "build_execute_spec_ms": 0.017, "executor_ms": 24585.71, "finalize_ms": 0.0, "total_ms": 24585.727, "error_type": "", "error_message": "", "subprocess": {"decode_ms": 0.954, "worker_decode_ms": 0.954, "invoke_ms": 24497.986, "invoke_wrapper_ms": 0.585, "user_fn_ms": 24497.361, "encode_ms": 40.026, "worker_encode_result_ms": 40.026, "managed_globals_cache_hit": true, "managed_globals_ms": 0.027}, "queue_wait_ms": 46.744}
/opt/anaconda3/lib/python3.13/site-packages/flare_cores/cores.py:2508: FutureWarning: Series.__getitem__ treating keys as positions is deprecated. In a future version, integer keys will always be treated as labels (consistent with DataFrame behavior). To access a value by position, use `ser.iloc[pos]`
  if len(a) > 0 and np.isnan(a[0]):
/opt/anaconda3/lib/python3.13/site-packages/flare_cores/cores.py:2508: FutureWarning: Series.__getitem__ treating keys as positions is deprecated. In a future version, integer keys will always be treated as labels (consistent with DataFrame behavior). To access a value by position, use `ser.iloc[pos]`
  if len(a) > 0 and np.isnan(a[0]):
/opt/anaconda3/lib/python3.13/site-packages/flare_cores/cores.py:2508: FutureWarning: Series.__getitem__ treating keys as positions is deprecated. In a future version, integer keys will always be treated as labels (consistent with DataFrame behavior). To access a value by position, use `ser.iloc[pos]`
  if len(a) > 0 and np.isnan(a[0]):
2026-05-04 09:30:03,073 INFO pycloud_parallel.service_timing {"event": "task_pool_timing", "pool_id": "308914a2f7f7409cabd013f66df55e66", "pool_name": "task-pool-e971918a3f", "method": "get_fund_asset_ratio", "ok": true, "setup_ms": 0.0, "build_execute_spec_ms": 0.029, "executor_ms": 27950.451, "finalize_ms": 0.0, "total_ms": 27950.48, "error_type": "", "error_message": "", "subprocess": {"decode_ms": 0.731, "worker_decode_ms": 0.731, "invoke_ms": 13244.427, "invoke_wrapper_ms": 0.093, "user_fn_ms": 13244.318, "encode_ms": 1.507, "worker_encode_result_ms": 1.507, "managed_globals_cache_hit": true, "managed_globals_ms": 0.009}, "queue_wait_ms": 14703.786}
2026-05-04 09:30:04,844 INFO pycloud_parallel.service_timing {"event": "task_pool_timing", "pool_id": "308914a2f7f7409cabd013f66df55e66", "pool_name": "task-pool-e971918a3f", "method": "get_fund_asset_ratio", "ok": true, "setup_ms": 0.0, "build_execute_spec_ms": 0.03, "executor_ms": 29712.271, "finalize_ms": 0.0, "total_ms": 29712.301, "error_type": "", "error_message": "", "subprocess": {"decode_ms": 1.042, "worker_decode_ms": 1.042, "invoke_ms": 12339.792, "invoke_wrapper_ms": 0.544, "user_fn_ms": 12339.229, "encode_ms": 3.556, "worker_encode_result_ms": 3.556, "managed_globals_cache_hit": true, "managed_globals_ms": 0.013}, "queue_wait_ms": 17367.881}
2026-05-04 09:30:05,816 INFO pycloud_parallel.service_timing {"event": "task_pool_timing", "pool_id": "308914a2f7f7409cabd013f66df55e66", "pool_name": "task-pool-e971918a3f", "method": "get_fund_asset_ratio", "ok": true, "setup_ms": 0.0, "build_execute_spec_ms": 0.017, "executor_ms": 30652.5, "finalize_ms": 0.0, "total_ms": 30652.517, "error_type": "", "error_message": "", "subprocess": {"decode_ms": 1.044, "worker_decode_ms": 1.044, "invoke_ms": 11751.373, "invoke_wrapper_ms": 0.09, "user_fn_ms": 11751.265, "encode_ms": 1.342, "worker_encode_result_ms": 1.342, "managed_globals_cache_hit": true, "managed_globals_ms": 0.013}, "queue_wait_ms": 18898.741}
/opt/anaconda3/lib/python3.13/site-packages/flare_cores/cores.py:2508: FutureWarning: Series.__getitem__ treating keys as positions is deprecated. In a future version, integer keys will always be treated as labels (consistent with DataFrame behavior). To access a value by position, use `ser.iloc[pos]`
  if len(a) > 0 and np.isnan(a[0]):
2026-05-04 09:30:06,085 INFO pycloud_parallel.service_timing {"event": "task_pool_timing", "pool_id": "308914a2f7f7409cabd013f66df55e66", "pool_name": "task-pool-e971918a3f", "method": "get_fund_asset_ratio", "ok": true, "setup_ms": 0.0, "build_execute_spec_ms": 0.093, "executor_ms": 30973.637, "finalize_ms": 0.0, "total_ms": 30973.73, "error_type": "", "error_message": "", "subprocess": {"decode_ms": 3.109, "worker_decode_ms": 3.109, "invoke_ms": 30928.455, "invoke_wrapper_ms": 0.501, "user_fn_ms": 30927.904, "encode_ms": 1.929, "worker_encode_result_ms": 1.929, "managed_globals_cache_hit": true, "managed_globals_ms": 0.012}, "queue_wait_ms": 40.144}
2026-05-04 09:30:06,458 INFO pycloud_parallel.service_timing {"event": "task_pool_timing", "pool_id": "308914a2f7f7409cabd013f66df55e66", "pool_name": "task-pool-e971918a3f", "method": "get_fund_asset_ratio", "ok": true, "setup_ms": 0.0, "build_execute_spec_ms": 0.023, "executor_ms": 31295.307, "finalize_ms": 0.0, "total_ms": 31295.33, "error_type": "", "error_message": "", "subprocess": {"decode_ms": 0.708, "worker_decode_ms": 0.708, "invoke_ms": 12720.663, "invoke_wrapper_ms": 0.094, "user_fn_ms": 12720.547, "encode_ms": 56.592, "worker_encode_result_ms": 56.592, "managed_globals_cache_hit": true, "managed_globals_ms": 0.01}, "queue_wait_ms": 18517.344}
2026-05-04 09:30:06,777 INFO pycloud_parallel.service_timing {"event": "task_pool_timing", "pool_id": "308914a2f7f7409cabd013f66df55e66", "pool_name": "task-pool-e971918a3f", "method": "get_fund_asset_ratio", "ok": true, "setup_ms": 0.0, "build_execute_spec_ms": 0.055, "executor_ms": 16915.084, "finalize_ms": 0.0, "total_ms": 16915.139, "error_type": "", "error_message": "", "subprocess": {"decode_ms": 0.964, "worker_decode_ms": 0.964, "invoke_ms": 10850.846, "invoke_wrapper_ms": 0.107, "user_fn_ms": 10850.721, "encode_ms": 1.765, "worker_encode_result_ms": 1.765, "managed_globals_cache_hit": true, "managed_globals_ms": 0.013}, "queue_wait_ms": 6061.509}
/opt/anaconda3/lib/python3.13/site-packages/flare_cores/cores.py:2508: FutureWarning: Series.__getitem__ treating keys as positions is deprecated. In a future version, integer keys will always be treated as labels (consistent with DataFrame behavior). To access a value by position, use `ser.iloc[pos]`
  if len(a) > 0 and np.isnan(a[0]):
2026-05-04 09:30:06,886 INFO pycloud_parallel.service_timing {"event": "task_pool_timing", "pool_id": "308914a2f7f7409cabd013f66df55e66", "pool_name": "task-pool-e971918a3f", "method": "get_fund_asset_ratio", "ok": true, "setup_ms": 0.0, "build_execute_spec_ms": 0.051, "executor_ms": 14308.78, "finalize_ms": 0.0, "total_ms": 14308.831, "error_type": "", "error_message": "", "subprocess": {"decode_ms": 0.76, "worker_decode_ms": 0.76, "invoke_ms": 8985.406, "invoke_wrapper_ms": 0.177, "user_fn_ms": 8985.213, "encode_ms": 1.466, "worker_encode_result_ms": 1.466, "managed_globals_cache_hit": true, "managed_globals_ms": 0.011}, "queue_wait_ms": 5321.148}
/opt/anaconda3/lib/python3.13/site-packages/flare_cores/cores.py:2508: FutureWarning: Series.__getitem__ treating keys as positions is deprecated. In a future version, integer keys will always be treated as labels (consistent with DataFrame behavior). To access a value by position, use `ser.iloc[pos]`
  if len(a) > 0 and np.isnan(a[0]):
/opt/anaconda3/lib/python3.13/site-packages/flare_cores/cores.py:2508: FutureWarning: Series.__getitem__ treating keys as positions is deprecated. In a future version, integer keys will always be treated as labels (consistent with DataFrame behavior). To access a value by position, use `ser.iloc[pos]`
  if len(a) > 0 and np.isnan(a[0]):
/opt/anaconda3/lib/python3.13/site-packages/flare_cores/cores.py:2508: FutureWarning: Series.__getitem__ treating keys as positions is deprecated. In a future version, integer keys will always be treated as labels (consistent with DataFrame behavior). To access a value by position, use `ser.iloc[pos]`
  if len(a) > 0 and np.isnan(a[0]):
/opt/anaconda3/lib/python3.13/site-packages/flare_cores/cores.py:2508: FutureWarning: Series.__getitem__ treating keys as positions is deprecated. In a future version, integer keys will always be treated as labels (consistent with DataFrame behavior). To access a value by position, use `ser.iloc[pos]`
  if len(a) > 0 and np.isnan(a[0]):
/opt/anaconda3/lib/python3.13/site-packages/flare_cores/cores.py:2508: FutureWarning: Series.__getitem__ treating keys as positions is deprecated. In a future version, integer keys will always be treated as labels (consistent with DataFrame behavior). To access a value by position, use `ser.iloc[pos]`
  if len(a) > 0 and np.isnan(a[0]):
2026-05-04 09:30:08,220 INFO pycloud_parallel.service_timing {"event": "task_pool_timing", "pool_id": "308914a2f7f7409cabd013f66df55e66", "pool_name": "task-pool-e971918a3f", "method": "get_fund_asset_ratio", "ok": true, "setup_ms": 0.0, "build_execute_spec_ms": 0.05, "executor_ms": 14105.256, "finalize_ms": 0.0, "total_ms": 14105.306, "error_type": "", "error_message": "", "subprocess": {"decode_ms": 0.735, "worker_decode_ms": 0.735, "invoke_ms": 8539.728, "invoke_wrapper_ms": 0.086, "user_fn_ms": 8539.626, "encode_ms": 1.326, "worker_encode_result_ms": 1.326, "managed_globals_cache_hit": true, "managed_globals_ms": 0.01}, "queue_wait_ms": 5563.467}
2026-05-04 09:30:08,486 INFO pycloud_parallel.service_timing {"event": "task_pool_timing", "pool_id": "308914a2f7f7409cabd013f66df55e66", "pool_name": "task-pool-e971918a3f", "method": "get_fund_asset_ratio", "ok": true, "setup_ms": 0.0, "build_execute_spec_ms": 0.061, "executor_ms": 14705.767, "finalize_ms": 0.0, "total_ms": 14705.828, "error_type": "", "error_message": "", "subprocess": {"decode_ms": 0.699, "worker_decode_ms": 0.699, "invoke_ms": 8945.125, "invoke_wrapper_ms": 0.353, "user_fn_ms": 8944.752, "encode_ms": 2.832, "worker_encode_result_ms": 2.832, "managed_globals_cache_hit": true, "managed_globals_ms": 0.008}, "queue_wait_ms": 5757.111}
/opt/anaconda3/lib/python3.13/site-packages/flare_cores/cores.py:2508: FutureWarning: Series.__getitem__ treating keys as positions is deprecated. In a future version, integer keys will always be treated as labels (consistent with DataFrame behavior). To access a value by position, use `ser.iloc[pos]`
  if len(a) > 0 and np.isnan(a[0]):
/opt/anaconda3/lib/python3.13/site-packages/flare_cores/cores.py:2508: FutureWarning: Series.__getitem__ treating keys as positions is deprecated. In a future version, integer keys will always be treated as labels (consistent with DataFrame behavior). To access a value by position, use `ser.iloc[pos]`
  if len(a) > 0 and np.isnan(a[0]):
2026-05-04 09:30:09,294 INFO pycloud_parallel.service_timing {"event": "task_pool_timing", "pool_id": "308914a2f7f7409cabd013f66df55e66", "pool_name": "task-pool-e971918a3f", "method": "get_fund_asset_ratio", "ok": true, "setup_ms": 0.0, "build_execute_spec_ms": 0.017, "executor_ms": 34130.055, "finalize_ms": 0.0, "total_ms": 34130.072, "error_type": "", "error_message": "", "subprocess": {"decode_ms": 0.949, "worker_decode_ms": 0.949, "invoke_ms": 13498.562, "invoke_wrapper_ms": 0.122, "user_fn_ms": 13498.417, "encode_ms": 1.421, "worker_encode_result_ms": 1.421, "managed_globals_cache_hit": true, "managed_globals_ms": 0.011}, "queue_wait_ms": 20629.123}
/opt/anaconda3/lib/python3.13/site-packages/flare_cores/cores.py:2508: FutureWarning: Series.__getitem__ treating keys as positions is deprecated. In a future version, integer keys will always be treated as labels (consistent with DataFrame behavior). To access a value by position, use `ser.iloc[pos]`
  if len(a) > 0 and np.isnan(a[0]):
2026-05-04 09:30:10,789 INFO pycloud_parallel.service_timing {"event": "task_pool_timing", "pool_id": "308914a2f7f7409cabd013f66df55e66", "pool_name": "task-pool-e971918a3f", "method": "get_fund_asset_ratio", "ok": true, "setup_ms": 0.0, "build_execute_spec_ms": 0.055, "executor_ms": 4910.047, "finalize_ms": 0.0, "total_ms": 4910.102, "error_type": "", "error_message": "", "subprocess": {"decode_ms": 0.649, "worker_decode_ms": 0.649, "invoke_ms": 2569.769, "invoke_wrapper_ms": 0.074, "user_fn_ms": 2569.681, "encode_ms": 1.0, "worker_encode_result_ms": 1.0, "managed_globals_cache_hit": true, "managed_globals_ms": 0.008}, "queue_wait_ms": 2338.629}
2026-05-04 09:30:11,286 INFO pycloud_parallel.service_timing {"event": "task_pool_timing", "pool_id": "308914a2f7f7409cabd013f66df55e66", "pool_name": "task-pool-e971918a3f", "method": "get_fund_asset_ratio", "ok": true, "setup_ms": 0.0, "build_execute_spec_ms": 0.048, "executor_ms": 4747.508, "finalize_ms": 0.0, "total_ms": 4747.556, "error_type": "", "error_message": "", "subprocess": {"decode_ms": 0.954, "worker_decode_ms": 0.954, "invoke_ms": 1938.511, "invoke_wrapper_ms": 0.072, "user_fn_ms": 1938.418, "encode_ms": 26.461, "worker_encode_result_ms": 26.461, "managed_globals_cache_hit": true, "managed_globals_ms": 0.009}, "queue_wait_ms": 2781.582}
2026-05-04 09:30:11,338 INFO pycloud_parallel.service_timing {"event": "task_pool_timing", "pool_id": "308914a2f7f7409cabd013f66df55e66", "pool_name": "task-pool-e971918a3f", "method": "get_fund_asset_ratio", "ok": true, "setup_ms": 0.0, "build_execute_spec_ms": 0.053, "executor_ms": 5233.774, "finalize_ms": 0.0, "total_ms": 5233.827, "error_type": "", "error_message": "", "subprocess": {"decode_ms": 1.58, "worker_decode_ms": 1.58, "invoke_ms": 2876.582, "invoke_wrapper_ms": 0.085, "user_fn_ms": 2876.481, "encode_ms": 1.191, "worker_encode_result_ms": 1.191, "managed_globals_cache_hit": true, "managed_globals_ms": 0.011}, "queue_wait_ms": 2354.421}
/opt/anaconda3/lib/python3.13/site-packages/flare_cores/cores.py:2508: FutureWarning: Series.__getitem__ treating keys as positions is deprecated. In a future version, integer keys will always be treated as labels (consistent with DataFrame behavior). To access a value by position, use `ser.iloc[pos]`
  if len(a) > 0 and np.isnan(a[0]):
/opt/anaconda3/lib/python3.13/site-packages/flare_cores/cores.py:2508: FutureWarning: Series.__getitem__ treating keys as positions is deprecated. In a future version, integer keys will always be treated as labels (consistent with DataFrame behavior). To access a value by position, use `ser.iloc[pos]`
  if len(a) > 0 and np.isnan(a[0]):
/opt/anaconda3/lib/python3.13/site-packages/flare_cores/cores.py:2508: FutureWarning: Series.__getitem__ treating keys as positions is deprecated. In a future version, integer keys will always be treated as labels (consistent with DataFrame behavior). To access a value by position, use `ser.iloc[pos]`
  if len(a) > 0 and np.isnan(a[0]):
2026-05-04 09:30:11,767 INFO pycloud_parallel.service_timing {"event": "task_pool_timing", "pool_id": "308914a2f7f7409cabd013f66df55e66", "pool_name": "task-pool-e971918a3f", "method": "get_fund_asset_ratio", "ok": true, "setup_ms": 0.0, "build_execute_spec_ms": 0.062, "executor_ms": 6852.267, "finalize_ms": 0.0, "total_ms": 6852.329, "error_type": "", "error_message": "", "subprocess": {"decode_ms": 0.964, "worker_decode_ms": 0.964, "invoke_ms": 4834.089, "invoke_wrapper_ms": 0.07, "user_fn_ms": 4834.006, "encode_ms": 0.953, "worker_encode_result_ms": 0.953, "managed_globals_cache_hit": true, "managed_globals_ms": 0.009}, "queue_wait_ms": 2016.261}
2026-05-04 09:30:11,821 INFO pycloud_parallel.service_timing {"event": "task_pool_timing", "pool_id": "308914a2f7f7409cabd013f66df55e66", "pool_name": "task-pool-e971918a3f", "method": "get_fund_asset_ratio", "ok": true, "setup_ms": 0.0, "build_execute_spec_ms": 0.054, "executor_ms": 8676.5, "finalize_ms": 0.0, "total_ms": 8676.554, "error_type": "", "error_message": "", "subprocess": {"decode_ms": 0.618, "worker_decode_ms": 0.618, "invoke_ms": 5018.388, "invoke_wrapper_ms": 0.066, "user_fn_ms": 5018.306, "encode_ms": 1.053, "worker_encode_result_ms": 1.053, "managed_globals_cache_hit": true, "managed_globals_ms": 0.006}, "queue_wait_ms": 3656.441}
2026-05-04 09:30:11,821 INFO pycloud_parallel.service_timing {"event": "task_pool_timing", "pool_id": "308914a2f7f7409cabd013f66df55e66", "pool_name": "task-pool-e971918a3f", "method": "get_fund_asset_ratio", "ok": true, "setup_ms": 0.0, "build_execute_spec_ms": 0.058, "executor_ms": 3519.263, "finalize_ms": 0.0, "total_ms": 3519.321, "error_type": "", "error_message": "", "subprocess": {"decode_ms": 0.759, "worker_decode_ms": 0.759, "invoke_ms": 472.741, "invoke_wrapper_ms": 0.072, "user_fn_ms": 472.656, "encode_ms": 1.127, "worker_encode_result_ms": 1.127, "managed_globals_cache_hit": true, "managed_globals_ms": 0.008}, "queue_wait_ms": 3044.636}
/opt/anaconda3/lib/python3.13/site-packages/flare_cores/cores.py:2508: FutureWarning: Series.__getitem__ treating keys as positions is deprecated. In a future version, integer keys will always be treated as labels (consistent with DataFrame behavior). To access a value by position, use `ser.iloc[pos]`
  if len(a) > 0 and np.isnan(a[0]):
/opt/anaconda3/lib/python3.13/site-packages/flare_cores/cores.py:2508: FutureWarning: Series.__getitem__ treating keys as positions is deprecated. In a future version, integer keys will always be treated as labels (consistent with DataFrame behavior). To access a value by position, use `ser.iloc[pos]`
  if len(a) > 0 and np.isnan(a[0]):
2026-05-04 09:30:11,927 INFO pycloud_parallel.service_timing {"event": "task_pool_timing", "pool_id": "308914a2f7f7409cabd013f66df55e66", "pool_name": "task-pool-e971918a3f", "method": "get_fund_asset_ratio", "ok": true, "setup_ms": 0.0, "build_execute_spec_ms": 0.063, "executor_ms": 1129.156, "finalize_ms": 0.0, "total_ms": 1129.219, "error_type": "", "error_message": "", "subprocess": {"decode_ms": 0.555, "worker_decode_ms": 0.555, "invoke_ms": 105.236, "invoke_wrapper_ms": 0.064, "user_fn_ms": 105.158, "encode_ms": 0.937, "worker_encode_result_ms": 0.937, "managed_globals_cache_hit": true, "managed_globals_ms": 0.005}, "queue_wait_ms": 1022.428}
2026-05-04 09:30:11,928 INFO pycloud_parallel.service_timing {"event": "task_pool_timing", "pool_id": "308914a2f7f7409cabd013f66df55e66", "pool_name": "task-pool-e971918a3f", "method": "get_fund_asset_ratio", "ok": true, "setup_ms": 0.0, "build_execute_spec_ms": 0.048, "executor_ms": 5065.775, "finalize_ms": 0.0, "total_ms": 5065.823, "error_type": "", "error_message": "", "subprocess": {"decode_ms": 0.674, "worker_decode_ms": 0.674, "invoke_ms": 1131.668, "invoke_wrapper_ms": 0.071, "user_fn_ms": 1131.579, "encode_ms": 1.67, "worker_encode_result_ms": 1.67, "managed_globals_cache_hit": true, "managed_globals_ms": 0.008}, "queue_wait_ms": 3931.763}
/opt/anaconda3/lib/python3.13/site-packages/flare_cores/cores.py:2508: FutureWarning: Series.__getitem__ treating keys as positions is deprecated. In a future version, integer keys will always be treated as labels (consistent with DataFrame behavior). To access a value by position, use `ser.iloc[pos]`
  if len(a) > 0 and np.isnan(a[0]):
/opt/anaconda3/lib/python3.13/site-packages/flare_cores/cores.py:2508: FutureWarning: Series.__getitem__ treating keys as positions is deprecated. In a future version, integer keys will always be treated as labels (consistent with DataFrame behavior). To access a value by position, use `ser.iloc[pos]`
  if len(a) > 0 and np.isnan(a[0]):
2026-05-04 09:30:11,980 INFO pycloud_parallel.service_timing {"event": "task_pool_timing", "pool_id": "308914a2f7f7409cabd013f66df55e66", "pool_name": "task-pool-e971918a3f", "method": "get_fund_asset_ratio", "ok": true, "setup_ms": 0.0, "build_execute_spec_ms": 0.066, "executor_ms": 2595.18, "finalize_ms": 0.0, "total_ms": 2595.246, "error_type": "", "error_message": "", "subprocess": {"decode_ms": 0.647, "worker_decode_ms": 0.647, "invoke_ms": 165.872, "invoke_wrapper_ms": 0.064, "user_fn_ms": 165.793, "encode_ms": 1.102, "worker_encode_result_ms": 1.102, "managed_globals_cache_hit": true, "managed_globals_ms": 0.008}, "queue_wait_ms": 2427.559}
/opt/anaconda3/lib/python3.13/site-packages/flare_cores/cores.py:2508: FutureWarning: Series.__getitem__ treating keys as positions is deprecated. In a future version, integer keys will always be treated as labels (consistent with DataFrame behavior). To access a value by position, use `ser.iloc[pos]`
  if len(a) > 0 and np.isnan(a[0]):
/opt/anaconda3/lib/python3.13/site-packages/flare_cores/cores.py:2508: FutureWarning: Series.__getitem__ treating keys as positions is deprecated. In a future version, integer keys will always be treated as labels (consistent with DataFrame behavior). To access a value by position, use `ser.iloc[pos]`
  if len(a) > 0 and np.isnan(a[0]):
2026-05-04 09:30:12,034 INFO pycloud_parallel.service_timing {"event": "task_pool_timing", "pool_id": "308914a2f7f7409cabd013f66df55e66", "pool_name": "task-pool-e971918a3f", "method": "get_fund_asset_ratio", "ok": true, "setup_ms": 0.0, "build_execute_spec_ms": 0.06, "executor_ms": 652.958, "finalize_ms": 0.0, "total_ms": 653.018, "error_type": "", "error_message": "", "subprocess": {"decode_ms": 0.628, "worker_decode_ms": 0.628, "invoke_ms": 94.886, "invoke_wrapper_ms": 0.107, "user_fn_ms": 94.764, "encode_ms": 0.958, "worker_encode_result_ms": 0.958, "managed_globals_cache_hit": true, "managed_globals_ms": 0.008}, "queue_wait_ms": 556.486}
2026-05-04 09:30:12,034 INFO pycloud_parallel.service_timing {"event": "task_pool_timing", "pool_id": "308914a2f7f7409cabd013f66df55e66", "pool_name": "task-pool-e971918a3f", "method": "get_fund_asset_ratio", "ok": true, "setup_ms": 0.0, "build_execute_spec_ms": 0.053, "executor_ms": 203.248, "finalize_ms": 0.0, "total_ms": 203.301, "error_type": "", "error_message": "", "subprocess": {"decode_ms": 0.773, "worker_decode_ms": 0.773, "invoke_ms": 26.01, "invoke_wrapper_ms": 0.079, "user_fn_ms": 25.912, "encode_ms": 0.143, "worker_encode_result_ms": 0.143, "managed_globals_cache_hit": true, "managed_globals_ms": 0.008}, "queue_wait_ms": 176.322}
2026-05-04 09:30:12,034 INFO pycloud_parallel.service_timing {"event": "task_pool_timing", "pool_id": "308914a2f7f7409cabd013f66df55e66", "pool_name": "task-pool-e971918a3f", "method": "get_fund_asset_ratio", "ok": true, "setup_ms": 0.0, "build_execute_spec_ms": 0.019, "executor_ms": 653.279, "finalize_ms": 0.0, "total_ms": 653.298, "error_type": "", "error_message": "", "subprocess": {"decode_ms": 0.981, "worker_decode_ms": 0.981, "invoke_ms": 110.864, "invoke_wrapper_ms": 0.077, "user_fn_ms": 110.742, "encode_ms": 1.195, "worker_encode_result_ms": 1.195, "managed_globals_cache_hit": true, "managed_globals_ms": 0.007}, "queue_wait_ms": 540.239}
/opt/anaconda3/lib/python3.13/site-packages/flare_cores/cores.py:2508: FutureWarning: Series.__getitem__ treating keys as positions is deprecated. In a future version, integer keys will always be treated as labels (consistent with DataFrame behavior). To access a value by position, use `ser.iloc[pos]`
  if len(a) > 0 and np.isnan(a[0]):
2026-05-04 09:30:12,089 INFO pycloud_parallel.service_timing {"event": "task_pool_timing", "pool_id": "308914a2f7f7409cabd013f66df55e66", "pool_name": "task-pool-e971918a3f", "method": "get_fund_asset_ratio", "ok": true, "setup_ms": 0.0, "build_execute_spec_ms": 0.046, "executor_ms": 266.104, "finalize_ms": 0.0, "total_ms": 266.15, "error_type": "", "error_message": "", "subprocess": {"decode_ms": 0.781, "worker_decode_ms": 0.781, "invoke_ms": 65.692, "invoke_wrapper_ms": 0.077, "user_fn_ms": 65.592, "encode_ms": 1.181, "worker_encode_result_ms": 1.181, "managed_globals_cache_hit": true, "managed_globals_ms": 0.009}, "queue_wait_ms": 198.45}
2026-05-04 09:30:12,089 INFO pycloud_parallel.service_timing {"event": "task_pool_timing", "pool_id": "308914a2f7f7409cabd013f66df55e66", "pool_name": "task-pool-e971918a3f", "method": "get_fund_asset_ratio", "ok": true, "setup_ms": 0.0, "build_execute_spec_ms": 0.019, "executor_ms": 257.991, "finalize_ms": 0.0, "total_ms": 258.01, "error_type": "", "error_message": "", "subprocess": {"decode_ms": 0.699, "worker_decode_ms": 0.699, "invoke_ms": 30.423, "invoke_wrapper_ms": 0.078, "user_fn_ms": 30.334, "encode_ms": 13.924, "worker_encode_result_ms": 13.924, "managed_globals_cache_hit": true, "managed_globals_ms": 0.008}, "queue_wait_ms": 212.945}
2026-05-04 09:30:12,141 INFO pycloud_parallel.service_timing {"event": "task_pool_timing", "pool_id": "308914a2f7f7409cabd013f66df55e66", "pool_name": "task-pool-e971918a3f", "method": "get_fund_asset_ratio", "ok": true, "setup_ms": 0.0, "build_execute_spec_ms": 0.046, "executor_ms": 3616.401, "finalize_ms": 0.0, "total_ms": 3616.447, "error_type": "", "error_message": "", "subprocess": {"decode_ms": 0.701, "worker_decode_ms": 0.701, "invoke_ms": 379.63, "invoke_wrapper_ms": 0.064, "user_fn_ms": 379.554, "encode_ms": 0.885, "worker_encode_result_ms": 0.885, "managed_globals_cache_hit": true, "managed_globals_ms": 0.007}, "queue_wait_ms": 3235.185}
2026-05-04 09:30:12,195 INFO pycloud_parallel.service_timing {"event": "task_pool_timing", "pool_id": "308914a2f7f7409cabd013f66df55e66", "pool_name": "task-pool-e971918a3f", "method": "get_fund_asset_ratio", "ok": true, "setup_ms": 0.0, "build_execute_spec_ms": 0.056, "executor_ms": 5217.308, "finalize_ms": 0.0, "total_ms": 5217.364, "error_type": "", "error_message": "", "subprocess": {"decode_ms": 2.01, "worker_decode_ms": 2.01, "invoke_ms": 909.981, "invoke_wrapper_ms": 0.12, "user_fn_ms": 909.847, "encode_ms": 1.439, "worker_encode_result_ms": 1.439, "managed_globals_cache_hit": true, "managed_globals_ms": 0.01}, "queue_wait_ms": 4303.878}
2026-05-04 09:30:12,303 INFO pycloud_parallel.service_timing {"event": "task_pool_timing", "pool_id": "308914a2f7f7409cabd013f66df55e66", "pool_name": "task-pool-e971918a3f", "method": "get_fund_asset_ratio", "ok": true, "setup_ms": 0.0, "build_execute_spec_ms": 0.063, "executor_ms": 16449.105, "finalize_ms": 0.0, "total_ms": 16449.168, "error_type": "", "error_message": "", "subprocess": {"decode_ms": 0.645, "worker_decode_ms": 0.645, "invoke_ms": 9235.405, "invoke_wrapper_ms": 0.064, "user_fn_ms": 9235.328, "encode_ms": 1.154, "worker_encode_result_ms": 1.154, "managed_globals_cache_hit": true, "managed_globals_ms": 0.007}, "queue_wait_ms": 7211.901}
2026-05-04 09:30:12,304 INFO pycloud_parallel.service_timing {"event": "task_pool_timing", "pool_id": "308914a2f7f7409cabd013f66df55e66", "pool_name": "task-pool-e971918a3f", "method": "get_fund_asset_ratio", "ok": true, "setup_ms": 0.0, "build_execute_spec_ms": 0.048, "executor_ms": 14346.207, "finalize_ms": 0.0, "total_ms": 14346.255, "error_type": "", "error_message": "", "subprocess": {"decode_ms": 0.929, "worker_decode_ms": 0.929, "invoke_ms": 6515.414, "invoke_wrapper_ms": 0.154, "user_fn_ms": 6515.244, "encode_ms": 1.229, "worker_encode_result_ms": 1.229, "managed_globals_cache_hit": true, "managed_globals_ms": 0.007}, "queue_wait_ms": 7828.635}
2026-05-04 09:30:12,358 INFO pycloud_parallel.service_timing {"event": "task_pool_timing", "pool_id": "308914a2f7f7409cabd013f66df55e66", "pool_name": "task-pool-e971918a3f", "method": "get_fund_asset_ratio", "ok": true, "setup_ms": 0.0, "build_execute_spec_ms": 0.049, "executor_ms": 12639.865, "finalize_ms": 0.0, "total_ms": 12639.914, "error_type": "", "error_message": "", "subprocess": {"decode_ms": 1.068, "worker_decode_ms": 1.068, "invoke_ms": 5881.156, "invoke_wrapper_ms": 0.083, "user_fn_ms": 5881.06, "encode_ms": 0.986, "worker_encode_result_ms": 0.986, "managed_globals_cache_hit": true, "managed_globals_ms": 0.01}, "queue_wait_ms": 6756.655}
2026-05-04 09:30:12,409 INFO pycloud_parallel.service_timing {"event": "task_pool_timing", "pool_id": "308914a2f7f7409cabd013f66df55e66", "pool_name": "task-pool-e971918a3f", "method": "get_fund_asset_ratio", "ok": true, "setup_ms": 0.0, "build_execute_spec_ms": 0.049, "executor_ms": 12811.991, "finalize_ms": 0.0, "total_ms": 12812.04, "error_type": "", "error_message": "", "subprocess": {"decode_ms": 1.286, "worker_decode_ms": 1.286, "invoke_ms": 6340.075, "invoke_wrapper_ms": 0.116, "user_fn_ms": 6339.94, "encode_ms": 1.606, "worker_encode_result_ms": 1.606, "managed_globals_cache_hit": true, "managed_globals_ms": 0.01}, "queue_wait_ms": 6469.024}
2026-05-04 09:30:12,462 INFO pycloud_parallel.service_timing {"event": "task_pool_timing", "pool_id": "308914a2f7f7409cabd013f66df55e66", "pool_name": "task-pool-e971918a3f", "method": "get_fund_asset_ratio", "ok": true, "setup_ms": 0.0, "build_execute_spec_ms": 0.099, "executor_ms": 16468.776, "finalize_ms": 0.0, "total_ms": 16468.875, "error_type": "", "error_message": "", "subprocess": {"decode_ms": 0.763, "worker_decode_ms": 0.763, "invoke_ms": 7584.932, "invoke_wrapper_ms": 0.069, "user_fn_ms": 7584.846, "encode_ms": 1.376, "worker_encode_result_ms": 1.376, "managed_globals_cache_hit": true, "managed_globals_ms": 0.007}, "queue_wait_ms": 8881.705}
 re minimize 
I0504 09:30:27.030611 7556084 fork_posix.cc:71] Other threads are currently calling into gRPC, skipping fork() handlers
I0504 09:30:27.036491 7556124 ev_poll_posix.cc:593] FD from fork parent still in poll list: fd(3, generation: 1)
I0504 09:30:27.036547 7556124 ev_poll_posix.cc:593] FD from fork parent still in poll list: fd(6, generation: 1)
2026-05-04 09:30:29,857 INFO pycloud_parallel.controlplane.services [NodeControl] UpdateRuntimeGlobals peer=ipv4:127.0.0.1:55449 client_id=e2d39e33b8aa4d479bed8dffc1b90e37 code_version=sha256:aa95aad4481684160695f22f301d2d55c94c2f06460a5c521fd1712cd234ad4e.ef3a391391da0f75 runtime_key=e2d39e33b8aa4d479bed8dffc1b90e37
2026-05-04 09:30:29,895 INFO pycloud_parallel.controlplane.services [NodeControl] UpdateRuntimeGlobals timing client_id=e2d39e33b8aa4d479bed8dffc1b90e37 runtime_key=e2d39e33b8aa4d479bed8dffc1b90e37 keys=['bench_mark_closeprice_df', 'bench_mark_yield_df', 'bench_mark_yield_df_weekly'] decode_ms=3.866 state_ms=33.862 total_ms=38.074
/opt/anaconda3/lib/python3.13/site-packages/flare_cores/cores.py:2508: FutureWarning: Series.__getitem__ treating keys as positions is deprecated. In a future version, integer keys will always be treated as labels (consistent with DataFrame behavior). To access a value by position, use `ser.iloc[pos]`
  if len(a) > 0 and np.isnan(a[0]):
/opt/anaconda3/lib/python3.13/site-packages/flare_cores/cores.py:2508: FutureWarning: Series.__getitem__ treating keys as positions is deprecated. In a future version, integer keys will always be treated as labels (consistent with DataFrame behavior). To access a value by position, use `ser.iloc[pos]`
  if len(a) > 0 and np.isnan(a[0]):
/opt/anaconda3/lib/python3.13/site-packages/flare_cores/cores.py:2508: FutureWarning: Series.__getitem__ treating keys as positions is deprecated. In a future version, integer keys will always be treated as labels (consistent with DataFrame behavior). To access a value by position, use `ser.iloc[pos]`
  if len(a) > 0 and np.isnan(a[0]):
/opt/anaconda3/lib/python3.13/site-packages/flare_cores/cores.py:2508: FutureWarning: Series.__getitem__ treating keys as positions is deprecated. In a future version, integer keys will always be treated as labels (consistent with DataFrame behavior). To access a value by position, use `ser.iloc[pos]`
  if len(a) > 0 and np.isnan(a[0]):
/opt/anaconda3/lib/python3.13/site-packages/flare_cores/cores.py:2508: FutureWarning: Series.__getitem__ treating keys as positions is deprecated. In a future version, integer keys will always be treated as labels (consistent with DataFrame behavior). To access a value by position, use `ser.iloc[pos]`
  if len(a) > 0 and np.isnan(a[0]):
/opt/anaconda3/lib/python3.13/site-packages/flare_cores/cores.py:2508: FutureWarning: Series.__getitem__ treating keys as positions is deprecated. In a future version, integer keys will always be treated as labels (consistent with DataFrame behavior). To access a value by position, use `ser.iloc[pos]`
  if len(a) > 0 and np.isnan(a[0]):
/opt/anaconda3/lib/python3.13/site-packages/flare_cores/cores.py:2508: FutureWarning: Series.__getitem__ treating keys as positions is deprecated. In a future version, integer keys will always be treated as labels (consistent with DataFrame behavior). To access a value by position, use `ser.iloc[pos]`
  if len(a) > 0 and np.isnan(a[0]):
/opt/anaconda3/lib/python3.13/site-packages/flare_cores/cores.py:2508: FutureWarning: Series.__getitem__ treating keys as positions is deprecated. In a future version, integer keys will always be treated as labels (consistent with DataFrame behavior). To access a value by position, use `ser.iloc[pos]`
  if len(a) > 0 and np.isnan(a[0]):
/opt/anaconda3/lib/python3.13/site-packages/flare_cores/cores.py:2508: FutureWarning: Series.__getitem__ treating keys as positions is deprecated. In a future version, integer keys will always be treated as labels (consistent with DataFrame behavior). To access a value by position, use `ser.iloc[pos]`
  if len(a) > 0 and np.isnan(a[0]):
/opt/anaconda3/lib/python3.13/site-packages/flare_cores/cores.py:2508: FutureWarning: Series.__getitem__ treating keys as positions is deprecated. In a future version, integer keys will always be treated as labels (consistent with DataFrame behavior). To access a value by position, use `ser.iloc[pos]`
  if len(a) > 0 and np.isnan(a[0]):
2026-05-04 09:30:42,004 INFO pycloud_parallel.service_timing {"event": "task_pool_timing", "pool_id": "e2d39e33b8aa4d479bed8dffc1b90e37", "pool_name": "task-pool-28a6c0d994", "method": "get_fund_asset_ratio", "ok": true, "setup_ms": 0.0, "build_execute_spec_ms": 0.034, "executor_ms": 11456.25, "finalize_ms": 0.0, "total_ms": 11456.284, "error_type": "", "error_message": "", "subprocess": {"decode_ms": 1.038, "worker_decode_ms": 1.038, "invoke_ms": 11404.144, "invoke_wrapper_ms": 0.376, "user_fn_ms": 11403.729, "encode_ms": 1.295, "worker_encode_result_ms": 1.295, "managed_globals_cache_hit": true, "managed_globals_ms": 0.011}, "queue_wait_ms": 49.773}
2026-05-04 09:30:44,407 INFO pycloud_parallel.service_timing {"event": "task_pool_timing", "pool_id": "e2d39e33b8aa4d479bed8dffc1b90e37", "pool_name": "task-pool-28a6c0d994", "method": "get_fund_asset_ratio", "ok": true, "setup_ms": 0.0, "build_execute_spec_ms": 0.028, "executor_ms": 13865.161, "finalize_ms": 0.0, "total_ms": 13865.189, "error_type": "", "error_message": "", "subprocess": {"decode_ms": 1.267, "worker_decode_ms": 1.267, "invoke_ms": 13773.161, "invoke_wrapper_ms": 0.402, "user_fn_ms": 13772.716, "encode_ms": 1.583, "worker_encode_result_ms": 1.583, "managed_globals_cache_hit": true, "managed_globals_ms": 0.015}, "queue_wait_ms": 89.15}
/opt/anaconda3/lib/python3.13/site-packages/flare_cores/cores.py:2508: FutureWarning: Series.__getitem__ treating keys as positions is deprecated. In a future version, integer keys will always be treated as labels (consistent with DataFrame behavior). To access a value by position, use `ser.iloc[pos]`
  if len(a) > 0 and np.isnan(a[0]):
2026-05-04 09:30:45,469 INFO pycloud_parallel.service_timing {"event": "task_pool_timing", "pool_id": "e2d39e33b8aa4d479bed8dffc1b90e37", "pool_name": "task-pool-28a6c0d994", "method": "get_fund_asset_ratio", "ok": true, "setup_ms": 0.0, "build_execute_spec_ms": 0.018, "executor_ms": 14928.406, "finalize_ms": 0.0, "total_ms": 14928.424, "error_type": "", "error_message": "", "subprocess": {"decode_ms": 1.271, "worker_decode_ms": 1.271, "invoke_ms": 14887.005, "invoke_wrapper_ms": 0.332, "user_fn_ms": 14886.634, "encode_ms": 2.981, "worker_encode_result_ms": 2.981, "managed_globals_cache_hit": true, "managed_globals_ms": 0.013}, "queue_wait_ms": 37.149}
2026-05-04 09:30:46,002 INFO pycloud_parallel.service_timing {"event": "task_pool_timing", "pool_id": "e2d39e33b8aa4d479bed8dffc1b90e37", "pool_name": "task-pool-28a6c0d994", "method": "get_fund_asset_ratio", "ok": true, "setup_ms": 0.0, "build_execute_spec_ms": 0.019, "executor_ms": 15462.829, "finalize_ms": 0.0, "total_ms": 15462.848, "error_type": "", "error_message": "", "subprocess": {"decode_ms": 1.814, "worker_decode_ms": 1.814, "invoke_ms": 15410.871, "invoke_wrapper_ms": 0.353, "user_fn_ms": 15410.467, "encode_ms": 1.806, "worker_encode_result_ms": 1.806, "managed_globals_cache_hit": true, "managed_globals_ms": 0.015}, "queue_wait_ms": 48.338}
/opt/anaconda3/lib/python3.13/site-packages/flare_cores/cores.py:2508: FutureWarning: Series.__getitem__ treating keys as positions is deprecated. In a future version, integer keys will always be treated as labels (consistent with DataFrame behavior). To access a value by position, use `ser.iloc[pos]`
  if len(a) > 0 and np.isnan(a[0]):
2026-05-04 09:30:47,507 INFO pycloud_parallel.service_timing {"event": "task_pool_timing", "pool_id": "e2d39e33b8aa4d479bed8dffc1b90e37", "pool_name": "task-pool-28a6c0d994", "method": "get_fund_asset_ratio", "ok": true, "setup_ms": 0.0, "build_execute_spec_ms": 0.012, "executor_ms": 16969.44, "finalize_ms": 0.0, "total_ms": 16969.452, "error_type": "", "error_message": "", "subprocess": {"decode_ms": 0.809, "worker_decode_ms": 0.809, "invoke_ms": 16907.547, "invoke_wrapper_ms": 0.241, "user_fn_ms": 16907.263, "encode_ms": 1.869, "worker_encode_result_ms": 1.869, "managed_globals_cache_hit": true, "managed_globals_ms": 0.01}, "queue_wait_ms": 59.215}
2026-05-04 09:30:47,726 INFO pycloud_parallel.service_timing {"event": "task_pool_timing", "pool_id": "e2d39e33b8aa4d479bed8dffc1b90e37", "pool_name": "task-pool-28a6c0d994", "method": "get_fund_asset_ratio", "ok": true, "setup_ms": 0.0, "build_execute_spec_ms": 0.019, "executor_ms": 17187.719, "finalize_ms": 0.0, "total_ms": 17187.738, "error_type": "", "error_message": "", "subprocess": {"decode_ms": 1.336, "worker_decode_ms": 1.336, "invoke_ms": 17148.484, "invoke_wrapper_ms": 0.541, "user_fn_ms": 17147.904, "encode_ms": 1.507, "worker_encode_result_ms": 1.507, "managed_globals_cache_hit": true, "managed_globals_ms": 0.016}, "queue_wait_ms": 36.392}
/opt/anaconda3/lib/python3.13/site-packages/flare_cores/cores.py:2508: FutureWarning: Series.__getitem__ treating keys as positions is deprecated. In a future version, integer keys will always be treated as labels (consistent with DataFrame behavior). To access a value by position, use `ser.iloc[pos]`
  if len(a) > 0 and np.isnan(a[0]):
/opt/anaconda3/lib/python3.13/site-packages/flare_cores/cores.py:2508: FutureWarning: Series.__getitem__ treating keys as positions is deprecated. In a future version, integer keys will always be treated as labels (consistent with DataFrame behavior). To access a value by position, use `ser.iloc[pos]`
  if len(a) > 0 and np.isnan(a[0]):
2026-05-04 09:30:49,491 INFO pycloud_parallel.service_timing {"event": "task_pool_timing", "pool_id": "e2d39e33b8aa4d479bed8dffc1b90e37", "pool_name": "task-pool-28a6c0d994", "method": "get_fund_asset_ratio", "ok": true, "setup_ms": 0.0, "build_execute_spec_ms": 0.015, "executor_ms": 18954.591, "finalize_ms": 0.0, "total_ms": 18954.606, "error_type": "", "error_message": "", "subprocess": {"decode_ms": 0.821, "worker_decode_ms": 0.821, "invoke_ms": 18935.451, "invoke_wrapper_ms": 0.326, "user_fn_ms": 18935.091, "encode_ms": 1.422, "worker_encode_result_ms": 1.422, "managed_globals_cache_hit": true, "managed_globals_ms": 0.01}, "queue_wait_ms": 16.897}
/opt/anaconda3/lib/python3.13/site-packages/flare_cores/cores.py:2508: FutureWarning: Series.__getitem__ treating keys as positions is deprecated. In a future version, integer keys will always be treated as labels (consistent with DataFrame behavior). To access a value by position, use `ser.iloc[pos]`
  if len(a) > 0 and np.isnan(a[0]):
/opt/anaconda3/lib/python3.13/site-packages/flare_cores/cores.py:2508: FutureWarning: Series.__getitem__ treating keys as positions is deprecated. In a future version, integer keys will always be treated as labels (consistent with DataFrame behavior). To access a value by position, use `ser.iloc[pos]`
  if len(a) > 0 and np.isnan(a[0]):
2026-05-04 09:30:50,729 INFO pycloud_parallel.service_timing {"event": "task_pool_timing", "pool_id": "e2d39e33b8aa4d479bed8dffc1b90e37", "pool_name": "task-pool-28a6c0d994", "method": "get_fund_asset_ratio", "ok": true, "setup_ms": 0.0, "build_execute_spec_ms": 0.011, "executor_ms": 20191.812, "finalize_ms": 0.0, "total_ms": 20191.823, "error_type": "", "error_message": "", "subprocess": {"decode_ms": 1.139, "worker_decode_ms": 1.139, "invoke_ms": 20166.395, "invoke_wrapper_ms": 0.401, "user_fn_ms": 20165.95, "encode_ms": 2.315, "worker_encode_result_ms": 2.315, "managed_globals_cache_hit": true, "managed_globals_ms": 0.011}, "queue_wait_ms": 21.963}
2026-05-04 09:30:51,158 INFO pycloud_parallel.service_timing {"event": "task_pool_timing", "pool_id": "e2d39e33b8aa4d479bed8dffc1b90e37", "pool_name": "task-pool-28a6c0d994", "method": "get_fund_asset_ratio", "ok": true, "setup_ms": 0.0, "build_execute_spec_ms": 0.016, "executor_ms": 20620.594, "finalize_ms": 0.0, "total_ms": 20620.61, "error_type": "", "error_message": "", "subprocess": {"decode_ms": 0.889, "worker_decode_ms": 0.889, "invoke_ms": 20525.262, "invoke_wrapper_ms": 0.34, "user_fn_ms": 20524.875, "encode_ms": 1.445, "worker_encode_result_ms": 1.445, "managed_globals_cache_hit": true, "managed_globals_ms": 0.01}, "queue_wait_ms": 92.998}
/opt/anaconda3/lib/python3.13/site-packages/flare_cores/cores.py:2508: FutureWarning: Series.__getitem__ treating keys as positions is deprecated. In a future version, integer keys will always be treated as labels (consistent with DataFrame behavior). To access a value by position, use `ser.iloc[pos]`
  if len(a) > 0 and np.isnan(a[0]):
/opt/anaconda3/lib/python3.13/site-packages/flare_cores/cores.py:2508: FutureWarning: Series.__getitem__ treating keys as positions is deprecated. In a future version, integer keys will always be treated as labels (consistent with DataFrame behavior). To access a value by position, use `ser.iloc[pos]`
  if len(a) > 0 and np.isnan(a[0]):
/opt/anaconda3/lib/python3.13/site-packages/flare_cores/cores.py:2508: FutureWarning: Series.__getitem__ treating keys as positions is deprecated. In a future version, integer keys will always be treated as labels (consistent with DataFrame behavior). To access a value by position, use `ser.iloc[pos]`
  if len(a) > 0 and np.isnan(a[0]):
2026-05-04 09:30:54,215 INFO pycloud_parallel.service_timing {"event": "task_pool_timing", "pool_id": "e2d39e33b8aa4d479bed8dffc1b90e37", "pool_name": "task-pool-28a6c0d994", "method": "get_fund_asset_ratio", "ok": true, "setup_ms": 0.0, "build_execute_spec_ms": 0.024, "executor_ms": 23662.967, "finalize_ms": 0.0, "total_ms": 23662.991, "error_type": "", "error_message": "", "subprocess": {"decode_ms": 0.734, "worker_decode_ms": 0.734, "invoke_ms": 12211.344, "invoke_wrapper_ms": 0.14, "user_fn_ms": 12211.184, "encode_ms": 1.554, "worker_encode_result_ms": 1.554, "managed_globals_cache_hit": true, "managed_globals_ms": 0.009}, "queue_wait_ms": 11449.335}
2026-05-04 09:30:55,168 INFO pycloud_parallel.service_timing {"event": "task_pool_timing", "pool_id": "e2d39e33b8aa4d479bed8dffc1b90e37", "pool_name": "task-pool-28a6c0d994", "method": "get_fund_asset_ratio", "ok": true, "setup_ms": 0.0, "build_execute_spec_ms": 0.027, "executor_ms": 24608.002, "finalize_ms": 0.0, "total_ms": 24608.029, "error_type": "", "error_message": "", "subprocess": {"decode_ms": 0.768, "worker_decode_ms": 0.768, "invoke_ms": 10766.858, "invoke_wrapper_ms": 0.086, "user_fn_ms": 10766.75, "encode_ms": 1.488, "worker_encode_result_ms": 1.488, "managed_globals_cache_hit": true, "managed_globals_ms": 0.01}, "queue_wait_ms": 13838.888}
2026-05-04 09:30:55,807 INFO pycloud_parallel.service_timing {"event": "task_pool_timing", "pool_id": "e2d39e33b8aa4d479bed8dffc1b90e37", "pool_name": "task-pool-28a6c0d994", "method": "get_fund_asset_ratio", "ok": true, "setup_ms": 0.0, "build_execute_spec_ms": 0.055, "executor_ms": 25271.288, "finalize_ms": 0.0, "total_ms": 25271.343, "error_type": "", "error_message": "", "subprocess": {"decode_ms": 2.98, "worker_decode_ms": 2.98, "invoke_ms": 25212.247, "invoke_wrapper_ms": 0.27, "user_fn_ms": 25211.943, "encode_ms": 1.863, "worker_encode_result_ms": 1.863, "managed_globals_cache_hit": true, "managed_globals_ms": 0.01}, "queue_wait_ms": 54.198}
/opt/anaconda3/lib/python3.13/site-packages/flare_cores/cores.py:2508: FutureWarning: Series.__getitem__ treating keys as positions is deprecated. In a future version, integer keys will always be treated as labels (consistent with DataFrame behavior). To access a value by position, use `ser.iloc[pos]`
  if len(a) > 0 and np.isnan(a[0]):
2026-05-04 09:30:56,338 INFO pycloud_parallel.service_timing {"event": "task_pool_timing", "pool_id": "e2d39e33b8aa4d479bed8dffc1b90e37", "pool_name": "task-pool-28a6c0d994", "method": "get_fund_asset_ratio", "ok": true, "setup_ms": 0.0, "build_execute_spec_ms": 0.042, "executor_ms": 25760.871, "finalize_ms": 0.0, "total_ms": 25760.913, "error_type": "", "error_message": "", "subprocess": {"decode_ms": 0.686, "worker_decode_ms": 0.686, "invoke_ms": 10295.564, "invoke_wrapper_ms": 0.079, "user_fn_ms": 10295.467, "encode_ms": 1.129, "worker_encode_result_ms": 1.129, "managed_globals_cache_hit": true, "managed_globals_ms": 0.008}, "queue_wait_ms": 15463.492}
2026-05-04 09:30:56,339 INFO pycloud_parallel.service_timing {"event": "task_pool_timing", "pool_id": "e2d39e33b8aa4d479bed8dffc1b90e37", "pool_name": "task-pool-28a6c0d994", "method": "get_fund_asset_ratio", "ok": true, "setup_ms": 0.0, "build_execute_spec_ms": 0.022, "executor_ms": 25772.545, "finalize_ms": 0.0, "total_ms": 25772.567, "error_type": "", "error_message": "", "subprocess": {"decode_ms": 1.059, "worker_decode_ms": 1.059, "invoke_ms": 10825.055, "invoke_wrapper_ms": 0.135, "user_fn_ms": 10824.9, "encode_ms": 1.607, "worker_encode_result_ms": 1.607, "managed_globals_cache_hit": true, "managed_globals_ms": 0.012}, "queue_wait_ms": 14944.824}
/opt/anaconda3/lib/python3.13/site-packages/flare_cores/cores.py:2508: FutureWarning: Series.__getitem__ treating keys as positions is deprecated. In a future version, integer keys will always be treated as labels (consistent with DataFrame behavior). To access a value by position, use `ser.iloc[pos]`
  if len(a) > 0 and np.isnan(a[0]):
2026-05-04 09:30:56,869 INFO pycloud_parallel.service_timing {"event": "task_pool_timing", "pool_id": "e2d39e33b8aa4d479bed8dffc1b90e37", "pool_name": "task-pool-28a6c0d994", "method": "get_fund_asset_ratio", "ok": true, "setup_ms": 0.0, "build_execute_spec_ms": 0.072, "executor_ms": 14803.911, "finalize_ms": 0.0, "total_ms": 14803.983, "error_type": "", "error_message": "", "subprocess": {"decode_ms": 0.735, "worker_decode_ms": 0.735, "invoke_ms": 9084.1, "invoke_wrapper_ms": 0.093, "user_fn_ms": 9083.989, "encode_ms": 35.352, "worker_encode_result_ms": 35.352, "managed_globals_cache_hit": true, "managed_globals_ms": 0.009}, "queue_wait_ms": 5683.724}
/opt/anaconda3/lib/python3.13/site-packages/flare_cores/cores.py:2508: FutureWarning: Series.__getitem__ treating keys as positions is deprecated. In a future version, integer keys will always be treated as labels (consistent with DataFrame behavior). To access a value by position, use `ser.iloc[pos]`
  if len(a) > 0 and np.isnan(a[0]):
2026-05-04 09:30:57,241 INFO pycloud_parallel.service_timing {"event": "task_pool_timing", "pool_id": "e2d39e33b8aa4d479bed8dffc1b90e37", "pool_name": "task-pool-28a6c0d994", "method": "get_fund_asset_ratio", "ok": true, "setup_ms": 0.0, "build_execute_spec_ms": 0.053, "executor_ms": 12718.717, "finalize_ms": 0.0, "total_ms": 12718.77, "error_type": "", "error_message": "", "subprocess": {"decode_ms": 0.779, "worker_decode_ms": 0.779, "invoke_ms": 7709.452, "invoke_wrapper_ms": 0.092, "user_fn_ms": 7709.342, "encode_ms": 2.098, "worker_encode_result_ms": 2.098, "managed_globals_cache_hit": true, "managed_globals_ms": 0.01}, "queue_wait_ms": 5006.388}
/opt/anaconda3/lib/python3.13/site-packages/flare_cores/cores.py:2508: FutureWarning: Series.__getitem__ treating keys as positions is deprecated. In a future version, integer keys will always be treated as labels (consistent with DataFrame behavior). To access a value by position, use `ser.iloc[pos]`
  if len(a) > 0 and np.isnan(a[0]):
/opt/anaconda3/lib/python3.13/site-packages/flare_cores/cores.py:2508: FutureWarning: Series.__getitem__ treating keys as positions is deprecated. In a future version, integer keys will always be treated as labels (consistent with DataFrame behavior). To access a value by position, use `ser.iloc[pos]`
  if len(a) > 0 and np.isnan(a[0]):
/opt/anaconda3/lib/python3.13/site-packages/flare_cores/cores.py:2508: FutureWarning: Series.__getitem__ treating keys as positions is deprecated. In a future version, integer keys will always be treated as labels (consistent with DataFrame behavior). To access a value by position, use `ser.iloc[pos]`
  if len(a) > 0 and np.isnan(a[0]):
/opt/anaconda3/lib/python3.13/site-packages/flare_cores/cores.py:2508: FutureWarning: Series.__getitem__ treating keys as positions is deprecated. In a future version, integer keys will always be treated as labels (consistent with DataFrame behavior). To access a value by position, use `ser.iloc[pos]`
  if len(a) > 0 and np.isnan(a[0]):
2026-05-04 09:30:58,475 INFO pycloud_parallel.service_timing {"event": "task_pool_timing", "pool_id": "e2d39e33b8aa4d479bed8dffc1b90e37", "pool_name": "task-pool-28a6c0d994", "method": "get_fund_asset_ratio", "ok": true, "setup_ms": 0.0, "build_execute_spec_ms": 0.058, "executor_ms": 12432.429, "finalize_ms": 0.0, "total_ms": 12432.487, "error_type": "", "error_message": "", "subprocess": {"decode_ms": 1.517, "worker_decode_ms": 1.517, "invoke_ms": 7341.521, "invoke_wrapper_ms": 0.12, "user_fn_ms": 7341.383, "encode_ms": 1.561, "worker_encode_result_ms": 1.561, "managed_globals_cache_hit": true, "managed_globals_ms": 0.012}, "queue_wait_ms": 5087.83}
2026-05-04 09:30:59,114 INFO pycloud_parallel.service_timing {"event": "task_pool_timing", "pool_id": "e2d39e33b8aa4d479bed8dffc1b90e37", "pool_name": "task-pool-28a6c0d994", "method": "get_fund_asset_ratio", "ok": true, "setup_ms": 0.0, "build_execute_spec_ms": 0.064, "executor_ms": 13627.937, "finalize_ms": 0.0, "total_ms": 13628.001, "error_type": "", "error_message": "", "subprocess": {"decode_ms": 0.655, "worker_decode_ms": 0.655, "invoke_ms": 8374.842, "invoke_wrapper_ms": 0.079, "user_fn_ms": 8374.741, "encode_ms": 1.488, "worker_encode_result_ms": 1.488, "managed_globals_cache_hit": true, "managed_globals_ms": 0.008}, "queue_wait_ms": 5250.952}
2026-05-04 09:30:59,432 INFO pycloud_parallel.service_timing {"event": "task_pool_timing", "pool_id": "e2d39e33b8aa4d479bed8dffc1b90e37", "pool_name": "task-pool-28a6c0d994", "method": "get_fund_asset_ratio", "ok": true, "setup_ms": 0.0, "build_execute_spec_ms": 0.022, "executor_ms": 28847.816, "finalize_ms": 0.0, "total_ms": 28847.838, "error_type": "", "error_message": "", "subprocess": {"decode_ms": 0.821, "worker_decode_ms": 0.821, "invoke_ms": 11908.714, "invoke_wrapper_ms": 0.083, "user_fn_ms": 11908.611, "encode_ms": 2.541, "worker_encode_result_ms": 2.541, "managed_globals_cache_hit": true, "managed_globals_ms": 0.011}, "queue_wait_ms": 16935.74}
/opt/anaconda3/lib/python3.13/site-packages/flare_cores/cores.py:2508: FutureWarning: Series.__getitem__ treating keys as positions is deprecated. In a future version, integer keys will always be treated as labels (consistent with DataFrame behavior). To access a value by position, use `ser.iloc[pos]`
  if len(a) > 0 and np.isnan(a[0]):
/opt/anaconda3/lib/python3.13/site-packages/flare_cores/cores.py:2508: FutureWarning: Series.__getitem__ treating keys as positions is deprecated. In a future version, integer keys will always be treated as labels (consistent with DataFrame behavior). To access a value by position, use `ser.iloc[pos]`
  if len(a) > 0 and np.isnan(a[0]):
/opt/anaconda3/lib/python3.13/site-packages/flare_cores/cores.py:2508: FutureWarning: Series.__getitem__ treating keys as positions is deprecated. In a future version, integer keys will always be treated as labels (consistent with DataFrame behavior). To access a value by position, use `ser.iloc[pos]`
  if len(a) > 0 and np.isnan(a[0]):
2026-05-04 09:31:00,931 INFO pycloud_parallel.service_timing {"event": "task_pool_timing", "pool_id": "e2d39e33b8aa4d479bed8dffc1b90e37", "pool_name": "task-pool-28a6c0d994", "method": "get_fund_asset_ratio", "ok": true, "setup_ms": 0.0, "build_execute_spec_ms": 0.015, "executor_ms": 4577.301, "finalize_ms": 0.0, "total_ms": 4577.316, "error_type": "", "error_message": "", "subprocess": {"decode_ms": 0.798, "worker_decode_ms": 0.798, "invoke_ms": 1509.033, "invoke_wrapper_ms": 0.083, "user_fn_ms": 1508.931, "encode_ms": 1.72, "worker_encode_result_ms": 1.72, "managed_globals_cache_hit": true, "managed_globals_ms": 0.009}, "queue_wait_ms": 3065.75}
2026-05-04 09:31:01,091 INFO pycloud_parallel.service_timing {"event": "task_pool_timing", "pool_id": "e2d39e33b8aa4d479bed8dffc1b90e37", "pool_name": "task-pool-28a6c0d994", "method": "get_fund_asset_ratio", "ok": true, "setup_ms": 0.0, "build_execute_spec_ms": 0.058, "executor_ms": 6794.978, "finalize_ms": 0.0, "total_ms": 6795.036, "error_type": "", "error_message": "", "subprocess": {"decode_ms": 0.81, "worker_decode_ms": 0.81, "invoke_ms": 4189.663, "invoke_wrapper_ms": 0.077, "user_fn_ms": 4189.564, "encode_ms": 1.266, "worker_encode_result_ms": 1.266, "managed_globals_cache_hit": true, "managed_globals_ms": 0.009}, "queue_wait_ms": 2603.239}
/opt/anaconda3/lib/python3.13/site-packages/flare_cores/cores.py:2508: FutureWarning: Series.__getitem__ treating keys as positions is deprecated. In a future version, integer keys will always be treated as labels (consistent with DataFrame behavior). To access a value by position, use `ser.iloc[pos]`
  if len(a) > 0 and np.isnan(a[0]):
2026-05-04 09:31:01,305 INFO pycloud_parallel.service_timing {"event": "task_pool_timing", "pool_id": "e2d39e33b8aa4d479bed8dffc1b90e37", "pool_name": "task-pool-28a6c0d994", "method": "get_fund_asset_ratio", "ok": true, "setup_ms": 0.0, "build_execute_spec_ms": 0.056, "executor_ms": 13519.658, "finalize_ms": 0.0, "total_ms": 13519.714, "error_type": "", "error_message": "", "subprocess": {"decode_ms": 0.92, "worker_decode_ms": 0.92, "invoke_ms": 6092.455, "invoke_wrapper_ms": 0.063, "user_fn_ms": 6092.378, "encode_ms": 1.245, "worker_encode_result_ms": 1.245, "managed_globals_cache_hit": true, "managed_globals_ms": 0.006}, "queue_wait_ms": 7425.038}
/opt/anaconda3/lib/python3.13/site-packages/flare_cores/cores.py:2508: FutureWarning: Series.__getitem__ treating keys as positions is deprecated. In a future version, integer keys will always be treated as labels (consistent with DataFrame behavior). To access a value by position, use `ser.iloc[pos]`
  if len(a) > 0 and np.isnan(a[0]):
2026-05-04 09:31:01,411 INFO pycloud_parallel.service_timing {"event": "task_pool_timing", "pool_id": "e2d39e33b8aa4d479bed8dffc1b90e37", "pool_name": "task-pool-28a6c0d994", "method": "get_fund_asset_ratio", "ok": true, "setup_ms": 0.0, "build_execute_spec_ms": 0.052, "executor_ms": 5057.565, "finalize_ms": 0.0, "total_ms": 5057.617, "error_type": "", "error_message": "", "subprocess": {"decode_ms": 0.713, "worker_decode_ms": 0.713, "invoke_ms": 2307.212, "invoke_wrapper_ms": 0.072, "user_fn_ms": 2307.122, "encode_ms": 1.389, "worker_encode_result_ms": 1.389, "managed_globals_cache_hit": true, "managed_globals_ms": 0.008}, "queue_wait_ms": 2748.251}
/opt/anaconda3/lib/python3.13/site-packages/flare_cores/cores.py:2508: FutureWarning: Series.__getitem__ treating keys as positions is deprecated. In a future version, integer keys will always be treated as labels (consistent with DataFrame behavior). To access a value by position, use `ser.iloc[pos]`
  if len(a) > 0 and np.isnan(a[0]):
2026-05-04 09:31:01,519 INFO pycloud_parallel.service_timing {"event": "task_pool_timing", "pool_id": "e2d39e33b8aa4d479bed8dffc1b90e37", "pool_name": "task-pool-28a6c0d994", "method": "get_fund_asset_ratio", "ok": true, "setup_ms": 0.0, "build_execute_spec_ms": 0.055, "executor_ms": 6259.554, "finalize_ms": 0.0, "total_ms": 6259.609, "error_type": "", "error_message": "", "subprocess": {"decode_ms": 0.66, "worker_decode_ms": 0.66, "invoke_ms": 4234.798, "invoke_wrapper_ms": 0.063, "user_fn_ms": 4234.72, "encode_ms": 27.822, "worker_encode_result_ms": 27.822, "managed_globals_cache_hit": true, "managed_globals_ms": 0.008}, "queue_wait_ms": 1996.274}
/opt/anaconda3/lib/python3.13/site-packages/flare_cores/cores.py:2508: FutureWarning: Series.__getitem__ treating keys as positions is deprecated. In a future version, integer keys will always be treated as labels (consistent with DataFrame behavior). To access a value by position, use `ser.iloc[pos]`
  if len(a) > 0 and np.isnan(a[0]):
/opt/anaconda3/lib/python3.13/site-packages/flare_cores/cores.py:2508: FutureWarning: Series.__getitem__ treating keys as positions is deprecated. In a future version, integer keys will always be treated as labels (consistent with DataFrame behavior). To access a value by position, use `ser.iloc[pos]`
  if len(a) > 0 and np.isnan(a[0]):
2026-05-04 09:31:01,627 INFO pycloud_parallel.service_timing {"event": "task_pool_timing", "pool_id": "e2d39e33b8aa4d479bed8dffc1b90e37", "pool_name": "task-pool-28a6c0d994", "method": "get_fund_asset_ratio", "ok": true, "setup_ms": 0.0, "build_execute_spec_ms": 0.06, "executor_ms": 3113.56, "finalize_ms": 0.0, "total_ms": 3113.62, "error_type": "", "error_message": "", "subprocess": {"decode_ms": 0.679, "worker_decode_ms": 0.679, "invoke_ms": 319.351, "invoke_wrapper_ms": 0.064, "user_fn_ms": 319.269, "encode_ms": 7.627, "worker_encode_result_ms": 7.627, "managed_globals_cache_hit": true, "managed_globals_ms": 0.008}, "queue_wait_ms": 2785.903}
2026-05-04 09:31:01,628 INFO pycloud_parallel.service_timing {"event": "task_pool_timing", "pool_id": "e2d39e33b8aa4d479bed8dffc1b90e37", "pool_name": "task-pool-28a6c0d994", "method": "get_fund_asset_ratio", "ok": true, "setup_ms": 0.0, "build_execute_spec_ms": 0.061, "executor_ms": 4739.31, "finalize_ms": 0.0, "total_ms": 4739.371, "error_type": "", "error_message": "", "subprocess": {"decode_ms": 0.599, "worker_decode_ms": 0.599, "invoke_ms": 732.433, "invoke_wrapper_ms": 0.068, "user_fn_ms": 732.352, "encode_ms": 1.302, "worker_encode_result_ms": 1.302, "managed_globals_cache_hit": true, "managed_globals_ms": 0.005}, "queue_wait_ms": 4004.976}
/opt/anaconda3/lib/python3.13/site-packages/flare_cores/cores.py:2508: FutureWarning: Series.__getitem__ treating keys as positions is deprecated. In a future version, integer keys will always be treated as labels (consistent with DataFrame behavior). To access a value by position, use `ser.iloc[pos]`
  if len(a) > 0 and np.isnan(a[0]):
/opt/anaconda3/lib/python3.13/site-packages/flare_cores/cores.py:2508: FutureWarning: Series.__getitem__ treating keys as positions is deprecated. In a future version, integer keys will always be treated as labels (consistent with DataFrame behavior). To access a value by position, use `ser.iloc[pos]`
  if len(a) > 0 and np.isnan(a[0]):
/opt/anaconda3/lib/python3.13/site-packages/flare_cores/cores.py:2508: FutureWarning: Series.__getitem__ treating keys as positions is deprecated. In a future version, integer keys will always be treated as labels (consistent with DataFrame behavior). To access a value by position, use `ser.iloc[pos]`
  if len(a) > 0 and np.isnan(a[0]):
2026-05-04 09:31:01,682 INFO pycloud_parallel.service_timing {"event": "task_pool_timing", "pool_id": "e2d39e33b8aa4d479bed8dffc1b90e37", "pool_name": "task-pool-28a6c0d994", "method": "get_fund_asset_ratio", "ok": true, "setup_ms": 0.0, "build_execute_spec_ms": 0.056, "executor_ms": 2211.21, "finalize_ms": 0.0, "total_ms": 2211.266, "error_type": "", "error_message": "", "subprocess": {"decode_ms": 0.846, "worker_decode_ms": 0.846, "invoke_ms": 120.112, "invoke_wrapper_ms": 0.074, "user_fn_ms": 120.025, "encode_ms": 9.144, "worker_encode_result_ms": 9.144, "managed_globals_cache_hit": true, "managed_globals_ms": 0.01}, "queue_wait_ms": 2081.108}
2026-05-04 09:31:01,683 INFO pycloud_parallel.service_timing {"event": "task_pool_timing", "pool_id": "e2d39e33b8aa4d479bed8dffc1b90e37", "pool_name": "task-pool-28a6c0d994", "method": "get_fund_asset_ratio", "ok": true, "setup_ms": 0.0, "build_execute_spec_ms": 0.056, "executor_ms": 350.443, "finalize_ms": 0.0, "total_ms": 350.499, "error_type": "", "error_message": "", "subprocess": {"decode_ms": 0.936, "worker_decode_ms": 0.936, "invoke_ms": 33.741, "invoke_wrapper_ms": 0.073, "user_fn_ms": 33.654, "encode_ms": 0.723, "worker_encode_result_ms": 0.723, "managed_globals_cache_hit": true, "managed_globals_ms": 0.007}, "queue_wait_ms": 315.043}
2026-05-04 09:31:01,683 INFO pycloud_parallel.service_timing {"event": "task_pool_timing", "pool_id": "e2d39e33b8aa4d479bed8dffc1b90e37", "pool_name": "task-pool-28a6c0d994", "method": "get_fund_asset_ratio", "ok": true, "setup_ms": 0.0, "build_execute_spec_ms": 0.057, "executor_ms": 689.239, "finalize_ms": 0.0, "total_ms": 689.296, "error_type": "", "error_message": "", "subprocess": {"decode_ms": 0.883, "worker_decode_ms": 0.883, "invoke_ms": 63.756, "invoke_wrapper_ms": 0.084, "user_fn_ms": 63.656, "encode_ms": 1.066, "worker_encode_result_ms": 1.066, "managed_globals_cache_hit": true, "managed_globals_ms": 0.008}, "queue_wait_ms": 623.534}
2026-05-04 09:31:01,683 INFO pycloud_parallel.service_timing {"event": "task_pool_timing", "pool_id": "e2d39e33b8aa4d479bed8dffc1b90e37", "pool_name": "task-pool-28a6c0d994", "method": "get_fund_asset_ratio", "ok": true, "setup_ms": 0.0, "build_execute_spec_ms": 0.051, "executor_ms": 2533.742, "finalize_ms": 0.0, "total_ms": 2533.793, "error_type": "", "error_message": "", "subprocess": {"decode_ms": 1.018, "worker_decode_ms": 1.018, "invoke_ms": 279.694, "invoke_wrapper_ms": 0.203, "user_fn_ms": 279.479, "encode_ms": 0.902, "worker_encode_result_ms": 0.902, "managed_globals_cache_hit": true, "managed_globals_ms": 0.009}, "queue_wait_ms": 2252.128}
2026-05-04 09:31:01,736 INFO pycloud_parallel.service_timing {"event": "task_pool_timing", "pool_id": "e2d39e33b8aa4d479bed8dffc1b90e37", "pool_name": "task-pool-28a6c0d994", "method": "get_fund_asset_ratio", "ok": true, "setup_ms": 0.0, "build_execute_spec_ms": 0.083, "executor_ms": 626.635, "finalize_ms": 0.0, "total_ms": 626.718, "error_type": "", "error_message": "", "subprocess": {"decode_ms": 0.6, "worker_decode_ms": 0.6, "invoke_ms": 66.151, "invoke_wrapper_ms": 0.064, "user_fn_ms": 66.069, "encode_ms": 1.44, "worker_encode_result_ms": 1.44, "managed_globals_cache_hit": true, "managed_globals_ms": 0.007}, "queue_wait_ms": 558.444}
2026-05-04 09:31:01,736 INFO pycloud_parallel.service_timing {"event": "task_pool_timing", "pool_id": "e2d39e33b8aa4d479bed8dffc1b90e37", "pool_name": "task-pool-28a6c0d994", "method": "get_fund_asset_ratio", "ok": true, "setup_ms": 0.0, "build_execute_spec_ms": 0.051, "executor_ms": 14194.15, "finalize_ms": 0.0, "total_ms": 14194.201, "error_type": "", "error_message": "", "subprocess": {"decode_ms": 0.795, "worker_decode_ms": 0.795, "invoke_ms": 7528.857, "invoke_wrapper_ms": 0.074, "user_fn_ms": 7528.766, "encode_ms": 1.541, "worker_encode_result_ms": 1.541, "managed_globals_cache_hit": true, "managed_globals_ms": 0.008}, "queue_wait_ms": 6662.957}
2026-05-04 09:31:01,791 INFO pycloud_parallel.service_timing {"event": "task_pool_timing", "pool_id": "e2d39e33b8aa4d479bed8dffc1b90e37", "pool_name": "task-pool-28a6c0d994", "method": "get_fund_asset_ratio", "ok": true, "setup_ms": 0.0, "build_execute_spec_ms": 0.053, "executor_ms": 10573.491, "finalize_ms": 0.0, "total_ms": 10573.544, "error_type": "", "error_message": "", "subprocess": {"decode_ms": 0.835, "worker_decode_ms": 0.835, "invoke_ms": 5466.594, "invoke_wrapper_ms": 0.083, "user_fn_ms": 5466.493, "encode_ms": 1.431, "worker_encode_result_ms": 1.431, "managed_globals_cache_hit": true, "managed_globals_ms": 0.01}, "queue_wait_ms": 5104.631}
2026-05-04 09:31:01,791 INFO pycloud_parallel.service_timing {"event": "task_pool_timing", "pool_id": "e2d39e33b8aa4d479bed8dffc1b90e37", "pool_name": "task-pool-28a6c0d994", "method": "get_fund_asset_ratio", "ok": true, "setup_ms": 0.0, "build_execute_spec_ms": 0.064, "executor_ms": 4467.621, "finalize_ms": 0.0, "total_ms": 4467.685, "error_type": "", "error_message": "", "subprocess": {"decode_ms": 0.867, "worker_decode_ms": 0.867, "invoke_ms": 737.362, "invoke_wrapper_ms": 0.081, "user_fn_ms": 737.262, "encode_ms": 1.49, "worker_encode_result_ms": 1.49, "managed_globals_cache_hit": true, "managed_globals_ms": 0.008}, "queue_wait_ms": 3727.902}
2026-05-04 09:31:01,846 INFO pycloud_parallel.service_timing {"event": "task_pool_timing", "pool_id": "e2d39e33b8aa4d479bed8dffc1b90e37", "pool_name": "task-pool-28a6c0d994", "method": "get_fund_asset_ratio", "ok": true, "setup_ms": 0.0, "build_execute_spec_ms": 0.067, "executor_ms": 12242.807, "finalize_ms": 0.0, "total_ms": 12242.874, "error_type": "", "error_message": "", "subprocess": {"decode_ms": 0.707, "worker_decode_ms": 0.707, "invoke_ms": 6030.314, "invoke_wrapper_ms": 0.083, "user_fn_ms": 6030.218, "encode_ms": 1.019, "worker_encode_result_ms": 1.019, "managed_globals_cache_hit": true, "managed_globals_ms": 0.009}, "queue_wait_ms": 6210.767}
2026-05-04 09:31:01,847 INFO pycloud_parallel.service_timing {"event": "task_pool_timing", "pool_id": "e2d39e33b8aa4d479bed8dffc1b90e37", "pool_name": "task-pool-28a6c0d994", "method": "get_fund_asset_ratio", "ok": true, "setup_ms": 0.0, "build_execute_spec_ms": 0.057, "executor_ms": 11065.688, "finalize_ms": 0.0, "total_ms": 11065.745, "error_type": "", "error_message": "", "subprocess": {"decode_ms": 1.384, "worker_decode_ms": 1.384, "invoke_ms": 5556.564, "invoke_wrapper_ms": 0.083, "user_fn_ms": 5556.467, "encode_ms": 0.975, "worker_encode_result_ms": 0.975, "managed_globals_cache_hit": true, "managed_globals_ms": 0.01}, "queue_wait_ms": 5506.765}
2026-05-04 09:31:02,007 INFO pycloud_parallel.service_timing {"event": "task_pool_timing", "pool_id": "e2d39e33b8aa4d479bed8dffc1b90e37", "pool_name": "task-pool-28a6c0d994", "method": "get_fund_asset_ratio", "ok": true, "setup_ms": 0.0, "build_execute_spec_ms": 0.052, "executor_ms": 6094.637, "finalize_ms": 0.0, "total_ms": 6094.689, "error_type": "", "error_message": "", "subprocess": {"decode_ms": 0.645, "worker_decode_ms": 0.645, "invoke_ms": 3515.537, "invoke_wrapper_ms": 0.061, "user_fn_ms": 3515.464, "encode_ms": 0.722, "worker_encode_result_ms": 0.722, "managed_globals_cache_hit": true, "managed_globals_ms": 0.007}, "queue_wait_ms": 2577.733}
I0504 09:31:14.740874 7557431 fork_posix.cc:71] Other threads are currently calling into gRPC, skipping fork() handlers
I0504 09:31:14.747226 7557461 ev_poll_posix.cc:593] FD from fork parent still in poll list: fd(6, generation: 1)
I0504 09:31:14.747565 7557461 ev_poll_posix.cc:593] FD from fork parent still in poll list: fd(6, generation: 1)
I0504 09:31:14.747582 7557461 ev_poll_posix.cc:593] FD from fork parent still in poll list: fd(6, generation: 1)
I0504 09:31:14.747589 7557461 ev_poll_posix.cc:593] FD from fork parent still in poll list: fd(6, generation: 1)
I0504 09:31:14.747595 7557461 ev_poll_posix.cc:593] FD from fork parent still in poll list: fd(6, generation: 1)
I0504 09:31:14.747601 7557461 ev_poll_posix.cc:593] FD from fork parent still in poll list: fd(6, generation: 1)
I0504 09:31:14.747607 7557461 ev_poll_posix.cc:593] FD from fork parent still in poll list: fd(6, generation: 1)
I0504 09:31:14.747612 7557461 ev_poll_posix.cc:593] FD from fork parent still in poll list: fd(6, generation: 1)
I0504 09:31:14.747616 7557461 ev_poll_posix.cc:593] FD from fork parent still in poll list: fd(6, generation: 1)
I0504 09:31:14.747620 7557461 ev_poll_posix.cc:593] FD from fork parent still in poll list: fd(6, generation: 1)
I0504 09:31:14.747624 7557461 ev_poll_posix.cc:593] FD from fork parent still in poll list: fd(6, generation: 1)
I0504 09:31:14.747628 7557461 ev_poll_posix.cc:593] FD from fork parent still in poll list: fd(6, generation: 1)
I0504 09:31:14.747632 7557461 ev_poll_posix.cc:593] FD from fork parent still in poll list: fd(6, generation: 1)
I0504 09:31:14.747636 7557461 ev_poll_posix.cc:593] FD from fork parent still in poll list: fd(6, generation: 1)
I0504 09:31:14.747641 7557461 ev_poll_posix.cc:593] FD from fork parent still in poll list: fd(6, generation: 1)
I0504 09:31:14.747645 7557461 ev_poll_posix.cc:593] FD from fork parent still in poll list: fd(6, generation: 1)
I0504 09:31:14.747649 7557461 ev_poll_posix.cc:593] FD from fork parent still in poll list: fd(6, generation: 1)
I0504 09:31:14.747653 7557461 ev_poll_posix.cc:593] FD from fork parent still in poll list: fd(6, generation: 1)
I0504 09:31:14.747657 7557461 ev_poll_posix.cc:593] FD from fork parent still in poll list: fd(6, generation: 1)
I0504 09:31:14.747661 7557461 ev_poll_posix.cc:593] FD from fork parent still in poll list: fd(6, generation: 1)
I0504 09:31:14.747665 7557461 ev_poll_posix.cc:593] FD from fork parent still in poll list: fd(6, generation: 1)
I0504 09:31:14.747669 7557461 ev_poll_posix.cc:593] FD from fork parent still in poll list: fd(6, generation: 1)
I0504 09:31:14.747673 7557461 ev_poll_posix.cc:593] FD from fork parent still in poll list: fd(6, generation: 1)
I0504 09:31:14.747677 7557461 ev_poll_posix.cc:593] FD from fork parent still in poll list: fd(6, generation: 1)
I0504 09:31:14.747681 7557461 ev_poll_posix.cc:593] FD from fork parent still in poll list: fd(6, generation: 1)
I0504 09:31:14.747691 7557461 ev_poll_posix.cc:593] FD from fork parent still in poll list: fd(6, generation: 1)
I0504 09:31:14.747695 7557461 ev_poll_posix.cc:593] FD from fork parent still in poll list: fd(6, generation: 1)
I0504 09:31:14.747699 7557461 ev_poll_posix.cc:593] FD from fork parent still in poll list: fd(6, generation: 1)
I0504 09:31:14.747706 7557461 ev_poll_posix.cc:593] FD from fork parent still in poll list: fd(6, generation: 1)
I0504 09:31:14.747710 7557461 ev_poll_posix.cc:593] FD from fork parent still in poll list: fd(6, generation: 1)
I0504 09:31:14.747714 7557461 ev_poll_posix.cc:593] FD from fork parent still in poll list: fd(6, generation: 1)
I0504 09:31:14.747717 7557461 ev_poll_posix.cc:593] FD from fork parent still in poll list: fd(6, generation: 1)
I0504 09:31:14.747722 7557461 ev_poll_posix.cc:593] FD from fork parent still in poll list: fd(6, generation: 1)
I0504 09:31:14.747726 7557461 ev_poll_posix.cc:593] FD from fork parent still in poll list: fd(6, generation: 1)
I0504 09:31:14.747736 7557461 ev_poll_posix.cc:593] FD from fork parent still in poll list: fd(6, generation: 1)
I0504 09:31:14.747740 7557461 ev_poll_posix.cc:593] FD from fork parent still in poll list: fd(6, generation: 1)
I0504 09:31:14.747744 7557461 ev_poll_posix.cc:593] FD from fork parent still in poll list: fd(6, generation: 1)
I0504 09:31:14.747748 7557461 ev_poll_posix.cc:593] FD from fork parent still in poll list: fd(6, generation: 1)
I0504 09:31:14.747752 7557461 ev_poll_posix.cc:593] FD from fork parent still in poll list: fd(6, generation: 1)
/opt/anaconda3/lib/python3.13/site-packages/flare_cores/cores.py:2508: FutureWarning: Series.__getitem__ treating keys as positions is deprecated. In a future version, integer keys will always be treated as labels (consistent with DataFrame behavior). To access a value by position, use `ser.iloc[pos]`
  if len(a) > 0 and np.isnan(a[0]):
/opt/anaconda3/lib/python3.13/site-packages/flare_cores/cores.py:2508: FutureWarning: Series.__getitem__ treating keys as positions is deprecated. In a future version, integer keys will always be treated as labels (consistent with DataFrame behavior). To access a value by position, use `ser.iloc[pos]`
  if len(a) > 0 and np.isnan(a[0]):
/opt/anaconda3/lib/python3.13/site-packages/flare_cores/cores.py:2508: FutureWarning: Series.__getitem__ treating keys as positions is deprecated. In a future version, integer keys will always be treated as labels (consistent with DataFrame behavior). To access a value by position, use `ser.iloc[pos]`
  if len(a) > 0 and np.isnan(a[0]):
/opt/anaconda3/lib/python3.13/site-packages/flare_cores/cores.py:2508: FutureWarning: Series.__getitem__ treating keys as positions is deprecated. In a future version, integer keys will always be treated as labels (consistent with DataFrame behavior). To access a value by position, use `ser.iloc[pos]`
  if len(a) > 0 and np.isnan(a[0]):
/opt/anaconda3/lib/python3.13/site-packages/flare_cores/cores.py:2508: FutureWarning: Series.__getitem__ treating keys as positions is deprecated. In a future version, integer keys will always be treated as labels (consistent with DataFrame behavior). To access a value by position, use `ser.iloc[pos]`
  if len(a) > 0 and np.isnan(a[0]):
/opt/anaconda3/lib/python3.13/site-packages/flare_cores/cores.py:2508: FutureWarning: Series.__getitem__ treating keys as positions is deprecated. In a future version, integer keys will always be treated as labels (consistent with DataFrame behavior). To access a value by position, use `ser.iloc[pos]`
  if len(a) > 0 and np.isnan(a[0]):
/opt/anaconda3/lib/python3.13/site-packages/flare_cores/cores.py:2508: FutureWarning: Series.__getitem__ treating keys as positions is deprecated. In a future version, integer keys will always be treated as labels (consistent with DataFrame behavior). To access a value by position, use `ser.iloc[pos]`
  if len(a) > 0 and np.isnan(a[0]):
/opt/anaconda3/lib/python3.13/site-packages/flare_cores/cores.py:2508: FutureWarning: Series.__getitem__ treating keys as positions is deprecated. In a future version, integer keys will always be treated as labels (consistent with DataFrame behavior). To access a value by position, use `ser.iloc[pos]`
  if len(a) > 0 and np.isnan(a[0]):
/opt/anaconda3/lib/python3.13/site-packages/flare_cores/cores.py:2508: FutureWarning: Series.__getitem__ treating keys as positions is deprecated. In a future version, integer keys will always be treated as labels (consistent with DataFrame behavior). To access a value by position, use `ser.iloc[pos]`
  if len(a) > 0 and np.isnan(a[0]):
/opt/anaconda3/lib/python3.13/site-packages/flare_cores/cores.py:2508: FutureWarning: Series.__getitem__ treating keys as positions is deprecated. In a future version, integer keys will always be treated as labels (consistent with DataFrame behavior). To access a value by position, use `ser.iloc[pos]`
  if len(a) > 0 and np.isnan(a[0]):
2026-05-04 09:31:30,436 INFO pycloud_parallel.service_timing {"event": "task_pool_timing", "pool_id": "1391757721bd4851bab8c03b663e1b94", "pool_name": "task-pool-72c3aef8b3", "method": "get_fund_asset_ratio", "ok": true, "setup_ms": 0.0, "build_execute_spec_ms": 0.022, "executor_ms": 12223.565, "finalize_ms": 0.0, "total_ms": 12223.587, "error_type": "", "error_message": "", "subprocess": {"decode_ms": 1.599, "worker_decode_ms": 1.599, "invoke_ms": 12156.364, "invoke_wrapper_ms": 0.441, "user_fn_ms": 12155.884, "encode_ms": 1.388, "worker_encode_result_ms": 1.388, "managed_globals_cache_hit": true, "managed_globals_ms": 0.016}, "queue_wait_ms": 64.214}
2026-05-04 09:31:32,843 INFO pycloud_parallel.service_timing {"event": "task_pool_timing", "pool_id": "1391757721bd4851bab8c03b663e1b94", "pool_name": "task-pool-72c3aef8b3", "method": "get_fund_asset_ratio", "ok": true, "setup_ms": 0.0, "build_execute_spec_ms": 0.056, "executor_ms": 14631.956, "finalize_ms": 0.0, "total_ms": 14632.012, "error_type": "", "error_message": "", "subprocess": {"decode_ms": 1.236, "worker_decode_ms": 1.236, "invoke_ms": 14589.464, "invoke_wrapper_ms": 0.305, "user_fn_ms": 14589.121, "encode_ms": 1.649, "worker_encode_result_ms": 1.649, "managed_globals_cache_hit": true, "managed_globals_ms": 0.017}, "queue_wait_ms": 39.607}
/opt/anaconda3/lib/python3.13/site-packages/flare_cores/cores.py:2508: FutureWarning: Series.__getitem__ treating keys as positions is deprecated. In a future version, integer keys will always be treated as labels (consistent with DataFrame behavior). To access a value by position, use `ser.iloc[pos]`
  if len(a) > 0 and np.isnan(a[0]):
2026-05-04 09:31:34,030 INFO pycloud_parallel.service_timing {"event": "task_pool_timing", "pool_id": "1391757721bd4851bab8c03b663e1b94", "pool_name": "task-pool-72c3aef8b3", "method": "get_fund_asset_ratio", "ok": true, "setup_ms": 0.0, "build_execute_spec_ms": 0.019, "executor_ms": 15819.458, "finalize_ms": 0.0, "total_ms": 15819.477, "error_type": "", "error_message": "", "subprocess": {"decode_ms": 1.298, "worker_decode_ms": 1.298, "invoke_ms": 15795.82, "invoke_wrapper_ms": 0.34, "user_fn_ms": 15795.443, "encode_ms": 1.521, "worker_encode_result_ms": 1.521, "managed_globals_cache_hit": true, "managed_globals_ms": 0.013}, "queue_wait_ms": 20.819}
2026-05-04 09:31:34,408 INFO pycloud_parallel.service_timing {"event": "task_pool_timing", "pool_id": "1391757721bd4851bab8c03b663e1b94", "pool_name": "task-pool-72c3aef8b3", "method": "get_fund_asset_ratio", "ok": true, "setup_ms": 0.0, "build_execute_spec_ms": 0.017, "executor_ms": 16198.211, "finalize_ms": 0.0, "total_ms": 16198.228, "error_type": "", "error_message": "", "subprocess": {"decode_ms": 1.391, "worker_decode_ms": 1.391, "invoke_ms": 16147.193, "invoke_wrapper_ms": 0.334, "user_fn_ms": 16146.814, "encode_ms": 3.935, "worker_encode_result_ms": 3.935, "managed_globals_cache_hit": true, "managed_globals_ms": 0.014}, "queue_wait_ms": 45.692}
/opt/anaconda3/lib/python3.13/site-packages/flare_cores/cores.py:2508: FutureWarning: Series.__getitem__ treating keys as positions is deprecated. In a future version, integer keys will always be treated as labels (consistent with DataFrame behavior). To access a value by position, use `ser.iloc[pos]`
  if len(a) > 0 and np.isnan(a[0]):
2026-05-04 09:31:36,870 INFO pycloud_parallel.service_timing {"event": "task_pool_timing", "pool_id": "1391757721bd4851bab8c03b663e1b94", "pool_name": "task-pool-72c3aef8b3", "method": "get_fund_asset_ratio", "ok": true, "setup_ms": 0.0, "build_execute_spec_ms": 0.011, "executor_ms": 18660.723, "finalize_ms": 0.0, "total_ms": 18660.734, "error_type": "", "error_message": "", "subprocess": {"decode_ms": 1.067, "worker_decode_ms": 1.067, "invoke_ms": 18624.904, "invoke_wrapper_ms": 0.231, "user_fn_ms": 18624.623, "encode_ms": 4.587, "worker_encode_result_ms": 4.587, "managed_globals_cache_hit": true, "managed_globals_ms": 0.014}, "queue_wait_ms": 30.165}
2026-05-04 09:31:37,514 INFO pycloud_parallel.service_timing {"event": "task_pool_timing", "pool_id": "1391757721bd4851bab8c03b663e1b94", "pool_name": "task-pool-72c3aef8b3", "method": "get_fund_asset_ratio", "ok": true, "setup_ms": 0.0, "build_execute_spec_ms": 0.019, "executor_ms": 19304.981, "finalize_ms": 0.0, "total_ms": 19305.0, "error_type": "", "error_message": "", "subprocess": {"decode_ms": 0.917, "worker_decode_ms": 0.917, "invoke_ms": 19263.72, "invoke_wrapper_ms": 0.232, "user_fn_ms": 19263.453, "encode_ms": 1.843, "worker_encode_result_ms": 1.843, "managed_globals_cache_hit": true, "managed_globals_ms": 0.012}, "queue_wait_ms": 38.501}
/opt/anaconda3/lib/python3.13/site-packages/flare_cores/cores.py:2508: FutureWarning: Series.__getitem__ treating keys as positions is deprecated. In a future version, integer keys will always be treated as labels (consistent with DataFrame behavior). To access a value by position, use `ser.iloc[pos]`
  if len(a) > 0 and np.isnan(a[0]):
/opt/anaconda3/lib/python3.13/site-packages/flare_cores/cores.py:2508: FutureWarning: Series.__getitem__ treating keys as positions is deprecated. In a future version, integer keys will always be treated as labels (consistent with DataFrame behavior). To access a value by position, use `ser.iloc[pos]`
  if len(a) > 0 and np.isnan(a[0]):
2026-05-04 09:31:39,495 INFO pycloud_parallel.service_timing {"event": "task_pool_timing", "pool_id": "1391757721bd4851bab8c03b663e1b94", "pool_name": "task-pool-72c3aef8b3", "method": "get_fund_asset_ratio", "ok": true, "setup_ms": 0.0, "build_execute_spec_ms": 0.015, "executor_ms": 21287.247, "finalize_ms": 0.0, "total_ms": 21287.262, "error_type": "", "error_message": "", "subprocess": {"decode_ms": 0.887, "worker_decode_ms": 0.887, "invoke_ms": 21273.794, "invoke_wrapper_ms": 0.269, "user_fn_ms": 21273.49, "encode_ms": 1.615, "worker_encode_result_ms": 1.615, "managed_globals_cache_hit": true, "managed_globals_ms": 0.01}, "queue_wait_ms": 10.951}
/opt/anaconda3/lib/python3.13/site-packages/flare_cores/cores.py:2508: FutureWarning: Series.__getitem__ treating keys as positions is deprecated. In a future version, integer keys will always be treated as labels (consistent with DataFrame behavior). To access a value by position, use `ser.iloc[pos]`
  if len(a) > 0 and np.isnan(a[0]):
/opt/anaconda3/lib/python3.13/site-packages/flare_cores/cores.py:2508: FutureWarning: Series.__getitem__ treating keys as positions is deprecated. In a future version, integer keys will always be treated as labels (consistent with DataFrame behavior). To access a value by position, use `ser.iloc[pos]`
  if len(a) > 0 and np.isnan(a[0]):
2026-05-04 09:31:40,784 INFO pycloud_parallel.service_timing {"event": "task_pool_timing", "pool_id": "1391757721bd4851bab8c03b663e1b94", "pool_name": "task-pool-72c3aef8b3", "method": "get_fund_asset_ratio", "ok": true, "setup_ms": 0.0, "build_execute_spec_ms": 0.015, "executor_ms": 22575.642, "finalize_ms": 0.0, "total_ms": 22575.657, "error_type": "", "error_message": "", "subprocess": {"decode_ms": 0.959, "worker_decode_ms": 0.959, "invoke_ms": 22517.786, "invoke_wrapper_ms": 0.221, "user_fn_ms": 22517.524, "encode_ms": 2.146, "worker_encode_result_ms": 2.146, "managed_globals_cache_hit": true, "managed_globals_ms": 0.01}, "queue_wait_ms": 54.751}
2026-05-04 09:31:41,057 INFO pycloud_parallel.service_timing {"event": "task_pool_timing", "pool_id": "1391757721bd4851bab8c03b663e1b94", "pool_name": "task-pool-72c3aef8b3", "method": "get_fund_asset_ratio", "ok": true, "setup_ms": 0.0, "build_execute_spec_ms": 0.01, "executor_ms": 22849.223, "finalize_ms": 0.0, "total_ms": 22849.233, "error_type": "", "error_message": "", "subprocess": {"decode_ms": 0.762, "worker_decode_ms": 0.762, "invoke_ms": 22796.037, "invoke_wrapper_ms": 0.221, "user_fn_ms": 22795.782, "encode_ms": 1.383, "worker_encode_result_ms": 1.383, "managed_globals_cache_hit": true, "managed_globals_ms": 0.009}, "queue_wait_ms": 51.041}
/opt/anaconda3/lib/python3.13/site-packages/flare_cores/cores.py:2508: FutureWarning: Series.__getitem__ treating keys as positions is deprecated. In a future version, integer keys will always be treated as labels (consistent with DataFrame behavior). To access a value by position, use `ser.iloc[pos]`
  if len(a) > 0 and np.isnan(a[0]):
/opt/anaconda3/lib/python3.13/site-packages/flare_cores/cores.py:2508: FutureWarning: Series.__getitem__ treating keys as positions is deprecated. In a future version, integer keys will always be treated as labels (consistent with DataFrame behavior). To access a value by position, use `ser.iloc[pos]`
  if len(a) > 0 and np.isnan(a[0]):
/opt/anaconda3/lib/python3.13/site-packages/flare_cores/cores.py:2508: FutureWarning: Series.__getitem__ treating keys as positions is deprecated. In a future version, integer keys will always be treated as labels (consistent with DataFrame behavior). To access a value by position, use `ser.iloc[pos]`
  if len(a) > 0 and np.isnan(a[0]):
2026-05-04 09:31:44,820 INFO pycloud_parallel.service_timing {"event": "task_pool_timing", "pool_id": "1391757721bd4851bab8c03b663e1b94", "pool_name": "task-pool-72c3aef8b3", "method": "get_fund_asset_ratio", "ok": true, "setup_ms": 0.0, "build_execute_spec_ms": 0.025, "executor_ms": 26606.545, "finalize_ms": 0.0, "total_ms": 26606.57, "error_type": "", "error_message": "", "subprocess": {"decode_ms": 0.912, "worker_decode_ms": 0.912, "invoke_ms": 14384.537, "invoke_wrapper_ms": 0.092, "user_fn_ms": 14384.422, "encode_ms": 32.848, "worker_encode_result_ms": 32.848, "managed_globals_cache_hit": true, "managed_globals_ms": 0.011}, "queue_wait_ms": 12188.248}
2026-05-04 09:31:46,318 INFO pycloud_parallel.service_timing {"event": "task_pool_timing", "pool_id": "1391757721bd4851bab8c03b663e1b94", "pool_name": "task-pool-72c3aef8b3", "method": "get_fund_asset_ratio", "ok": true, "setup_ms": 0.0, "build_execute_spec_ms": 0.034, "executor_ms": 28101.028, "finalize_ms": 0.0, "total_ms": 28101.062, "error_type": "", "error_message": "", "subprocess": {"decode_ms": 0.816, "worker_decode_ms": 0.816, "invoke_ms": 13472.15, "invoke_wrapper_ms": 0.088, "user_fn_ms": 13472.034, "encode_ms": 2.149, "worker_encode_result_ms": 2.149, "managed_globals_cache_hit": true, "managed_globals_ms": 0.01}, "queue_wait_ms": 14625.913}
2026-05-04 09:31:46,531 INFO pycloud_parallel.service_timing {"event": "task_pool_timing", "pool_id": "1391757721bd4851bab8c03b663e1b94", "pool_name": "task-pool-72c3aef8b3", "method": "get_fund_asset_ratio", "ok": true, "setup_ms": 0.0, "build_execute_spec_ms": 0.051, "executor_ms": 28324.613, "finalize_ms": 0.0, "total_ms": 28324.664, "error_type": "", "error_message": "", "subprocess": {"decode_ms": 3.127, "worker_decode_ms": 3.127, "invoke_ms": 28274.05, "invoke_wrapper_ms": 0.251, "user_fn_ms": 28273.757, "encode_ms": 1.744, "worker_encode_result_ms": 1.744, "managed_globals_cache_hit": true, "managed_globals_ms": 0.008}, "queue_wait_ms": 45.692}
2026-05-04 09:31:47,015 INFO pycloud_parallel.service_timing {"event": "task_pool_timing", "pool_id": "1391757721bd4851bab8c03b663e1b94", "pool_name": "task-pool-72c3aef8b3", "method": "get_fund_asset_ratio", "ok": true, "setup_ms": 0.0, "build_execute_spec_ms": 0.014, "executor_ms": 28796.82, "finalize_ms": 0.0, "total_ms": 28796.834, "error_type": "", "error_message": "", "subprocess": {"decode_ms": 0.853, "worker_decode_ms": 0.853, "invoke_ms": 12606.284, "invoke_wrapper_ms": 0.1, "user_fn_ms": 12606.165, "encode_ms": 1.69, "worker_encode_result_ms": 1.69, "managed_globals_cache_hit": true, "managed_globals_ms": 0.01}, "queue_wait_ms": 16187.993}
/opt/anaconda3/lib/python3.13/site-packages/flare_cores/cores.py:2508: FutureWarning: Series.__getitem__ treating keys as positions is deprecated. In a future version, integer keys will always be treated as labels (consistent with DataFrame behavior). To access a value by position, use `ser.iloc[pos]`
  if len(a) > 0 and np.isnan(a[0]):
2026-05-04 09:31:47,701 INFO pycloud_parallel.service_timing {"event": "task_pool_timing", "pool_id": "1391757721bd4851bab8c03b663e1b94", "pool_name": "task-pool-72c3aef8b3", "method": "get_fund_asset_ratio", "ok": true, "setup_ms": 0.0, "build_execute_spec_ms": 0.019, "executor_ms": 29483.51, "finalize_ms": 0.0, "total_ms": 29483.529, "error_type": "", "error_message": "", "subprocess": {"decode_ms": 0.763, "worker_decode_ms": 0.763, "invoke_ms": 13658.466, "invoke_wrapper_ms": 0.092, "user_fn_ms": 13658.354, "encode_ms": 1.291, "worker_encode_result_ms": 1.291, "managed_globals_cache_hit": true, "managed_globals_ms": 0.009}, "queue_wait_ms": 15822.99}
/opt/anaconda3/lib/python3.13/site-packages/flare_cores/cores.py:2508: FutureWarning: Series.__getitem__ treating keys as positions is deprecated. In a future version, integer keys will always be treated as labels (consistent with DataFrame behavior). To access a value by position, use `ser.iloc[pos]`
  if len(a) > 0 and np.isnan(a[0]):
/opt/anaconda3/lib/python3.13/site-packages/flare_cores/cores.py:2508: FutureWarning: Series.__getitem__ treating keys as positions is deprecated. In a future version, integer keys will always be treated as labels (consistent with DataFrame behavior). To access a value by position, use `ser.iloc[pos]`
  if len(a) > 0 and np.isnan(a[0]):
2026-05-04 09:31:48,337 INFO pycloud_parallel.service_timing {"event": "task_pool_timing", "pool_id": "1391757721bd4851bab8c03b663e1b94", "pool_name": "task-pool-72c3aef8b3", "method": "get_fund_asset_ratio", "ok": true, "setup_ms": 0.0, "build_execute_spec_ms": 0.06, "executor_ms": 15440.506, "finalize_ms": 0.0, "total_ms": 15440.566, "error_type": "", "error_message": "", "subprocess": {"decode_ms": 0.735, "worker_decode_ms": 0.735, "invoke_ms": 8819.435, "invoke_wrapper_ms": 0.085, "user_fn_ms": 8819.319, "encode_ms": 2.362, "worker_encode_result_ms": 2.362, "managed_globals_cache_hit": true, "managed_globals_ms": 0.01}, "queue_wait_ms": 6617.974}
2026-05-04 09:31:48,443 INFO pycloud_parallel.service_timing {"event": "task_pool_timing", "pool_id": "1391757721bd4851bab8c03b663e1b94", "pool_name": "task-pool-72c3aef8b3", "method": "get_fund_asset_ratio", "ok": true, "setup_ms": 0.0, "build_execute_spec_ms": 0.067, "executor_ms": 17926.948, "finalize_ms": 0.0, "total_ms": 17927.015, "error_type": "", "error_message": "", "subprocess": {"decode_ms": 0.738, "worker_decode_ms": 0.738, "invoke_ms": 10935.594, "invoke_wrapper_ms": 0.094, "user_fn_ms": 10935.414, "encode_ms": 2.6, "worker_encode_result_ms": 2.6, "managed_globals_cache_hit": true, "managed_globals_ms": 0.01}, "queue_wait_ms": 6988.016}
/opt/anaconda3/lib/python3.13/site-packages/flare_cores/cores.py:2508: FutureWarning: Series.__getitem__ treating keys as positions is deprecated. In a future version, integer keys will always be treated as labels (consistent with DataFrame behavior). To access a value by position, use `ser.iloc[pos]`
  if len(a) > 0 and np.isnan(a[0]):
/opt/anaconda3/lib/python3.13/site-packages/flare_cores/cores.py:2508: FutureWarning: Series.__getitem__ treating keys as positions is deprecated. In a future version, integer keys will always be treated as labels (consistent with DataFrame behavior). To access a value by position, use `ser.iloc[pos]`
  if len(a) > 0 and np.isnan(a[0]):
/opt/anaconda3/lib/python3.13/site-packages/flare_cores/cores.py:2508: FutureWarning: Series.__getitem__ treating keys as positions is deprecated. In a future version, integer keys will always be treated as labels (consistent with DataFrame behavior). To access a value by position, use `ser.iloc[pos]`
  if len(a) > 0 and np.isnan(a[0]):
/opt/anaconda3/lib/python3.13/site-packages/flare_cores/cores.py:2508: FutureWarning: Series.__getitem__ treating keys as positions is deprecated. In a future version, integer keys will always be treated as labels (consistent with DataFrame behavior). To access a value by position, use `ser.iloc[pos]`
  if len(a) > 0 and np.isnan(a[0]):
2026-05-04 09:31:49,674 INFO pycloud_parallel.service_timing {"event": "task_pool_timing", "pool_id": "1391757721bd4851bab8c03b663e1b94", "pool_name": "task-pool-72c3aef8b3", "method": "get_fund_asset_ratio", "ok": true, "setup_ms": 0.0, "build_execute_spec_ms": 0.064, "executor_ms": 15223.582, "finalize_ms": 0.0, "total_ms": 15223.646, "error_type": "", "error_message": "", "subprocess": {"decode_ms": 0.731, "worker_decode_ms": 0.731, "invoke_ms": 8601.046, "invoke_wrapper_ms": 0.079, "user_fn_ms": 8600.943, "encode_ms": 15.87, "worker_encode_result_ms": 15.87, "managed_globals_cache_hit": true, "managed_globals_ms": 0.012}, "queue_wait_ms": 6605.935}
2026-05-04 09:31:49,997 INFO pycloud_parallel.service_timing {"event": "task_pool_timing", "pool_id": "1391757721bd4851bab8c03b663e1b94", "pool_name": "task-pool-72c3aef8b3", "method": "get_fund_asset_ratio", "ok": true, "setup_ms": 0.0, "build_execute_spec_ms": 0.011, "executor_ms": 31778.624, "finalize_ms": 0.0, "total_ms": 31778.635, "error_type": "", "error_message": "", "subprocess": {"decode_ms": 1.128, "worker_decode_ms": 1.128, "invoke_ms": 13113.107, "invoke_wrapper_ms": 0.127, "user_fn_ms": 13112.96, "encode_ms": 1.371, "worker_encode_result_ms": 1.371, "managed_globals_cache_hit": true, "managed_globals_ms": 0.016}, "queue_wait_ms": 18663.018}
2026-05-04 09:31:50,311 INFO pycloud_parallel.service_timing {"event": "task_pool_timing", "pool_id": "1391757721bd4851bab8c03b663e1b94", "pool_name": "task-pool-72c3aef8b3", "method": "get_fund_asset_ratio", "ok": true, "setup_ms": 0.0, "build_execute_spec_ms": 0.06, "executor_ms": 16217.78, "finalize_ms": 0.0, "total_ms": 16217.84, "error_type": "", "error_message": "", "subprocess": {"decode_ms": 0.898, "worker_decode_ms": 0.898, "invoke_ms": 9530.949, "invoke_wrapper_ms": 0.092, "user_fn_ms": 9530.823, "encode_ms": 3.089, "worker_encode_result_ms": 3.089, "managed_globals_cache_hit": true, "managed_globals_ms": 0.016}, "queue_wait_ms": 6682.844}
/opt/anaconda3/lib/python3.13/site-packages/flare_cores/cores.py:2508: FutureWarning: Series.__getitem__ treating keys as positions is deprecated. In a future version, integer keys will always be treated as labels (consistent with DataFrame behavior). To access a value by position, use `ser.iloc[pos]`
  if len(a) > 0 and np.isnan(a[0]):
/opt/anaconda3/lib/python3.13/site-packages/flare_cores/cores.py:2508: FutureWarning: Series.__getitem__ treating keys as positions is deprecated. In a future version, integer keys will always be treated as labels (consistent with DataFrame behavior). To access a value by position, use `ser.iloc[pos]`
  if len(a) > 0 and np.isnan(a[0]):
/opt/anaconda3/lib/python3.13/site-packages/flare_cores/cores.py:2508: FutureWarning: Series.__getitem__ treating keys as positions is deprecated. In a future version, integer keys will always be treated as labels (consistent with DataFrame behavior). To access a value by position, use `ser.iloc[pos]`
  if len(a) > 0 and np.isnan(a[0]):
2026-05-04 09:31:51,865 INFO pycloud_parallel.service_timing {"event": "task_pool_timing", "pool_id": "1391757721bd4851bab8c03b663e1b94", "pool_name": "task-pool-72c3aef8b3", "method": "get_fund_asset_ratio", "ok": true, "setup_ms": 0.0, "build_execute_spec_ms": 0.056, "executor_ms": 4058.507, "finalize_ms": 0.0, "total_ms": 4058.563, "error_type": "", "error_message": "", "subprocess": {"decode_ms": 1.235, "worker_decode_ms": 1.235, "invoke_ms": 1499.071, "invoke_wrapper_ms": 0.098, "user_fn_ms": 1498.945, "encode_ms": 1.461, "worker_encode_result_ms": 1.461, "managed_globals_cache_hit": true, "managed_globals_ms": 0.012}, "queue_wait_ms": 2556.74}
/opt/anaconda3/lib/python3.13/site-packages/flare_cores/cores.py:2508: FutureWarning: Series.__getitem__ treating keys as positions is deprecated. In a future version, integer keys will always be treated as labels (consistent with DataFrame behavior). To access a value by position, use `ser.iloc[pos]`
  if len(a) > 0 and np.isnan(a[0]):
2026-05-04 09:31:52,351 INFO pycloud_parallel.service_timing {"event": "task_pool_timing", "pool_id": "1391757721bd4851bab8c03b663e1b94", "pool_name": "task-pool-72c3aef8b3", "method": "get_fund_asset_ratio", "ok": true, "setup_ms": 0.0, "build_execute_spec_ms": 0.056, "executor_ms": 5315.3, "finalize_ms": 0.0, "total_ms": 5315.356, "error_type": "", "error_message": "", "subprocess": {"decode_ms": 0.784, "worker_decode_ms": 0.784, "invoke_ms": 2343.002, "invoke_wrapper_ms": 0.078, "user_fn_ms": 2342.907, "encode_ms": 1.143, "worker_encode_result_ms": 1.143, "managed_globals_cache_hit": true, "managed_globals_ms": 0.008}, "queue_wait_ms": 2970.371}
/opt/anaconda3/lib/python3.13/site-packages/flare_cores/cores.py:2508: FutureWarning: Series.__getitem__ treating keys as positions is deprecated. In a future version, integer keys will always be treated as labels (consistent with DataFrame behavior). To access a value by position, use `ser.iloc[pos]`
  if len(a) > 0 and np.isnan(a[0]):
2026-05-04 09:31:52,673 INFO pycloud_parallel.service_timing {"event": "task_pool_timing", "pool_id": "1391757721bd4851bab8c03b663e1b94", "pool_name": "task-pool-72c3aef8b3", "method": "get_fund_asset_ratio", "ok": true, "setup_ms": 0.0, "build_execute_spec_ms": 0.057, "executor_ms": 4323.043, "finalize_ms": 0.0, "total_ms": 4323.1, "error_type": "", "error_message": "", "subprocess": {"decode_ms": 1.104, "worker_decode_ms": 1.104, "invoke_ms": 834.423, "invoke_wrapper_ms": 0.093, "user_fn_ms": 834.313, "encode_ms": 1.722, "worker_encode_result_ms": 1.722, "managed_globals_cache_hit": true, "managed_globals_ms": 0.009}, "queue_wait_ms": 3485.794}
2026-05-04 09:31:52,782 INFO pycloud_parallel.service_timing {"event": "task_pool_timing", "pool_id": "1391757721bd4851bab8c03b663e1b94", "pool_name": "task-pool-72c3aef8b3", "method": "get_fund_asset_ratio", "ok": true, "setup_ms": 0.0, "build_execute_spec_ms": 0.066, "executor_ms": 6423.133, "finalize_ms": 0.0, "total_ms": 6423.199, "error_type": "", "error_message": "", "subprocess": {"decode_ms": 0.886, "worker_decode_ms": 0.886, "invoke_ms": 4285.301, "invoke_wrapper_ms": 0.078, "user_fn_ms": 4285.206, "encode_ms": 1.265, "worker_encode_result_ms": 1.265, "managed_globals_cache_hit": true, "managed_globals_ms": 0.011}, "queue_wait_ms": 2135.681}
2026-05-04 09:31:52,837 INFO pycloud_parallel.service_timing {"event": "task_pool_timing", "pool_id": "1391757721bd4851bab8c03b663e1b94", "pool_name": "task-pool-72c3aef8b3", "method": "get_fund_asset_ratio", "ok": true, "setup_ms": 0.0, "build_execute_spec_ms": 0.063, "executor_ms": 7903.798, "finalize_ms": 0.0, "total_ms": 7903.861, "error_type": "", "error_message": "", "subprocess": {"decode_ms": 1.764, "worker_decode_ms": 1.764, "invoke_ms": 4460.007, "invoke_wrapper_ms": 0.083, "user_fn_ms": 4459.909, "encode_ms": 1.165, "worker_encode_result_ms": 1.165, "managed_globals_cache_hit": true, "managed_globals_ms": 0.012}, "queue_wait_ms": 3440.862}
/opt/anaconda3/lib/python3.13/site-packages/flare_cores/cores.py:2508: FutureWarning: Series.__getitem__ treating keys as positions is deprecated. In a future version, integer keys will always be treated as labels (consistent with DataFrame behavior). To access a value by position, use `ser.iloc[pos]`
  if len(a) > 0 and np.isnan(a[0]):
/opt/anaconda3/lib/python3.13/site-packages/flare_cores/cores.py:2508: FutureWarning: Series.__getitem__ treating keys as positions is deprecated. In a future version, integer keys will always be treated as labels (consistent with DataFrame behavior). To access a value by position, use `ser.iloc[pos]`
  if len(a) > 0 and np.isnan(a[0]):
/opt/anaconda3/lib/python3.13/site-packages/flare_cores/cores.py:2508: FutureWarning: Series.__getitem__ treating keys as positions is deprecated. In a future version, integer keys will always be treated as labels (consistent with DataFrame behavior). To access a value by position, use `ser.iloc[pos]`
  if len(a) > 0 and np.isnan(a[0]):
2026-05-04 09:31:52,998 INFO pycloud_parallel.service_timing {"event": "task_pool_timing", "pool_id": "1391757721bd4851bab8c03b663e1b94", "pool_name": "task-pool-72c3aef8b3", "method": "get_fund_asset_ratio", "ok": true, "setup_ms": 0.0, "build_execute_spec_ms": 0.048, "executor_ms": 2642.643, "finalize_ms": 0.0, "total_ms": 2642.691, "error_type": "", "error_message": "", "subprocess": {"decode_ms": 0.597, "worker_decode_ms": 0.597, "invoke_ms": 200.966, "invoke_wrapper_ms": 0.063, "user_fn_ms": 200.887, "encode_ms": 1.497, "worker_encode_result_ms": 1.497, "managed_globals_cache_hit": true, "managed_globals_ms": 0.006}, "queue_wait_ms": 2439.583}
/opt/anaconda3/lib/python3.13/site-packages/flare_cores/cores.py:2508: FutureWarning: Series.__getitem__ treating keys as positions is deprecated. In a future version, integer keys will always be treated as labels (consistent with DataFrame behavior). To access a value by position, use `ser.iloc[pos]`
  if len(a) > 0 and np.isnan(a[0]):
/opt/anaconda3/lib/python3.13/site-packages/flare_cores/cores.py:2508: FutureWarning: Series.__getitem__ treating keys as positions is deprecated. In a future version, integer keys will always be treated as labels (consistent with DataFrame behavior). To access a value by position, use `ser.iloc[pos]`
  if len(a) > 0 and np.isnan(a[0]):
2026-05-04 09:31:53,108 INFO pycloud_parallel.service_timing {"event": "task_pool_timing", "pool_id": "1391757721bd4851bab8c03b663e1b94", "pool_name": "task-pool-72c3aef8b3", "method": "get_fund_asset_ratio", "ok": true, "setup_ms": 0.0, "build_execute_spec_ms": 0.057, "executor_ms": 13516.981, "finalize_ms": 0.0, "total_ms": 13517.038, "error_type": "", "error_message": "", "subprocess": {"decode_ms": 0.865, "worker_decode_ms": 0.865, "invoke_ms": 6533.544, "invoke_wrapper_ms": 0.08, "user_fn_ms": 6533.441, "encode_ms": 1.151, "worker_encode_result_ms": 1.151, "managed_globals_cache_hit": true, "managed_globals_ms": 0.014}, "queue_wait_ms": 6981.421}
2026-05-04 09:31:53,108 INFO pycloud_parallel.service_timing {"event": "task_pool_timing", "pool_id": "1391757721bd4851bab8c03b663e1b94", "pool_name": "task-pool-72c3aef8b3", "method": "get_fund_asset_ratio", "ok": true, "setup_ms": 0.0, "build_execute_spec_ms": 0.063, "executor_ms": 3407.435, "finalize_ms": 0.0, "total_ms": 3407.498, "error_type": "", "error_message": "", "subprocess": {"decode_ms": 0.786, "worker_decode_ms": 0.786, "invoke_ms": 405.072, "invoke_wrapper_ms": 0.076, "user_fn_ms": 404.987, "encode_ms": 0.886, "worker_encode_result_ms": 0.886, "managed_globals_cache_hit": true, "managed_globals_ms": 0.008}, "queue_wait_ms": 3000.691}
2026-05-04 09:31:53,109 INFO pycloud_parallel.service_timing {"event": "task_pool_timing", "pool_id": "1391757721bd4851bab8c03b663e1b94", "pool_name": "task-pool-72c3aef8b3", "method": "get_fund_asset_ratio", "ok": true, "setup_ms": 0.0, "build_execute_spec_ms": 0.053, "executor_ms": 3080.64, "finalize_ms": 0.0, "total_ms": 3080.693, "error_type": "", "error_message": "", "subprocess": {"decode_ms": 0.849, "worker_decode_ms": 0.849, "invoke_ms": 336.119, "invoke_wrapper_ms": 0.078, "user_fn_ms": 336.023, "encode_ms": 12.499, "worker_encode_result_ms": 12.499, "managed_globals_cache_hit": true, "managed_globals_ms": 0.01}, "queue_wait_ms": 2731.173}
2026-05-04 09:31:53,109 INFO pycloud_parallel.service_timing {"event": "task_pool_timing", "pool_id": "1391757721bd4851bab8c03b663e1b94", "pool_name": "task-pool-72c3aef8b3", "method": "get_fund_asset_ratio", "ok": true, "setup_ms": 0.0, "build_execute_spec_ms": 0.049, "executor_ms": 1237.246, "finalize_ms": 0.0, "total_ms": 1237.295, "error_type": "", "error_message": "", "subprocess": {"decode_ms": 0.568, "worker_decode_ms": 0.568, "invoke_ms": 110.436, "invoke_wrapper_ms": 0.189, "user_fn_ms": 110.23, "encode_ms": 2.032, "worker_encode_result_ms": 2.032, "managed_globals_cache_hit": true, "managed_globals_ms": 0.007}, "queue_wait_ms": 1124.21}
2026-05-04 09:31:53,164 INFO pycloud_parallel.service_timing {"event": "task_pool_timing", "pool_id": "1391757721bd4851bab8c03b663e1b94", "pool_name": "task-pool-72c3aef8b3", "method": "get_fund_asset_ratio", "ok": true, "setup_ms": 0.0, "build_execute_spec_ms": 0.049, "executor_ms": 732.872, "finalize_ms": 0.0, "total_ms": 732.921, "error_type": "", "error_message": "", "subprocess": {"decode_ms": 0.72, "worker_decode_ms": 0.72, "invoke_ms": 41.805, "invoke_wrapper_ms": 0.071, "user_fn_ms": 41.717, "encode_ms": 0.927, "worker_encode_result_ms": 0.927, "managed_globals_cache_hit": true, "managed_globals_ms": 0.008}, "queue_wait_ms": 689.42}
2026-05-04 09:31:53,164 INFO pycloud_parallel.service_timing {"event": "task_pool_timing", "pool_id": "1391757721bd4851bab8c03b663e1b94", "pool_name": "task-pool-72c3aef8b3", "method": "get_fund_asset_ratio", "ok": true, "setup_ms": 0.0, "build_execute_spec_ms": 0.064, "executor_ms": 4691.493, "finalize_ms": 0.0, "total_ms": 4691.557, "error_type": "", "error_message": "", "subprocess": {"decode_ms": 0.692, "worker_decode_ms": 0.692, "invoke_ms": 845.815, "invoke_wrapper_ms": 0.078, "user_fn_ms": 845.709, "encode_ms": 1.505, "worker_encode_result_ms": 1.505, "managed_globals_cache_hit": true, "managed_globals_ms": 0.008}, "queue_wait_ms": 3843.481}
2026-05-04 09:31:53,219 INFO pycloud_parallel.service_timing {"event": "task_pool_timing", "pool_id": "1391757721bd4851bab8c03b663e1b94", "pool_name": "task-pool-72c3aef8b3", "method": "get_fund_asset_ratio", "ok": true, "setup_ms": 0.0, "build_execute_spec_ms": 0.055, "executor_ms": 12409.25, "finalize_ms": 0.0, "total_ms": 12409.305, "error_type": "", "error_message": "", "subprocess": {"decode_ms": 0.921, "worker_decode_ms": 0.921, "invoke_ms": 6183.225, "invoke_wrapper_ms": 0.084, "user_fn_ms": 6183.117, "encode_ms": 2.047, "worker_encode_result_ms": 2.047, "managed_globals_cache_hit": true, "managed_globals_ms": 0.01}, "queue_wait_ms": 6223.057}
2026-05-04 09:31:53,274 INFO pycloud_parallel.service_timing {"event": "task_pool_timing", "pool_id": "1391757721bd4851bab8c03b663e1b94", "pool_name": "task-pool-72c3aef8b3", "method": "get_fund_asset_ratio", "ok": true, "setup_ms": 0.0, "build_execute_spec_ms": 0.055, "executor_ms": 12126.394, "finalize_ms": 0.0, "total_ms": 12126.449, "error_type": "", "error_message": "", "subprocess": {"decode_ms": 0.745, "worker_decode_ms": 0.745, "invoke_ms": 5541.92, "invoke_wrapper_ms": 0.066, "user_fn_ms": 5541.841, "encode_ms": 1.019, "worker_encode_result_ms": 1.019, "managed_globals_cache_hit": true, "managed_globals_ms": 0.009}, "queue_wait_ms": 6582.71}
2026-05-04 09:31:53,274 INFO pycloud_parallel.service_timing {"event": "task_pool_timing", "pool_id": "1391757721bd4851bab8c03b663e1b94", "pool_name": "task-pool-72c3aef8b3", "method": "get_fund_asset_ratio", "ok": true, "setup_ms": 0.0, "build_execute_spec_ms": 0.118, "executor_ms": 16324.652, "finalize_ms": 0.0, "total_ms": 16324.77, "error_type": "", "error_message": "", "subprocess": {"decode_ms": 0.852, "worker_decode_ms": 0.852, "invoke_ms": 8455.973, "invoke_wrapper_ms": 0.081, "user_fn_ms": 8455.878, "encode_ms": 1.256, "worker_encode_result_ms": 1.256, "managed_globals_cache_hit": true, "managed_globals_ms": 0.009}, "queue_wait_ms": 7866.571}
2026-05-04 09:31:53,383 INFO pycloud_parallel.service_timing {"event": "task_pool_timing", "pool_id": "1391757721bd4851bab8c03b663e1b94", "pool_name": "task-pool-72c3aef8b3", "method": "get_fund_asset_ratio", "ok": true, "setup_ms": 0.0, "build_execute_spec_ms": 0.061, "executor_ms": 15765.592, "finalize_ms": 0.0, "total_ms": 15765.653, "error_type": "", "error_message": "", "subprocess": {"decode_ms": 0.9, "worker_decode_ms": 0.9, "invoke_ms": 7047.079, "invoke_wrapper_ms": 0.086, "user_fn_ms": 7046.978, "encode_ms": 1.077, "worker_encode_result_ms": 1.077, "managed_globals_cache_hit": true, "managed_globals_ms": 0.01}, "queue_wait_ms": 8716.536}
2026-05-04 09:31:53,437 INFO pycloud_parallel.service_timing {"event": "task_pool_timing", "pool_id": "1391757721bd4851bab8c03b663e1b94", "pool_name": "task-pool-72c3aef8b3", "method": "get_fund_asset_ratio", "ok": true, "setup_ms": 0.0, "build_execute_spec_ms": 0.063, "executor_ms": 6848.311, "finalize_ms": 0.0, "total_ms": 6848.374, "error_type": "", "error_message": "", "subprocess": {"decode_ms": 1.338, "worker_decode_ms": 1.338, "invoke_ms": 3746.763, "invoke_wrapper_ms": 0.107, "user_fn_ms": 3746.634, "encode_ms": 1.55, "worker_encode_result_ms": 1.55, "managed_globals_cache_hit": true, "managed_globals_ms": 0.015}, "queue_wait_ms": 3098.66}
I0504 09:51:06.550958 7556084 fork_posix.cc:71] Other threads are currently calling into gRPC, skipping fork() handlers
I0504 09:51:06.555350 7586448 ev_poll_posix.cc:593] FD from fork parent still in poll list: fd(3, generation: 1)
I0504 09:51:06.555437 7586448 ev_poll_posix.cc:593] FD from fork parent still in poll list: fd(6, generation: 1)
2026-05-04 09:51:09,414 INFO pycloud_parallel.controlplane.services [NodeControl] UpdateRuntimeGlobals peer=ipv4:127.0.0.1:57946 client_id=9cafc903c3274501bc77b07ebea38426 code_version=sha256:aa95aad4481684160695f22f301d2d55c94c2f06460a5c521fd1712cd234ad4e.ef3a391391da0f75 runtime_key=9cafc903c3274501bc77b07ebea38426
2026-05-04 09:51:09,453 INFO pycloud_parallel.controlplane.services [NodeControl] UpdateRuntimeGlobals timing client_id=9cafc903c3274501bc77b07ebea38426 runtime_key=9cafc903c3274501bc77b07ebea38426 keys=['bench_mark_closeprice_df', 'bench_mark_yield_df', 'bench_mark_yield_df_weekly'] decode_ms=3.777 state_ms=34.551 total_ms=38.652
/opt/anaconda3/lib/python3.13/site-packages/flare_cores/cores.py:2508: FutureWarning: Series.__getitem__ treating keys as positions is deprecated. In a future version, integer keys will always be treated as labels (consistent with DataFrame behavior). To access a value by position, use `ser.iloc[pos]`
  if len(a) > 0 and np.isnan(a[0]):
/opt/anaconda3/lib/python3.13/site-packages/flare_cores/cores.py:2508: FutureWarning: Series.__getitem__ treating keys as positions is deprecated. In a future version, integer keys will always be treated as labels (consistent with DataFrame behavior). To access a value by position, use `ser.iloc[pos]`
  if len(a) > 0 and np.isnan(a[0]):
/opt/anaconda3/lib/python3.13/site-packages/flare_cores/cores.py:2508: FutureWarning: Series.__getitem__ treating keys as positions is deprecated. In a future version, integer keys will always be treated as labels (consistent with DataFrame behavior). To access a value by position, use `ser.iloc[pos]`
  if len(a) > 0 and np.isnan(a[0]):
/opt/anaconda3/lib/python3.13/site-packages/flare_cores/cores.py:2508: FutureWarning: Series.__getitem__ treating keys as positions is deprecated. In a future version, integer keys will always be treated as labels (consistent with DataFrame behavior). To access a value by position, use `ser.iloc[pos]`
  if len(a) > 0 and np.isnan(a[0]):
/opt/anaconda3/lib/python3.13/site-packages/flare_cores/cores.py:2508: FutureWarning: Series.__getitem__ treating keys as positions is deprecated. In a future version, integer keys will always be treated as labels (consistent with DataFrame behavior). To access a value by position, use `ser.iloc[pos]`
  if len(a) > 0 and np.isnan(a[0]):
/opt/anaconda3/lib/python3.13/site-packages/flare_cores/cores.py:2508: FutureWarning: Series.__getitem__ treating keys as positions is deprecated. In a future version, integer keys will always be treated as labels (consistent with DataFrame behavior). To access a value by position, use `ser.iloc[pos]`
  if len(a) > 0 and np.isnan(a[0]):
/opt/anaconda3/lib/python3.13/site-packages/flare_cores/cores.py:2508: FutureWarning: Series.__getitem__ treating keys as positions is deprecated. In a future version, integer keys will always be treated as labels (consistent with DataFrame behavior). To access a value by position, use `ser.iloc[pos]`
  if len(a) > 0 and np.isnan(a[0]):
/opt/anaconda3/lib/python3.13/site-packages/flare_cores/cores.py:2508: FutureWarning: Series.__getitem__ treating keys as positions is deprecated. In a future version, integer keys will always be treated as labels (consistent with DataFrame behavior). To access a value by position, use `ser.iloc[pos]`
  if len(a) > 0 and np.isnan(a[0]):
/opt/anaconda3/lib/python3.13/site-packages/flare_cores/cores.py:2508: FutureWarning: Series.__getitem__ treating keys as positions is deprecated. In a future version, integer keys will always be treated as labels (consistent with DataFrame behavior). To access a value by position, use `ser.iloc[pos]`
  if len(a) > 0 and np.isnan(a[0]):
/opt/anaconda3/lib/python3.13/site-packages/flare_cores/cores.py:2508: FutureWarning: Series.__getitem__ treating keys as positions is deprecated. In a future version, integer keys will always be treated as labels (consistent with DataFrame behavior). To access a value by position, use `ser.iloc[pos]`
  if len(a) > 0 and np.isnan(a[0]):
2026-05-04 09:51:21,258 INFO pycloud_parallel.service_timing {"event": "task_pool_timing", "pool_id": "9cafc903c3274501bc77b07ebea38426", "pool_name": "task-pool-636d905db3", "method": "get_fund_asset_ratio", "ok": true, "setup_ms": 0.0, "build_execute_spec_ms": 0.026, "executor_ms": 11269.656, "finalize_ms": 0.0, "total_ms": 11269.682, "error_type": "", "error_message": "", "subprocess": {"decode_ms": 0.939, "worker_decode_ms": 0.939, "invoke_ms": 11242.207, "invoke_wrapper_ms": 0.253, "user_fn_ms": 11241.912, "encode_ms": 1.814, "worker_encode_result_ms": 1.814, "managed_globals_cache_hit": true, "managed_globals_ms": 0.011}, "queue_wait_ms": 24.696}
2026-05-04 09:51:23,507 INFO pycloud_parallel.service_timing {"event": "task_pool_timing", "pool_id": "9cafc903c3274501bc77b07ebea38426", "pool_name": "task-pool-636d905db3", "method": "get_fund_asset_ratio", "ok": true, "setup_ms": 0.0, "build_execute_spec_ms": 0.016, "executor_ms": 13519.628, "finalize_ms": 0.0, "total_ms": 13519.644, "error_type": "", "error_message": "", "subprocess": {"decode_ms": 1.153, "worker_decode_ms": 1.153, "invoke_ms": 13487.351, "invoke_wrapper_ms": 0.285, "user_fn_ms": 13487.004, "encode_ms": 2.346, "worker_encode_result_ms": 2.346, "managed_globals_cache_hit": true, "managed_globals_ms": 0.01}, "queue_wait_ms": 28.778}
/opt/anaconda3/lib/python3.13/site-packages/flare_cores/cores.py:2508: FutureWarning: Series.__getitem__ treating keys as positions is deprecated. In a future version, integer keys will always be treated as labels (consistent with DataFrame behavior). To access a value by position, use `ser.iloc[pos]`
  if len(a) > 0 and np.isnan(a[0]):
2026-05-04 09:51:24,627 INFO pycloud_parallel.service_timing {"event": "task_pool_timing", "pool_id": "9cafc903c3274501bc77b07ebea38426", "pool_name": "task-pool-636d905db3", "method": "get_fund_asset_ratio", "ok": true, "setup_ms": 0.0, "build_execute_spec_ms": 0.017, "executor_ms": 14639.835, "finalize_ms": 0.0, "total_ms": 14639.852, "error_type": "", "error_message": "", "subprocess": {"decode_ms": 1.178, "worker_decode_ms": 1.178, "invoke_ms": 14573.897, "invoke_wrapper_ms": 0.323, "user_fn_ms": 14573.53, "encode_ms": 1.45, "worker_encode_result_ms": 1.45, "managed_globals_cache_hit": true, "managed_globals_ms": 0.016}, "queue_wait_ms": 63.31}
2026-05-04 09:51:24,947 INFO pycloud_parallel.service_timing {"event": "task_pool_timing", "pool_id": "9cafc903c3274501bc77b07ebea38426", "pool_name": "task-pool-636d905db3", "method": "get_fund_asset_ratio", "ok": true, "setup_ms": 0.0, "build_execute_spec_ms": 0.037, "executor_ms": 14960.37, "finalize_ms": 0.0, "total_ms": 14960.407, "error_type": "", "error_message": "", "subprocess": {"decode_ms": 1.222, "worker_decode_ms": 1.222, "invoke_ms": 14927.743, "invoke_wrapper_ms": 0.416, "user_fn_ms": 14927.273, "encode_ms": 2.162, "worker_encode_result_ms": 2.162, "managed_globals_cache_hit": true, "managed_globals_ms": 0.013}, "queue_wait_ms": 29.243}
/opt/anaconda3/lib/python3.13/site-packages/flare_cores/cores.py:2508: FutureWarning: Series.__getitem__ treating keys as positions is deprecated. In a future version, integer keys will always be treated as labels (consistent with DataFrame behavior). To access a value by position, use `ser.iloc[pos]`
  if len(a) > 0 and np.isnan(a[0]):
2026-05-04 09:51:26,660 INFO pycloud_parallel.service_timing {"event": "task_pool_timing", "pool_id": "9cafc903c3274501bc77b07ebea38426", "pool_name": "task-pool-636d905db3", "method": "get_fund_asset_ratio", "ok": true, "setup_ms": 0.0, "build_execute_spec_ms": 0.025, "executor_ms": 16675.513, "finalize_ms": 0.0, "total_ms": 16675.538, "error_type": "", "error_message": "", "subprocess": {"decode_ms": 1.483, "worker_decode_ms": 1.483, "invoke_ms": 16592.743, "invoke_wrapper_ms": 0.248, "user_fn_ms": 16592.435, "encode_ms": 2.451, "worker_encode_result_ms": 2.451, "managed_globals_cache_hit": true, "managed_globals_ms": 0.014}, "queue_wait_ms": 78.836}
2026-05-04 09:51:26,661 INFO pycloud_parallel.service_timing {"event": "task_pool_timing", "pool_id": "9cafc903c3274501bc77b07ebea38426", "pool_name": "task-pool-636d905db3", "method": "get_fund_asset_ratio", "ok": true, "setup_ms": 0.0, "build_execute_spec_ms": 0.015, "executor_ms": 16677.092, "finalize_ms": 0.0, "total_ms": 16677.107, "error_type": "", "error_message": "", "subprocess": {"decode_ms": 1.663, "worker_decode_ms": 1.663, "invoke_ms": 16621.759, "invoke_wrapper_ms": 0.269, "user_fn_ms": 16621.448, "encode_ms": 1.491, "worker_encode_result_ms": 1.491, "managed_globals_cache_hit": true, "managed_globals_ms": 0.023}, "queue_wait_ms": 52.179}
/opt/anaconda3/lib/python3.13/site-packages/flare_cores/cores.py:2508: FutureWarning: Series.__getitem__ treating keys as positions is deprecated. In a future version, integer keys will always be treated as labels (consistent with DataFrame behavior). To access a value by position, use `ser.iloc[pos]`
  if len(a) > 0 and np.isnan(a[0]):
/opt/anaconda3/lib/python3.13/site-packages/flare_cores/cores.py:2508: FutureWarning: Series.__getitem__ treating keys as positions is deprecated. In a future version, integer keys will always be treated as labels (consistent with DataFrame behavior). To access a value by position, use `ser.iloc[pos]`
  if len(a) > 0 and np.isnan(a[0]):
2026-05-04 09:51:28,695 INFO pycloud_parallel.service_timing {"event": "task_pool_timing", "pool_id": "9cafc903c3274501bc77b07ebea38426", "pool_name": "task-pool-636d905db3", "method": "get_fund_asset_ratio", "ok": true, "setup_ms": 0.0, "build_execute_spec_ms": 0.016, "executor_ms": 18712.813, "finalize_ms": 0.0, "total_ms": 18712.829, "error_type": "", "error_message": "", "subprocess": {"decode_ms": 1.251, "worker_decode_ms": 1.251, "invoke_ms": 18645.073, "invoke_wrapper_ms": 0.518, "user_fn_ms": 18644.511, "encode_ms": 1.621, "worker_encode_result_ms": 1.621, "managed_globals_cache_hit": true, "managed_globals_ms": 0.017}, "queue_wait_ms": 64.868}
/opt/anaconda3/lib/python3.13/site-packages/flare_cores/cores.py:2508: FutureWarning: Series.__getitem__ treating keys as positions is deprecated. In a future version, integer keys will always be treated as labels (consistent with DataFrame behavior). To access a value by position, use `ser.iloc[pos]`
  if len(a) > 0 and np.isnan(a[0]):
/opt/anaconda3/lib/python3.13/site-packages/flare_cores/cores.py:2508: FutureWarning: Series.__getitem__ treating keys as positions is deprecated. In a future version, integer keys will always be treated as labels (consistent with DataFrame behavior). To access a value by position, use `ser.iloc[pos]`
  if len(a) > 0 and np.isnan(a[0]):
2026-05-04 09:51:30,183 INFO pycloud_parallel.service_timing {"event": "task_pool_timing", "pool_id": "9cafc903c3274501bc77b07ebea38426", "pool_name": "task-pool-636d905db3", "method": "get_fund_asset_ratio", "ok": true, "setup_ms": 0.0, "build_execute_spec_ms": 0.011, "executor_ms": 20199.774, "finalize_ms": 0.0, "total_ms": 20199.785, "error_type": "", "error_message": "", "subprocess": {"decode_ms": 1.04, "worker_decode_ms": 1.04, "invoke_ms": 20135.996, "invoke_wrapper_ms": 0.305, "user_fn_ms": 20135.647, "encode_ms": 2.109, "worker_encode_result_ms": 2.109, "managed_globals_cache_hit": true, "managed_globals_ms": 0.014}, "queue_wait_ms": 60.629}
2026-05-04 09:51:30,234 INFO pycloud_parallel.service_timing {"event": "task_pool_timing", "pool_id": "9cafc903c3274501bc77b07ebea38426", "pool_name": "task-pool-636d905db3", "method": "get_fund_asset_ratio", "ok": true, "setup_ms": 0.0, "build_execute_spec_ms": 0.015, "executor_ms": 20250.783, "finalize_ms": 0.0, "total_ms": 20250.798, "error_type": "", "error_message": "", "subprocess": {"decode_ms": 1.197, "worker_decode_ms": 1.197, "invoke_ms": 20201.577, "invoke_wrapper_ms": 0.29, "user_fn_ms": 20201.242, "encode_ms": 2.179, "worker_encode_result_ms": 2.179, "managed_globals_cache_hit": true, "managed_globals_ms": 0.016}, "queue_wait_ms": 45.83}
/opt/anaconda3/lib/python3.13/site-packages/flare_cores/cores.py:2508: FutureWarning: Series.__getitem__ treating keys as positions is deprecated. In a future version, integer keys will always be treated as labels (consistent with DataFrame behavior). To access a value by position, use `ser.iloc[pos]`
  if len(a) > 0 and np.isnan(a[0]):
/opt/anaconda3/lib/python3.13/site-packages/flare_cores/cores.py:2508: FutureWarning: Series.__getitem__ treating keys as positions is deprecated. In a future version, integer keys will always be treated as labels (consistent with DataFrame behavior). To access a value by position, use `ser.iloc[pos]`
  if len(a) > 0 and np.isnan(a[0]):
/opt/anaconda3/lib/python3.13/site-packages/flare_cores/cores.py:2508: FutureWarning: Series.__getitem__ treating keys as positions is deprecated. In a future version, integer keys will always be treated as labels (consistent with DataFrame behavior). To access a value by position, use `ser.iloc[pos]`
  if len(a) > 0 and np.isnan(a[0]):
2026-05-04 09:51:33,748 INFO pycloud_parallel.service_timing {"event": "task_pool_timing", "pool_id": "9cafc903c3274501bc77b07ebea38426", "pool_name": "task-pool-636d905db3", "method": "get_fund_asset_ratio", "ok": true, "setup_ms": 0.0, "build_execute_spec_ms": 0.033, "executor_ms": 23749.867, "finalize_ms": 0.0, "total_ms": 23749.9, "error_type": "", "error_message": "", "subprocess": {"decode_ms": 0.757, "worker_decode_ms": 0.757, "invoke_ms": 12471.602, "invoke_wrapper_ms": 0.086, "user_fn_ms": 12471.483, "encode_ms": 2.462, "worker_encode_result_ms": 2.462, "managed_globals_cache_hit": true, "managed_globals_ms": 0.009}, "queue_wait_ms": 11275.046}
2026-05-04 09:51:35,291 INFO pycloud_parallel.service_timing {"event": "task_pool_timing", "pool_id": "9cafc903c3274501bc77b07ebea38426", "pool_name": "task-pool-636d905db3", "method": "get_fund_asset_ratio", "ok": true, "setup_ms": 0.0, "build_execute_spec_ms": 0.027, "executor_ms": 25286.498, "finalize_ms": 0.0, "total_ms": 25286.525, "error_type": "", "error_message": "", "subprocess": {"decode_ms": 0.857, "worker_decode_ms": 0.857, "invoke_ms": 11757.852, "invoke_wrapper_ms": 0.112, "user_fn_ms": 11757.721, "encode_ms": 1.47, "worker_encode_result_ms": 1.47, "managed_globals_cache_hit": true, "managed_globals_ms": 0.009}, "queue_wait_ms": 13526.319}
2026-05-04 09:51:36,046 INFO pycloud_parallel.service_timing {"event": "task_pool_timing", "pool_id": "9cafc903c3274501bc77b07ebea38426", "pool_name": "task-pool-636d905db3", "method": "get_fund_asset_ratio", "ok": true, "setup_ms": 0.0, "build_execute_spec_ms": 0.498, "executor_ms": 26025.634, "finalize_ms": 0.0, "total_ms": 26026.132, "error_type": "", "error_message": "", "subprocess": {"decode_ms": 0.892, "worker_decode_ms": 0.892, "invoke_ms": 11078.939, "invoke_wrapper_ms": 0.099, "user_fn_ms": 11078.821, "encode_ms": 1.939, "worker_encode_result_ms": 1.939, "managed_globals_cache_hit": true, "managed_globals_ms": 0.011}, "queue_wait_ms": 14943.864}
/opt/anaconda3/lib/python3.13/site-packages/flare_cores/cores.py:2508: FutureWarning: Series.__getitem__ treating keys as positions is deprecated. In a future version, integer keys will always be treated as labels (consistent with DataFrame behavior). To access a value by position, use `ser.iloc[pos]`
  if len(a) > 0 and np.isnan(a[0]):
2026-05-04 09:51:36,372 INFO pycloud_parallel.service_timing {"event": "task_pool_timing", "pool_id": "9cafc903c3274501bc77b07ebea38426", "pool_name": "task-pool-636d905db3", "method": "get_fund_asset_ratio", "ok": true, "setup_ms": 0.0, "build_execute_spec_ms": 0.063, "executor_ms": 26389.828, "finalize_ms": 0.0, "total_ms": 26389.891, "error_type": "", "error_message": "", "subprocess": {"decode_ms": 4.009, "worker_decode_ms": 4.009, "invoke_ms": 26360.86, "invoke_wrapper_ms": 0.234, "user_fn_ms": 26360.586, "encode_ms": 1.567, "worker_encode_result_ms": 1.567, "managed_globals_cache_hit": true, "managed_globals_ms": 0.013}, "queue_wait_ms": 23.392}
2026-05-04 09:51:36,852 INFO pycloud_parallel.service_timing {"event": "task_pool_timing", "pool_id": "9cafc903c3274501bc77b07ebea38426", "pool_name": "task-pool-636d905db3", "method": "get_fund_asset_ratio", "ok": true, "setup_ms": 0.0, "build_execute_spec_ms": 0.083, "executor_ms": 26838.018, "finalize_ms": 0.0, "total_ms": 26838.101, "error_type": "", "error_message": "", "subprocess": {"decode_ms": 0.741, "worker_decode_ms": 0.741, "invoke_ms": 12198.955, "invoke_wrapper_ms": 0.082, "user_fn_ms": 12198.86, "encode_ms": 1.066, "worker_encode_result_ms": 1.066, "managed_globals_cache_hit": true, "managed_globals_ms": 0.009}, "queue_wait_ms": 14637.256}
/opt/anaconda3/lib/python3.13/site-packages/flare_cores/cores.py:2508: FutureWarning: Series.__getitem__ treating keys as positions is deprecated. In a future version, integer keys will always be treated as labels (consistent with DataFrame behavior). To access a value by position, use `ser.iloc[pos]`
  if len(a) > 0 and np.isnan(a[0]):
2026-05-04 09:51:37,120 INFO pycloud_parallel.service_timing {"event": "task_pool_timing", "pool_id": "9cafc903c3274501bc77b07ebea38426", "pool_name": "task-pool-636d905db3", "method": "get_fund_asset_ratio", "ok": true, "setup_ms": 0.0, "build_execute_spec_ms": 0.067, "executor_ms": 15837.062, "finalize_ms": 0.0, "total_ms": 15837.129, "error_type": "", "error_message": "", "subprocess": {"decode_ms": 0.752, "worker_decode_ms": 0.752, "invoke_ms": 10443.021, "invoke_wrapper_ms": 0.083, "user_fn_ms": 10442.915, "encode_ms": 2.496, "worker_encode_result_ms": 2.496, "managed_globals_cache_hit": true, "managed_globals_ms": 0.011}, "queue_wait_ms": 5390.793}
/opt/anaconda3/lib/python3.13/site-packages/flare_cores/cores.py:2508: FutureWarning: Series.__getitem__ treating keys as positions is deprecated. In a future version, integer keys will always be treated as labels (consistent with DataFrame behavior). To access a value by position, use `ser.iloc[pos]`
  if len(a) > 0 and np.isnan(a[0]):
/opt/anaconda3/lib/python3.13/site-packages/flare_cores/cores.py:2508: FutureWarning: Series.__getitem__ treating keys as positions is deprecated. In a future version, integer keys will always be treated as labels (consistent with DataFrame behavior). To access a value by position, use `ser.iloc[pos]`
  if len(a) > 0 and np.isnan(a[0]):
2026-05-04 09:51:37,766 INFO pycloud_parallel.service_timing {"event": "task_pool_timing", "pool_id": "9cafc903c3274501bc77b07ebea38426", "pool_name": "task-pool-636d905db3", "method": "get_fund_asset_ratio", "ok": true, "setup_ms": 0.0, "build_execute_spec_ms": 0.069, "executor_ms": 14237.478, "finalize_ms": 0.0, "total_ms": 14237.547, "error_type": "", "error_message": "", "subprocess": {"decode_ms": 0.777, "worker_decode_ms": 0.777, "invoke_ms": 9063.689, "invoke_wrapper_ms": 0.089, "user_fn_ms": 9063.585, "encode_ms": 28.003, "worker_encode_result_ms": 28.003, "managed_globals_cache_hit": true, "managed_globals_ms": 0.009}, "queue_wait_ms": 5145.009}
/opt/anaconda3/lib/python3.13/site-packages/flare_cores/cores.py:2508: FutureWarning: Series.__getitem__ treating keys as positions is deprecated. In a future version, integer keys will always be treated as labels (consistent with DataFrame behavior). To access a value by position, use `ser.iloc[pos]`
  if len(a) > 0 and np.isnan(a[0]):
/opt/anaconda3/lib/python3.13/site-packages/flare_cores/cores.py:2508: FutureWarning: Series.__getitem__ treating keys as positions is deprecated. In a future version, integer keys will always be treated as labels (consistent with DataFrame behavior). To access a value by position, use `ser.iloc[pos]`
  if len(a) > 0 and np.isnan(a[0]):
/opt/anaconda3/lib/python3.13/site-packages/flare_cores/cores.py:2508: FutureWarning: Series.__getitem__ treating keys as positions is deprecated. In a future version, integer keys will always be treated as labels (consistent with DataFrame behavior). To access a value by position, use `ser.iloc[pos]`
  if len(a) > 0 and np.isnan(a[0]):
2026-05-04 09:51:39,103 INFO pycloud_parallel.service_timing {"event": "task_pool_timing", "pool_id": "9cafc903c3274501bc77b07ebea38426", "pool_name": "task-pool-636d905db3", "method": "get_fund_asset_ratio", "ok": true, "setup_ms": 0.0, "build_execute_spec_ms": 0.061, "executor_ms": 14049.089, "finalize_ms": 0.0, "total_ms": 14049.15, "error_type": "", "error_message": "", "subprocess": {"decode_ms": 0.984, "worker_decode_ms": 0.984, "invoke_ms": 8825.401, "invoke_wrapper_ms": 0.082, "user_fn_ms": 8825.304, "encode_ms": 1.342, "worker_encode_result_ms": 1.342, "managed_globals_cache_hit": true, "managed_globals_ms": 0.011}, "queue_wait_ms": 5221.362}
2026-05-04 09:51:39,211 INFO pycloud_parallel.service_timing {"event": "task_pool_timing", "pool_id": "9cafc903c3274501bc77b07ebea38426", "pool_name": "task-pool-636d905db3", "method": "get_fund_asset_ratio", "ok": true, "setup_ms": 0.0, "build_execute_spec_ms": 0.023, "executor_ms": 29177.828, "finalize_ms": 0.0, "total_ms": 29177.851, "error_type": "", "error_message": "", "subprocess": {"decode_ms": 0.803, "worker_decode_ms": 0.803, "invoke_ms": 12541.613, "invoke_wrapper_ms": 0.087, "user_fn_ms": 12541.512, "encode_ms": 1.113, "worker_encode_result_ms": 1.113, "managed_globals_cache_hit": true, "managed_globals_ms": 0.012}, "queue_wait_ms": 16634.299}
2026-05-04 09:51:39,534 INFO pycloud_parallel.service_timing {"event": "task_pool_timing", "pool_id": "9cafc903c3274501bc77b07ebea38426", "pool_name": "task-pool-636d905db3", "method": "get_fund_asset_ratio", "ok": true, "setup_ms": 0.0, "build_execute_spec_ms": 0.053, "executor_ms": 14809.14, "finalize_ms": 0.0, "total_ms": 14809.193, "error_type": "", "error_message": "", "subprocess": {"decode_ms": 0.735, "worker_decode_ms": 0.735, "invoke_ms": 9391.482, "invoke_wrapper_ms": 0.087, "user_fn_ms": 9391.379, "encode_ms": 1.446, "worker_encode_result_ms": 1.446, "managed_globals_cache_hit": true, "managed_globals_ms": 0.009}, "queue_wait_ms": 5415.477}
/opt/anaconda3/lib/python3.13/site-packages/flare_cores/cores.py:2508: FutureWarning: Series.__getitem__ treating keys as positions is deprecated. In a future version, integer keys will always be treated as labels (consistent with DataFrame behavior). To access a value by position, use `ser.iloc[pos]`
  if len(a) > 0 and np.isnan(a[0]):
/opt/anaconda3/lib/python3.13/site-packages/flare_cores/cores.py:2508: FutureWarning: Series.__getitem__ treating keys as positions is deprecated. In a future version, integer keys will always be treated as labels (consistent with DataFrame behavior). To access a value by position, use `ser.iloc[pos]`
  if len(a) > 0 and np.isnan(a[0]):
/opt/anaconda3/lib/python3.13/site-packages/flare_cores/cores.py:2508: FutureWarning: Series.__getitem__ treating keys as positions is deprecated. In a future version, integer keys will always be treated as labels (consistent with DataFrame behavior). To access a value by position, use `ser.iloc[pos]`
  if len(a) > 0 and np.isnan(a[0]):
2026-05-04 09:51:40,821 INFO pycloud_parallel.service_timing {"event": "task_pool_timing", "pool_id": "9cafc903c3274501bc77b07ebea38426", "pool_name": "task-pool-636d905db3", "method": "get_fund_asset_ratio", "ok": true, "setup_ms": 0.0, "build_execute_spec_ms": 0.058, "executor_ms": 3873.183, "finalize_ms": 0.0, "total_ms": 3873.241, "error_type": "", "error_message": "", "subprocess": {"decode_ms": 0.779, "worker_decode_ms": 0.779, "invoke_ms": 1264.249, "invoke_wrapper_ms": 0.077, "user_fn_ms": 1264.158, "encode_ms": 17.227, "worker_encode_result_ms": 17.227, "managed_globals_cache_hit": true, "managed_globals_ms": 0.008}, "queue_wait_ms": 2590.928}
/opt/anaconda3/lib/python3.13/site-packages/flare_cores/cores.py:2508: FutureWarning: Series.__getitem__ treating keys as positions is deprecated. In a future version, integer keys will always be treated as labels (consistent with DataFrame behavior). To access a value by position, use `ser.iloc[pos]`
  if len(a) > 0 and np.isnan(a[0]):
2026-05-04 09:51:41,150 INFO pycloud_parallel.service_timing {"event": "task_pool_timing", "pool_id": "9cafc903c3274501bc77b07ebea38426", "pool_name": "task-pool-636d905db3", "method": "get_fund_asset_ratio", "ok": true, "setup_ms": 0.0, "build_execute_spec_ms": 0.073, "executor_ms": 7360.477, "finalize_ms": 0.0, "total_ms": 7360.55, "error_type": "", "error_message": "", "subprocess": {"decode_ms": 0.76, "worker_decode_ms": 0.76, "invoke_ms": 4031.384, "invoke_wrapper_ms": 0.072, "user_fn_ms": 4031.296, "encode_ms": 2.648, "worker_encode_result_ms": 2.648, "managed_globals_cache_hit": true, "managed_globals_ms": 0.007}, "queue_wait_ms": 3325.685}
/opt/anaconda3/lib/python3.13/site-packages/flare_cores/cores.py:2508: FutureWarning: Series.__getitem__ treating keys as positions is deprecated. In a future version, integer keys will always be treated as labels (consistent with DataFrame behavior). To access a value by position, use `ser.iloc[pos]`
  if len(a) > 0 and np.isnan(a[0]):
2026-05-04 09:51:41,422 INFO pycloud_parallel.service_timing {"event": "task_pool_timing", "pool_id": "9cafc903c3274501bc77b07ebea38426", "pool_name": "task-pool-636d905db3", "method": "get_fund_asset_ratio", "ok": true, "setup_ms": 0.0, "build_execute_spec_ms": 0.057, "executor_ms": 6108.099, "finalize_ms": 0.0, "total_ms": 6108.156, "error_type": "", "error_message": "", "subprocess": {"decode_ms": 0.804, "worker_decode_ms": 0.804, "invoke_ms": 3611.261, "invoke_wrapper_ms": 0.071, "user_fn_ms": 3611.177, "encode_ms": 0.976, "worker_encode_result_ms": 0.976, "managed_globals_cache_hit": true, "managed_globals_ms": 0.008}, "queue_wait_ms": 2495.058}
/opt/anaconda3/lib/python3.13/site-packages/flare_cores/cores.py:2508: FutureWarning: Series.__getitem__ treating keys as positions is deprecated. In a future version, integer keys will always be treated as labels (consistent with DataFrame behavior). To access a value by position, use `ser.iloc[pos]`
  if len(a) > 0 and np.isnan(a[0]):
2026-05-04 09:51:41,580 INFO pycloud_parallel.service_timing {"event": "task_pool_timing", "pool_id": "9cafc903c3274501bc77b07ebea38426", "pool_name": "task-pool-636d905db3", "method": "get_fund_asset_ratio", "ok": true, "setup_ms": 0.0, "build_execute_spec_ms": 0.066, "executor_ms": 4411.397, "finalize_ms": 0.0, "total_ms": 4411.463, "error_type": "", "error_message": "", "subprocess": {"decode_ms": 0.932, "worker_decode_ms": 0.932, "invoke_ms": 757.206, "invoke_wrapper_ms": 0.07, "user_fn_ms": 757.121, "encode_ms": 1.17, "worker_encode_result_ms": 1.17, "managed_globals_cache_hit": true, "managed_globals_ms": 0.007}, "queue_wait_ms": 3652.089}
/opt/anaconda3/lib/python3.13/site-packages/flare_cores/cores.py:2508: FutureWarning: Series.__getitem__ treating keys as positions is deprecated. In a future version, integer keys will always be treated as labels (consistent with DataFrame behavior). To access a value by position, use `ser.iloc[pos]`
  if len(a) > 0 and np.isnan(a[0]):
2026-05-04 09:51:41,688 INFO pycloud_parallel.service_timing {"event": "task_pool_timing", "pool_id": "9cafc903c3274501bc77b07ebea38426", "pool_name": "task-pool-636d905db3", "method": "get_fund_asset_ratio", "ok": true, "setup_ms": 0.0, "build_execute_spec_ms": 0.053, "executor_ms": 12950.846, "finalize_ms": 0.0, "total_ms": 12950.899, "error_type": "", "error_message": "", "subprocess": {"decode_ms": 0.801, "worker_decode_ms": 0.801, "invoke_ms": 5634.507, "invoke_wrapper_ms": 0.073, "user_fn_ms": 5634.42, "encode_ms": 1.352, "worker_encode_result_ms": 1.352, "managed_globals_cache_hit": true, "managed_globals_ms": 0.009}, "queue_wait_ms": 7314.186}
2026-05-04 09:51:41,744 INFO pycloud_parallel.service_timing {"event": "task_pool_timing", "pool_id": "9cafc903c3274501bc77b07ebea38426", "pool_name": "task-pool-636d905db3", "method": "get_fund_asset_ratio", "ok": true, "setup_ms": 0.0, "build_execute_spec_ms": 0.05, "executor_ms": 2628.456, "finalize_ms": 0.0, "total_ms": 2628.506, "error_type": "", "error_message": "", "subprocess": {"decode_ms": 0.658, "worker_decode_ms": 0.658, "invoke_ms": 340.766, "invoke_wrapper_ms": 0.062, "user_fn_ms": 340.69, "encode_ms": 1.003, "worker_encode_result_ms": 1.003, "managed_globals_cache_hit": true, "managed_globals_ms": 0.007}, "queue_wait_ms": 2286.029}
/opt/anaconda3/lib/python3.13/site-packages/flare_cores/cores.py:2508: FutureWarning: Series.__getitem__ treating keys as positions is deprecated. In a future version, integer keys will always be treated as labels (consistent with DataFrame behavior). To access a value by position, use `ser.iloc[pos]`
  if len(a) > 0 and np.isnan(a[0]):
/opt/anaconda3/lib/python3.13/site-packages/flare_cores/cores.py:2508: FutureWarning: Series.__getitem__ treating keys as positions is deprecated. In a future version, integer keys will always be treated as labels (consistent with DataFrame behavior). To access a value by position, use `ser.iloc[pos]`
  if len(a) > 0 and np.isnan(a[0]):
2026-05-04 09:51:41,798 INFO pycloud_parallel.service_timing {"event": "task_pool_timing", "pool_id": "9cafc903c3274501bc77b07ebea38426", "pool_name": "task-pool-636d905db3", "method": "get_fund_asset_ratio", "ok": true, "setup_ms": 0.0, "build_execute_spec_ms": 0.052, "executor_ms": 964.504, "finalize_ms": 0.0, "total_ms": 964.556, "error_type": "", "error_message": "", "subprocess": {"decode_ms": 0.873, "worker_decode_ms": 0.873, "invoke_ms": 65.589, "invoke_wrapper_ms": 0.063, "user_fn_ms": 65.511, "encode_ms": 1.043, "worker_encode_result_ms": 1.043, "managed_globals_cache_hit": true, "managed_globals_ms": 0.007}, "queue_wait_ms": 896.999}
2026-05-04 09:51:41,798 INFO pycloud_parallel.service_timing {"event": "task_pool_timing", "pool_id": "9cafc903c3274501bc77b07ebea38426", "pool_name": "task-pool-636d905db3", "method": "get_fund_asset_ratio", "ok": true, "setup_ms": 0.0, "build_execute_spec_ms": 0.059, "executor_ms": 15109.81, "finalize_ms": 0.0, "total_ms": 15109.869, "error_type": "", "error_message": "", "subprocess": {"decode_ms": 1.387, "worker_decode_ms": 1.387, "invoke_ms": 8055.683, "invoke_wrapper_ms": 0.113, "user_fn_ms": 8055.554, "encode_ms": 1.546, "worker_encode_result_ms": 1.546, "managed_globals_cache_hit": true, "managed_globals_ms": 0.01}, "queue_wait_ms": 7051.194}
/opt/anaconda3/lib/python3.13/site-packages/flare_cores/cores.py:2508: FutureWarning: Series.__getitem__ treating keys as positions is deprecated. In a future version, integer keys will always be treated as labels (consistent with DataFrame behavior). To access a value by position, use `ser.iloc[pos]`
  if len(a) > 0 and np.isnan(a[0]):
2026-05-04 09:51:41,853 INFO pycloud_parallel.service_timing {"event": "task_pool_timing", "pool_id": "9cafc903c3274501bc77b07ebea38426", "pool_name": "task-pool-636d905db3", "method": "get_fund_asset_ratio", "ok": true, "setup_ms": 0.0, "build_execute_spec_ms": 0.052, "executor_ms": 2304.301, "finalize_ms": 0.0, "total_ms": 2304.353, "error_type": "", "error_message": "", "subprocess": {"decode_ms": 0.631, "worker_decode_ms": 0.631, "invoke_ms": 155.486, "invoke_wrapper_ms": 0.065, "user_fn_ms": 155.406, "encode_ms": 1.143, "worker_encode_result_ms": 1.143, "managed_globals_cache_hit": true, "managed_globals_ms": 0.007}, "queue_wait_ms": 2147.041}
2026-05-04 09:51:41,854 INFO pycloud_parallel.service_timing {"event": "task_pool_timing", "pool_id": "9cafc903c3274501bc77b07ebea38426", "pool_name": "task-pool-636d905db3", "method": "get_fund_asset_ratio", "ok": true, "setup_ms": 0.0, "build_execute_spec_ms": 0.055, "executor_ms": 693.707, "finalize_ms": 0.0, "total_ms": 693.762, "error_type": "", "error_message": "", "subprocess": {"decode_ms": 0.665, "worker_decode_ms": 0.665, "invoke_ms": 44.52, "invoke_wrapper_ms": 0.071, "user_fn_ms": 44.434, "encode_ms": 1.049, "worker_encode_result_ms": 1.049, "managed_globals_cache_hit": true, "managed_globals_ms": 0.007}, "queue_wait_ms": 647.473}
2026-05-04 09:51:41,854 INFO pycloud_parallel.service_timing {"event": "task_pool_timing", "pool_id": "9cafc903c3274501bc77b07ebea38426", "pool_name": "task-pool-636d905db3", "method": "get_fund_asset_ratio", "ok": true, "setup_ms": 0.0, "build_execute_spec_ms": 0.051, "executor_ms": 11595.854, "finalize_ms": 0.0, "total_ms": 11595.905, "error_type": "", "error_message": "", "subprocess": {"decode_ms": 0.679, "worker_decode_ms": 0.679, "invoke_ms": 5020.098, "invoke_wrapper_ms": 0.066, "user_fn_ms": 5020.016, "encode_ms": 13.056, "worker_encode_result_ms": 13.056, "managed_globals_cache_hit": true, "managed_globals_ms": 0.007}, "queue_wait_ms": 6562.021}
2026-05-04 09:51:41,854 INFO pycloud_parallel.service_timing {"event": "task_pool_timing", "pool_id": "9cafc903c3274501bc77b07ebea38426", "pool_name": "task-pool-636d905db3", "method": "get_fund_asset_ratio", "ok": true, "setup_ms": 0.0, "build_execute_spec_ms": 0.057, "executor_ms": 5455.589, "finalize_ms": 0.0, "total_ms": 5455.646, "error_type": "", "error_message": "", "subprocess": {"decode_ms": 0.666, "worker_decode_ms": 0.666, "invoke_ms": 2671.339, "invoke_wrapper_ms": 0.064, "user_fn_ms": 2671.259, "encode_ms": 1.643, "worker_encode_result_ms": 1.643, "managed_globals_cache_hit": true, "managed_globals_ms": 0.007}, "queue_wait_ms": 2781.941}
2026-05-04 09:51:41,854 INFO pycloud_parallel.service_timing {"event": "task_pool_timing", "pool_id": "9cafc903c3274501bc77b07ebea38426", "pool_name": "task-pool-636d905db3", "method": "get_fund_asset_ratio", "ok": true, "setup_ms": 0.0, "build_execute_spec_ms": 0.056, "executor_ms": 2627.869, "finalize_ms": 0.0, "total_ms": 2627.925, "error_type": "", "error_message": "", "subprocess": {"decode_ms": 0.543, "worker_decode_ms": 0.543, "invoke_ms": 277.373, "invoke_wrapper_ms": 0.061, "user_fn_ms": 277.297, "encode_ms": 1.45, "worker_encode_result_ms": 1.45, "managed_globals_cache_hit": true, "managed_globals_ms": 0.006}, "queue_wait_ms": 2348.503}
2026-05-04 09:51:41,909 INFO pycloud_parallel.service_timing {"event": "task_pool_timing", "pool_id": "9cafc903c3274501bc77b07ebea38426", "pool_name": "task-pool-636d905db3", "method": "get_fund_asset_ratio", "ok": true, "setup_ms": 0.0, "build_execute_spec_ms": 0.018, "executor_ms": 15220.05, "finalize_ms": 0.0, "total_ms": 15220.068, "error_type": "", "error_message": "", "subprocess": {"decode_ms": 0.698, "worker_decode_ms": 0.698, "invoke_ms": 6615.681, "invoke_wrapper_ms": 0.075, "user_fn_ms": 6615.594, "encode_ms": 1.027, "worker_encode_result_ms": 1.027, "managed_globals_cache_hit": true, "managed_globals_ms": 0.007}, "queue_wait_ms": 8602.644}
2026-05-04 09:51:41,910 INFO pycloud_parallel.service_timing {"event": "task_pool_timing", "pool_id": "9cafc903c3274501bc77b07ebea38426", "pool_name": "task-pool-636d905db3", "method": "get_fund_asset_ratio", "ok": true, "setup_ms": 0.0, "build_execute_spec_ms": 0.056, "executor_ms": 11666.693, "finalize_ms": 0.0, "total_ms": 11666.749, "error_type": "", "error_message": "", "subprocess": {"decode_ms": 0.823, "worker_decode_ms": 0.823, "invoke_ms": 5521.882, "invoke_wrapper_ms": 0.104, "user_fn_ms": 5521.759, "encode_ms": 1.536, "worker_encode_result_ms": 1.536, "managed_globals_cache_hit": true, "managed_globals_ms": 0.009}, "queue_wait_ms": 6142.452}
2026-05-04 09:51:41,910 INFO pycloud_parallel.service_timing {"event": "task_pool_timing", "pool_id": "9cafc903c3274501bc77b07ebea38426", "pool_name": "task-pool-636d905db3", "method": "get_fund_asset_ratio", "ok": true, "setup_ms": 0.0, "build_execute_spec_ms": 0.05, "executor_ms": 4090.972, "finalize_ms": 0.0, "total_ms": 4091.022, "error_type": "", "error_message": "", "subprocess": {"decode_ms": 0.643, "worker_decode_ms": 0.643, "invoke_ms": 773.154, "invoke_wrapper_ms": 0.063, "user_fn_ms": 773.074, "encode_ms": 1.721, "worker_encode_result_ms": 1.721, "managed_globals_cache_hit": true, "managed_globals_ms": 0.007}, "queue_wait_ms": 3315.454}
2026-05-04 09:51:42,177 INFO pycloud_parallel.service_timing {"event": "task_pool_timing", "pool_id": "9cafc903c3274501bc77b07ebea38426", "pool_name": "task-pool-636d905db3", "method": "get_fund_asset_ratio", "ok": true, "setup_ms": 0.0, "build_execute_spec_ms": 0.05, "executor_ms": 6106.41, "finalize_ms": 0.0, "total_ms": 6106.46, "error_type": "", "error_message": "", "subprocess": {"decode_ms": 0.67, "worker_decode_ms": 0.67, "invoke_ms": 3111.539, "invoke_wrapper_ms": 0.063, "user_fn_ms": 3111.465, "encode_ms": 0.836, "worker_encode_result_ms": 0.836, "managed_globals_cache_hit": true, "managed_globals_ms": 0.007}, "queue_wait_ms": 2993.365}
 re minimize 
I0504 09:51:42.315072 7587046 fork_posix.cc:71] Other threads are currently calling into gRPC, skipping fork() handlers
I0504 09:51:42.319428 7587085 ev_poll_posix.cc:593] FD from fork parent still in poll list: fd(6, generation: 1)
/opt/anaconda3/lib/python3.13/site-packages/flare_cores/cores.py:2508: FutureWarning: Series.__getitem__ treating keys as positions is deprecated. In a future version, integer keys will always be treated as labels (consistent with DataFrame behavior). To access a value by position, use `ser.iloc[pos]`
  if len(a) > 0 and np.isnan(a[0]):
/opt/anaconda3/lib/python3.13/site-packages/flare_cores/cores.py:2508: FutureWarning: Series.__getitem__ treating keys as positions is deprecated. In a future version, integer keys will always be treated as labels (consistent with DataFrame behavior). To access a value by position, use `ser.iloc[pos]`
  if len(a) > 0 and np.isnan(a[0]):
/opt/anaconda3/lib/python3.13/site-packages/flare_cores/cores.py:2508: FutureWarning: Series.__getitem__ treating keys as positions is deprecated. In a future version, integer keys will always be treated as labels (consistent with DataFrame behavior). To access a value by position, use `ser.iloc[pos]`
  if len(a) > 0 and np.isnan(a[0]):
/opt/anaconda3/lib/python3.13/site-packages/flare_cores/cores.py:2508: FutureWarning: Series.__getitem__ treating keys as positions is deprecated. In a future version, integer keys will always be treated as labels (consistent with DataFrame behavior). To access a value by position, use `ser.iloc[pos]`
  if len(a) > 0 and np.isnan(a[0]):
/opt/anaconda3/lib/python3.13/site-packages/flare_cores/cores.py:2508: FutureWarning: Series.__getitem__ treating keys as positions is deprecated. In a future version, integer keys will always be treated as labels (consistent with DataFrame behavior). To access a value by position, use `ser.iloc[pos]`
  if len(a) > 0 and np.isnan(a[0]):
/opt/anaconda3/lib/python3.13/site-packages/flare_cores/cores.py:2508: FutureWarning: Series.__getitem__ treating keys as positions is deprecated. In a future version, integer keys will always be treated as labels (consistent with DataFrame behavior). To access a value by position, use `ser.iloc[pos]`
  if len(a) > 0 and np.isnan(a[0]):
/opt/anaconda3/lib/python3.13/site-packages/flare_cores/cores.py:2508: FutureWarning: Series.__getitem__ treating keys as positions is deprecated. In a future version, integer keys will always be treated as labels (consistent with DataFrame behavior). To access a value by position, use `ser.iloc[pos]`
  if len(a) > 0 and np.isnan(a[0]):
/opt/anaconda3/lib/python3.13/site-packages/flare_cores/cores.py:2508: FutureWarning: Series.__getitem__ treating keys as positions is deprecated. In a future version, integer keys will always be treated as labels (consistent with DataFrame behavior). To access a value by position, use `ser.iloc[pos]`
  if len(a) > 0 and np.isnan(a[0]):
/opt/anaconda3/lib/python3.13/site-packages/flare_cores/cores.py:2508: FutureWarning: Series.__getitem__ treating keys as positions is deprecated. In a future version, integer keys will always be treated as labels (consistent with DataFrame behavior). To access a value by position, use `ser.iloc[pos]`
  if len(a) > 0 and np.isnan(a[0]):
/opt/anaconda3/lib/python3.13/site-packages/flare_cores/cores.py:2508: FutureWarning: Series.__getitem__ treating keys as positions is deprecated. In a future version, integer keys will always be treated as labels (consistent with DataFrame behavior). To access a value by position, use `ser.iloc[pos]`
  if len(a) > 0 and np.isnan(a[0]):
2026-05-04 09:51:57,334 INFO pycloud_parallel.service_timing {"event": "task_pool_timing", "pool_id": "1e1e5f0b8be84e38b3cadda241a12fb6", "pool_name": "task-pool-fd0d14e5d8", "method": "get_fund_asset_ratio", "ok": true, "setup_ms": 0.0, "build_execute_spec_ms": 0.028, "executor_ms": 11320.22, "finalize_ms": 0.0, "total_ms": 11320.248, "error_type": "", "error_message": "", "subprocess": {"decode_ms": 1.317, "worker_decode_ms": 1.317, "invoke_ms": 11293.572, "invoke_wrapper_ms": 0.434, "user_fn_ms": 11293.104, "encode_ms": 1.464, "worker_encode_result_ms": 1.464, "managed_globals_cache_hit": true, "managed_globals_ms": 0.017}, "queue_wait_ms": 23.867}
2026-05-04 09:51:59,900 INFO pycloud_parallel.service_timing {"event": "task_pool_timing", "pool_id": "1e1e5f0b8be84e38b3cadda241a12fb6", "pool_name": "task-pool-fd0d14e5d8", "method": "get_fund_asset_ratio", "ok": true, "setup_ms": 0.0, "build_execute_spec_ms": 0.018, "executor_ms": 13894.44, "finalize_ms": 0.0, "total_ms": 13894.458, "error_type": "", "error_message": "", "subprocess": {"decode_ms": 0.877, "worker_decode_ms": 0.877, "invoke_ms": 13840.883, "invoke_wrapper_ms": 0.294, "user_fn_ms": 13840.545, "encode_ms": 10.524, "worker_encode_result_ms": 10.524, "managed_globals_cache_hit": true, "managed_globals_ms": 0.009}, "queue_wait_ms": 42.156}
/opt/anaconda3/lib/python3.13/site-packages/flare_cores/cores.py:2508: FutureWarning: Series.__getitem__ treating keys as positions is deprecated. In a future version, integer keys will always be treated as labels (consistent with DataFrame behavior). To access a value by position, use `ser.iloc[pos]`
  if len(a) > 0 and np.isnan(a[0]):
2026-05-04 09:52:00,806 INFO pycloud_parallel.service_timing {"event": "task_pool_timing", "pool_id": "1e1e5f0b8be84e38b3cadda241a12fb6", "pool_name": "task-pool-fd0d14e5d8", "method": "get_fund_asset_ratio", "ok": true, "setup_ms": 0.0, "build_execute_spec_ms": 0.018, "executor_ms": 14801.54, "finalize_ms": 0.0, "total_ms": 14801.558, "error_type": "", "error_message": "", "subprocess": {"decode_ms": 1.263, "worker_decode_ms": 1.263, "invoke_ms": 14760.543, "invoke_wrapper_ms": 0.486, "user_fn_ms": 14760.008, "encode_ms": 1.825, "worker_encode_result_ms": 1.825, "managed_globals_cache_hit": true, "managed_globals_ms": 0.014}, "queue_wait_ms": 37.909}
2026-05-04 09:52:00,861 INFO pycloud_parallel.service_timing {"event": "task_pool_timing", "pool_id": "1e1e5f0b8be84e38b3cadda241a12fb6", "pool_name": "task-pool-fd0d14e5d8", "method": "get_fund_asset_ratio", "ok": true, "setup_ms": 0.0, "build_execute_spec_ms": 0.013, "executor_ms": 14856.172, "finalize_ms": 0.0, "total_ms": 14856.185, "error_type": "", "error_message": "", "subprocess": {"decode_ms": 1.24, "worker_decode_ms": 1.24, "invoke_ms": 14762.161, "invoke_wrapper_ms": 0.347, "user_fn_ms": 14761.779, "encode_ms": 19.571, "worker_encode_result_ms": 19.571, "managed_globals_cache_hit": true, "managed_globals_ms": 0.014}, "queue_wait_ms": 73.2}
/opt/anaconda3/lib/python3.13/site-packages/flare_cores/cores.py:2508: FutureWarning: Series.__getitem__ treating keys as positions is deprecated. In a future version, integer keys will always be treated as labels (consistent with DataFrame behavior). To access a value by position, use `ser.iloc[pos]`
  if len(a) > 0 and np.isnan(a[0]):
2026-05-04 09:52:02,632 INFO pycloud_parallel.service_timing {"event": "task_pool_timing", "pool_id": "1e1e5f0b8be84e38b3cadda241a12fb6", "pool_name": "task-pool-fd0d14e5d8", "method": "get_fund_asset_ratio", "ok": true, "setup_ms": 0.0, "build_execute_spec_ms": 0.015, "executor_ms": 16628.748, "finalize_ms": 0.0, "total_ms": 16628.763, "error_type": "", "error_message": "", "subprocess": {"decode_ms": 0.886, "worker_decode_ms": 0.886, "invoke_ms": 16524.142, "invoke_wrapper_ms": 0.235, "user_fn_ms": 16523.865, "encode_ms": 26.186, "worker_encode_result_ms": 26.186, "managed_globals_cache_hit": true, "managed_globals_ms": 0.018}, "queue_wait_ms": 77.534}
2026-05-04 09:52:02,898 INFO pycloud_parallel.service_timing {"event": "task_pool_timing", "pool_id": "1e1e5f0b8be84e38b3cadda241a12fb6", "pool_name": "task-pool-fd0d14e5d8", "method": "get_fund_asset_ratio", "ok": true, "setup_ms": 0.0, "build_execute_spec_ms": 0.016, "executor_ms": 16894.228, "finalize_ms": 0.0, "total_ms": 16894.244, "error_type": "", "error_message": "", "subprocess": {"decode_ms": 1.392, "worker_decode_ms": 1.392, "invoke_ms": 16829.905, "invoke_wrapper_ms": 0.398, "user_fn_ms": 16829.449, "encode_ms": 2.238, "worker_encode_result_ms": 2.238, "managed_globals_cache_hit": true, "managed_globals_ms": 0.016}, "queue_wait_ms": 60.693}
/opt/anaconda3/lib/python3.13/site-packages/flare_cores/cores.py:2508: FutureWarning: Series.__getitem__ treating keys as positions is deprecated. In a future version, integer keys will always be treated as labels (consistent with DataFrame behavior). To access a value by position, use `ser.iloc[pos]`
  if len(a) > 0 and np.isnan(a[0]):
/opt/anaconda3/lib/python3.13/site-packages/flare_cores/cores.py:2508: FutureWarning: Series.__getitem__ treating keys as positions is deprecated. In a future version, integer keys will always be treated as labels (consistent with DataFrame behavior). To access a value by position, use `ser.iloc[pos]`
  if len(a) > 0 and np.isnan(a[0]):
2026-05-04 09:52:04,774 INFO pycloud_parallel.service_timing {"event": "task_pool_timing", "pool_id": "1e1e5f0b8be84e38b3cadda241a12fb6", "pool_name": "task-pool-fd0d14e5d8", "method": "get_fund_asset_ratio", "ok": true, "setup_ms": 0.0, "build_execute_spec_ms": 0.015, "executor_ms": 18771.943, "finalize_ms": 0.0, "total_ms": 18771.958, "error_type": "", "error_message": "", "subprocess": {"decode_ms": 0.893, "worker_decode_ms": 0.893, "invoke_ms": 18714.227, "invoke_wrapper_ms": 0.272, "user_fn_ms": 18713.916, "encode_ms": 1.897, "worker_encode_result_ms": 1.897, "managed_globals_cache_hit": true, "managed_globals_ms": 0.009}, "queue_wait_ms": 54.926}
/opt/anaconda3/lib/python3.13/site-packages/flare_cores/cores.py:2508: FutureWarning: Series.__getitem__ treating keys as positions is deprecated. In a future version, integer keys will always be treated as labels (consistent with DataFrame behavior). To access a value by position, use `ser.iloc[pos]`
  if len(a) > 0 and np.isnan(a[0]):
/opt/anaconda3/lib/python3.13/site-packages/flare_cores/cores.py:2508: FutureWarning: Series.__getitem__ treating keys as positions is deprecated. In a future version, integer keys will always be treated as labels (consistent with DataFrame behavior). To access a value by position, use `ser.iloc[pos]`
  if len(a) > 0 and np.isnan(a[0]):
2026-05-04 09:52:05,783 INFO pycloud_parallel.service_timing {"event": "task_pool_timing", "pool_id": "1e1e5f0b8be84e38b3cadda241a12fb6", "pool_name": "task-pool-fd0d14e5d8", "method": "get_fund_asset_ratio", "ok": true, "setup_ms": 0.0, "build_execute_spec_ms": 0.014, "executor_ms": 19780.559, "finalize_ms": 0.0, "total_ms": 19780.573, "error_type": "", "error_message": "", "subprocess": {"decode_ms": 0.987, "worker_decode_ms": 0.987, "invoke_ms": 19748.251, "invoke_wrapper_ms": 0.226, "user_fn_ms": 19747.992, "encode_ms": 1.628, "worker_encode_result_ms": 1.628, "managed_globals_cache_hit": true, "managed_globals_ms": 0.01}, "queue_wait_ms": 29.693}
2026-05-04 09:52:06,370 INFO pycloud_parallel.service_timing {"event": "task_pool_timing", "pool_id": "1e1e5f0b8be84e38b3cadda241a12fb6", "pool_name": "task-pool-fd0d14e5d8", "method": "get_fund_asset_ratio", "ok": true, "setup_ms": 0.0, "build_execute_spec_ms": 0.011, "executor_ms": 20368.163, "finalize_ms": 0.0, "total_ms": 20368.174, "error_type": "", "error_message": "", "subprocess": {"decode_ms": 0.739, "worker_decode_ms": 0.739, "invoke_ms": 20315.083, "invoke_wrapper_ms": 0.206, "user_fn_ms": 20314.844, "encode_ms": 1.469, "worker_encode_result_ms": 1.469, "managed_globals_cache_hit": true, "managed_globals_ms": 0.009}, "queue_wait_ms": 50.872}
/opt/anaconda3/lib/python3.13/site-packages/flare_cores/cores.py:2508: FutureWarning: Series.__getitem__ treating keys as positions is deprecated. In a future version, integer keys will always be treated as labels (consistent with DataFrame behavior). To access a value by position, use `ser.iloc[pos]`
  if len(a) > 0 and np.isnan(a[0]):
/opt/anaconda3/lib/python3.13/site-packages/flare_cores/cores.py:2508: FutureWarning: Series.__getitem__ treating keys as positions is deprecated. In a future version, integer keys will always be treated as labels (consistent with DataFrame behavior). To access a value by position, use `ser.iloc[pos]`
  if len(a) > 0 and np.isnan(a[0]):
/opt/anaconda3/lib/python3.13/site-packages/flare_cores/cores.py:2508: FutureWarning: Series.__getitem__ treating keys as positions is deprecated. In a future version, integer keys will always be treated as labels (consistent with DataFrame behavior). To access a value by position, use `ser.iloc[pos]`
  if len(a) > 0 and np.isnan(a[0]):
2026-05-04 09:52:09,371 INFO pycloud_parallel.service_timing {"event": "task_pool_timing", "pool_id": "1e1e5f0b8be84e38b3cadda241a12fb6", "pool_name": "task-pool-fd0d14e5d8", "method": "get_fund_asset_ratio", "ok": true, "setup_ms": 0.0, "build_execute_spec_ms": 0.02, "executor_ms": 23356.114, "finalize_ms": 0.0, "total_ms": 23356.134, "error_type": "", "error_message": "", "subprocess": {"decode_ms": 0.71, "worker_decode_ms": 0.71, "invoke_ms": 12000.155, "invoke_wrapper_ms": 0.081, "user_fn_ms": 12000.055, "encode_ms": 1.427, "worker_encode_result_ms": 1.427, "managed_globals_cache_hit": true, "managed_globals_ms": 0.009}, "queue_wait_ms": 11353.822}
2026-05-04 09:52:10,700 INFO pycloud_parallel.service_timing {"event": "task_pool_timing", "pool_id": "1e1e5f0b8be84e38b3cadda241a12fb6", "pool_name": "task-pool-fd0d14e5d8", "method": "get_fund_asset_ratio", "ok": true, "setup_ms": 0.0, "build_execute_spec_ms": 0.023, "executor_ms": 24674.609, "finalize_ms": 0.0, "total_ms": 24674.632, "error_type": "", "error_message": "", "subprocess": {"decode_ms": 0.791, "worker_decode_ms": 0.791, "invoke_ms": 10748.832, "invoke_wrapper_ms": 0.08, "user_fn_ms": 10748.736, "encode_ms": 1.185, "worker_encode_result_ms": 1.185, "managed_globals_cache_hit": true, "managed_globals_ms": 0.012}, "queue_wait_ms": 13923.801}
2026-05-04 09:52:10,859 INFO pycloud_parallel.service_timing {"event": "task_pool_timing", "pool_id": "1e1e5f0b8be84e38b3cadda241a12fb6", "pool_name": "task-pool-fd0d14e5d8", "method": "get_fund_asset_ratio", "ok": true, "setup_ms": 0.0, "build_execute_spec_ms": 0.017, "executor_ms": 24821.258, "finalize_ms": 0.0, "total_ms": 24821.275, "error_type": "", "error_message": "", "subprocess": {"decode_ms": 0.933, "worker_decode_ms": 0.933, "invoke_ms": 10027.27, "invoke_wrapper_ms": 0.113, "user_fn_ms": 10027.136, "encode_ms": 1.427, "worker_encode_result_ms": 1.427, "managed_globals_cache_hit": true, "managed_globals_ms": 0.014}, "queue_wait_ms": 14791.628}
/opt/anaconda3/lib/python3.13/site-packages/flare_cores/cores.py:2508: FutureWarning: Series.__getitem__ treating keys as positions is deprecated. In a future version, integer keys will always be treated as labels (consistent with DataFrame behavior). To access a value by position, use `ser.iloc[pos]`
  if len(a) > 0 and np.isnan(a[0]):
2026-05-04 09:52:11,127 INFO pycloud_parallel.service_timing {"event": "task_pool_timing", "pool_id": "1e1e5f0b8be84e38b3cadda241a12fb6", "pool_name": "task-pool-fd0d14e5d8", "method": "get_fund_asset_ratio", "ok": true, "setup_ms": 0.0, "build_execute_spec_ms": 0.046, "executor_ms": 25125.936, "finalize_ms": 0.0, "total_ms": 25125.982, "error_type": "", "error_message": "", "subprocess": {"decode_ms": 3.247, "worker_decode_ms": 3.247, "invoke_ms": 25101.554, "invoke_wrapper_ms": 0.236, "user_fn_ms": 25101.282, "encode_ms": 3.642, "worker_encode_result_ms": 3.642, "managed_globals_cache_hit": true, "managed_globals_ms": 0.008}, "queue_wait_ms": 17.493}
2026-05-04 09:52:11,713 INFO pycloud_parallel.service_timing {"event": "task_pool_timing", "pool_id": "1e1e5f0b8be84e38b3cadda241a12fb6", "pool_name": "task-pool-fd0d14e5d8", "method": "get_fund_asset_ratio", "ok": true, "setup_ms": 0.0, "build_execute_spec_ms": 0.023, "executor_ms": 25677.334, "finalize_ms": 0.0, "total_ms": 25677.357, "error_type": "", "error_message": "", "subprocess": {"decode_ms": 0.973, "worker_decode_ms": 0.973, "invoke_ms": 10872.28, "invoke_wrapper_ms": 0.1, "user_fn_ms": 10872.157, "encode_ms": 2.524, "worker_encode_result_ms": 2.524, "managed_globals_cache_hit": true, "managed_globals_ms": 0.011}, "queue_wait_ms": 14801.557}
2026-05-04 09:52:12,145 INFO pycloud_parallel.service_timing {"event": "task_pool_timing", "pool_id": "1e1e5f0b8be84e38b3cadda241a12fb6", "pool_name": "task-pool-fd0d14e5d8", "method": "get_fund_asset_ratio", "ok": true, "setup_ms": 0.0, "build_execute_spec_ms": 0.049, "executor_ms": 14775.013, "finalize_ms": 0.0, "total_ms": 14775.062, "error_type": "", "error_message": "", "subprocess": {"decode_ms": 0.886, "worker_decode_ms": 0.886, "invoke_ms": 9214.241, "invoke_wrapper_ms": 0.097, "user_fn_ms": 9214.128, "encode_ms": 1.594, "worker_encode_result_ms": 1.594, "managed_globals_cache_hit": true, "managed_globals_ms": 0.011}, "queue_wait_ms": 5558.292}
/opt/anaconda3/lib/python3.13/site-packages/flare_cores/cores.py:2508: FutureWarning: Series.__getitem__ treating keys as positions is deprecated. In a future version, integer keys will always be treated as labels (consistent with DataFrame behavior). To access a value by position, use `ser.iloc[pos]`
  if len(a) > 0 and np.isnan(a[0]):
/opt/anaconda3/lib/python3.13/site-packages/flare_cores/cores.py:2508: FutureWarning: Series.__getitem__ treating keys as positions is deprecated. In a future version, integer keys will always be treated as labels (consistent with DataFrame behavior). To access a value by position, use `ser.iloc[pos]`
  if len(a) > 0 and np.isnan(a[0]):
2026-05-04 09:52:12,364 INFO pycloud_parallel.service_timing {"event": "task_pool_timing", "pool_id": "1e1e5f0b8be84e38b3cadda241a12fb6", "pool_name": "task-pool-fd0d14e5d8", "method": "get_fund_asset_ratio", "ok": true, "setup_ms": 0.0, "build_execute_spec_ms": 0.05, "executor_ms": 12374.964, "finalize_ms": 0.0, "total_ms": 12375.014, "error_type": "", "error_message": "", "subprocess": {"decode_ms": 0.774, "worker_decode_ms": 0.774, "invoke_ms": 7587.435, "invoke_wrapper_ms": 0.083, "user_fn_ms": 7587.333, "encode_ms": 1.699, "worker_encode_result_ms": 1.699, "managed_globals_cache_hit": true, "managed_globals_ms": 0.013}, "queue_wait_ms": 4785.056}
/opt/anaconda3/lib/python3.13/site-packages/flare_cores/cores.py:2508: FutureWarning: Series.__getitem__ treating keys as positions is deprecated. In a future version, integer keys will always be treated as labels (consistent with DataFrame behavior). To access a value by position, use `ser.iloc[pos]`
  if len(a) > 0 and np.isnan(a[0]):
/opt/anaconda3/lib/python3.13/site-packages/flare_cores/cores.py:2508: FutureWarning: Series.__getitem__ treating keys as positions is deprecated. In a future version, integer keys will always be treated as labels (consistent with DataFrame behavior). To access a value by position, use `ser.iloc[pos]`
  if len(a) > 0 and np.isnan(a[0]):
/opt/anaconda3/lib/python3.13/site-packages/flare_cores/cores.py:2508: FutureWarning: Series.__getitem__ treating keys as positions is deprecated. In a future version, integer keys will always be treated as labels (consistent with DataFrame behavior). To access a value by position, use `ser.iloc[pos]`
  if len(a) > 0 and np.isnan(a[0]):
/opt/anaconda3/lib/python3.13/site-packages/flare_cores/cores.py:2508: FutureWarning: Series.__getitem__ treating keys as positions is deprecated. In a future version, integer keys will always be treated as labels (consistent with DataFrame behavior). To access a value by position, use `ser.iloc[pos]`
  if len(a) > 0 and np.isnan(a[0]):
2026-05-04 09:52:13,548 INFO pycloud_parallel.service_timing {"event": "task_pool_timing", "pool_id": "1e1e5f0b8be84e38b3cadda241a12fb6", "pool_name": "task-pool-fd0d14e5d8", "method": "get_fund_asset_ratio", "ok": true, "setup_ms": 0.0, "build_execute_spec_ms": 0.048, "executor_ms": 12651.14, "finalize_ms": 0.0, "total_ms": 12651.188, "error_type": "", "error_message": "", "subprocess": {"decode_ms": 0.685, "worker_decode_ms": 0.685, "invoke_ms": 7185.682, "invoke_wrapper_ms": 0.081, "user_fn_ms": 7185.584, "encode_ms": 1.123, "worker_encode_result_ms": 1.123, "managed_globals_cache_hit": true, "managed_globals_ms": 0.009}, "queue_wait_ms": 5463.65}
2026-05-04 09:52:13,869 INFO pycloud_parallel.service_timing {"event": "task_pool_timing", "pool_id": "1e1e5f0b8be84e38b3cadda241a12fb6", "pool_name": "task-pool-fd0d14e5d8", "method": "get_fund_asset_ratio", "ok": true, "setup_ms": 0.0, "build_execute_spec_ms": 0.052, "executor_ms": 13005.691, "finalize_ms": 0.0, "total_ms": 13005.743, "error_type": "", "error_message": "", "subprocess": {"decode_ms": 0.822, "worker_decode_ms": 0.822, "invoke_ms": 7978.835, "invoke_wrapper_ms": 0.096, "user_fn_ms": 7978.723, "encode_ms": 14.822, "worker_encode_result_ms": 14.822, "managed_globals_cache_hit": true, "managed_globals_ms": 0.009}, "queue_wait_ms": 5011.212}
2026-05-04 09:52:14,194 INFO pycloud_parallel.service_timing {"event": "task_pool_timing", "pool_id": "1e1e5f0b8be84e38b3cadda241a12fb6", "pool_name": "task-pool-fd0d14e5d8", "method": "get_fund_asset_ratio", "ok": true, "setup_ms": 0.0, "build_execute_spec_ms": 0.022, "executor_ms": 28146.397, "finalize_ms": 0.0, "total_ms": 28146.419, "error_type": "", "error_message": "", "subprocess": {"decode_ms": 0.869, "worker_decode_ms": 0.869, "invoke_ms": 11567.233, "invoke_wrapper_ms": 0.092, "user_fn_ms": 11567.125, "encode_ms": 1.403, "worker_encode_result_ms": 1.403, "managed_globals_cache_hit": true, "managed_globals_ms": 0.014}, "queue_wait_ms": 16576.892}
/opt/anaconda3/lib/python3.13/site-packages/flare_cores/cores.py:2508: FutureWarning: Series.__getitem__ treating keys as positions is deprecated. In a future version, integer keys will always be treated as labels (consistent with DataFrame behavior). To access a value by position, use `ser.iloc[pos]`
  if len(a) > 0 and np.isnan(a[0]):
/opt/anaconda3/lib/python3.13/site-packages/flare_cores/cores.py:2508: FutureWarning: Series.__getitem__ treating keys as positions is deprecated. In a future version, integer keys will always be treated as labels (consistent with DataFrame behavior). To access a value by position, use `ser.iloc[pos]`
  if len(a) > 0 and np.isnan(a[0]):
/opt/anaconda3/lib/python3.13/site-packages/flare_cores/cores.py:2508: FutureWarning: Series.__getitem__ treating keys as positions is deprecated. In a future version, integer keys will always be treated as labels (consistent with DataFrame behavior). To access a value by position, use `ser.iloc[pos]`
  if len(a) > 0 and np.isnan(a[0]):
2026-05-04 09:52:15,482 INFO pycloud_parallel.service_timing {"event": "task_pool_timing", "pool_id": "1e1e5f0b8be84e38b3cadda241a12fb6", "pool_name": "task-pool-fd0d14e5d8", "method": "get_fund_asset_ratio", "ok": true, "setup_ms": 0.0, "build_execute_spec_ms": 0.052, "executor_ms": 3670.524, "finalize_ms": 0.0, "total_ms": 3670.576, "error_type": "", "error_message": "", "subprocess": {"decode_ms": 0.655, "worker_decode_ms": 0.655, "invoke_ms": 1287.373, "invoke_wrapper_ms": 0.065, "user_fn_ms": 1287.295, "encode_ms": 0.926, "worker_encode_result_ms": 0.926, "managed_globals_cache_hit": true, "managed_globals_ms": 0.007}, "queue_wait_ms": 2381.57}
/opt/anaconda3/lib/python3.13/site-packages/flare_cores/cores.py:2508: FutureWarning: Series.__getitem__ treating keys as positions is deprecated. In a future version, integer keys will always be treated as labels (consistent with DataFrame behavior). To access a value by position, use `ser.iloc[pos]`
  if len(a) > 0 and np.isnan(a[0]):
2026-05-04 09:52:15,805 INFO pycloud_parallel.service_timing {"event": "task_pool_timing", "pool_id": "1e1e5f0b8be84e38b3cadda241a12fb6", "pool_name": "task-pool-fd0d14e5d8", "method": "get_fund_asset_ratio", "ok": true, "setup_ms": 0.0, "build_execute_spec_ms": 0.048, "executor_ms": 4646.037, "finalize_ms": 0.0, "total_ms": 4646.085, "error_type": "", "error_message": "", "subprocess": {"decode_ms": 1.571, "worker_decode_ms": 1.571, "invoke_ms": 1949.657, "invoke_wrapper_ms": 0.067, "user_fn_ms": 1949.575, "encode_ms": 1.534, "worker_encode_result_ms": 1.534, "managed_globals_cache_hit": true, "managed_globals_ms": 0.008}, "queue_wait_ms": 2693.275}
2026-05-04 09:52:16,072 INFO pycloud_parallel.service_timing {"event": "task_pool_timing", "pool_id": "1e1e5f0b8be84e38b3cadda241a12fb6", "pool_name": "task-pool-fd0d14e5d8", "method": "get_fund_asset_ratio", "ok": true, "setup_ms": 0.0, "build_execute_spec_ms": 0.065, "executor_ms": 5266.992, "finalize_ms": 0.0, "total_ms": 5267.057, "error_type": "", "error_message": "", "subprocess": {"decode_ms": 0.714, "worker_decode_ms": 0.714, "invoke_ms": 3692.717, "invoke_wrapper_ms": 0.072, "user_fn_ms": 3692.631, "encode_ms": 1.137, "worker_encode_result_ms": 1.137, "managed_globals_cache_hit": true, "managed_globals_ms": 0.009}, "queue_wait_ms": 1572.424}
/opt/anaconda3/lib/python3.13/site-packages/flare_cores/cores.py:2508: FutureWarning: Series.__getitem__ treating keys as positions is deprecated. In a future version, integer keys will always be treated as labels (consistent with DataFrame behavior). To access a value by position, use `ser.iloc[pos]`
  if len(a) > 0 and np.isnan(a[0]):
2026-05-04 09:52:16,180 INFO pycloud_parallel.service_timing {"event": "task_pool_timing", "pool_id": "1e1e5f0b8be84e38b3cadda241a12fb6", "pool_name": "task-pool-fd0d14e5d8", "method": "get_fund_asset_ratio", "ok": true, "setup_ms": 0.0, "build_execute_spec_ms": 0.058, "executor_ms": 6781.693, "finalize_ms": 0.0, "total_ms": 6781.751, "error_type": "", "error_message": "", "subprocess": {"decode_ms": 0.656, "worker_decode_ms": 0.656, "invoke_ms": 4031.981, "invoke_wrapper_ms": 0.065, "user_fn_ms": 4031.903, "encode_ms": 1.069, "worker_encode_result_ms": 1.069, "managed_globals_cache_hit": true, "managed_globals_ms": 0.008}, "queue_wait_ms": 2747.987}
2026-05-04 09:52:16,181 INFO pycloud_parallel.service_timing {"event": "task_pool_timing", "pool_id": "1e1e5f0b8be84e38b3cadda241a12fb6", "pool_name": "task-pool-fd0d14e5d8", "method": "get_fund_asset_ratio", "ok": true, "setup_ms": 0.0, "build_execute_spec_ms": 0.058, "executor_ms": 5248.656, "finalize_ms": 0.0, "total_ms": 5248.714, "error_type": "", "error_message": "", "subprocess": {"decode_ms": 0.765, "worker_decode_ms": 0.765, "invoke_ms": 2619.93, "invoke_wrapper_ms": 0.078, "user_fn_ms": 2619.837, "encode_ms": 2.089, "worker_encode_result_ms": 2.089, "managed_globals_cache_hit": true, "managed_globals_ms": 0.009}, "queue_wait_ms": 2625.872}
/opt/anaconda3/lib/python3.13/site-packages/flare_cores/cores.py:2508: FutureWarning: Series.__getitem__ treating keys as positions is deprecated. In a future version, integer keys will always be treated as labels (consistent with DataFrame behavior). To access a value by position, use `ser.iloc[pos]`
  if len(a) > 0 and np.isnan(a[0]):
2026-05-04 09:52:16,236 INFO pycloud_parallel.service_timing {"event": "task_pool_timing", "pool_id": "1e1e5f0b8be84e38b3cadda241a12fb6", "pool_name": "task-pool-fd0d14e5d8", "method": "get_fund_asset_ratio", "ok": true, "setup_ms": 0.0, "build_execute_spec_ms": 0.128, "executor_ms": 3987.69, "finalize_ms": 0.0, "total_ms": 3987.818, "error_type": "", "error_message": "", "subprocess": {"decode_ms": 0.516, "worker_decode_ms": 0.516, "invoke_ms": 741.588, "invoke_wrapper_ms": 0.062, "user_fn_ms": 741.516, "encode_ms": 0.861, "worker_encode_result_ms": 0.861, "managed_globals_cache_hit": true, "managed_globals_ms": 0.005}, "queue_wait_ms": 3244.725}
/opt/anaconda3/lib/python3.13/site-packages/flare_cores/cores.py:2508: FutureWarning: Series.__getitem__ treating keys as positions is deprecated. In a future version, integer keys will always be treated as labels (consistent with DataFrame behavior). To access a value by position, use `ser.iloc[pos]`
  if len(a) > 0 and np.isnan(a[0]):
/opt/anaconda3/lib/python3.13/site-packages/flare_cores/cores.py:2508: FutureWarning: Series.__getitem__ treating keys as positions is deprecated. In a future version, integer keys will always be treated as labels (consistent with DataFrame behavior). To access a value by position, use `ser.iloc[pos]`
  if len(a) > 0 and np.isnan(a[0]):
/opt/anaconda3/lib/python3.13/site-packages/flare_cores/cores.py:2508: FutureWarning: Series.__getitem__ treating keys as positions is deprecated. In a future version, integer keys will always be treated as labels (consistent with DataFrame behavior). To access a value by position, use `ser.iloc[pos]`
  if len(a) > 0 and np.isnan(a[0]):
2026-05-04 09:52:16,288 INFO pycloud_parallel.service_timing {"event": "task_pool_timing", "pool_id": "1e1e5f0b8be84e38b3cadda241a12fb6", "pool_name": "task-pool-fd0d14e5d8", "method": "get_fund_asset_ratio", "ok": true, "setup_ms": 0.0, "build_execute_spec_ms": 0.048, "executor_ms": 2049.241, "finalize_ms": 0.0, "total_ms": 2049.289, "error_type": "", "error_message": "", "subprocess": {"decode_ms": 0.683, "worker_decode_ms": 0.683, "invoke_ms": 114.578, "invoke_wrapper_ms": 0.066, "user_fn_ms": 114.495, "encode_ms": 0.826, "worker_encode_result_ms": 0.826, "managed_globals_cache_hit": true, "managed_globals_ms": 0.008}, "queue_wait_ms": 1933.154}
/opt/anaconda3/lib/python3.13/site-packages/flare_cores/cores.py:2508: FutureWarning: Series.__getitem__ treating keys as positions is deprecated. In a future version, integer keys will always be treated as labels (consistent with DataFrame behavior). To access a value by position, use `ser.iloc[pos]`
  if len(a) > 0 and np.isnan(a[0]):
2026-05-04 09:52:16,343 INFO pycloud_parallel.service_timing {"event": "task_pool_timing", "pool_id": "1e1e5f0b8be84e38b3cadda241a12fb6", "pool_name": "task-pool-fd0d14e5d8", "method": "get_fund_asset_ratio", "ok": true, "setup_ms": 0.0, "build_execute_spec_ms": 0.058, "executor_ms": 798.542, "finalize_ms": 0.0, "total_ms": 798.6, "error_type": "", "error_message": "", "subprocess": {"decode_ms": 0.493, "worker_decode_ms": 0.493, "invoke_ms": 118.231, "invoke_wrapper_ms": 0.06, "user_fn_ms": 118.151, "encode_ms": 1.283, "worker_encode_result_ms": 1.283, "managed_globals_cache_hit": true, "managed_globals_ms": 0.005}, "queue_wait_ms": 678.535}
2026-05-04 09:52:16,343 INFO pycloud_parallel.service_timing {"event": "task_pool_timing", "pool_id": "1e1e5f0b8be84e38b3cadda241a12fb6", "pool_name": "task-pool-fd0d14e5d8", "method": "get_fund_asset_ratio", "ok": true, "setup_ms": 0.0, "build_execute_spec_ms": 0.046, "executor_ms": 240.824, "finalize_ms": 0.0, "total_ms": 240.87, "error_type": "", "error_message": "", "subprocess": {"decode_ms": 0.816, "worker_decode_ms": 0.816, "invoke_ms": 4.019, "invoke_wrapper_ms": 0.078, "user_fn_ms": 3.919, "encode_ms": 0.144, "worker_encode_result_ms": 0.144, "managed_globals_cache_hit": true, "managed_globals_ms": 0.009}, "queue_wait_ms": 235.845}
2026-05-04 09:52:16,343 INFO pycloud_parallel.service_timing {"event": "task_pool_timing", "pool_id": "1e1e5f0b8be84e38b3cadda241a12fb6", "pool_name": "task-pool-fd0d14e5d8", "method": "get_fund_asset_ratio", "ok": true, "setup_ms": 0.0, "build_execute_spec_ms": 0.053, "executor_ms": 123.625, "finalize_ms": 0.0, "total_ms": 123.678, "error_type": "", "error_message": "", "subprocess": {"decode_ms": 0.715, "worker_decode_ms": 0.715, "invoke_ms": 5.66, "invoke_wrapper_ms": 0.076, "user_fn_ms": 5.57, "encode_ms": 0.109, "worker_encode_result_ms": 0.109, "managed_globals_cache_hit": true, "managed_globals_ms": 0.008}, "queue_wait_ms": 117.141}
2026-05-04 09:52:16,343 INFO pycloud_parallel.service_timing {"event": "task_pool_timing", "pool_id": "1e1e5f0b8be84e38b3cadda241a12fb6", "pool_name": "task-pool-fd0d14e5d8", "method": "get_fund_asset_ratio", "ok": true, "setup_ms": 0.0, "build_execute_spec_ms": 0.05, "executor_ms": 468.885, "finalize_ms": 0.0, "total_ms": 468.935, "error_type": "", "error_message": "", "subprocess": {"decode_ms": 0.611, "worker_decode_ms": 0.611, "invoke_ms": 63.98, "invoke_wrapper_ms": 0.073, "user_fn_ms": 63.893, "encode_ms": 0.809, "worker_encode_result_ms": 0.809, "managed_globals_cache_hit": true, "managed_globals_ms": 0.008}, "queue_wait_ms": 403.485}
2026-05-04 09:52:16,453 INFO pycloud_parallel.service_timing {"event": "task_pool_timing", "pool_id": "1e1e5f0b8be84e38b3cadda241a12fb6", "pool_name": "task-pool-fd0d14e5d8", "method": "get_fund_asset_ratio", "ok": true, "setup_ms": 0.0, "build_execute_spec_ms": 0.055, "executor_ms": 2544.922, "finalize_ms": 0.0, "total_ms": 2544.977, "error_type": "", "error_message": "", "subprocess": {"decode_ms": 0.956, "worker_decode_ms": 0.956, "invoke_ms": 296.993, "invoke_wrapper_ms": 0.065, "user_fn_ms": 296.91, "encode_ms": 1.12, "worker_encode_result_ms": 1.12, "managed_globals_cache_hit": true, "managed_globals_ms": 0.009}, "queue_wait_ms": 2245.853}
2026-05-04 09:52:16,508 INFO pycloud_parallel.service_timing {"event": "task_pool_timing", "pool_id": "1e1e5f0b8be84e38b3cadda241a12fb6", "pool_name": "task-pool-fd0d14e5d8", "method": "get_fund_asset_ratio", "ok": true, "setup_ms": 0.0, "build_execute_spec_ms": 0.054, "executor_ms": 13770.957, "finalize_ms": 0.0, "total_ms": 13771.011, "error_type": "", "error_message": "", "subprocess": {"decode_ms": 23.739, "worker_decode_ms": 23.739, "invoke_ms": 7126.286, "invoke_wrapper_ms": 0.07, "user_fn_ms": 7126.202, "encode_ms": 1.049, "worker_encode_result_ms": 1.049, "managed_globals_cache_hit": true, "managed_globals_ms": 0.008}, "queue_wait_ms": 6619.883}
2026-05-04 09:52:16,509 INFO pycloud_parallel.service_timing {"event": "task_pool_timing", "pool_id": "1e1e5f0b8be84e38b3cadda241a12fb6", "pool_name": "task-pool-fd0d14e5d8", "method": "get_fund_asset_ratio", "ok": true, "setup_ms": 0.0, "build_execute_spec_ms": 0.051, "executor_ms": 2924.604, "finalize_ms": 0.0, "total_ms": 2924.655, "error_type": "", "error_message": "", "subprocess": {"decode_ms": 0.739, "worker_decode_ms": 0.739, "invoke_ms": 447.726, "invoke_wrapper_ms": 0.064, "user_fn_ms": 447.65, "encode_ms": 0.881, "worker_encode_result_ms": 0.881, "managed_globals_cache_hit": true, "managed_globals_ms": 0.008}, "queue_wait_ms": 2475.258}
2026-05-04 09:52:16,564 INFO pycloud_parallel.service_timing {"event": "task_pool_timing", "pool_id": "1e1e5f0b8be84e38b3cadda241a12fb6", "pool_name": "task-pool-fd0d14e5d8", "method": "get_fund_asset_ratio", "ok": true, "setup_ms": 0.0, "build_execute_spec_ms": 0.052, "executor_ms": 11740.153, "finalize_ms": 0.0, "total_ms": 11740.205, "error_type": "", "error_message": "", "subprocess": {"decode_ms": 0.998, "worker_decode_ms": 0.998, "invoke_ms": 5669.686, "invoke_wrapper_ms": 0.077, "user_fn_ms": 5669.595, "encode_ms": 1.695, "worker_encode_result_ms": 1.695, "managed_globals_cache_hit": true, "managed_globals_ms": 0.01}, "queue_wait_ms": 6067.774}
2026-05-04 09:52:16,564 INFO pycloud_parallel.service_timing {"event": "task_pool_timing", "pool_id": "1e1e5f0b8be84e38b3cadda241a12fb6", "pool_name": "task-pool-fd0d14e5d8", "method": "get_fund_asset_ratio", "ok": true, "setup_ms": 0.0, "build_execute_spec_ms": 0.052, "executor_ms": 4086.11, "finalize_ms": 0.0, "total_ms": 4086.162, "error_type": "", "error_message": "", "subprocess": {"decode_ms": 0.635, "worker_decode_ms": 0.635, "invoke_ms": 742.197, "invoke_wrapper_ms": 0.063, "user_fn_ms": 742.121, "encode_ms": 1.07, "worker_encode_result_ms": 1.07, "managed_globals_cache_hit": true, "managed_globals_ms": 0.007}, "queue_wait_ms": 3342.208}
2026-05-04 09:52:16,565 INFO pycloud_parallel.service_timing {"event": "task_pool_timing", "pool_id": "1e1e5f0b8be84e38b3cadda241a12fb6", "pool_name": "task-pool-fd0d14e5d8", "method": "get_fund_asset_ratio", "ok": true, "setup_ms": 0.0, "build_execute_spec_ms": 0.052, "executor_ms": 10074.487, "finalize_ms": 0.0, "total_ms": 10074.539, "error_type": "", "error_message": "", "subprocess": {"decode_ms": 0.709, "worker_decode_ms": 0.709, "invoke_ms": 4898.145, "invoke_wrapper_ms": 0.069, "user_fn_ms": 4898.06, "encode_ms": 1.404, "worker_encode_result_ms": 1.404, "managed_globals_cache_hit": true, "managed_globals_ms": 0.008}, "queue_wait_ms": 5174.229}
2026-05-04 09:52:16,618 INFO pycloud_parallel.service_timing {"event": "task_pool_timing", "pool_id": "1e1e5f0b8be84e38b3cadda241a12fb6", "pool_name": "task-pool-fd0d14e5d8", "method": "get_fund_asset_ratio", "ok": true, "setup_ms": 0.0, "build_execute_spec_ms": 0.051, "executor_ms": 10784.683, "finalize_ms": 0.0, "total_ms": 10784.734, "error_type": "", "error_message": "", "subprocess": {"decode_ms": 0.726, "worker_decode_ms": 0.726, "invoke_ms": 5437.767, "invoke_wrapper_ms": 0.077, "user_fn_ms": 5437.672, "encode_ms": 1.573, "worker_encode_result_ms": 1.573, "managed_globals_cache_hit": true, "managed_globals_ms": 0.012}, "queue_wait_ms": 5344.617}
2026-05-04 09:52:16,772 INFO pycloud_parallel.service_timing {"event": "task_pool_timing", "pool_id": "1e1e5f0b8be84e38b3cadda241a12fb6", "pool_name": "task-pool-fd0d14e5d8", "method": "get_fund_asset_ratio", "ok": true, "setup_ms": 0.0, "build_execute_spec_ms": 0.059, "executor_ms": 13806.417, "finalize_ms": 0.0, "total_ms": 13806.476, "error_type": "", "error_message": "", "subprocess": {"decode_ms": 0.709, "worker_decode_ms": 0.709, "invoke_ms": 6084.274, "invoke_wrapper_ms": 0.071, "user_fn_ms": 6084.189, "encode_ms": 1.074, "worker_encode_result_ms": 1.074, "managed_globals_cache_hit": true, "managed_globals_ms": 0.007}, "queue_wait_ms": 7720.36}
 re minimize 
