2026-05-04 09:03:20,316 INFO __main__ [Server] starting ControlPlane bind=127.0.0.1:50051 log_level=INFO
2026-05-04 09:03:21,149 INFO pycloud_parallel.controlplane.infocenter_http [InfoCenter] GET /services/routes service_name=job-orchestrator healthy_only=True route_scope=exclusive_check limit=100 count=0
2026-05-04 09:03:29,911 INFO pycloud_parallel.controlplane.infocenter_http [InfoCenter] GET /nodes healthy_only=True tags=[] limit=100 count=3
2026-05-04 09:03:30,050 INFO pycloud_parallel.controlplane.infocenter_http [InfoCenter] GET /nodes healthy_only=False tags=[] limit=500 count=3
2026-05-04 09:03:47,628 INFO pycloud_parallel.controlplane.infocenter_http [InfoCenter] GET /nodes healthy_only=True tags=[] limit=100 count=3
2026-05-04 09:04:17,409 INFO pycloud_parallel.controlplane.infocenter_http [InfoCenter] GET /nodes healthy_only=True tags=['compute'] limit=100 count=2
2026-05-04 09:04:52,691 INFO pycloud_parallel.controlplane.infocenter_http [InfoCenter] GET /nodes healthy_only=True tags=['compute'] limit=100 count=2
2026-05-04 09:06:44,649 INFO __main__ [Server] starting ControlPlane bind=127.0.0.1:50051 log_level=INFO
2026-05-04 09:06:45,483 INFO pycloud_parallel.controlplane.infocenter_http [InfoCenter] GET /services/routes service_name=job-orchestrator healthy_only=True route_scope=exclusive_check limit=100 count=0
2026-05-04 09:06:52,759 INFO pycloud_parallel.controlplane.infocenter_http [InfoCenter] GET /nodes healthy_only=True tags=[] limit=100 count=3
2026-05-04 09:07:04,115 INFO pycloud_parallel.controlplane.infocenter_http [InfoCenter] GET /nodes healthy_only=True tags=['compute'] limit=100 count=2
2026-05-04 09:07:53,252 INFO pycloud_parallel.controlplane.infocenter_http [InfoCenter] GET /nodes healthy_only=True tags=['compute'] limit=100 count=2
2026-05-04 09:08:00,456 INFO pycloud_parallel.controlplane.infocenter_http [InfoCenter] GET /nodes healthy_only=True tags=['compute'] limit=100 count=2
2026-05-04 09:10:13,703 INFO __main__ [Server] starting ControlPlane bind=127.0.0.1:50051 log_level=INFO
2026-05-04 09:10:14,554 INFO pycloud_parallel.controlplane.infocenter_http [InfoCenter] GET /services/routes service_name=job-orchestrator healthy_only=True route_scope=exclusive_check limit=100 count=0
2026-05-04 09:10:21,854 INFO pycloud_parallel.controlplane.infocenter_http [InfoCenter] GET /nodes healthy_only=True tags=[] limit=100 count=3
2026-05-04 09:10:40,597 INFO pycloud_parallel.controlplane.infocenter_http [InfoCenter] GET /nodes healthy_only=True tags=['compute'] limit=100 count=2
2026-05-04 09:11:37,410 INFO pycloud_parallel.controlplane.infocenter_http [InfoCenter] GET /nodes healthy_only=True tags=['compute'] limit=100 count=2
2026-05-04 09:29:11,857 INFO __main__ [Server] starting ControlPlane bind=127.0.0.1:50051 log_level=INFO
2026-05-04 09:29:12,689 INFO pycloud_parallel.controlplane.infocenter_http [InfoCenter] GET /services/routes service_name=job-orchestrator healthy_only=True route_scope=exclusive_check limit=100 count=0
2026-05-04 09:29:19,966 INFO pycloud_parallel.controlplane.infocenter_http [InfoCenter] GET /nodes healthy_only=True tags=[] limit=100 count=3
2026-05-04 09:29:30,974 INFO pycloud_parallel.controlplane.infocenter_http [InfoCenter] GET /nodes healthy_only=True tags=['compute'] limit=100 count=2
2026-05-04 09:30:27,021 INFO pycloud_parallel.controlplane.infocenter_http [InfoCenter] GET /nodes healthy_only=True tags=['compute'] limit=100 count=2
2026-05-04 09:31:14,736 INFO pycloud_parallel.controlplane.infocenter_http [InfoCenter] GET /nodes healthy_only=True tags=['compute'] limit=100 count=2
2026-05-04 09:51:06,541 INFO pycloud_parallel.controlplane.infocenter_http [InfoCenter] GET /nodes healthy_only=True tags=['compute'] limit=100 count=2
2026-05-04 09:51:42,308 INFO pycloud_parallel.controlplane.infocenter_http [InfoCenter] GET /nodes healthy_only=True tags=['compute'] limit=100 count=2
2026-05-04 10:26:56,675 INFO pycloud_parallel.controlplane.infocenter_http [InfoCenter] GET /services/routes service_name=svc-demo healthy_only=True route_scope=call limit=500 count=0
2026-05-04 10:26:56,677 INFO pycloud_parallel.controlplane.infocenter_http [InfoCenter] GET /nodes healthy_only=True tags=[] limit=500 count=2
2026-05-04 10:26:56,678 INFO pycloud_parallel.controlplane.infocenter_http [InfoCenter] GET /nodes healthy_only=True tags=[] limit=500 count=2
2026-05-04 10:26:56,679 INFO pycloud_parallel.controlplane.infocenter_http [InfoCenter] GET /nodes healthy_only=True tags=[] limit=500 count=2
2026-05-04 10:26:56,681 INFO pycloud_parallel.controlplane.infocenter_http [InfoCenter] GET /nodes healthy_only=True tags=[] limit=500 count=2
2026-05-04 10:26:56,682 INFO pycloud_parallel.controlplane.infocenter_http [InfoCenter] GET /nodes healthy_only=True tags=[] limit=500 count=2
2026-05-04 10:26:56,683 INFO pycloud_parallel.controlplane.infocenter_http [InfoCenter] GET /nodes healthy_only=True tags=[] limit=500 count=2
2026-05-04 10:26:56,684 INFO pycloud_parallel.controlplane.infocenter_http [InfoCenter] GET /nodes healthy_only=True tags=[] limit=500 count=2
2026-05-04 10:26:56,685 INFO pycloud_parallel.controlplane.infocenter_http [InfoCenter] GET /nodes healthy_only=True tags=[] limit=500 count=2
2026-05-04 10:26:56,687 INFO pycloud_parallel.controlplane.infocenter_http [InfoCenter] GET /nodes healthy_only=True tags=[] limit=500 count=2
2026-05-04 10:26:56,688 INFO pycloud_parallel.controlplane.infocenter_http [InfoCenter] GET /nodes healthy_only=True tags=[] limit=500 count=2
2026-05-04 10:26:56,689 INFO pycloud_parallel.controlplane.infocenter_http [InfoCenter] GET /nodes healthy_only=True tags=[] limit=500 count=2
2026-05-04 10:26:56,690 INFO pycloud_parallel.controlplane.infocenter_http [InfoCenter] GET /nodes healthy_only=True tags=[] limit=500 count=2
2026-05-04 10:26:56,691 INFO pycloud_parallel.controlplane.infocenter_http [InfoCenter] GET /nodes healthy_only=True tags=[] limit=500 count=2
2026-05-04 10:26:56,692 INFO pycloud_parallel.controlplane.infocenter_http [InfoCenter] GET /nodes healthy_only=True tags=[] limit=500 count=2
2026-05-04 10:26:56,693 INFO pycloud_parallel.controlplane.infocenter_http [InfoCenter] GET /nodes healthy_only=True tags=[] limit=500 count=2
2026-05-04 10:26:56,694 INFO pycloud_parallel.controlplane.infocenter_http [InfoCenter] GET /nodes healthy_only=True tags=[] limit=500 count=2
2026-05-04 10:26:56,695 INFO pycloud_parallel.controlplane.infocenter_http [InfoCenter] GET /nodes healthy_only=True tags=[] limit=500 count=2
2026-05-04 10:26:56,696 INFO pycloud_parallel.controlplane.infocenter_http [InfoCenter] GET /nodes healthy_only=True tags=[] limit=500 count=2
2026-05-04 10:26:56,697 INFO pycloud_parallel.controlplane.infocenter_http [InfoCenter] GET /nodes healthy_only=True tags=[] limit=500 count=2
2026-05-04 10:26:56,698 INFO pycloud_parallel.controlplane.infocenter_http [InfoCenter] GET /nodes healthy_only=True tags=[] limit=500 count=2
2026-05-04 10:26:56,699 INFO pycloud_parallel.controlplane.infocenter_http [InfoCenter] GET /nodes healthy_only=True tags=[] limit=500 count=2
2026-05-04 10:26:56,700 INFO pycloud_parallel.controlplane.infocenter_http [InfoCenter] GET /nodes healthy_only=True tags=[] limit=500 count=2
2026-05-04 10:26:56,701 INFO pycloud_parallel.controlplane.infocenter_http [InfoCenter] GET /nodes healthy_only=True tags=[] limit=500 count=2
2026-05-04 10:26:56,702 INFO pycloud_parallel.controlplane.infocenter_http [InfoCenter] GET /nodes healthy_only=True tags=[] limit=500 count=2
2026-05-04 10:26:56,704 INFO pycloud_parallel.controlplane.infocenter_http [InfoCenter] GET /nodes healthy_only=True tags=[] limit=500 count=2
2026-05-04 10:26:56,705 INFO pycloud_parallel.controlplane.infocenter_http [InfoCenter] GET /nodes healthy_only=True tags=[] limit=500 count=2
2026-05-04 10:26:56,706 INFO pycloud_parallel.controlplane.infocenter_http [InfoCenter] GET /nodes healthy_only=True tags=[] limit=500 count=2
2026-05-04 10:26:56,707 INFO pycloud_parallel.controlplane.infocenter_http [InfoCenter] GET /nodes healthy_only=True tags=[] limit=500 count=2
2026-05-04 10:26:56,708 INFO pycloud_parallel.controlplane.infocenter_http [InfoCenter] GET /nodes healthy_only=True tags=[] limit=500 count=2
2026-05-04 10:26:56,709 INFO pycloud_parallel.controlplane.infocenter_http [InfoCenter] GET /nodes healthy_only=True tags=[] limit=500 count=2
2026-05-04 10:26:56,710 INFO pycloud_parallel.controlplane.infocenter_http [InfoCenter] GET /nodes healthy_only=True tags=[] limit=500 count=2
2026-05-04 10:26:56,711 INFO pycloud_parallel.controlplane.infocenter_http [InfoCenter] GET /nodes healthy_only=True tags=[] limit=500 count=2
2026-05-04 10:26:56,712 INFO pycloud_parallel.controlplane.infocenter_http [InfoCenter] GET /nodes healthy_only=True tags=[] limit=500 count=2
2026-05-04 10:26:56,713 INFO pycloud_parallel.controlplane.infocenter_http [InfoCenter] GET /nodes healthy_only=True tags=[] limit=500 count=2
2026-05-04 10:26:56,714 INFO pycloud_parallel.controlplane.infocenter_http [InfoCenter] GET /nodes healthy_only=True tags=[] limit=500 count=2
2026-05-04 10:26:56,715 INFO pycloud_parallel.controlplane.infocenter_http [InfoCenter] GET /nodes healthy_only=True tags=[] limit=500 count=2
2026-05-04 10:26:56,716 INFO pycloud_parallel.controlplane.infocenter_http [InfoCenter] GET /nodes healthy_only=True tags=[] limit=500 count=2
2026-05-04 10:26:56,717 INFO pycloud_parallel.controlplane.infocenter_http [InfoCenter] GET /nodes healthy_only=True tags=[] limit=500 count=2
2026-05-04 10:26:56,718 INFO pycloud_parallel.controlplane.infocenter_http [InfoCenter] GET /nodes healthy_only=True tags=[] limit=500 count=2
2026-05-04 10:26:56,719 INFO pycloud_parallel.controlplane.infocenter_http [InfoCenter] GET /nodes healthy_only=True tags=[] limit=500 count=2
2026-05-04 10:26:56,720 INFO pycloud_parallel.controlplane.infocenter_http [InfoCenter] GET /nodes healthy_only=True tags=[] limit=500 count=2
2026-05-04 10:26:56,721 INFO pycloud_parallel.controlplane.infocenter_http [InfoCenter] GET /nodes healthy_only=True tags=[] limit=500 count=2
2026-05-04 10:26:56,723 INFO pycloud_parallel.controlplane.infocenter_http [InfoCenter] GET /nodes healthy_only=True tags=[] limit=500 count=2
2026-05-04 10:26:56,724 INFO pycloud_parallel.controlplane.infocenter_http [InfoCenter] GET /nodes healthy_only=True tags=[] limit=500 count=2
2026-05-04 10:26:56,725 INFO pycloud_parallel.controlplane.infocenter_http [InfoCenter] GET /nodes healthy_only=True tags=[] limit=500 count=2
2026-05-04 10:26:56,726 INFO pycloud_parallel.controlplane.infocenter_http [InfoCenter] GET /nodes healthy_only=True tags=[] limit=500 count=2
2026-05-04 10:26:56,727 INFO pycloud_parallel.controlplane.infocenter_http [InfoCenter] GET /nodes healthy_only=True tags=[] limit=500 count=2
2026-05-04 10:26:56,729 INFO pycloud_parallel.controlplane.infocenter_http [InfoCenter] GET /nodes healthy_only=True tags=[] limit=500 count=2
2026-05-04 10:26:56,730 INFO pycloud_parallel.controlplane.infocenter_http [InfoCenter] GET /nodes healthy_only=True tags=[] limit=500 count=2
2026-05-04 10:26:56,731 INFO pycloud_parallel.controlplane.infocenter_http [InfoCenter] GET /nodes healthy_only=True tags=[] limit=500 count=2
2026-05-04 10:26:56,733 INFO pycloud_parallel.controlplane.infocenter_http [InfoCenter] GET /nodes healthy_only=True tags=[] limit=500 count=2
2026-05-04 10:26:56,734 INFO pycloud_parallel.controlplane.infocenter_http [InfoCenter] GET /nodes healthy_only=True tags=[] limit=500 count=2
2026-05-04 10:26:56,735 INFO pycloud_parallel.controlplane.infocenter_http [InfoCenter] GET /nodes healthy_only=True tags=[] limit=500 count=2
2026-05-04 10:26:56,736 INFO pycloud_parallel.controlplane.infocenter_http [InfoCenter] GET /nodes healthy_only=True tags=[] limit=500 count=2
2026-05-04 10:26:56,737 INFO pycloud_parallel.controlplane.infocenter_http [InfoCenter] GET /nodes healthy_only=True tags=[] limit=500 count=2
2026-05-04 10:26:56,738 INFO pycloud_parallel.controlplane.infocenter_http [InfoCenter] GET /nodes healthy_only=True tags=[] limit=500 count=2
2026-05-04 10:26:56,739 INFO pycloud_parallel.controlplane.infocenter_http [InfoCenter] GET /nodes healthy_only=True tags=[] limit=500 count=2
2026-05-04 10:26:56,740 INFO pycloud_parallel.controlplane.infocenter_http [InfoCenter] GET /nodes healthy_only=True tags=[] limit=500 count=2
2026-05-04 10:26:56,741 INFO pycloud_parallel.controlplane.infocenter_http [InfoCenter] GET /nodes healthy_only=True tags=[] limit=500 count=2
2026-05-04 10:26:56,742 INFO pycloud_parallel.controlplane.infocenter_http [InfoCenter] GET /nodes healthy_only=True tags=[] limit=500 count=2
2026-05-04 10:26:56,743 INFO pycloud_parallel.controlplane.infocenter_http [InfoCenter] GET /nodes healthy_only=True tags=[] limit=500 count=2
2026-05-04 10:26:56,744 INFO pycloud_parallel.controlplane.infocenter_http [InfoCenter] GET /nodes healthy_only=True tags=[] limit=500 count=2
2026-05-04 10:26:56,746 INFO pycloud_parallel.controlplane.infocenter_http [InfoCenter] GET /nodes healthy_only=True tags=[] limit=500 count=2
2026-05-04 10:26:56,747 INFO pycloud_parallel.controlplane.infocenter_http [InfoCenter] GET /nodes healthy_only=True tags=[] limit=500 count=2
2026-05-04 10:26:56,748 INFO pycloud_parallel.controlplane.infocenter_http [InfoCenter] GET /nodes healthy_only=True tags=[] limit=500 count=2
2026-05-04 10:26:56,749 INFO pycloud_parallel.controlplane.infocenter_http [InfoCenter] GET /nodes healthy_only=True tags=[] limit=500 count=2
2026-05-04 10:26:56,750 INFO pycloud_parallel.controlplane.infocenter_http [InfoCenter] GET /nodes healthy_only=True tags=[] limit=500 count=2
2026-05-04 10:26:56,751 INFO pycloud_parallel.controlplane.infocenter_http [InfoCenter] GET /nodes healthy_only=True tags=[] limit=500 count=2
2026-05-04 10:26:56,752 INFO pycloud_parallel.controlplane.infocenter_http [InfoCenter] GET /nodes healthy_only=True tags=[] limit=500 count=2
2026-05-04 10:26:56,753 INFO pycloud_parallel.controlplane.infocenter_http [InfoCenter] GET /nodes healthy_only=True tags=[] limit=500 count=2
2026-05-04 10:26:56,754 INFO pycloud_parallel.controlplane.infocenter_http [InfoCenter] GET /nodes healthy_only=True tags=[] limit=500 count=2
2026-05-04 10:26:56,755 INFO pycloud_parallel.controlplane.infocenter_http [InfoCenter] GET /nodes healthy_only=True tags=[] limit=500 count=2
2026-05-04 10:26:56,756 INFO pycloud_parallel.controlplane.infocenter_http [InfoCenter] GET /nodes healthy_only=True tags=[] limit=500 count=2
2026-05-04 10:26:56,757 INFO pycloud_parallel.controlplane.infocenter_http [InfoCenter] GET /nodes healthy_only=True tags=[] limit=500 count=2
2026-05-04 10:26:56,758 INFO pycloud_parallel.controlplane.infocenter_http [InfoCenter] GET /nodes healthy_only=True tags=[] limit=500 count=2
2026-05-04 10:26:56,759 INFO pycloud_parallel.controlplane.infocenter_http [InfoCenter] GET /nodes healthy_only=True tags=[] limit=500 count=2
2026-05-04 10:26:56,760 INFO pycloud_parallel.controlplane.infocenter_http [InfoCenter] GET /nodes healthy_only=True tags=[] limit=500 count=2
2026-05-04 10:26:56,762 INFO pycloud_parallel.controlplane.infocenter_http [InfoCenter] GET /nodes healthy_only=True tags=[] limit=500 count=2
2026-05-04 10:26:56,763 INFO pycloud_parallel.controlplane.infocenter_http [InfoCenter] GET /nodes healthy_only=True tags=[] limit=500 count=2
2026-05-04 10:26:56,764 INFO pycloud_parallel.controlplane.infocenter_http [InfoCenter] GET /nodes healthy_only=True tags=[] limit=500 count=2
2026-05-04 10:26:56,765 INFO pycloud_parallel.controlplane.infocenter_http [InfoCenter] GET /nodes healthy_only=True tags=[] limit=500 count=2
2026-05-04 10:26:56,766 INFO pycloud_parallel.controlplane.infocenter_http [InfoCenter] GET /nodes healthy_only=True tags=[] limit=500 count=2
2026-05-04 10:26:56,767 INFO pycloud_parallel.controlplane.infocenter_http [InfoCenter] GET /nodes healthy_only=True tags=[] limit=500 count=2
2026-05-04 10:26:56,768 INFO pycloud_parallel.controlplane.infocenter_http [InfoCenter] GET /nodes healthy_only=True tags=[] limit=500 count=2
2026-05-04 10:26:56,769 INFO pycloud_parallel.controlplane.infocenter_http [InfoCenter] GET /nodes healthy_only=True tags=[] limit=500 count=2
2026-05-04 10:26:56,770 INFO pycloud_parallel.controlplane.infocenter_http [InfoCenter] GET /nodes healthy_only=True tags=[] limit=500 count=2
2026-05-04 10:26:56,771 INFO pycloud_parallel.controlplane.infocenter_http [InfoCenter] GET /nodes healthy_only=True tags=[] limit=500 count=2
2026-05-04 10:26:56,772 INFO pycloud_parallel.controlplane.infocenter_http [InfoCenter] GET /nodes healthy_only=True tags=[] limit=500 count=2
2026-05-04 10:26:56,773 INFO pycloud_parallel.controlplane.infocenter_http [InfoCenter] GET /nodes healthy_only=True tags=[] limit=500 count=2
2026-05-04 10:26:56,774 INFO pycloud_parallel.controlplane.infocenter_http [InfoCenter] GET /nodes healthy_only=True tags=[] limit=500 count=2
2026-05-04 10:26:56,775 INFO pycloud_parallel.controlplane.infocenter_http [InfoCenter] GET /nodes healthy_only=True tags=[] limit=500 count=2
2026-05-04 10:26:56,776 INFO pycloud_parallel.controlplane.infocenter_http [InfoCenter] GET /nodes healthy_only=True tags=[] limit=500 count=2
2026-05-04 10:26:56,777 INFO pycloud_parallel.controlplane.infocenter_http [InfoCenter] GET /nodes healthy_only=True tags=[] limit=500 count=2
2026-05-04 10:26:56,778 INFO pycloud_parallel.controlplane.infocenter_http [InfoCenter] GET /nodes healthy_only=True tags=[] limit=500 count=2
2026-05-04 10:26:56,779 INFO pycloud_parallel.controlplane.infocenter_http [InfoCenter] GET /nodes healthy_only=True tags=[] limit=500 count=2
2026-05-04 10:26:56,780 INFO pycloud_parallel.controlplane.infocenter_http [InfoCenter] GET /nodes healthy_only=True tags=[] limit=500 count=2
2026-05-04 10:26:56,781 INFO pycloud_parallel.controlplane.infocenter_http [InfoCenter] GET /nodes healthy_only=True tags=[] limit=500 count=2
2026-05-04 10:26:56,782 INFO pycloud_parallel.controlplane.infocenter_http [InfoCenter] GET /nodes healthy_only=True tags=[] limit=500 count=2
2026-05-04 10:26:56,783 INFO pycloud_parallel.controlplane.infocenter_http [InfoCenter] GET /nodes healthy_only=True tags=[] limit=500 count=2
2026-05-04 10:26:56,784 INFO pycloud_parallel.controlplane.infocenter_http [InfoCenter] GET /nodes healthy_only=True tags=[] limit=500 count=2
2026-05-04 10:26:56,785 INFO pycloud_parallel.controlplane.infocenter_http [InfoCenter] GET /nodes healthy_only=True tags=[] limit=500 count=2
2026-05-04 10:26:56,786 INFO pycloud_parallel.controlplane.infocenter_http [InfoCenter] GET /nodes healthy_only=True tags=[] limit=500 count=2
2026-05-04 10:26:56,787 INFO pycloud_parallel.controlplane.infocenter_http [InfoCenter] GET /nodes healthy_only=True tags=[] limit=500 count=2
2026-05-04 10:26:56,788 INFO pycloud_parallel.controlplane.infocenter_http [InfoCenter] GET /nodes healthy_only=True tags=[] limit=500 count=2
2026-05-04 10:26:56,789 INFO pycloud_parallel.controlplane.infocenter_http [InfoCenter] GET /nodes healthy_only=True tags=[] limit=500 count=2
2026-05-04 10:26:56,790 INFO pycloud_parallel.controlplane.infocenter_http [InfoCenter] GET /nodes healthy_only=True tags=[] limit=500 count=2
2026-05-04 10:26:56,791 INFO pycloud_parallel.controlplane.infocenter_http [InfoCenter] GET /nodes healthy_only=True tags=[] limit=500 count=2
2026-05-04 10:26:56,792 INFO pycloud_parallel.controlplane.infocenter_http [InfoCenter] GET /nodes healthy_only=True tags=[] limit=500 count=2
2026-05-04 10:26:56,793 INFO pycloud_parallel.controlplane.infocenter_http [InfoCenter] GET /nodes healthy_only=True tags=[] limit=500 count=2
2026-05-04 10:26:56,794 INFO pycloud_parallel.controlplane.infocenter_http [InfoCenter] GET /nodes healthy_only=True tags=[] limit=500 count=2
2026-05-04 10:26:56,795 INFO pycloud_parallel.controlplane.infocenter_http [InfoCenter] GET /nodes healthy_only=True tags=[] limit=500 count=2
2026-05-04 10:26:56,796 INFO pycloud_parallel.controlplane.infocenter_http [InfoCenter] GET /nodes healthy_only=True tags=[] limit=500 count=2
2026-05-04 10:26:56,797 INFO pycloud_parallel.controlplane.infocenter_http [InfoCenter] GET /nodes healthy_only=True tags=[] limit=500 count=2
2026-05-04 10:26:56,798 INFO pycloud_parallel.controlplane.infocenter_http [InfoCenter] GET /nodes healthy_only=True tags=[] limit=500 count=2
2026-05-04 10:26:56,799 INFO pycloud_parallel.controlplane.infocenter_http [InfoCenter] GET /nodes healthy_only=True tags=[] limit=500 count=2
2026-05-04 10:26:56,800 INFO pycloud_parallel.controlplane.infocenter_http [InfoCenter] GET /nodes healthy_only=True tags=[] limit=500 count=2
2026-05-04 10:26:56,801 INFO pycloud_parallel.controlplane.infocenter_http [InfoCenter] GET /nodes healthy_only=True tags=[] limit=500 count=2
2026-05-04 10:26:56,802 INFO pycloud_parallel.controlplane.infocenter_http [InfoCenter] GET /nodes healthy_only=True tags=[] limit=500 count=2
2026-05-04 10:26:56,803 INFO pycloud_parallel.controlplane.infocenter_http [InfoCenter] GET /nodes healthy_only=True tags=[] limit=500 count=2
2026-05-04 10:26:56,804 INFO pycloud_parallel.controlplane.infocenter_http [InfoCenter] GET /nodes healthy_only=True tags=[] limit=500 count=2
2026-05-04 10:26:56,806 INFO pycloud_parallel.controlplane.infocenter_http [InfoCenter] GET /nodes healthy_only=True tags=[] limit=500 count=2
2026-05-04 10:26:56,807 INFO pycloud_parallel.controlplane.infocenter_http [InfoCenter] GET /nodes healthy_only=True tags=[] limit=500 count=2
2026-05-04 10:26:56,808 INFO pycloud_parallel.controlplane.infocenter_http [InfoCenter] GET /nodes healthy_only=True tags=[] limit=500 count=2
2026-05-04 10:26:56,809 INFO pycloud_parallel.controlplane.infocenter_http [InfoCenter] GET /nodes healthy_only=True tags=[] limit=500 count=2
2026-05-04 10:26:56,810 INFO pycloud_parallel.controlplane.infocenter_http [InfoCenter] GET /nodes healthy_only=True tags=[] limit=500 count=2
2026-05-04 10:26:56,811 INFO pycloud_parallel.controlplane.infocenter_http [InfoCenter] GET /nodes healthy_only=True tags=[] limit=500 count=2
2026-05-04 10:26:56,812 INFO pycloud_parallel.controlplane.infocenter_http [InfoCenter] GET /nodes healthy_only=True tags=[] limit=500 count=2
2026-05-04 10:26:56,813 INFO pycloud_parallel.controlplane.infocenter_http [InfoCenter] GET /nodes healthy_only=True tags=[] limit=500 count=2
2026-05-04 10:26:56,814 INFO pycloud_parallel.controlplane.infocenter_http [InfoCenter] GET /nodes healthy_only=True tags=[] limit=500 count=2
2026-05-04 10:26:56,814 INFO pycloud_parallel.controlplane.infocenter_http [InfoCenter] GET /nodes healthy_only=True tags=[] limit=500 count=2
2026-05-04 10:26:56,815 INFO pycloud_parallel.controlplane.infocenter_http [InfoCenter] GET /nodes healthy_only=True tags=[] limit=500 count=2
2026-05-04 10:26:56,817 INFO pycloud_parallel.controlplane.infocenter_http [InfoCenter] GET /nodes healthy_only=True tags=[] limit=500 count=2
2026-05-04 10:26:56,818 INFO pycloud_parallel.controlplane.infocenter_http [InfoCenter] GET /nodes healthy_only=True tags=[] limit=500 count=2
2026-05-04 10:26:56,818 INFO pycloud_parallel.controlplane.infocenter_http [InfoCenter] GET /nodes healthy_only=True tags=[] limit=500 count=2
2026-05-04 10:26:56,819 INFO pycloud_parallel.controlplane.infocenter_http [InfoCenter] GET /nodes healthy_only=True tags=[] limit=500 count=2
2026-05-04 10:26:56,820 INFO pycloud_parallel.controlplane.infocenter_http [InfoCenter] GET /nodes healthy_only=True tags=[] limit=500 count=2
2026-05-04 10:26:56,822 INFO pycloud_parallel.controlplane.infocenter_http [InfoCenter] GET /nodes healthy_only=True tags=[] limit=500 count=2
2026-05-04 10:26:56,823 INFO pycloud_parallel.controlplane.infocenter_http [InfoCenter] GET /nodes healthy_only=True tags=[] limit=500 count=2
2026-05-04 10:26:56,824 INFO pycloud_parallel.controlplane.infocenter_http [InfoCenter] GET /nodes healthy_only=True tags=[] limit=500 count=2
2026-05-04 10:26:56,825 INFO pycloud_parallel.controlplane.infocenter_http [InfoCenter] GET /nodes healthy_only=True tags=[] limit=500 count=2
2026-05-04 10:26:56,826 INFO pycloud_parallel.controlplane.infocenter_http [InfoCenter] GET /nodes healthy_only=True tags=[] limit=500 count=2
2026-05-04 10:26:56,827 INFO pycloud_parallel.controlplane.infocenter_http [InfoCenter] GET /nodes healthy_only=True tags=[] limit=500 count=2
2026-05-04 10:26:56,828 INFO pycloud_parallel.controlplane.infocenter_http [InfoCenter] GET /nodes healthy_only=True tags=[] limit=500 count=2
2026-05-04 10:26:56,829 INFO pycloud_parallel.controlplane.infocenter_http [InfoCenter] GET /nodes healthy_only=True tags=[] limit=500 count=2
2026-05-04 10:26:56,830 INFO pycloud_parallel.controlplane.infocenter_http [InfoCenter] GET /nodes healthy_only=True tags=[] limit=500 count=2
2026-05-04 10:26:56,830 INFO pycloud_parallel.controlplane.infocenter_http [InfoCenter] GET /nodes healthy_only=True tags=[] limit=500 count=2
2026-05-04 10:26:56,831 INFO pycloud_parallel.controlplane.infocenter_http [InfoCenter] GET /nodes healthy_only=True tags=[] limit=500 count=2
2026-05-04 10:26:56,832 INFO pycloud_parallel.controlplane.infocenter_http [InfoCenter] GET /nodes healthy_only=True tags=[] limit=500 count=2
2026-05-04 10:26:56,833 INFO pycloud_parallel.controlplane.infocenter_http [InfoCenter] GET /nodes healthy_only=True tags=[] limit=500 count=2
2026-05-04 10:26:56,835 INFO pycloud_parallel.controlplane.infocenter_http [InfoCenter] GET /nodes healthy_only=True tags=[] limit=500 count=2
2026-05-04 10:26:56,836 INFO pycloud_parallel.controlplane.infocenter_http [InfoCenter] GET /nodes healthy_only=True tags=[] limit=500 count=2
2026-05-04 10:26:56,837 INFO pycloud_parallel.controlplane.infocenter_http [InfoCenter] GET /nodes healthy_only=True tags=[] limit=500 count=2
2026-05-04 10:26:56,838 INFO pycloud_parallel.controlplane.infocenter_http [InfoCenter] GET /nodes healthy_only=True tags=[] limit=500 count=2
2026-05-04 10:26:56,839 INFO pycloud_parallel.controlplane.infocenter_http [InfoCenter] GET /nodes healthy_only=True tags=[] limit=500 count=2
2026-05-04 10:26:56,840 INFO pycloud_parallel.controlplane.infocenter_http [InfoCenter] GET /nodes healthy_only=True tags=[] limit=500 count=2
2026-05-04 10:26:56,842 INFO pycloud_parallel.controlplane.infocenter_http [InfoCenter] GET /nodes healthy_only=True tags=[] limit=500 count=2
2026-05-04 10:26:56,843 INFO pycloud_parallel.controlplane.infocenter_http [InfoCenter] GET /nodes healthy_only=True tags=[] limit=500 count=2
2026-05-04 10:26:56,844 INFO pycloud_parallel.controlplane.infocenter_http [InfoCenter] GET /nodes healthy_only=True tags=[] limit=500 count=2
2026-05-04 10:26:56,845 INFO pycloud_parallel.controlplane.infocenter_http [InfoCenter] GET /nodes healthy_only=True tags=[] limit=500 count=2
2026-05-04 10:26:56,846 INFO pycloud_parallel.controlplane.infocenter_http [InfoCenter] GET /nodes healthy_only=True tags=[] limit=500 count=2
2026-05-04 10:26:56,847 INFO pycloud_parallel.controlplane.infocenter_http [InfoCenter] GET /nodes healthy_only=True tags=[] limit=500 count=2
2026-05-04 10:26:56,848 INFO pycloud_parallel.controlplane.infocenter_http [InfoCenter] GET /nodes healthy_only=True tags=[] limit=500 count=2
2026-05-04 10:26:56,849 INFO pycloud_parallel.controlplane.infocenter_http [InfoCenter] GET /nodes healthy_only=True tags=[] limit=500 count=2
2026-05-04 10:26:56,850 INFO pycloud_parallel.controlplane.infocenter_http [InfoCenter] GET /nodes healthy_only=True tags=[] limit=500 count=2
2026-05-04 10:26:56,851 INFO pycloud_parallel.controlplane.infocenter_http [InfoCenter] GET /nodes healthy_only=True tags=[] limit=500 count=2
2026-05-04 10:26:56,852 INFO pycloud_parallel.controlplane.infocenter_http [InfoCenter] GET /nodes healthy_only=True tags=[] limit=500 count=2
2026-05-04 10:26:56,853 INFO pycloud_parallel.controlplane.infocenter_http [InfoCenter] GET /nodes healthy_only=True tags=[] limit=500 count=2
2026-05-04 10:26:56,855 INFO pycloud_parallel.controlplane.infocenter_http [InfoCenter] GET /nodes healthy_only=True tags=[] limit=500 count=2
2026-05-04 10:26:56,856 INFO pycloud_parallel.controlplane.infocenter_http [InfoCenter] GET /nodes healthy_only=True tags=[] limit=500 count=2
2026-05-04 10:26:56,857 INFO pycloud_parallel.controlplane.infocenter_http [InfoCenter] GET /nodes healthy_only=True tags=[] limit=500 count=2
2026-05-04 10:26:56,858 INFO pycloud_parallel.controlplane.infocenter_http [InfoCenter] GET /nodes healthy_only=True tags=[] limit=500 count=2
2026-05-04 10:26:56,859 INFO pycloud_parallel.controlplane.infocenter_http [InfoCenter] GET /nodes healthy_only=True tags=[] limit=500 count=2
2026-05-04 10:26:56,860 INFO pycloud_parallel.controlplane.infocenter_http [InfoCenter] GET /nodes healthy_only=True tags=[] limit=500 count=2
2026-05-04 10:26:56,861 INFO pycloud_parallel.controlplane.infocenter_http [InfoCenter] GET /nodes healthy_only=True tags=[] limit=500 count=2
2026-05-04 10:26:56,862 INFO pycloud_parallel.controlplane.infocenter_http [InfoCenter] GET /nodes healthy_only=True tags=[] limit=500 count=2
2026-05-04 10:26:56,863 INFO pycloud_parallel.controlplane.infocenter_http [InfoCenter] GET /nodes healthy_only=True tags=[] limit=500 count=2
2026-05-04 10:26:56,864 INFO pycloud_parallel.controlplane.infocenter_http [InfoCenter] GET /nodes healthy_only=True tags=[] limit=500 count=2
2026-05-04 10:26:56,865 INFO pycloud_parallel.controlplane.infocenter_http [InfoCenter] GET /nodes healthy_only=True tags=[] limit=500 count=2
2026-05-04 10:26:56,866 INFO pycloud_parallel.controlplane.infocenter_http [InfoCenter] GET /nodes healthy_only=True tags=[] limit=500 count=2
2026-05-04 10:26:56,867 INFO pycloud_parallel.controlplane.infocenter_http [InfoCenter] GET /nodes healthy_only=True tags=[] limit=500 count=2
2026-05-04 10:26:56,868 INFO pycloud_parallel.controlplane.infocenter_http [InfoCenter] GET /nodes healthy_only=True tags=[] limit=500 count=2
2026-05-04 10:26:56,869 INFO pycloud_parallel.controlplane.infocenter_http [InfoCenter] GET /nodes healthy_only=True tags=[] limit=500 count=2
2026-05-04 10:26:56,870 INFO pycloud_parallel.controlplane.infocenter_http [InfoCenter] GET /nodes healthy_only=True tags=[] limit=500 count=2
2026-05-04 10:26:56,871 INFO pycloud_parallel.controlplane.infocenter_http [InfoCenter] GET /nodes healthy_only=True tags=[] limit=500 count=2
2026-05-04 10:26:56,872 INFO pycloud_parallel.controlplane.infocenter_http [InfoCenter] GET /nodes healthy_only=True tags=[] limit=500 count=2
2026-05-04 10:26:56,873 INFO pycloud_parallel.controlplane.infocenter_http [InfoCenter] GET /nodes healthy_only=True tags=[] limit=500 count=2
2026-05-04 10:26:56,874 INFO pycloud_parallel.controlplane.infocenter_http [InfoCenter] GET /nodes healthy_only=True tags=[] limit=500 count=2
2026-05-04 10:26:56,875 INFO pycloud_parallel.controlplane.infocenter_http [InfoCenter] GET /nodes healthy_only=True tags=[] limit=500 count=2
2026-05-04 10:26:56,876 INFO pycloud_parallel.controlplane.infocenter_http [InfoCenter] GET /nodes healthy_only=True tags=[] limit=500 count=2
2026-05-04 10:26:56,877 INFO pycloud_parallel.controlplane.infocenter_http [InfoCenter] GET /nodes healthy_only=True tags=[] limit=500 count=2
2026-05-04 10:26:56,878 INFO pycloud_parallel.controlplane.infocenter_http [InfoCenter] GET /nodes healthy_only=True tags=[] limit=500 count=2
2026-05-04 10:26:56,879 INFO pycloud_parallel.controlplane.infocenter_http [InfoCenter] GET /nodes healthy_only=True tags=[] limit=500 count=2
2026-05-04 10:26:56,880 INFO pycloud_parallel.controlplane.infocenter_http [InfoCenter] GET /nodes healthy_only=True tags=[] limit=500 count=2
2026-05-04 10:26:56,881 INFO pycloud_parallel.controlplane.infocenter_http [InfoCenter] GET /nodes healthy_only=True tags=[] limit=500 count=2
2026-05-04 10:26:56,882 INFO pycloud_parallel.controlplane.infocenter_http [InfoCenter] GET /nodes healthy_only=True tags=[] limit=500 count=2
2026-05-04 10:26:56,883 INFO pycloud_parallel.controlplane.infocenter_http [InfoCenter] GET /nodes healthy_only=True tags=[] limit=500 count=2
2026-05-04 10:26:56,884 INFO pycloud_parallel.controlplane.infocenter_http [InfoCenter] GET /nodes healthy_only=True tags=[] limit=500 count=2
2026-05-04 10:26:56,885 INFO pycloud_parallel.controlplane.infocenter_http [InfoCenter] GET /nodes healthy_only=True tags=[] limit=500 count=2
2026-05-04 10:26:56,886 INFO pycloud_parallel.controlplane.infocenter_http [InfoCenter] GET /nodes healthy_only=True tags=[] limit=500 count=2
2026-05-04 10:26:56,887 INFO pycloud_parallel.controlplane.infocenter_http [InfoCenter] GET /nodes healthy_only=True tags=[] limit=500 count=2
2026-05-04 10:26:56,889 INFO pycloud_parallel.controlplane.infocenter_http [InfoCenter] GET /nodes healthy_only=True tags=[] limit=500 count=2
2026-05-04 10:26:56,890 INFO pycloud_parallel.controlplane.infocenter_http [InfoCenter] GET /nodes healthy_only=True tags=[] limit=500 count=2
2026-05-04 10:26:56,891 INFO pycloud_parallel.controlplane.infocenter_http [InfoCenter] GET /nodes healthy_only=True tags=[] limit=500 count=2
2026-05-04 10:26:56,892 INFO pycloud_parallel.controlplane.infocenter_http [InfoCenter] GET /nodes healthy_only=True tags=[] limit=500 count=2
2026-05-04 10:26:56,893 INFO pycloud_parallel.controlplane.infocenter_http [InfoCenter] GET /nodes healthy_only=True tags=[] limit=500 count=2
2026-05-04 10:26:56,894 INFO pycloud_parallel.controlplane.infocenter_http [InfoCenter] GET /nodes healthy_only=True tags=[] limit=500 count=2
2026-05-04 10:26:56,895 INFO pycloud_parallel.controlplane.infocenter_http [InfoCenter] GET /nodes healthy_only=True tags=[] limit=500 count=2
2026-05-04 10:26:56,896 INFO pycloud_parallel.controlplane.infocenter_http [InfoCenter] GET /nodes healthy_only=True tags=[] limit=500 count=2
2026-05-04 10:26:56,897 INFO pycloud_parallel.controlplane.infocenter_http [InfoCenter] GET /nodes healthy_only=True tags=[] limit=500 count=2
2026-05-04 10:26:56,898 INFO pycloud_parallel.controlplane.infocenter_http [InfoCenter] GET /nodes healthy_only=True tags=[] limit=500 count=2
2026-05-04 10:26:56,899 INFO pycloud_parallel.controlplane.infocenter_http [InfoCenter] GET /nodes healthy_only=True tags=[] limit=500 count=2
2026-05-04 10:26:56,900 INFO pycloud_parallel.controlplane.infocenter_http [InfoCenter] GET /nodes healthy_only=True tags=[] limit=500 count=2
2026-05-04 10:26:56,901 INFO pycloud_parallel.controlplane.infocenter_http [InfoCenter] GET /nodes healthy_only=True tags=[] limit=500 count=2
2026-05-04 10:26:56,902 INFO pycloud_parallel.controlplane.infocenter_http [InfoCenter] GET /nodes healthy_only=True tags=[] limit=500 count=2
2026-05-04 10:26:56,903 INFO pycloud_parallel.controlplane.infocenter_http [InfoCenter] GET /nodes healthy_only=True tags=[] limit=500 count=2
2026-05-04 10:26:56,904 INFO pycloud_parallel.controlplane.infocenter_http [InfoCenter] GET /nodes healthy_only=True tags=[] limit=500 count=2
2026-05-04 10:26:56,905 INFO pycloud_parallel.controlplane.infocenter_http [InfoCenter] GET /nodes healthy_only=True tags=[] limit=500 count=2
2026-05-04 10:26:56,907 INFO pycloud_parallel.controlplane.infocenter_http [InfoCenter] GET /nodes healthy_only=True tags=[] limit=500 count=2
2026-05-04 10:26:56,908 INFO pycloud_parallel.controlplane.infocenter_http [InfoCenter] GET /nodes healthy_only=True tags=[] limit=500 count=2
2026-05-04 10:26:56,909 INFO pycloud_parallel.controlplane.infocenter_http [InfoCenter] GET /nodes healthy_only=True tags=[] limit=500 count=2
2026-05-04 10:26:56,910 INFO pycloud_parallel.controlplane.infocenter_http [InfoCenter] GET /nodes healthy_only=True tags=[] limit=500 count=2
2026-05-04 10:26:56,911 INFO pycloud_parallel.controlplane.infocenter_http [InfoCenter] GET /nodes healthy_only=True tags=[] limit=500 count=2
2026-05-04 10:26:56,911 INFO pycloud_parallel.controlplane.infocenter_http [InfoCenter] GET /nodes healthy_only=True tags=[] limit=500 count=2
2026-05-04 10:26:56,912 INFO pycloud_parallel.controlplane.infocenter_http [InfoCenter] GET /nodes healthy_only=True tags=[] limit=500 count=2
2026-05-04 10:26:56,913 INFO pycloud_parallel.controlplane.infocenter_http [InfoCenter] GET /nodes healthy_only=True tags=[] limit=500 count=2
2026-05-04 10:26:56,914 INFO pycloud_parallel.controlplane.infocenter_http [InfoCenter] GET /nodes healthy_only=True tags=[] limit=500 count=2
2026-05-04 10:26:56,916 INFO pycloud_parallel.controlplane.infocenter_http [InfoCenter] GET /nodes healthy_only=True tags=[] limit=500 count=2
2026-05-04 10:26:56,917 INFO pycloud_parallel.controlplane.infocenter_http [InfoCenter] GET /nodes healthy_only=True tags=[] limit=500 count=2
2026-05-04 10:26:56,918 INFO pycloud_parallel.controlplane.infocenter_http [InfoCenter] GET /nodes healthy_only=True tags=[] limit=500 count=2
2026-05-04 10:26:56,919 INFO pycloud_parallel.controlplane.infocenter_http [InfoCenter] GET /nodes healthy_only=True tags=[] limit=500 count=2
2026-05-04 10:26:56,920 INFO pycloud_parallel.controlplane.infocenter_http [InfoCenter] GET /nodes healthy_only=True tags=[] limit=500 count=2
2026-05-04 10:26:56,921 INFO pycloud_parallel.controlplane.infocenter_http [InfoCenter] GET /nodes healthy_only=True tags=[] limit=500 count=2
2026-05-04 10:26:56,922 INFO pycloud_parallel.controlplane.infocenter_http [InfoCenter] GET /nodes healthy_only=True tags=[] limit=500 count=2
2026-05-04 10:26:56,923 INFO pycloud_parallel.controlplane.infocenter_http [InfoCenter] GET /nodes healthy_only=True tags=[] limit=500 count=2
2026-05-04 10:26:56,924 INFO pycloud_parallel.controlplane.infocenter_http [InfoCenter] GET /nodes healthy_only=True tags=[] limit=500 count=2
2026-05-04 10:26:56,925 INFO pycloud_parallel.controlplane.infocenter_http [InfoCenter] GET /nodes healthy_only=True tags=[] limit=500 count=2
2026-05-04 10:26:56,926 INFO pycloud_parallel.controlplane.infocenter_http [InfoCenter] GET /nodes healthy_only=True tags=[] limit=500 count=2
2026-05-04 10:26:56,927 INFO pycloud_parallel.controlplane.infocenter_http [InfoCenter] GET /nodes healthy_only=True tags=[] limit=500 count=2
2026-05-04 10:26:56,928 INFO pycloud_parallel.controlplane.infocenter_http [InfoCenter] GET /nodes healthy_only=True tags=[] limit=500 count=2
2026-05-04 10:26:56,929 INFO pycloud_parallel.controlplane.infocenter_http [InfoCenter] GET /nodes healthy_only=True tags=[] limit=500 count=2
2026-05-04 10:26:56,930 INFO pycloud_parallel.controlplane.infocenter_http [InfoCenter] GET /nodes healthy_only=True tags=[] limit=500 count=2
2026-05-04 10:26:56,931 INFO pycloud_parallel.controlplane.infocenter_http [InfoCenter] GET /nodes healthy_only=True tags=[] limit=500 count=2
2026-05-04 10:26:56,932 INFO pycloud_parallel.controlplane.infocenter_http [InfoCenter] GET /nodes healthy_only=True tags=[] limit=500 count=2
2026-05-04 10:26:56,933 INFO pycloud_parallel.controlplane.infocenter_http [InfoCenter] GET /nodes healthy_only=True tags=[] limit=500 count=2
2026-05-04 10:26:56,934 INFO pycloud_parallel.controlplane.infocenter_http [InfoCenter] GET /nodes healthy_only=True tags=[] limit=500 count=2
2026-05-04 10:26:56,934 INFO pycloud_parallel.controlplane.infocenter_http [InfoCenter] GET /nodes healthy_only=True tags=[] limit=500 count=2
2026-05-04 10:26:56,935 INFO pycloud_parallel.controlplane.infocenter_http [InfoCenter] GET /nodes healthy_only=True tags=[] limit=500 count=2
2026-05-04 10:26:56,936 INFO pycloud_parallel.controlplane.infocenter_http [InfoCenter] GET /nodes healthy_only=True tags=[] limit=500 count=2
2026-05-04 10:26:56,937 INFO pycloud_parallel.controlplane.infocenter_http [InfoCenter] GET /nodes healthy_only=True tags=[] limit=500 count=2
2026-05-04 10:26:56,939 INFO pycloud_parallel.controlplane.infocenter_http [InfoCenter] GET /nodes healthy_only=True tags=[] limit=500 count=2
2026-05-04 10:26:56,940 INFO pycloud_parallel.controlplane.infocenter_http [InfoCenter] GET /nodes healthy_only=True tags=[] limit=500 count=2
2026-05-04 10:26:56,941 INFO pycloud_parallel.controlplane.infocenter_http [InfoCenter] GET /nodes healthy_only=True tags=[] limit=500 count=2
2026-05-04 10:26:56,942 INFO pycloud_parallel.controlplane.infocenter_http [InfoCenter] GET /nodes healthy_only=True tags=[] limit=500 count=2
2026-05-04 10:26:56,943 INFO pycloud_parallel.controlplane.infocenter_http [InfoCenter] GET /nodes healthy_only=True tags=[] limit=500 count=2
2026-05-04 10:26:56,944 INFO pycloud_parallel.controlplane.infocenter_http [InfoCenter] GET /nodes healthy_only=True tags=[] limit=500 count=2
2026-05-04 10:26:56,945 INFO pycloud_parallel.controlplane.infocenter_http [InfoCenter] GET /nodes healthy_only=True tags=[] limit=500 count=2
2026-05-04 10:26:56,946 INFO pycloud_parallel.controlplane.infocenter_http [InfoCenter] GET /nodes healthy_only=True tags=[] limit=500 count=2
2026-05-04 10:26:56,947 INFO pycloud_parallel.controlplane.infocenter_http [InfoCenter] GET /nodes healthy_only=True tags=[] limit=500 count=2
2026-05-04 10:26:56,948 INFO pycloud_parallel.controlplane.infocenter_http [InfoCenter] GET /nodes healthy_only=True tags=[] limit=500 count=2
2026-05-04 10:26:56,949 INFO pycloud_parallel.controlplane.infocenter_http [InfoCenter] GET /nodes healthy_only=True tags=[] limit=500 count=2
2026-05-04 10:26:56,950 INFO pycloud_parallel.controlplane.infocenter_http [InfoCenter] GET /nodes healthy_only=True tags=[] limit=500 count=2
2026-05-04 10:26:56,951 INFO pycloud_parallel.controlplane.infocenter_http [InfoCenter] GET /nodes healthy_only=True tags=[] limit=500 count=2
2026-05-04 10:26:56,952 INFO pycloud_parallel.controlplane.infocenter_http [InfoCenter] GET /nodes healthy_only=True tags=[] limit=500 count=2
2026-05-04 10:26:56,953 INFO pycloud_parallel.controlplane.infocenter_http [InfoCenter] GET /nodes healthy_only=True tags=[] limit=500 count=2
2026-05-04 10:26:56,954 INFO pycloud_parallel.controlplane.infocenter_http [InfoCenter] GET /nodes healthy_only=True tags=[] limit=500 count=2
2026-05-04 10:26:56,955 INFO pycloud_parallel.controlplane.infocenter_http [InfoCenter] GET /nodes healthy_only=True tags=[] limit=500 count=2
2026-05-04 10:26:56,956 INFO pycloud_parallel.controlplane.infocenter_http [InfoCenter] GET /nodes healthy_only=True tags=[] limit=500 count=2
2026-05-04 10:26:56,957 INFO pycloud_parallel.controlplane.infocenter_http [InfoCenter] GET /nodes healthy_only=True tags=[] limit=500 count=2
2026-05-04 10:26:56,958 INFO pycloud_parallel.controlplane.infocenter_http [InfoCenter] GET /nodes healthy_only=True tags=[] limit=500 count=2
2026-05-04 10:26:56,959 INFO pycloud_parallel.controlplane.infocenter_http [InfoCenter] GET /nodes healthy_only=True tags=[] limit=500 count=2
2026-05-04 10:26:56,960 INFO pycloud_parallel.controlplane.infocenter_http [InfoCenter] GET /nodes healthy_only=True tags=[] limit=500 count=2
2026-05-04 10:26:56,961 INFO pycloud_parallel.controlplane.infocenter_http [InfoCenter] GET /nodes healthy_only=True tags=[] limit=500 count=2
2026-05-04 10:26:56,962 INFO pycloud_parallel.controlplane.infocenter_http [InfoCenter] GET /nodes healthy_only=True tags=[] limit=500 count=2
2026-05-04 10:26:56,963 INFO pycloud_parallel.controlplane.infocenter_http [InfoCenter] GET /nodes healthy_only=True tags=[] limit=500 count=2
2026-05-04 10:26:56,964 INFO pycloud_parallel.controlplane.infocenter_http [InfoCenter] GET /nodes healthy_only=True tags=[] limit=500 count=2
2026-05-04 10:26:56,965 INFO pycloud_parallel.controlplane.infocenter_http [InfoCenter] GET /nodes healthy_only=True tags=[] limit=500 count=2
2026-05-04 10:26:56,966 INFO pycloud_parallel.controlplane.infocenter_http [InfoCenter] GET /nodes healthy_only=True tags=[] limit=500 count=2
2026-05-04 10:26:56,967 INFO pycloud_parallel.controlplane.infocenter_http [InfoCenter] GET /nodes healthy_only=True tags=[] limit=500 count=2
2026-05-04 10:26:56,968 INFO pycloud_parallel.controlplane.infocenter_http [InfoCenter] GET /nodes healthy_only=True tags=[] limit=500 count=2
2026-05-04 10:26:56,969 INFO pycloud_parallel.controlplane.infocenter_http [InfoCenter] GET /nodes healthy_only=True tags=[] limit=500 count=2
2026-05-04 10:26:56,970 INFO pycloud_parallel.controlplane.infocenter_http [InfoCenter] GET /nodes healthy_only=True tags=[] limit=500 count=2
2026-05-04 10:26:56,971 INFO pycloud_parallel.controlplane.infocenter_http [InfoCenter] GET /nodes healthy_only=True tags=[] limit=500 count=2
2026-05-04 10:26:56,972 INFO pycloud_parallel.controlplane.infocenter_http [InfoCenter] GET /nodes healthy_only=True tags=[] limit=500 count=2
2026-05-04 10:26:56,973 INFO pycloud_parallel.controlplane.infocenter_http [InfoCenter] GET /nodes healthy_only=True tags=[] limit=500 count=2
2026-05-04 10:26:56,974 INFO pycloud_parallel.controlplane.infocenter_http [InfoCenter] GET /nodes healthy_only=True tags=[] limit=500 count=2
2026-05-04 10:26:56,975 INFO pycloud_parallel.controlplane.infocenter_http [InfoCenter] GET /nodes healthy_only=True tags=[] limit=500 count=2
2026-05-04 10:26:56,976 INFO pycloud_parallel.controlplane.infocenter_http [InfoCenter] GET /nodes healthy_only=True tags=[] limit=500 count=2
2026-05-04 10:26:56,977 INFO pycloud_parallel.controlplane.infocenter_http [InfoCenter] GET /nodes healthy_only=True tags=[] limit=500 count=2
2026-05-04 10:26:56,978 INFO pycloud_parallel.controlplane.infocenter_http [InfoCenter] GET /nodes healthy_only=True tags=[] limit=500 count=2
2026-05-04 10:26:56,978 INFO pycloud_parallel.controlplane.infocenter_http [InfoCenter] GET /nodes healthy_only=True tags=[] limit=500 count=2
2026-05-04 10:26:56,979 INFO pycloud_parallel.controlplane.infocenter_http [InfoCenter] GET /nodes healthy_only=True tags=[] limit=500 count=2
2026-05-04 10:26:56,980 INFO pycloud_parallel.controlplane.infocenter_http [InfoCenter] GET /nodes healthy_only=True tags=[] limit=500 count=2
2026-05-04 10:26:56,981 INFO pycloud_parallel.controlplane.infocenter_http [InfoCenter] GET /nodes healthy_only=True tags=[] limit=500 count=2
2026-05-04 10:26:56,982 INFO pycloud_parallel.controlplane.infocenter_http [InfoCenter] GET /nodes healthy_only=True tags=[] limit=500 count=2
2026-05-04 10:26:56,983 INFO pycloud_parallel.controlplane.infocenter_http [InfoCenter] GET /nodes healthy_only=True tags=[] limit=500 count=2
2026-05-04 10:26:56,984 INFO pycloud_parallel.controlplane.infocenter_http [InfoCenter] GET /nodes healthy_only=True tags=[] limit=500 count=2
2026-05-04 10:26:56,985 INFO pycloud_parallel.controlplane.infocenter_http [InfoCenter] GET /nodes healthy_only=True tags=[] limit=500 count=2
2026-05-04 10:26:56,987 INFO pycloud_parallel.controlplane.infocenter_http [InfoCenter] GET /nodes healthy_only=True tags=[] limit=500 count=2
2026-05-04 10:26:56,988 INFO pycloud_parallel.controlplane.infocenter_http [InfoCenter] GET /nodes healthy_only=True tags=[] limit=500 count=2
2026-05-04 10:26:56,989 INFO pycloud_parallel.controlplane.infocenter_http [InfoCenter] GET /nodes healthy_only=True tags=[] limit=500 count=2
2026-05-04 10:26:56,990 INFO pycloud_parallel.controlplane.infocenter_http [InfoCenter] GET /nodes healthy_only=True tags=[] limit=500 count=2
2026-05-04 10:26:56,991 INFO pycloud_parallel.controlplane.infocenter_http [InfoCenter] GET /nodes healthy_only=True tags=[] limit=500 count=2
2026-05-04 10:26:56,992 INFO pycloud_parallel.controlplane.infocenter_http [InfoCenter] GET /nodes healthy_only=True tags=[] limit=500 count=2
2026-05-04 10:26:56,993 INFO pycloud_parallel.controlplane.infocenter_http [InfoCenter] GET /nodes healthy_only=True tags=[] limit=500 count=2
2026-05-04 10:26:56,994 INFO pycloud_parallel.controlplane.infocenter_http [InfoCenter] GET /nodes healthy_only=True tags=[] limit=500 count=2
2026-05-04 10:26:56,995 INFO pycloud_parallel.controlplane.infocenter_http [InfoCenter] GET /nodes healthy_only=True tags=[] limit=500 count=2
2026-05-04 10:26:56,996 INFO pycloud_parallel.controlplane.infocenter_http [InfoCenter] GET /nodes healthy_only=True tags=[] limit=500 count=2
2026-05-04 10:26:56,997 INFO pycloud_parallel.controlplane.infocenter_http [InfoCenter] GET /nodes healthy_only=True tags=[] limit=500 count=2
2026-05-04 10:26:56,998 INFO pycloud_parallel.controlplane.infocenter_http [InfoCenter] GET /nodes healthy_only=True tags=[] limit=500 count=2
2026-05-04 10:26:56,999 INFO pycloud_parallel.controlplane.infocenter_http [InfoCenter] GET /nodes healthy_only=True tags=[] limit=500 count=2
2026-05-04 10:26:57,000 INFO pycloud_parallel.controlplane.infocenter_http [InfoCenter] GET /nodes healthy_only=True tags=[] limit=500 count=2
2026-05-04 10:26:57,001 INFO pycloud_parallel.controlplane.infocenter_http [InfoCenter] GET /nodes healthy_only=True tags=[] limit=500 count=2
2026-05-04 10:26:57,002 INFO pycloud_parallel.controlplane.infocenter_http [InfoCenter] GET /nodes healthy_only=True tags=[] limit=500 count=2
2026-05-04 10:26:57,003 INFO pycloud_parallel.controlplane.infocenter_http [InfoCenter] GET /nodes healthy_only=True tags=[] limit=500 count=2
2026-05-04 10:26:57,004 INFO pycloud_parallel.controlplane.infocenter_http [InfoCenter] GET /nodes healthy_only=True tags=[] limit=500 count=2
2026-05-04 10:26:57,005 INFO pycloud_parallel.controlplane.infocenter_http [InfoCenter] GET /nodes healthy_only=True tags=[] limit=500 count=2
2026-05-04 10:26:57,006 INFO pycloud_parallel.controlplane.infocenter_http [InfoCenter] GET /nodes healthy_only=True tags=[] limit=500 count=2
2026-05-04 10:26:57,007 INFO pycloud_parallel.controlplane.infocenter_http [InfoCenter] GET /nodes healthy_only=True tags=[] limit=500 count=2
2026-05-04 10:26:57,007 INFO pycloud_parallel.controlplane.infocenter_http [InfoCenter] GET /nodes healthy_only=True tags=[] limit=500 count=2
2026-05-04 10:26:57,008 INFO pycloud_parallel.controlplane.infocenter_http [InfoCenter] GET /nodes healthy_only=True tags=[] limit=500 count=2
2026-05-04 10:26:57,009 INFO pycloud_parallel.controlplane.infocenter_http [InfoCenter] GET /nodes healthy_only=True tags=[] limit=500 count=2
2026-05-04 10:26:57,010 INFO pycloud_parallel.controlplane.infocenter_http [InfoCenter] GET /nodes healthy_only=True tags=[] limit=500 count=2
2026-05-04 10:26:57,011 INFO pycloud_parallel.controlplane.infocenter_http [InfoCenter] GET /nodes healthy_only=True tags=[] limit=500 count=2
2026-05-04 10:26:57,012 INFO pycloud_parallel.controlplane.infocenter_http [InfoCenter] GET /nodes healthy_only=True tags=[] limit=500 count=2
2026-05-04 10:26:57,013 INFO pycloud_parallel.controlplane.infocenter_http [InfoCenter] GET /nodes healthy_only=True tags=[] limit=500 count=2
2026-05-04 10:26:57,014 INFO pycloud_parallel.controlplane.infocenter_http [InfoCenter] GET /nodes healthy_only=True tags=[] limit=500 count=2
2026-05-04 10:26:57,015 INFO pycloud_parallel.controlplane.infocenter_http [InfoCenter] GET /nodes healthy_only=True tags=[] limit=500 count=2
2026-05-04 10:26:57,016 INFO pycloud_parallel.controlplane.infocenter_http [InfoCenter] GET /nodes healthy_only=True tags=[] limit=500 count=2
2026-05-04 10:26:57,017 INFO pycloud_parallel.controlplane.infocenter_http [InfoCenter] GET /nodes healthy_only=True tags=[] limit=500 count=2
2026-05-04 10:26:57,018 INFO pycloud_parallel.controlplane.infocenter_http [InfoCenter] GET /nodes healthy_only=True tags=[] limit=500 count=2
2026-05-04 10:26:57,019 INFO pycloud_parallel.controlplane.infocenter_http [InfoCenter] GET /nodes healthy_only=True tags=[] limit=500 count=2
2026-05-04 10:26:57,020 INFO pycloud_parallel.controlplane.infocenter_http [InfoCenter] GET /nodes healthy_only=True tags=[] limit=500 count=2
2026-05-04 10:26:57,021 INFO pycloud_parallel.controlplane.infocenter_http [InfoCenter] GET /nodes healthy_only=True tags=[] limit=500 count=2
2026-05-04 10:26:57,022 INFO pycloud_parallel.controlplane.infocenter_http [InfoCenter] GET /nodes healthy_only=True tags=[] limit=500 count=2
2026-05-04 10:26:57,023 INFO pycloud_parallel.controlplane.infocenter_http [InfoCenter] GET /nodes healthy_only=True tags=[] limit=500 count=2
2026-05-04 10:26:57,024 INFO pycloud_parallel.controlplane.infocenter_http [InfoCenter] GET /nodes healthy_only=True tags=[] limit=500 count=2
2026-05-04 10:26:57,025 INFO pycloud_parallel.controlplane.infocenter_http [InfoCenter] GET /nodes healthy_only=True tags=[] limit=500 count=2
2026-05-04 10:26:57,026 INFO pycloud_parallel.controlplane.infocenter_http [InfoCenter] GET /nodes healthy_only=True tags=[] limit=500 count=2
2026-05-04 10:26:57,027 INFO pycloud_parallel.controlplane.infocenter_http [InfoCenter] GET /nodes healthy_only=True tags=[] limit=500 count=2
2026-05-04 10:26:57,028 INFO pycloud_parallel.controlplane.infocenter_http [InfoCenter] GET /nodes healthy_only=True tags=[] limit=500 count=2
2026-05-04 10:26:57,029 INFO pycloud_parallel.controlplane.infocenter_http [InfoCenter] GET /nodes healthy_only=True tags=[] limit=500 count=2
2026-05-04 10:26:57,030 INFO pycloud_parallel.controlplane.infocenter_http [InfoCenter] GET /nodes healthy_only=True tags=[] limit=500 count=2
2026-05-04 10:26:57,031 INFO pycloud_parallel.controlplane.infocenter_http [InfoCenter] GET /nodes healthy_only=True tags=[] limit=500 count=2
2026-05-04 10:26:57,032 INFO pycloud_parallel.controlplane.infocenter_http [InfoCenter] GET /nodes healthy_only=True tags=[] limit=500 count=2
2026-05-04 10:26:57,033 INFO pycloud_parallel.controlplane.infocenter_http [InfoCenter] GET /nodes healthy_only=True tags=[] limit=500 count=2
2026-05-04 10:26:57,034 INFO pycloud_parallel.controlplane.infocenter_http [InfoCenter] GET /nodes healthy_only=True tags=[] limit=500 count=2
2026-05-04 10:26:57,035 INFO pycloud_parallel.controlplane.infocenter_http [InfoCenter] GET /nodes healthy_only=True tags=[] limit=500 count=2
2026-05-04 10:26:57,036 INFO pycloud_parallel.controlplane.infocenter_http [InfoCenter] GET /nodes healthy_only=True tags=[] limit=500 count=2
2026-05-04 10:26:57,037 INFO pycloud_parallel.controlplane.infocenter_http [InfoCenter] GET /nodes healthy_only=True tags=[] limit=500 count=2
2026-05-04 10:26:57,038 INFO pycloud_parallel.controlplane.infocenter_http [InfoCenter] GET /nodes healthy_only=True tags=[] limit=500 count=2
2026-05-04 10:26:57,039 INFO pycloud_parallel.controlplane.infocenter_http [InfoCenter] GET /nodes healthy_only=True tags=[] limit=500 count=2
2026-05-04 10:26:57,040 INFO pycloud_parallel.controlplane.infocenter_http [InfoCenter] GET /nodes healthy_only=True tags=[] limit=500 count=2
2026-05-04 10:26:57,041 INFO pycloud_parallel.controlplane.infocenter_http [InfoCenter] GET /nodes healthy_only=True tags=[] limit=500 count=2
2026-05-04 10:26:57,042 INFO pycloud_parallel.controlplane.infocenter_http [InfoCenter] GET /nodes healthy_only=True tags=[] limit=500 count=2
2026-05-04 10:26:57,043 INFO pycloud_parallel.controlplane.infocenter_http [InfoCenter] GET /nodes healthy_only=True tags=[] limit=500 count=2
2026-05-04 10:26:57,044 INFO pycloud_parallel.controlplane.infocenter_http [InfoCenter] GET /nodes healthy_only=True tags=[] limit=500 count=2
2026-05-04 10:26:57,045 INFO pycloud_parallel.controlplane.infocenter_http [InfoCenter] GET /nodes healthy_only=True tags=[] limit=500 count=2
2026-05-04 10:26:57,046 INFO pycloud_parallel.controlplane.infocenter_http [InfoCenter] GET /nodes healthy_only=True tags=[] limit=500 count=2
2026-05-04 10:26:57,047 INFO pycloud_parallel.controlplane.infocenter_http [InfoCenter] GET /nodes healthy_only=True tags=[] limit=500 count=2
2026-05-04 10:26:57,048 INFO pycloud_parallel.controlplane.infocenter_http [InfoCenter] GET /nodes healthy_only=True tags=[] limit=500 count=2
2026-05-04 10:26:57,050 INFO pycloud_parallel.controlplane.infocenter_http [InfoCenter] GET /nodes healthy_only=True tags=[] limit=500 count=2
2026-05-04 10:26:57,050 INFO pycloud_parallel.controlplane.infocenter_http [InfoCenter] GET /nodes healthy_only=True tags=[] limit=500 count=2
2026-05-04 10:26:57,051 INFO pycloud_parallel.controlplane.infocenter_http [InfoCenter] GET /nodes healthy_only=True tags=[] limit=500 count=2
2026-05-04 10:26:57,052 INFO pycloud_parallel.controlplane.infocenter_http [InfoCenter] GET /nodes healthy_only=True tags=[] limit=500 count=2
2026-05-04 10:26:57,053 INFO pycloud_parallel.controlplane.infocenter_http [InfoCenter] GET /nodes healthy_only=True tags=[] limit=500 count=2
2026-05-04 10:26:57,054 INFO pycloud_parallel.controlplane.infocenter_http [InfoCenter] GET /nodes healthy_only=True tags=[] limit=500 count=2
2026-05-04 10:26:57,055 INFO pycloud_parallel.controlplane.infocenter_http [InfoCenter] GET /nodes healthy_only=True tags=[] limit=500 count=2
2026-05-04 10:26:57,056 INFO pycloud_parallel.controlplane.infocenter_http [InfoCenter] GET /nodes healthy_only=True tags=[] limit=500 count=2
2026-05-04 10:26:57,057 INFO pycloud_parallel.controlplane.infocenter_http [InfoCenter] GET /nodes healthy_only=True tags=[] limit=500 count=2
2026-05-04 10:26:57,058 INFO pycloud_parallel.controlplane.infocenter_http [InfoCenter] GET /nodes healthy_only=True tags=[] limit=500 count=2
2026-05-04 10:26:57,059 INFO pycloud_parallel.controlplane.infocenter_http [InfoCenter] GET /nodes healthy_only=True tags=[] limit=500 count=2
2026-05-04 10:26:57,060 INFO pycloud_parallel.controlplane.infocenter_http [InfoCenter] GET /nodes healthy_only=True tags=[] limit=500 count=2
2026-05-04 10:26:57,061 INFO pycloud_parallel.controlplane.infocenter_http [InfoCenter] GET /nodes healthy_only=True tags=[] limit=500 count=2
2026-05-04 10:26:57,062 INFO pycloud_parallel.controlplane.infocenter_http [InfoCenter] GET /nodes healthy_only=True tags=[] limit=500 count=2
2026-05-04 10:26:57,064 INFO pycloud_parallel.controlplane.infocenter_http [InfoCenter] GET /nodes healthy_only=True tags=[] limit=500 count=2
2026-05-04 10:26:57,065 INFO pycloud_parallel.controlplane.infocenter_http [InfoCenter] GET /nodes healthy_only=True tags=[] limit=500 count=2
2026-05-04 10:26:57,066 INFO pycloud_parallel.controlplane.infocenter_http [InfoCenter] GET /nodes healthy_only=True tags=[] limit=500 count=2
2026-05-04 10:26:57,067 INFO pycloud_parallel.controlplane.infocenter_http [InfoCenter] GET /nodes healthy_only=True tags=[] limit=500 count=2
2026-05-04 10:26:57,068 INFO pycloud_parallel.controlplane.infocenter_http [InfoCenter] GET /nodes healthy_only=True tags=[] limit=500 count=2
2026-05-04 10:26:57,069 INFO pycloud_parallel.controlplane.infocenter_http [InfoCenter] GET /nodes healthy_only=True tags=[] limit=500 count=2
2026-05-04 10:26:57,070 INFO pycloud_parallel.controlplane.infocenter_http [InfoCenter] GET /nodes healthy_only=True tags=[] limit=500 count=2
2026-05-04 10:26:57,071 INFO pycloud_parallel.controlplane.infocenter_http [InfoCenter] GET /nodes healthy_only=True tags=[] limit=500 count=2
2026-05-04 10:26:57,072 INFO pycloud_parallel.controlplane.infocenter_http [InfoCenter] GET /nodes healthy_only=True tags=[] limit=500 count=2
2026-05-04 10:26:57,073 INFO pycloud_parallel.controlplane.infocenter_http [InfoCenter] GET /nodes healthy_only=True tags=[] limit=500 count=2
2026-05-04 10:26:57,074 INFO pycloud_parallel.controlplane.infocenter_http [InfoCenter] GET /nodes healthy_only=True tags=[] limit=500 count=2
2026-05-04 10:26:57,075 INFO pycloud_parallel.controlplane.infocenter_http [InfoCenter] GET /nodes healthy_only=True tags=[] limit=500 count=2
2026-05-04 10:26:57,076 INFO pycloud_parallel.controlplane.infocenter_http [InfoCenter] GET /nodes healthy_only=True tags=[] limit=500 count=2
2026-05-04 10:26:57,077 INFO pycloud_parallel.controlplane.infocenter_http [InfoCenter] GET /nodes healthy_only=True tags=[] limit=500 count=2
2026-05-04 10:26:57,078 INFO pycloud_parallel.controlplane.infocenter_http [InfoCenter] GET /nodes healthy_only=True tags=[] limit=500 count=2
2026-05-04 10:26:57,079 INFO pycloud_parallel.controlplane.infocenter_http [InfoCenter] GET /nodes healthy_only=True tags=[] limit=500 count=2
2026-05-04 10:26:57,080 INFO pycloud_parallel.controlplane.infocenter_http [InfoCenter] GET /nodes healthy_only=True tags=[] limit=500 count=2
2026-05-04 10:26:57,081 INFO pycloud_parallel.controlplane.infocenter_http [InfoCenter] GET /nodes healthy_only=True tags=[] limit=500 count=2
2026-05-04 10:26:57,082 INFO pycloud_parallel.controlplane.infocenter_http [InfoCenter] GET /nodes healthy_only=True tags=[] limit=500 count=2
2026-05-04 10:26:57,083 INFO pycloud_parallel.controlplane.infocenter_http [InfoCenter] GET /nodes healthy_only=True tags=[] limit=500 count=2
2026-05-04 10:26:57,084 INFO pycloud_parallel.controlplane.infocenter_http [InfoCenter] GET /nodes healthy_only=True tags=[] limit=500 count=2
2026-05-04 10:26:57,085 INFO pycloud_parallel.controlplane.infocenter_http [InfoCenter] GET /nodes healthy_only=True tags=[] limit=500 count=2
2026-05-04 10:26:57,086 INFO pycloud_parallel.controlplane.infocenter_http [InfoCenter] GET /nodes healthy_only=True tags=[] limit=500 count=2
2026-05-04 10:26:57,087 INFO pycloud_parallel.controlplane.infocenter_http [InfoCenter] GET /nodes healthy_only=True tags=[] limit=500 count=2
2026-05-04 10:26:57,088 INFO pycloud_parallel.controlplane.infocenter_http [InfoCenter] GET /nodes healthy_only=True tags=[] limit=500 count=2
2026-05-04 10:26:57,089 INFO pycloud_parallel.controlplane.infocenter_http [InfoCenter] GET /nodes healthy_only=True tags=[] limit=500 count=2
2026-05-04 10:26:57,090 INFO pycloud_parallel.controlplane.infocenter_http [InfoCenter] GET /nodes healthy_only=True tags=[] limit=500 count=2
2026-05-04 10:26:57,091 INFO pycloud_parallel.controlplane.infocenter_http [InfoCenter] GET /nodes healthy_only=True tags=[] limit=500 count=2
2026-05-04 10:26:57,092 INFO pycloud_parallel.controlplane.infocenter_http [InfoCenter] GET /nodes healthy_only=True tags=[] limit=500 count=2
2026-05-04 10:26:57,093 INFO pycloud_parallel.controlplane.infocenter_http [InfoCenter] GET /nodes healthy_only=True tags=[] limit=500 count=2
2026-05-04 10:26:57,094 INFO pycloud_parallel.controlplane.infocenter_http [InfoCenter] GET /nodes healthy_only=True tags=[] limit=500 count=2
2026-05-04 10:26:57,095 INFO pycloud_parallel.controlplane.infocenter_http [InfoCenter] GET /nodes healthy_only=True tags=[] limit=500 count=2
2026-05-04 10:26:57,096 INFO pycloud_parallel.controlplane.infocenter_http [InfoCenter] GET /nodes healthy_only=True tags=[] limit=500 count=2
2026-05-04 10:26:57,097 INFO pycloud_parallel.controlplane.infocenter_http [InfoCenter] GET /nodes healthy_only=True tags=[] limit=500 count=2
2026-05-04 10:26:57,098 INFO pycloud_parallel.controlplane.infocenter_http [InfoCenter] GET /nodes healthy_only=True tags=[] limit=500 count=2
2026-05-04 10:26:57,099 INFO pycloud_parallel.controlplane.infocenter_http [InfoCenter] GET /nodes healthy_only=True tags=[] limit=500 count=2
2026-05-04 10:26:57,100 INFO pycloud_parallel.controlplane.infocenter_http [InfoCenter] GET /nodes healthy_only=True tags=[] limit=500 count=2
2026-05-04 10:26:57,101 INFO pycloud_parallel.controlplane.infocenter_http [InfoCenter] GET /nodes healthy_only=True tags=[] limit=500 count=2
2026-05-04 10:26:57,102 INFO pycloud_parallel.controlplane.infocenter_http [InfoCenter] GET /nodes healthy_only=True tags=[] limit=500 count=2
2026-05-04 10:26:57,103 INFO pycloud_parallel.controlplane.infocenter_http [InfoCenter] GET /nodes healthy_only=True tags=[] limit=500 count=2
2026-05-04 10:26:57,104 INFO pycloud_parallel.controlplane.infocenter_http [InfoCenter] GET /nodes healthy_only=True tags=[] limit=500 count=2
2026-05-04 10:26:57,105 INFO pycloud_parallel.controlplane.infocenter_http [InfoCenter] GET /nodes healthy_only=True tags=[] limit=500 count=2
2026-05-04 10:26:57,106 INFO pycloud_parallel.controlplane.infocenter_http [InfoCenter] GET /nodes healthy_only=True tags=[] limit=500 count=2
2026-05-04 10:26:57,107 INFO pycloud_parallel.controlplane.infocenter_http [InfoCenter] GET /nodes healthy_only=True tags=[] limit=500 count=2
2026-05-04 10:26:57,108 INFO pycloud_parallel.controlplane.infocenter_http [InfoCenter] GET /nodes healthy_only=True tags=[] limit=500 count=2
2026-05-04 10:26:57,109 INFO pycloud_parallel.controlplane.infocenter_http [InfoCenter] GET /nodes healthy_only=True tags=[] limit=500 count=2
2026-05-04 10:26:57,110 INFO pycloud_parallel.controlplane.infocenter_http [InfoCenter] GET /nodes healthy_only=True tags=[] limit=500 count=2
2026-05-04 10:26:57,111 INFO pycloud_parallel.controlplane.infocenter_http [InfoCenter] GET /nodes healthy_only=True tags=[] limit=500 count=2
2026-05-04 10:26:57,112 INFO pycloud_parallel.controlplane.infocenter_http [InfoCenter] GET /nodes healthy_only=True tags=[] limit=500 count=2
2026-05-04 10:26:57,113 INFO pycloud_parallel.controlplane.infocenter_http [InfoCenter] GET /nodes healthy_only=True tags=[] limit=500 count=2
2026-05-04 10:26:57,114 INFO pycloud_parallel.controlplane.infocenter_http [InfoCenter] GET /nodes healthy_only=True tags=[] limit=500 count=2
2026-05-04 10:26:57,115 INFO pycloud_parallel.controlplane.infocenter_http [InfoCenter] GET /nodes healthy_only=True tags=[] limit=500 count=2
2026-05-04 10:26:57,116 INFO pycloud_parallel.controlplane.infocenter_http [InfoCenter] GET /nodes healthy_only=True tags=[] limit=500 count=2
2026-05-04 10:26:57,117 INFO pycloud_parallel.controlplane.infocenter_http [InfoCenter] GET /nodes healthy_only=True tags=[] limit=500 count=2
2026-05-04 10:26:57,118 INFO pycloud_parallel.controlplane.infocenter_http [InfoCenter] GET /nodes healthy_only=True tags=[] limit=500 count=2
2026-05-04 10:26:57,119 INFO pycloud_parallel.controlplane.infocenter_http [InfoCenter] GET /nodes healthy_only=True tags=[] limit=500 count=2
2026-05-04 10:26:57,120 INFO pycloud_parallel.controlplane.infocenter_http [InfoCenter] GET /nodes healthy_only=True tags=[] limit=500 count=2
2026-05-04 10:26:57,121 INFO pycloud_parallel.controlplane.infocenter_http [InfoCenter] GET /nodes healthy_only=True tags=[] limit=500 count=2
2026-05-04 10:26:57,122 INFO pycloud_parallel.controlplane.infocenter_http [InfoCenter] GET /nodes healthy_only=True tags=[] limit=500 count=2
2026-05-04 10:26:57,123 INFO pycloud_parallel.controlplane.infocenter_http [InfoCenter] GET /nodes healthy_only=True tags=[] limit=500 count=2
2026-05-04 10:26:57,125 INFO pycloud_parallel.controlplane.infocenter_http [InfoCenter] GET /nodes healthy_only=True tags=[] limit=500 count=2
2026-05-04 10:26:57,126 INFO pycloud_parallel.controlplane.infocenter_http [InfoCenter] GET /nodes healthy_only=True tags=[] limit=500 count=2
2026-05-04 10:26:57,127 INFO pycloud_parallel.controlplane.infocenter_http [InfoCenter] GET /nodes healthy_only=True tags=[] limit=500 count=2
2026-05-04 10:26:57,128 INFO pycloud_parallel.controlplane.infocenter_http [InfoCenter] GET /nodes healthy_only=True tags=[] limit=500 count=2
2026-05-04 10:26:57,129 INFO pycloud_parallel.controlplane.infocenter_http [InfoCenter] GET /nodes healthy_only=True tags=[] limit=500 count=2
2026-05-04 10:26:57,130 INFO pycloud_parallel.controlplane.infocenter_http [InfoCenter] GET /nodes healthy_only=True tags=[] limit=500 count=2
2026-05-04 10:26:57,131 INFO pycloud_parallel.controlplane.infocenter_http [InfoCenter] GET /nodes healthy_only=True tags=[] limit=500 count=2
2026-05-04 10:26:57,132 INFO pycloud_parallel.controlplane.infocenter_http [InfoCenter] GET /nodes healthy_only=True tags=[] limit=500 count=2
2026-05-04 10:26:57,133 INFO pycloud_parallel.controlplane.infocenter_http [InfoCenter] GET /nodes healthy_only=True tags=[] limit=500 count=2
2026-05-04 10:26:57,134 INFO pycloud_parallel.controlplane.infocenter_http [InfoCenter] GET /nodes healthy_only=True tags=[] limit=500 count=2
2026-05-04 10:26:57,135 INFO pycloud_parallel.controlplane.infocenter_http [InfoCenter] GET /nodes healthy_only=True tags=[] limit=500 count=2
2026-05-04 10:26:57,136 INFO pycloud_parallel.controlplane.infocenter_http [InfoCenter] GET /nodes healthy_only=True tags=[] limit=500 count=2
2026-05-04 10:26:57,137 INFO pycloud_parallel.controlplane.infocenter_http [InfoCenter] GET /nodes healthy_only=True tags=[] limit=500 count=2
2026-05-04 10:26:57,138 INFO pycloud_parallel.controlplane.infocenter_http [InfoCenter] GET /nodes healthy_only=True tags=[] limit=500 count=2
2026-05-04 10:26:57,139 INFO pycloud_parallel.controlplane.infocenter_http [InfoCenter] GET /nodes healthy_only=True tags=[] limit=500 count=2
2026-05-04 10:26:57,140 INFO pycloud_parallel.controlplane.infocenter_http [InfoCenter] GET /nodes healthy_only=True tags=[] limit=500 count=2
2026-05-04 10:26:57,141 INFO pycloud_parallel.controlplane.infocenter_http [InfoCenter] GET /nodes healthy_only=True tags=[] limit=500 count=2
2026-05-04 10:26:57,142 INFO pycloud_parallel.controlplane.infocenter_http [InfoCenter] GET /nodes healthy_only=True tags=[] limit=500 count=2
2026-05-04 10:26:57,143 INFO pycloud_parallel.controlplane.infocenter_http [InfoCenter] GET /nodes healthy_only=True tags=[] limit=500 count=2
2026-05-04 10:26:57,144 INFO pycloud_parallel.controlplane.infocenter_http [InfoCenter] GET /nodes healthy_only=True tags=[] limit=500 count=2
2026-05-04 10:26:57,145 INFO pycloud_parallel.controlplane.infocenter_http [InfoCenter] GET /nodes healthy_only=True tags=[] limit=500 count=2
2026-05-04 10:26:57,146 INFO pycloud_parallel.controlplane.infocenter_http [InfoCenter] GET /nodes healthy_only=True tags=[] limit=500 count=2
2026-05-04 10:26:57,147 INFO pycloud_parallel.controlplane.infocenter_http [InfoCenter] GET /nodes healthy_only=True tags=[] limit=500 count=2
2026-05-04 10:26:57,148 INFO pycloud_parallel.controlplane.infocenter_http [InfoCenter] GET /nodes healthy_only=True tags=[] limit=500 count=2
2026-05-04 10:26:57,149 INFO pycloud_parallel.controlplane.infocenter_http [InfoCenter] GET /nodes healthy_only=True tags=[] limit=500 count=2
2026-05-04 10:26:57,150 INFO pycloud_parallel.controlplane.infocenter_http [InfoCenter] GET /nodes healthy_only=True tags=[] limit=500 count=2
2026-05-04 10:26:57,151 INFO pycloud_parallel.controlplane.infocenter_http [InfoCenter] GET /nodes healthy_only=True tags=[] limit=500 count=2
2026-05-04 10:26:57,152 INFO pycloud_parallel.controlplane.infocenter_http [InfoCenter] GET /nodes healthy_only=True tags=[] limit=500 count=2
2026-05-04 10:26:57,153 INFO pycloud_parallel.controlplane.infocenter_http [InfoCenter] GET /nodes healthy_only=True tags=[] limit=500 count=2
2026-05-04 10:26:57,154 INFO pycloud_parallel.controlplane.infocenter_http [InfoCenter] GET /nodes healthy_only=True tags=[] limit=500 count=2
2026-05-04 10:26:57,155 INFO pycloud_parallel.controlplane.infocenter_http [InfoCenter] GET /nodes healthy_only=True tags=[] limit=500 count=2
2026-05-04 10:26:57,156 INFO pycloud_parallel.controlplane.infocenter_http [InfoCenter] GET /nodes healthy_only=True tags=[] limit=500 count=2
2026-05-04 10:26:57,157 INFO pycloud_parallel.controlplane.infocenter_http [InfoCenter] GET /nodes healthy_only=True tags=[] limit=500 count=2
2026-05-04 10:26:57,159 INFO pycloud_parallel.controlplane.infocenter_http [InfoCenter] GET /nodes healthy_only=True tags=[] limit=500 count=2
2026-05-04 10:26:57,160 INFO pycloud_parallel.controlplane.infocenter_http [InfoCenter] GET /nodes healthy_only=True tags=[] limit=500 count=2
2026-05-04 10:26:57,161 INFO pycloud_parallel.controlplane.infocenter_http [InfoCenter] GET /nodes healthy_only=True tags=[] limit=500 count=2
2026-05-04 10:26:57,161 INFO pycloud_parallel.controlplane.infocenter_http [InfoCenter] GET /nodes healthy_only=True tags=[] limit=500 count=2
2026-05-04 10:26:57,162 INFO pycloud_parallel.controlplane.infocenter_http [InfoCenter] GET /nodes healthy_only=True tags=[] limit=500 count=2
2026-05-04 10:26:57,163 INFO pycloud_parallel.controlplane.infocenter_http [InfoCenter] GET /nodes healthy_only=True tags=[] limit=500 count=2
2026-05-04 10:26:57,165 INFO pycloud_parallel.controlplane.infocenter_http [InfoCenter] GET /nodes healthy_only=True tags=[] limit=500 count=2
2026-05-04 10:26:57,166 INFO pycloud_parallel.controlplane.infocenter_http [InfoCenter] GET /nodes healthy_only=True tags=[] limit=500 count=2
2026-05-04 10:26:57,167 INFO pycloud_parallel.controlplane.infocenter_http [InfoCenter] GET /nodes healthy_only=True tags=[] limit=500 count=2
2026-05-04 10:26:57,168 INFO pycloud_parallel.controlplane.infocenter_http [InfoCenter] GET /nodes healthy_only=True tags=[] limit=500 count=2
2026-05-04 10:26:57,169 INFO pycloud_parallel.controlplane.infocenter_http [InfoCenter] GET /nodes healthy_only=True tags=[] limit=500 count=2
2026-05-04 10:26:57,170 INFO pycloud_parallel.controlplane.infocenter_http [InfoCenter] GET /nodes healthy_only=True tags=[] limit=500 count=2
2026-05-04 10:26:57,171 INFO pycloud_parallel.controlplane.infocenter_http [InfoCenter] GET /nodes healthy_only=True tags=[] limit=500 count=2
2026-05-04 10:26:57,172 INFO pycloud_parallel.controlplane.infocenter_http [InfoCenter] GET /nodes healthy_only=True tags=[] limit=500 count=2
2026-05-04 10:26:57,173 INFO pycloud_parallel.controlplane.infocenter_http [InfoCenter] GET /nodes healthy_only=True tags=[] limit=500 count=2
2026-05-04 10:26:57,174 INFO pycloud_parallel.controlplane.infocenter_http [InfoCenter] GET /nodes healthy_only=True tags=[] limit=500 count=2
2026-05-04 10:26:57,175 INFO pycloud_parallel.controlplane.infocenter_http [InfoCenter] GET /nodes healthy_only=True tags=[] limit=500 count=2
2026-05-04 10:26:57,176 INFO pycloud_parallel.controlplane.infocenter_http [InfoCenter] GET /nodes healthy_only=True tags=[] limit=500 count=2
2026-05-04 10:26:57,177 INFO pycloud_parallel.controlplane.infocenter_http [InfoCenter] GET /nodes healthy_only=True tags=[] limit=500 count=2
2026-05-04 10:26:57,178 INFO pycloud_parallel.controlplane.infocenter_http [InfoCenter] GET /nodes healthy_only=True tags=[] limit=500 count=2
2026-05-04 10:26:57,179 INFO pycloud_parallel.controlplane.infocenter_http [InfoCenter] GET /nodes healthy_only=True tags=[] limit=500 count=2
2026-05-04 10:26:57,180 INFO pycloud_parallel.controlplane.infocenter_http [InfoCenter] GET /nodes healthy_only=True tags=[] limit=500 count=2
2026-05-04 10:26:57,181 INFO pycloud_parallel.controlplane.infocenter_http [InfoCenter] GET /nodes healthy_only=True tags=[] limit=500 count=2
2026-05-04 10:26:57,182 INFO pycloud_parallel.controlplane.infocenter_http [InfoCenter] GET /nodes healthy_only=True tags=[] limit=500 count=2
2026-05-04 10:26:57,183 INFO pycloud_parallel.controlplane.infocenter_http [InfoCenter] GET /nodes healthy_only=True tags=[] limit=500 count=2
2026-05-04 10:26:57,184 INFO pycloud_parallel.controlplane.infocenter_http [InfoCenter] GET /nodes healthy_only=True tags=[] limit=500 count=2
2026-05-04 10:26:57,185 INFO pycloud_parallel.controlplane.infocenter_http [InfoCenter] GET /nodes healthy_only=True tags=[] limit=500 count=2
2026-05-04 10:26:57,186 INFO pycloud_parallel.controlplane.infocenter_http [InfoCenter] GET /nodes healthy_only=True tags=[] limit=500 count=2
2026-05-04 10:26:57,187 INFO pycloud_parallel.controlplane.infocenter_http [InfoCenter] GET /nodes healthy_only=True tags=[] limit=500 count=2
2026-05-04 10:26:57,188 INFO pycloud_parallel.controlplane.infocenter_http [InfoCenter] GET /nodes healthy_only=True tags=[] limit=500 count=2
2026-05-04 10:26:57,189 INFO pycloud_parallel.controlplane.infocenter_http [InfoCenter] GET /nodes healthy_only=True tags=[] limit=500 count=2
2026-05-04 10:26:57,190 INFO pycloud_parallel.controlplane.infocenter_http [InfoCenter] GET /nodes healthy_only=True tags=[] limit=500 count=2
2026-05-04 10:26:57,191 INFO pycloud_parallel.controlplane.infocenter_http [InfoCenter] GET /nodes healthy_only=True tags=[] limit=500 count=2
2026-05-04 10:26:57,192 INFO pycloud_parallel.controlplane.infocenter_http [InfoCenter] GET /nodes healthy_only=True tags=[] limit=500 count=2
2026-05-04 10:26:57,193 INFO pycloud_parallel.controlplane.infocenter_http [InfoCenter] GET /nodes healthy_only=True tags=[] limit=500 count=2
2026-05-04 10:26:57,194 INFO pycloud_parallel.controlplane.infocenter_http [InfoCenter] GET /nodes healthy_only=True tags=[] limit=500 count=2
2026-05-04 10:26:57,195 INFO pycloud_parallel.controlplane.infocenter_http [InfoCenter] GET /nodes healthy_only=True tags=[] limit=500 count=2
2026-05-04 10:26:57,196 INFO pycloud_parallel.controlplane.infocenter_http [InfoCenter] GET /nodes healthy_only=True tags=[] limit=500 count=2
2026-05-04 10:26:57,197 INFO pycloud_parallel.controlplane.infocenter_http [InfoCenter] GET /nodes healthy_only=True tags=[] limit=500 count=2
2026-05-04 10:26:57,198 INFO pycloud_parallel.controlplane.infocenter_http [InfoCenter] GET /nodes healthy_only=True tags=[] limit=500 count=2
2026-05-04 10:26:57,199 INFO pycloud_parallel.controlplane.infocenter_http [InfoCenter] GET /nodes healthy_only=True tags=[] limit=500 count=2
2026-05-04 10:26:57,200 INFO pycloud_parallel.controlplane.infocenter_http [InfoCenter] GET /nodes healthy_only=True tags=[] limit=500 count=2
2026-05-04 10:26:57,201 INFO pycloud_parallel.controlplane.infocenter_http [InfoCenter] GET /nodes healthy_only=True tags=[] limit=500 count=2
2026-05-04 10:26:57,202 INFO pycloud_parallel.controlplane.infocenter_http [InfoCenter] GET /nodes healthy_only=True tags=[] limit=500 count=2
2026-05-04 10:26:57,203 INFO pycloud_parallel.controlplane.infocenter_http [InfoCenter] GET /nodes healthy_only=True tags=[] limit=500 count=2
2026-05-04 10:26:57,204 INFO pycloud_parallel.controlplane.infocenter_http [InfoCenter] GET /nodes healthy_only=True tags=[] limit=500 count=2
2026-05-04 10:26:57,205 INFO pycloud_parallel.controlplane.infocenter_http [InfoCenter] GET /nodes healthy_only=True tags=[] limit=500 count=2
2026-05-04 10:26:57,206 INFO pycloud_parallel.controlplane.infocenter_http [InfoCenter] GET /nodes healthy_only=True tags=[] limit=500 count=2
2026-05-04 10:26:57,207 INFO pycloud_parallel.controlplane.infocenter_http [InfoCenter] GET /nodes healthy_only=True tags=[] limit=500 count=2
2026-05-04 10:26:57,208 INFO pycloud_parallel.controlplane.infocenter_http [InfoCenter] GET /nodes healthy_only=True tags=[] limit=500 count=2
2026-05-04 10:26:57,209 INFO pycloud_parallel.controlplane.infocenter_http [InfoCenter] GET /nodes healthy_only=True tags=[] limit=500 count=2
2026-05-04 10:26:57,210 INFO pycloud_parallel.controlplane.infocenter_http [InfoCenter] GET /nodes healthy_only=True tags=[] limit=500 count=2
2026-05-04 10:26:57,211 INFO pycloud_parallel.controlplane.infocenter_http [InfoCenter] GET /nodes healthy_only=True tags=[] limit=500 count=2
2026-05-04 10:26:57,212 INFO pycloud_parallel.controlplane.infocenter_http [InfoCenter] GET /nodes healthy_only=True tags=[] limit=500 count=2
2026-05-04 10:26:57,213 INFO pycloud_parallel.controlplane.infocenter_http [InfoCenter] GET /nodes healthy_only=True tags=[] limit=500 count=2
2026-05-04 10:26:57,214 INFO pycloud_parallel.controlplane.infocenter_http [InfoCenter] GET /nodes healthy_only=True tags=[] limit=500 count=2
2026-05-04 10:26:57,215 INFO pycloud_parallel.controlplane.infocenter_http [InfoCenter] GET /nodes healthy_only=True tags=[] limit=500 count=2
2026-05-04 10:26:57,216 INFO pycloud_parallel.controlplane.infocenter_http [InfoCenter] GET /nodes healthy_only=True tags=[] limit=500 count=2
2026-05-04 10:26:57,217 INFO pycloud_parallel.controlplane.infocenter_http [InfoCenter] GET /nodes healthy_only=True tags=[] limit=500 count=2
2026-05-04 10:26:57,218 INFO pycloud_parallel.controlplane.infocenter_http [InfoCenter] GET /nodes healthy_only=True tags=[] limit=500 count=2
2026-05-04 10:26:57,219 INFO pycloud_parallel.controlplane.infocenter_http [InfoCenter] GET /nodes healthy_only=True tags=[] limit=500 count=2
2026-05-04 10:26:57,220 INFO pycloud_parallel.controlplane.infocenter_http [InfoCenter] GET /nodes healthy_only=True tags=[] limit=500 count=2
2026-05-04 10:26:57,221 INFO pycloud_parallel.controlplane.infocenter_http [InfoCenter] GET /nodes healthy_only=True tags=[] limit=500 count=2
2026-05-04 10:26:57,222 INFO pycloud_parallel.controlplane.infocenter_http [InfoCenter] GET /nodes healthy_only=True tags=[] limit=500 count=2
2026-05-04 10:26:57,223 INFO pycloud_parallel.controlplane.infocenter_http [InfoCenter] GET /nodes healthy_only=True tags=[] limit=500 count=2
2026-05-04 10:26:57,224 INFO pycloud_parallel.controlplane.infocenter_http [InfoCenter] GET /nodes healthy_only=True tags=[] limit=500 count=2
2026-05-04 10:26:57,226 INFO pycloud_parallel.controlplane.infocenter_http [InfoCenter] GET /nodes healthy_only=True tags=[] limit=500 count=2
2026-05-04 10:26:57,227 INFO pycloud_parallel.controlplane.infocenter_http [InfoCenter] GET /nodes healthy_only=True tags=[] limit=500 count=2
2026-05-04 10:26:57,228 INFO pycloud_parallel.controlplane.infocenter_http [InfoCenter] GET /nodes healthy_only=True tags=[] limit=500 count=2
2026-05-04 10:26:57,229 INFO pycloud_parallel.controlplane.infocenter_http [InfoCenter] GET /nodes healthy_only=True tags=[] limit=500 count=2
2026-05-04 10:26:57,230 INFO pycloud_parallel.controlplane.infocenter_http [InfoCenter] GET /nodes healthy_only=True tags=[] limit=500 count=2
2026-05-04 10:26:57,231 INFO pycloud_parallel.controlplane.infocenter_http [InfoCenter] GET /nodes healthy_only=True tags=[] limit=500 count=2
2026-05-04 10:26:57,232 INFO pycloud_parallel.controlplane.infocenter_http [InfoCenter] GET /nodes healthy_only=True tags=[] limit=500 count=2
2026-05-04 10:26:57,233 INFO pycloud_parallel.controlplane.infocenter_http [InfoCenter] GET /nodes healthy_only=True tags=[] limit=500 count=2
2026-05-04 10:26:57,234 INFO pycloud_parallel.controlplane.infocenter_http [InfoCenter] GET /nodes healthy_only=True tags=[] limit=500 count=2
2026-05-04 10:26:57,235 INFO pycloud_parallel.controlplane.infocenter_http [InfoCenter] GET /nodes healthy_only=True tags=[] limit=500 count=2
2026-05-04 10:26:57,236 INFO pycloud_parallel.controlplane.infocenter_http [InfoCenter] GET /nodes healthy_only=True tags=[] limit=500 count=2
2026-05-04 10:26:57,237 INFO pycloud_parallel.controlplane.infocenter_http [InfoCenter] GET /nodes healthy_only=True tags=[] limit=500 count=2
2026-05-04 10:26:57,239 INFO pycloud_parallel.controlplane.infocenter_http [InfoCenter] GET /nodes healthy_only=True tags=[] limit=500 count=2
2026-05-04 10:26:57,240 INFO pycloud_parallel.controlplane.infocenter_http [InfoCenter] GET /nodes healthy_only=True tags=[] limit=500 count=2
2026-05-04 10:26:57,241 INFO pycloud_parallel.controlplane.infocenter_http [InfoCenter] GET /nodes healthy_only=True tags=[] limit=500 count=2
2026-05-04 10:26:57,242 INFO pycloud_parallel.controlplane.infocenter_http [InfoCenter] GET /nodes healthy_only=True tags=[] limit=500 count=2
2026-05-04 10:26:57,243 INFO pycloud_parallel.controlplane.infocenter_http [InfoCenter] GET /nodes healthy_only=True tags=[] limit=500 count=2
2026-05-04 10:26:57,244 INFO pycloud_parallel.controlplane.infocenter_http [InfoCenter] GET /nodes healthy_only=True tags=[] limit=500 count=2
2026-05-04 10:26:57,245 INFO pycloud_parallel.controlplane.infocenter_http [InfoCenter] GET /nodes healthy_only=True tags=[] limit=500 count=2
2026-05-04 10:26:57,246 INFO pycloud_parallel.controlplane.infocenter_http [InfoCenter] GET /nodes healthy_only=True tags=[] limit=500 count=2
2026-05-04 10:26:57,247 INFO pycloud_parallel.controlplane.infocenter_http [InfoCenter] GET /nodes healthy_only=True tags=[] limit=500 count=2
2026-05-04 10:26:57,248 INFO pycloud_parallel.controlplane.infocenter_http [InfoCenter] GET /nodes healthy_only=True tags=[] limit=500 count=2
2026-05-04 10:26:57,249 INFO pycloud_parallel.controlplane.infocenter_http [InfoCenter] GET /nodes healthy_only=True tags=[] limit=500 count=2
2026-05-04 10:26:57,250 INFO pycloud_parallel.controlplane.infocenter_http [InfoCenter] GET /nodes healthy_only=True tags=[] limit=500 count=2
2026-05-04 10:26:57,251 INFO pycloud_parallel.controlplane.infocenter_http [InfoCenter] GET /nodes healthy_only=True tags=[] limit=500 count=2
2026-05-04 10:26:57,252 INFO pycloud_parallel.controlplane.infocenter_http [InfoCenter] GET /nodes healthy_only=True tags=[] limit=500 count=2
2026-05-04 10:26:57,253 INFO pycloud_parallel.controlplane.infocenter_http [InfoCenter] GET /nodes healthy_only=True tags=[] limit=500 count=2
2026-05-04 10:26:57,254 INFO pycloud_parallel.controlplane.infocenter_http [InfoCenter] GET /nodes healthy_only=True tags=[] limit=500 count=2
2026-05-04 10:26:57,255 INFO pycloud_parallel.controlplane.infocenter_http [InfoCenter] GET /nodes healthy_only=True tags=[] limit=500 count=2
2026-05-04 10:26:57,256 INFO pycloud_parallel.controlplane.infocenter_http [InfoCenter] GET /nodes healthy_only=True tags=[] limit=500 count=2
2026-05-04 10:26:57,257 INFO pycloud_parallel.controlplane.infocenter_http [InfoCenter] GET /nodes healthy_only=True tags=[] limit=500 count=2
2026-05-04 10:26:57,258 INFO pycloud_parallel.controlplane.infocenter_http [InfoCenter] GET /nodes healthy_only=True tags=[] limit=500 count=2
2026-05-04 10:26:57,259 INFO pycloud_parallel.controlplane.infocenter_http [InfoCenter] GET /nodes healthy_only=True tags=[] limit=500 count=2
2026-05-04 10:26:57,260 INFO pycloud_parallel.controlplane.infocenter_http [InfoCenter] GET /nodes healthy_only=True tags=[] limit=500 count=2
2026-05-04 10:26:57,261 INFO pycloud_parallel.controlplane.infocenter_http [InfoCenter] GET /nodes healthy_only=True tags=[] limit=500 count=2
2026-05-04 10:26:57,262 INFO pycloud_parallel.controlplane.infocenter_http [InfoCenter] GET /nodes healthy_only=True tags=[] limit=500 count=2
2026-05-04 10:26:57,263 INFO pycloud_parallel.controlplane.infocenter_http [InfoCenter] GET /nodes healthy_only=True tags=[] limit=500 count=2
2026-05-04 10:26:57,264 INFO pycloud_parallel.controlplane.infocenter_http [InfoCenter] GET /nodes healthy_only=True tags=[] limit=500 count=2
2026-05-04 10:26:57,265 INFO pycloud_parallel.controlplane.infocenter_http [InfoCenter] GET /nodes healthy_only=True tags=[] limit=500 count=2
2026-05-04 10:26:57,266 INFO pycloud_parallel.controlplane.infocenter_http [InfoCenter] GET /nodes healthy_only=True tags=[] limit=500 count=2
2026-05-04 10:26:57,267 INFO pycloud_parallel.controlplane.infocenter_http [InfoCenter] GET /nodes healthy_only=True tags=[] limit=500 count=2
2026-05-04 10:26:57,268 INFO pycloud_parallel.controlplane.infocenter_http [InfoCenter] GET /nodes healthy_only=True tags=[] limit=500 count=2
2026-05-04 10:26:57,269 INFO pycloud_parallel.controlplane.infocenter_http [InfoCenter] GET /nodes healthy_only=True tags=[] limit=500 count=2
2026-05-04 10:26:57,270 INFO pycloud_parallel.controlplane.infocenter_http [InfoCenter] GET /nodes healthy_only=True tags=[] limit=500 count=2
2026-05-04 10:26:57,271 INFO pycloud_parallel.controlplane.infocenter_http [InfoCenter] GET /nodes healthy_only=True tags=[] limit=500 count=2
2026-05-04 10:26:57,272 INFO pycloud_parallel.controlplane.infocenter_http [InfoCenter] GET /nodes healthy_only=True tags=[] limit=500 count=2
2026-05-04 10:26:57,273 INFO pycloud_parallel.controlplane.infocenter_http [InfoCenter] GET /nodes healthy_only=True tags=[] limit=500 count=2
2026-05-04 10:26:57,274 INFO pycloud_parallel.controlplane.infocenter_http [InfoCenter] GET /nodes healthy_only=True tags=[] limit=500 count=2
2026-05-04 10:26:57,275 INFO pycloud_parallel.controlplane.infocenter_http [InfoCenter] GET /nodes healthy_only=True tags=[] limit=500 count=2
2026-05-04 10:26:57,276 INFO pycloud_parallel.controlplane.infocenter_http [InfoCenter] GET /nodes healthy_only=True tags=[] limit=500 count=2
2026-05-04 10:26:57,277 INFO pycloud_parallel.controlplane.infocenter_http [InfoCenter] GET /nodes healthy_only=True tags=[] limit=500 count=2
2026-05-04 10:26:57,278 INFO pycloud_parallel.controlplane.infocenter_http [InfoCenter] GET /nodes healthy_only=True tags=[] limit=500 count=2
2026-05-04 10:26:57,279 INFO pycloud_parallel.controlplane.infocenter_http [InfoCenter] GET /nodes healthy_only=True tags=[] limit=500 count=2
2026-05-04 10:26:57,280 INFO pycloud_parallel.controlplane.infocenter_http [InfoCenter] GET /nodes healthy_only=True tags=[] limit=500 count=2
2026-05-04 10:26:57,281 INFO pycloud_parallel.controlplane.infocenter_http [InfoCenter] GET /nodes healthy_only=True tags=[] limit=500 count=2
2026-05-04 10:26:57,282 INFO pycloud_parallel.controlplane.infocenter_http [InfoCenter] GET /nodes healthy_only=True tags=[] limit=500 count=2
2026-05-04 10:26:57,283 INFO pycloud_parallel.controlplane.infocenter_http [InfoCenter] GET /nodes healthy_only=True tags=[] limit=500 count=2
2026-05-04 10:26:57,284 INFO pycloud_parallel.controlplane.infocenter_http [InfoCenter] GET /nodes healthy_only=True tags=[] limit=500 count=2
2026-05-04 10:26:57,285 INFO pycloud_parallel.controlplane.infocenter_http [InfoCenter] GET /nodes healthy_only=True tags=[] limit=500 count=2
2026-05-04 10:26:57,286 INFO pycloud_parallel.controlplane.infocenter_http [InfoCenter] GET /nodes healthy_only=True tags=[] limit=500 count=2
2026-05-04 10:26:57,287 INFO pycloud_parallel.controlplane.infocenter_http [InfoCenter] GET /nodes healthy_only=True tags=[] limit=500 count=2
2026-05-04 10:26:57,288 INFO pycloud_parallel.controlplane.infocenter_http [InfoCenter] GET /nodes healthy_only=True tags=[] limit=500 count=2
2026-05-04 10:26:57,289 INFO pycloud_parallel.controlplane.infocenter_http [InfoCenter] GET /nodes healthy_only=True tags=[] limit=500 count=2
2026-05-04 10:26:57,290 INFO pycloud_parallel.controlplane.infocenter_http [InfoCenter] GET /nodes healthy_only=True tags=[] limit=500 count=2
2026-05-04 10:26:57,291 INFO pycloud_parallel.controlplane.infocenter_http [InfoCenter] GET /nodes healthy_only=True tags=[] limit=500 count=2
2026-05-04 10:26:57,292 INFO pycloud_parallel.controlplane.infocenter_http [InfoCenter] GET /nodes healthy_only=True tags=[] limit=500 count=2
2026-05-04 10:26:57,293 INFO pycloud_parallel.controlplane.infocenter_http [InfoCenter] GET /nodes healthy_only=True tags=[] limit=500 count=2
2026-05-04 10:26:57,294 INFO pycloud_parallel.controlplane.infocenter_http [InfoCenter] GET /nodes healthy_only=True tags=[] limit=500 count=2
2026-05-04 10:26:57,295 INFO pycloud_parallel.controlplane.infocenter_http [InfoCenter] GET /nodes healthy_only=True tags=[] limit=500 count=2
2026-05-04 10:26:57,297 INFO pycloud_parallel.controlplane.infocenter_http [InfoCenter] GET /nodes healthy_only=True tags=[] limit=500 count=2
2026-05-04 10:26:57,298 INFO pycloud_parallel.controlplane.infocenter_http [InfoCenter] GET /nodes healthy_only=True tags=[] limit=500 count=2
2026-05-04 10:26:57,299 INFO pycloud_parallel.controlplane.infocenter_http [InfoCenter] GET /nodes healthy_only=True tags=[] limit=500 count=2
2026-05-04 10:26:57,300 INFO pycloud_parallel.controlplane.infocenter_http [InfoCenter] GET /nodes healthy_only=True tags=[] limit=500 count=2
2026-05-04 10:26:57,301 INFO pycloud_parallel.controlplane.infocenter_http [InfoCenter] GET /nodes healthy_only=True tags=[] limit=500 count=2
2026-05-04 10:26:57,302 INFO pycloud_parallel.controlplane.infocenter_http [InfoCenter] GET /nodes healthy_only=True tags=[] limit=500 count=2
2026-05-04 10:26:57,303 INFO pycloud_parallel.controlplane.infocenter_http [InfoCenter] GET /nodes healthy_only=True tags=[] limit=500 count=2
2026-05-04 10:26:57,304 INFO pycloud_parallel.controlplane.infocenter_http [InfoCenter] GET /nodes healthy_only=True tags=[] limit=500 count=2
2026-05-04 10:26:57,305 INFO pycloud_parallel.controlplane.infocenter_http [InfoCenter] GET /nodes healthy_only=True tags=[] limit=500 count=2
2026-05-04 10:26:57,306 INFO pycloud_parallel.controlplane.infocenter_http [InfoCenter] GET /nodes healthy_only=True tags=[] limit=500 count=2
2026-05-04 10:26:57,307 INFO pycloud_parallel.controlplane.infocenter_http [InfoCenter] GET /nodes healthy_only=True tags=[] limit=500 count=2
2026-05-04 10:26:57,308 INFO pycloud_parallel.controlplane.infocenter_http [InfoCenter] GET /nodes healthy_only=True tags=[] limit=500 count=2
2026-05-04 10:26:57,309 INFO pycloud_parallel.controlplane.infocenter_http [InfoCenter] GET /nodes healthy_only=True tags=[] limit=500 count=2
2026-05-04 10:26:57,310 INFO pycloud_parallel.controlplane.infocenter_http [InfoCenter] GET /nodes healthy_only=True tags=[] limit=500 count=2
2026-05-04 10:26:57,311 INFO pycloud_parallel.controlplane.infocenter_http [InfoCenter] GET /nodes healthy_only=True tags=[] limit=500 count=2
2026-05-04 10:26:57,311 INFO pycloud_parallel.controlplane.infocenter_http [InfoCenter] GET /nodes healthy_only=True tags=[] limit=500 count=2
2026-05-04 10:26:57,312 INFO pycloud_parallel.controlplane.infocenter_http [InfoCenter] GET /nodes healthy_only=True tags=[] limit=500 count=2
2026-05-04 10:26:57,313 INFO pycloud_parallel.controlplane.infocenter_http [InfoCenter] GET /nodes healthy_only=True tags=[] limit=500 count=2
2026-05-04 10:26:57,314 INFO pycloud_parallel.controlplane.infocenter_http [InfoCenter] GET /nodes healthy_only=True tags=[] limit=500 count=2
2026-05-04 10:26:57,315 INFO pycloud_parallel.controlplane.infocenter_http [InfoCenter] GET /nodes healthy_only=True tags=[] limit=500 count=2
2026-05-04 10:26:57,316 INFO pycloud_parallel.controlplane.infocenter_http [InfoCenter] GET /nodes healthy_only=True tags=[] limit=500 count=2
2026-05-04 10:26:57,317 INFO pycloud_parallel.controlplane.infocenter_http [InfoCenter] GET /nodes healthy_only=True tags=[] limit=500 count=2
2026-05-04 10:26:57,318 INFO pycloud_parallel.controlplane.infocenter_http [InfoCenter] GET /nodes healthy_only=True tags=[] limit=500 count=2
2026-05-04 10:26:57,319 INFO pycloud_parallel.controlplane.infocenter_http [InfoCenter] GET /nodes healthy_only=True tags=[] limit=500 count=2
2026-05-04 10:26:57,320 INFO pycloud_parallel.controlplane.infocenter_http [InfoCenter] GET /nodes healthy_only=True tags=[] limit=500 count=2
2026-05-04 10:26:57,321 INFO pycloud_parallel.controlplane.infocenter_http [InfoCenter] GET /nodes healthy_only=True tags=[] limit=500 count=2
2026-05-04 10:26:57,322 INFO pycloud_parallel.controlplane.infocenter_http [InfoCenter] GET /nodes healthy_only=True tags=[] limit=500 count=2
2026-05-04 10:26:57,324 INFO pycloud_parallel.controlplane.infocenter_http [InfoCenter] GET /nodes healthy_only=True tags=[] limit=500 count=2
2026-05-04 10:26:57,325 INFO pycloud_parallel.controlplane.infocenter_http [InfoCenter] GET /nodes healthy_only=True tags=[] limit=500 count=2
2026-05-04 10:26:57,326 INFO pycloud_parallel.controlplane.infocenter_http [InfoCenter] GET /nodes healthy_only=True tags=[] limit=500 count=2
2026-05-04 10:26:57,327 INFO pycloud_parallel.controlplane.infocenter_http [InfoCenter] GET /nodes healthy_only=True tags=[] limit=500 count=2
2026-05-04 10:26:57,328 INFO pycloud_parallel.controlplane.infocenter_http [InfoCenter] GET /nodes healthy_only=True tags=[] limit=500 count=2
2026-05-04 10:26:57,329 INFO pycloud_parallel.controlplane.infocenter_http [InfoCenter] GET /nodes healthy_only=True tags=[] limit=500 count=2
2026-05-04 10:26:57,330 INFO pycloud_parallel.controlplane.infocenter_http [InfoCenter] GET /nodes healthy_only=True tags=[] limit=500 count=2
2026-05-04 10:26:57,331 INFO pycloud_parallel.controlplane.infocenter_http [InfoCenter] GET /nodes healthy_only=True tags=[] limit=500 count=2
2026-05-04 10:26:57,332 INFO pycloud_parallel.controlplane.infocenter_http [InfoCenter] GET /nodes healthy_only=True tags=[] limit=500 count=2
2026-05-04 10:26:57,333 INFO pycloud_parallel.controlplane.infocenter_http [InfoCenter] GET /nodes healthy_only=True tags=[] limit=500 count=2
2026-05-04 10:26:57,334 INFO pycloud_parallel.controlplane.infocenter_http [InfoCenter] GET /nodes healthy_only=True tags=[] limit=500 count=2
2026-05-04 10:26:57,335 INFO pycloud_parallel.controlplane.infocenter_http [InfoCenter] GET /nodes healthy_only=True tags=[] limit=500 count=2
2026-05-04 10:26:57,336 INFO pycloud_parallel.controlplane.infocenter_http [InfoCenter] GET /nodes healthy_only=True tags=[] limit=500 count=2
2026-05-04 10:26:57,337 INFO pycloud_parallel.controlplane.infocenter_http [InfoCenter] GET /nodes healthy_only=True tags=[] limit=500 count=2
2026-05-04 10:26:57,338 INFO pycloud_parallel.controlplane.infocenter_http [InfoCenter] GET /nodes healthy_only=True tags=[] limit=500 count=2
2026-05-04 10:26:57,340 INFO pycloud_parallel.controlplane.infocenter_http [InfoCenter] GET /nodes healthy_only=True tags=[] limit=500 count=2
2026-05-04 10:26:57,341 INFO pycloud_parallel.controlplane.infocenter_http [InfoCenter] GET /nodes healthy_only=True tags=[] limit=500 count=2
2026-05-04 10:26:57,342 INFO pycloud_parallel.controlplane.infocenter_http [InfoCenter] GET /nodes healthy_only=True tags=[] limit=500 count=2
2026-05-04 10:26:57,342 INFO pycloud_parallel.controlplane.infocenter_http [InfoCenter] GET /nodes healthy_only=True tags=[] limit=500 count=2
2026-05-04 10:26:57,343 INFO pycloud_parallel.controlplane.infocenter_http [InfoCenter] GET /nodes healthy_only=True tags=[] limit=500 count=2
2026-05-04 10:26:57,344 INFO pycloud_parallel.controlplane.infocenter_http [InfoCenter] GET /nodes healthy_only=True tags=[] limit=500 count=2
2026-05-04 10:26:57,346 INFO pycloud_parallel.controlplane.infocenter_http [InfoCenter] GET /nodes healthy_only=True tags=[] limit=500 count=2
2026-05-04 10:26:57,347 INFO pycloud_parallel.controlplane.infocenter_http [InfoCenter] GET /nodes healthy_only=True tags=[] limit=500 count=2
2026-05-04 10:26:57,348 INFO pycloud_parallel.controlplane.infocenter_http [InfoCenter] GET /nodes healthy_only=True tags=[] limit=500 count=2
2026-05-04 10:26:57,349 INFO pycloud_parallel.controlplane.infocenter_http [InfoCenter] GET /nodes healthy_only=True tags=[] limit=500 count=2
2026-05-04 10:26:57,350 INFO pycloud_parallel.controlplane.infocenter_http [InfoCenter] GET /nodes healthy_only=True tags=[] limit=500 count=2
2026-05-04 10:26:57,351 INFO pycloud_parallel.controlplane.infocenter_http [InfoCenter] GET /nodes healthy_only=True tags=[] limit=500 count=2
2026-05-04 10:26:57,352 INFO pycloud_parallel.controlplane.infocenter_http [InfoCenter] GET /nodes healthy_only=True tags=[] limit=500 count=2
2026-05-04 10:26:57,353 INFO pycloud_parallel.controlplane.infocenter_http [InfoCenter] GET /nodes healthy_only=True tags=[] limit=500 count=2
2026-05-04 10:26:57,354 INFO pycloud_parallel.controlplane.infocenter_http [InfoCenter] GET /nodes healthy_only=True tags=[] limit=500 count=2
2026-05-04 10:26:57,355 INFO pycloud_parallel.controlplane.infocenter_http [InfoCenter] GET /nodes healthy_only=True tags=[] limit=500 count=2
2026-05-04 10:26:57,356 INFO pycloud_parallel.controlplane.infocenter_http [InfoCenter] GET /nodes healthy_only=True tags=[] limit=500 count=2
2026-05-04 10:26:57,357 INFO pycloud_parallel.controlplane.infocenter_http [InfoCenter] GET /nodes healthy_only=True tags=[] limit=500 count=2
2026-05-04 10:26:57,358 INFO pycloud_parallel.controlplane.infocenter_http [InfoCenter] GET /nodes healthy_only=True tags=[] limit=500 count=2
2026-05-04 10:26:57,360 INFO pycloud_parallel.controlplane.infocenter_http [InfoCenter] GET /nodes healthy_only=True tags=[] limit=500 count=2
2026-05-04 10:26:57,361 INFO pycloud_parallel.controlplane.infocenter_http [InfoCenter] GET /nodes healthy_only=True tags=[] limit=500 count=2
2026-05-04 10:26:57,362 INFO pycloud_parallel.controlplane.infocenter_http [InfoCenter] GET /nodes healthy_only=True tags=[] limit=500 count=2
2026-05-04 10:26:57,364 INFO pycloud_parallel.controlplane.infocenter_http [InfoCenter] GET /nodes healthy_only=True tags=[] limit=500 count=2
2026-05-04 10:26:57,365 INFO pycloud_parallel.controlplane.infocenter_http [InfoCenter] GET /nodes healthy_only=True tags=[] limit=500 count=2
2026-05-04 10:26:57,366 INFO pycloud_parallel.controlplane.infocenter_http [InfoCenter] GET /nodes healthy_only=True tags=[] limit=500 count=2
2026-05-04 10:26:57,367 INFO pycloud_parallel.controlplane.infocenter_http [InfoCenter] GET /nodes healthy_only=True tags=[] limit=500 count=2
2026-05-04 10:26:57,368 INFO pycloud_parallel.controlplane.infocenter_http [InfoCenter] GET /nodes healthy_only=True tags=[] limit=500 count=2
2026-05-04 10:26:57,369 INFO pycloud_parallel.controlplane.infocenter_http [InfoCenter] GET /nodes healthy_only=True tags=[] limit=500 count=2
2026-05-04 10:26:57,370 INFO pycloud_parallel.controlplane.infocenter_http [InfoCenter] GET /nodes healthy_only=True tags=[] limit=500 count=2
2026-05-04 10:26:57,371 INFO pycloud_parallel.controlplane.infocenter_http [InfoCenter] GET /nodes healthy_only=True tags=[] limit=500 count=2
2026-05-04 10:26:57,372 INFO pycloud_parallel.controlplane.infocenter_http [InfoCenter] GET /nodes healthy_only=True tags=[] limit=500 count=2
2026-05-04 10:26:57,373 INFO pycloud_parallel.controlplane.infocenter_http [InfoCenter] GET /nodes healthy_only=True tags=[] limit=500 count=2
2026-05-04 10:26:57,374 INFO pycloud_parallel.controlplane.infocenter_http [InfoCenter] GET /nodes healthy_only=True tags=[] limit=500 count=2
2026-05-04 10:26:57,375 INFO pycloud_parallel.controlplane.infocenter_http [InfoCenter] GET /nodes healthy_only=True tags=[] limit=500 count=2
2026-05-04 10:26:57,376 INFO pycloud_parallel.controlplane.infocenter_http [InfoCenter] GET /nodes healthy_only=True tags=[] limit=500 count=2
2026-05-04 10:26:57,378 INFO pycloud_parallel.controlplane.infocenter_http [InfoCenter] GET /nodes healthy_only=True tags=[] limit=500 count=2
2026-05-04 10:26:57,379 INFO pycloud_parallel.controlplane.infocenter_http [InfoCenter] GET /nodes healthy_only=True tags=[] limit=500 count=2
2026-05-04 10:26:57,380 INFO pycloud_parallel.controlplane.infocenter_http [InfoCenter] GET /nodes healthy_only=True tags=[] limit=500 count=2
2026-05-04 10:26:57,381 INFO pycloud_parallel.controlplane.infocenter_http [InfoCenter] GET /nodes healthy_only=True tags=[] limit=500 count=2
2026-05-04 10:26:57,382 INFO pycloud_parallel.controlplane.infocenter_http [InfoCenter] GET /nodes healthy_only=True tags=[] limit=500 count=2
2026-05-04 10:26:57,383 INFO pycloud_parallel.controlplane.infocenter_http [InfoCenter] GET /nodes healthy_only=True tags=[] limit=500 count=2
2026-05-04 10:26:57,384 INFO pycloud_parallel.controlplane.infocenter_http [InfoCenter] GET /nodes healthy_only=True tags=[] limit=500 count=2
2026-05-04 10:26:57,385 INFO pycloud_parallel.controlplane.infocenter_http [InfoCenter] GET /nodes healthy_only=True tags=[] limit=500 count=2
2026-05-04 10:26:57,386 INFO pycloud_parallel.controlplane.infocenter_http [InfoCenter] GET /nodes healthy_only=True tags=[] limit=500 count=2
2026-05-04 10:26:57,387 INFO pycloud_parallel.controlplane.infocenter_http [InfoCenter] GET /nodes healthy_only=True tags=[] limit=500 count=2
2026-05-04 10:26:57,388 INFO pycloud_parallel.controlplane.infocenter_http [InfoCenter] GET /nodes healthy_only=True tags=[] limit=500 count=2
2026-05-04 10:26:57,389 INFO pycloud_parallel.controlplane.infocenter_http [InfoCenter] GET /nodes healthy_only=True tags=[] limit=500 count=2
2026-05-04 10:26:57,390 INFO pycloud_parallel.controlplane.infocenter_http [InfoCenter] GET /nodes healthy_only=True tags=[] limit=500 count=2
2026-05-04 10:26:57,391 INFO pycloud_parallel.controlplane.infocenter_http [InfoCenter] GET /nodes healthy_only=True tags=[] limit=500 count=2
2026-05-04 10:26:57,392 INFO pycloud_parallel.controlplane.infocenter_http [InfoCenter] GET /nodes healthy_only=True tags=[] limit=500 count=2
2026-05-04 10:26:57,393 INFO pycloud_parallel.controlplane.infocenter_http [InfoCenter] GET /nodes healthy_only=True tags=[] limit=500 count=2
2026-05-04 10:26:57,394 INFO pycloud_parallel.controlplane.infocenter_http [InfoCenter] GET /nodes healthy_only=True tags=[] limit=500 count=2
2026-05-04 10:26:57,395 INFO pycloud_parallel.controlplane.infocenter_http [InfoCenter] GET /nodes healthy_only=True tags=[] limit=500 count=2
2026-05-04 10:26:57,396 INFO pycloud_parallel.controlplane.infocenter_http [InfoCenter] GET /nodes healthy_only=True tags=[] limit=500 count=2
2026-05-04 10:26:57,397 INFO pycloud_parallel.controlplane.infocenter_http [InfoCenter] GET /nodes healthy_only=True tags=[] limit=500 count=2
2026-05-04 10:26:57,398 INFO pycloud_parallel.controlplane.infocenter_http [InfoCenter] GET /nodes healthy_only=True tags=[] limit=500 count=2
2026-05-04 10:26:57,399 INFO pycloud_parallel.controlplane.infocenter_http [InfoCenter] GET /nodes healthy_only=True tags=[] limit=500 count=2
2026-05-04 10:26:57,400 INFO pycloud_parallel.controlplane.infocenter_http [InfoCenter] GET /nodes healthy_only=True tags=[] limit=500 count=2
2026-05-04 10:26:57,401 INFO pycloud_parallel.controlplane.infocenter_http [InfoCenter] GET /nodes healthy_only=True tags=[] limit=500 count=2
2026-05-04 10:26:57,402 INFO pycloud_parallel.controlplane.infocenter_http [InfoCenter] GET /nodes healthy_only=True tags=[] limit=500 count=2
2026-05-04 10:26:57,403 INFO pycloud_parallel.controlplane.infocenter_http [InfoCenter] GET /nodes healthy_only=True tags=[] limit=500 count=2
2026-05-04 10:26:57,404 INFO pycloud_parallel.controlplane.infocenter_http [InfoCenter] GET /nodes healthy_only=True tags=[] limit=500 count=2
2026-05-04 10:26:57,405 INFO pycloud_parallel.controlplane.infocenter_http [InfoCenter] GET /nodes healthy_only=True tags=[] limit=500 count=2
2026-05-04 10:26:57,406 INFO pycloud_parallel.controlplane.infocenter_http [InfoCenter] GET /nodes healthy_only=True tags=[] limit=500 count=2
2026-05-04 10:26:57,407 INFO pycloud_parallel.controlplane.infocenter_http [InfoCenter] GET /nodes healthy_only=True tags=[] limit=500 count=2
2026-05-04 10:26:57,408 INFO pycloud_parallel.controlplane.infocenter_http [InfoCenter] GET /nodes healthy_only=True tags=[] limit=500 count=2
2026-05-04 10:26:57,409 INFO pycloud_parallel.controlplane.infocenter_http [InfoCenter] GET /nodes healthy_only=True tags=[] limit=500 count=2
2026-05-04 10:26:57,410 INFO pycloud_parallel.controlplane.infocenter_http [InfoCenter] GET /nodes healthy_only=True tags=[] limit=500 count=2
2026-05-04 10:26:57,411 INFO pycloud_parallel.controlplane.infocenter_http [InfoCenter] GET /nodes healthy_only=True tags=[] limit=500 count=2
2026-05-04 10:26:57,412 INFO pycloud_parallel.controlplane.infocenter_http [InfoCenter] GET /nodes healthy_only=True tags=[] limit=500 count=2
2026-05-04 10:26:57,413 INFO pycloud_parallel.controlplane.infocenter_http [InfoCenter] GET /nodes healthy_only=True tags=[] limit=500 count=2
2026-05-04 10:26:57,414 INFO pycloud_parallel.controlplane.infocenter_http [InfoCenter] GET /nodes healthy_only=True tags=[] limit=500 count=2
2026-05-04 10:26:57,415 INFO pycloud_parallel.controlplane.infocenter_http [InfoCenter] GET /nodes healthy_only=True tags=[] limit=500 count=2
2026-05-04 10:26:57,416 INFO pycloud_parallel.controlplane.infocenter_http [InfoCenter] GET /nodes healthy_only=True tags=[] limit=500 count=2
2026-05-04 10:26:57,417 INFO pycloud_parallel.controlplane.infocenter_http [InfoCenter] GET /nodes healthy_only=True tags=[] limit=500 count=2
2026-05-04 10:26:57,418 INFO pycloud_parallel.controlplane.infocenter_http [InfoCenter] GET /nodes healthy_only=True tags=[] limit=500 count=2
2026-05-04 10:26:57,419 INFO pycloud_parallel.controlplane.infocenter_http [InfoCenter] GET /nodes healthy_only=True tags=[] limit=500 count=2
2026-05-04 10:26:57,420 INFO pycloud_parallel.controlplane.infocenter_http [InfoCenter] GET /nodes healthy_only=True tags=[] limit=500 count=2
2026-05-04 10:26:57,421 INFO pycloud_parallel.controlplane.infocenter_http [InfoCenter] GET /nodes healthy_only=True tags=[] limit=500 count=2
2026-05-04 10:26:57,422 INFO pycloud_parallel.controlplane.infocenter_http [InfoCenter] GET /nodes healthy_only=True tags=[] limit=500 count=2
2026-05-04 10:26:57,423 INFO pycloud_parallel.controlplane.infocenter_http [InfoCenter] GET /nodes healthy_only=True tags=[] limit=500 count=2
2026-05-04 10:26:57,424 INFO pycloud_parallel.controlplane.infocenter_http [InfoCenter] GET /nodes healthy_only=True tags=[] limit=500 count=2
2026-05-04 10:26:57,425 INFO pycloud_parallel.controlplane.infocenter_http [InfoCenter] GET /nodes healthy_only=True tags=[] limit=500 count=2
2026-05-04 10:26:57,426 INFO pycloud_parallel.controlplane.infocenter_http [InfoCenter] GET /nodes healthy_only=True tags=[] limit=500 count=2
2026-05-04 10:26:57,427 INFO pycloud_parallel.controlplane.infocenter_http [InfoCenter] GET /nodes healthy_only=True tags=[] limit=500 count=2
2026-05-04 10:26:57,428 INFO pycloud_parallel.controlplane.infocenter_http [InfoCenter] GET /nodes healthy_only=True tags=[] limit=500 count=2
2026-05-04 10:26:57,429 INFO pycloud_parallel.controlplane.infocenter_http [InfoCenter] GET /nodes healthy_only=True tags=[] limit=500 count=2
2026-05-04 10:26:57,430 INFO pycloud_parallel.controlplane.infocenter_http [InfoCenter] GET /nodes healthy_only=True tags=[] limit=500 count=2
2026-05-04 10:26:57,431 INFO pycloud_parallel.controlplane.infocenter_http [InfoCenter] GET /nodes healthy_only=True tags=[] limit=500 count=2
2026-05-04 10:26:57,432 INFO pycloud_parallel.controlplane.infocenter_http [InfoCenter] GET /nodes healthy_only=True tags=[] limit=500 count=2
2026-05-04 10:26:57,433 INFO pycloud_parallel.controlplane.infocenter_http [InfoCenter] GET /nodes healthy_only=True tags=[] limit=500 count=2
2026-05-04 10:26:57,434 INFO pycloud_parallel.controlplane.infocenter_http [InfoCenter] GET /nodes healthy_only=True tags=[] limit=500 count=2
2026-05-04 10:26:57,435 INFO pycloud_parallel.controlplane.infocenter_http [InfoCenter] GET /nodes healthy_only=True tags=[] limit=500 count=2
2026-05-04 10:26:57,436 INFO pycloud_parallel.controlplane.infocenter_http [InfoCenter] GET /nodes healthy_only=True tags=[] limit=500 count=2
2026-05-04 10:26:57,437 INFO pycloud_parallel.controlplane.infocenter_http [InfoCenter] GET /nodes healthy_only=True tags=[] limit=500 count=2
2026-05-04 10:26:57,438 INFO pycloud_parallel.controlplane.infocenter_http [InfoCenter] GET /nodes healthy_only=True tags=[] limit=500 count=2
2026-05-04 10:26:57,439 INFO pycloud_parallel.controlplane.infocenter_http [InfoCenter] GET /nodes healthy_only=True tags=[] limit=500 count=2
2026-05-04 10:26:57,440 INFO pycloud_parallel.controlplane.infocenter_http [InfoCenter] GET /nodes healthy_only=True tags=[] limit=500 count=2
2026-05-04 10:26:57,441 INFO pycloud_parallel.controlplane.infocenter_http [InfoCenter] GET /nodes healthy_only=True tags=[] limit=500 count=2
2026-05-04 10:26:57,442 INFO pycloud_parallel.controlplane.infocenter_http [InfoCenter] GET /nodes healthy_only=True tags=[] limit=500 count=2
2026-05-04 10:26:57,443 INFO pycloud_parallel.controlplane.infocenter_http [InfoCenter] GET /nodes healthy_only=True tags=[] limit=500 count=2
2026-05-04 10:26:57,444 INFO pycloud_parallel.controlplane.infocenter_http [InfoCenter] GET /nodes healthy_only=True tags=[] limit=500 count=2
2026-05-04 10:26:57,445 INFO pycloud_parallel.controlplane.infocenter_http [InfoCenter] GET /nodes healthy_only=True tags=[] limit=500 count=2
2026-05-04 10:26:57,446 INFO pycloud_parallel.controlplane.infocenter_http [InfoCenter] GET /nodes healthy_only=True tags=[] limit=500 count=2
2026-05-04 10:26:57,447 INFO pycloud_parallel.controlplane.infocenter_http [InfoCenter] GET /nodes healthy_only=True tags=[] limit=500 count=2
2026-05-04 10:26:57,448 INFO pycloud_parallel.controlplane.infocenter_http [InfoCenter] GET /nodes healthy_only=True tags=[] limit=500 count=2
2026-05-04 10:26:57,449 INFO pycloud_parallel.controlplane.infocenter_http [InfoCenter] GET /nodes healthy_only=True tags=[] limit=500 count=2
2026-05-04 10:26:57,450 INFO pycloud_parallel.controlplane.infocenter_http [InfoCenter] GET /nodes healthy_only=True tags=[] limit=500 count=2
2026-05-04 10:26:57,451 INFO pycloud_parallel.controlplane.infocenter_http [InfoCenter] GET /nodes healthy_only=True tags=[] limit=500 count=2
2026-05-04 10:26:57,452 INFO pycloud_parallel.controlplane.infocenter_http [InfoCenter] GET /nodes healthy_only=True tags=[] limit=500 count=2
2026-05-04 10:26:57,452 INFO pycloud_parallel.controlplane.infocenter_http [InfoCenter] GET /nodes healthy_only=True tags=[] limit=500 count=2
2026-05-04 10:26:57,453 INFO pycloud_parallel.controlplane.infocenter_http [InfoCenter] GET /nodes healthy_only=True tags=[] limit=500 count=2
2026-05-04 10:26:57,454 INFO pycloud_parallel.controlplane.infocenter_http [InfoCenter] GET /nodes healthy_only=True tags=[] limit=500 count=2
2026-05-04 10:26:57,455 INFO pycloud_parallel.controlplane.infocenter_http [InfoCenter] GET /nodes healthy_only=True tags=[] limit=500 count=2
2026-05-04 10:26:57,456 INFO pycloud_parallel.controlplane.infocenter_http [InfoCenter] GET /nodes healthy_only=True tags=[] limit=500 count=2
2026-05-04 10:26:57,457 INFO pycloud_parallel.controlplane.infocenter_http [InfoCenter] GET /nodes healthy_only=True tags=[] limit=500 count=2
2026-05-04 10:26:57,458 INFO pycloud_parallel.controlplane.infocenter_http [InfoCenter] GET /nodes healthy_only=True tags=[] limit=500 count=2
2026-05-04 10:26:57,459 INFO pycloud_parallel.controlplane.infocenter_http [InfoCenter] GET /nodes healthy_only=True tags=[] limit=500 count=2
2026-05-04 10:26:57,460 INFO pycloud_parallel.controlplane.infocenter_http [InfoCenter] GET /nodes healthy_only=True tags=[] limit=500 count=2
2026-05-04 10:26:57,461 INFO pycloud_parallel.controlplane.infocenter_http [InfoCenter] GET /nodes healthy_only=True tags=[] limit=500 count=2
2026-05-04 10:26:57,462 INFO pycloud_parallel.controlplane.infocenter_http [InfoCenter] GET /nodes healthy_only=True tags=[] limit=500 count=2
2026-05-04 10:26:57,463 INFO pycloud_parallel.controlplane.infocenter_http [InfoCenter] GET /nodes healthy_only=True tags=[] limit=500 count=2
2026-05-04 10:26:57,464 INFO pycloud_parallel.controlplane.infocenter_http [InfoCenter] GET /nodes healthy_only=True tags=[] limit=500 count=2
2026-05-04 10:26:57,465 INFO pycloud_parallel.controlplane.infocenter_http [InfoCenter] GET /nodes healthy_only=True tags=[] limit=500 count=2
2026-05-04 10:26:57,467 INFO pycloud_parallel.controlplane.infocenter_http [InfoCenter] GET /nodes healthy_only=True tags=[] limit=500 count=2
2026-05-04 10:26:57,468 INFO pycloud_parallel.controlplane.infocenter_http [InfoCenter] GET /nodes healthy_only=True tags=[] limit=500 count=2
2026-05-04 10:26:57,469 INFO pycloud_parallel.controlplane.infocenter_http [InfoCenter] GET /nodes healthy_only=True tags=[] limit=500 count=2
2026-05-04 10:26:57,470 INFO pycloud_parallel.controlplane.infocenter_http [InfoCenter] GET /nodes healthy_only=True tags=[] limit=500 count=2
2026-05-04 10:26:57,471 INFO pycloud_parallel.controlplane.infocenter_http [InfoCenter] GET /nodes healthy_only=True tags=[] limit=500 count=2
2026-05-04 10:26:57,472 INFO pycloud_parallel.controlplane.infocenter_http [InfoCenter] GET /nodes healthy_only=True tags=[] limit=500 count=2
2026-05-04 10:26:57,473 INFO pycloud_parallel.controlplane.infocenter_http [InfoCenter] GET /nodes healthy_only=True tags=[] limit=500 count=2
2026-05-04 10:26:57,474 INFO pycloud_parallel.controlplane.infocenter_http [InfoCenter] GET /nodes healthy_only=True tags=[] limit=500 count=2
2026-05-04 10:26:57,475 INFO pycloud_parallel.controlplane.infocenter_http [InfoCenter] GET /nodes healthy_only=True tags=[] limit=500 count=2
2026-05-04 10:26:57,476 INFO pycloud_parallel.controlplane.infocenter_http [InfoCenter] GET /nodes healthy_only=True tags=[] limit=500 count=2
2026-05-04 10:26:57,477 INFO pycloud_parallel.controlplane.infocenter_http [InfoCenter] GET /nodes healthy_only=True tags=[] limit=500 count=2
2026-05-04 10:26:57,478 INFO pycloud_parallel.controlplane.infocenter_http [InfoCenter] GET /nodes healthy_only=True tags=[] limit=500 count=2
2026-05-04 10:26:57,479 INFO pycloud_parallel.controlplane.infocenter_http [InfoCenter] GET /nodes healthy_only=True tags=[] limit=500 count=2
2026-05-04 10:26:57,480 INFO pycloud_parallel.controlplane.infocenter_http [InfoCenter] GET /nodes healthy_only=True tags=[] limit=500 count=2
2026-05-04 10:26:57,481 INFO pycloud_parallel.controlplane.infocenter_http [InfoCenter] GET /nodes healthy_only=True tags=[] limit=500 count=2
2026-05-04 10:26:57,482 INFO pycloud_parallel.controlplane.infocenter_http [InfoCenter] GET /nodes healthy_only=True tags=[] limit=500 count=2
2026-05-04 10:26:57,483 INFO pycloud_parallel.controlplane.infocenter_http [InfoCenter] GET /nodes healthy_only=True tags=[] limit=500 count=2
2026-05-04 10:26:57,484 INFO pycloud_parallel.controlplane.infocenter_http [InfoCenter] GET /nodes healthy_only=True tags=[] limit=500 count=2
2026-05-04 10:26:57,485 INFO pycloud_parallel.controlplane.infocenter_http [InfoCenter] GET /nodes healthy_only=True tags=[] limit=500 count=2
2026-05-04 10:26:57,486 INFO pycloud_parallel.controlplane.infocenter_http [InfoCenter] GET /nodes healthy_only=True tags=[] limit=500 count=2
2026-05-04 10:26:57,487 INFO pycloud_parallel.controlplane.infocenter_http [InfoCenter] GET /nodes healthy_only=True tags=[] limit=500 count=2
2026-05-04 10:26:57,488 INFO pycloud_parallel.controlplane.infocenter_http [InfoCenter] GET /nodes healthy_only=True tags=[] limit=500 count=2
2026-05-04 10:26:57,489 INFO pycloud_parallel.controlplane.infocenter_http [InfoCenter] GET /nodes healthy_only=True tags=[] limit=500 count=2
2026-05-04 10:26:57,490 INFO pycloud_parallel.controlplane.infocenter_http [InfoCenter] GET /nodes healthy_only=True tags=[] limit=500 count=2
2026-05-04 10:26:57,491 INFO pycloud_parallel.controlplane.infocenter_http [InfoCenter] GET /nodes healthy_only=True tags=[] limit=500 count=2
2026-05-04 10:26:57,492 INFO pycloud_parallel.controlplane.infocenter_http [InfoCenter] GET /nodes healthy_only=True tags=[] limit=500 count=2
2026-05-04 10:26:57,493 INFO pycloud_parallel.controlplane.infocenter_http [InfoCenter] GET /nodes healthy_only=True tags=[] limit=500 count=2
2026-05-04 10:26:57,494 INFO pycloud_parallel.controlplane.infocenter_http [InfoCenter] GET /nodes healthy_only=True tags=[] limit=500 count=2
2026-05-04 10:26:57,495 INFO pycloud_parallel.controlplane.infocenter_http [InfoCenter] GET /nodes healthy_only=True tags=[] limit=500 count=2
2026-05-04 10:26:57,496 INFO pycloud_parallel.controlplane.infocenter_http [InfoCenter] GET /nodes healthy_only=True tags=[] limit=500 count=2
2026-05-04 10:26:57,497 INFO pycloud_parallel.controlplane.infocenter_http [InfoCenter] GET /nodes healthy_only=True tags=[] limit=500 count=2
2026-05-04 10:26:57,498 INFO pycloud_parallel.controlplane.infocenter_http [InfoCenter] GET /nodes healthy_only=True tags=[] limit=500 count=2
2026-05-04 10:26:57,499 INFO pycloud_parallel.controlplane.infocenter_http [InfoCenter] GET /nodes healthy_only=True tags=[] limit=500 count=2
2026-05-04 10:26:57,500 INFO pycloud_parallel.controlplane.infocenter_http [InfoCenter] GET /nodes healthy_only=True tags=[] limit=500 count=2
2026-05-04 10:26:57,501 INFO pycloud_parallel.controlplane.infocenter_http [InfoCenter] GET /nodes healthy_only=True tags=[] limit=500 count=2
2026-05-04 10:26:57,502 INFO pycloud_parallel.controlplane.infocenter_http [InfoCenter] GET /nodes healthy_only=True tags=[] limit=500 count=2
2026-05-04 10:26:57,503 INFO pycloud_parallel.controlplane.infocenter_http [InfoCenter] GET /nodes healthy_only=True tags=[] limit=500 count=2
2026-05-04 10:26:57,504 INFO pycloud_parallel.controlplane.infocenter_http [InfoCenter] GET /nodes healthy_only=True tags=[] limit=500 count=2
2026-05-04 10:26:57,505 INFO pycloud_parallel.controlplane.infocenter_http [InfoCenter] GET /nodes healthy_only=True tags=[] limit=500 count=2
2026-05-04 10:26:57,506 INFO pycloud_parallel.controlplane.infocenter_http [InfoCenter] GET /nodes healthy_only=True tags=[] limit=500 count=2
2026-05-04 10:26:57,507 INFO pycloud_parallel.controlplane.infocenter_http [InfoCenter] GET /nodes healthy_only=True tags=[] limit=500 count=2
2026-05-04 10:26:57,508 INFO pycloud_parallel.controlplane.infocenter_http [InfoCenter] GET /nodes healthy_only=True tags=[] limit=500 count=2
2026-05-04 10:26:57,509 INFO pycloud_parallel.controlplane.infocenter_http [InfoCenter] GET /nodes healthy_only=True tags=[] limit=500 count=2
2026-05-04 10:26:57,510 INFO pycloud_parallel.controlplane.infocenter_http [InfoCenter] GET /nodes healthy_only=True tags=[] limit=500 count=2
2026-05-04 10:26:57,511 INFO pycloud_parallel.controlplane.infocenter_http [InfoCenter] GET /nodes healthy_only=True tags=[] limit=500 count=2
2026-05-04 10:26:57,512 INFO pycloud_parallel.controlplane.infocenter_http [InfoCenter] GET /nodes healthy_only=True tags=[] limit=500 count=2
2026-05-04 10:26:57,513 INFO pycloud_parallel.controlplane.infocenter_http [InfoCenter] GET /nodes healthy_only=True tags=[] limit=500 count=2
2026-05-04 10:26:57,514 INFO pycloud_parallel.controlplane.infocenter_http [InfoCenter] GET /nodes healthy_only=True tags=[] limit=500 count=2
2026-05-04 10:26:57,515 INFO pycloud_parallel.controlplane.infocenter_http [InfoCenter] GET /nodes healthy_only=True tags=[] limit=500 count=2
2026-05-04 10:26:57,516 INFO pycloud_parallel.controlplane.infocenter_http [InfoCenter] GET /nodes healthy_only=True tags=[] limit=500 count=2
2026-05-04 10:26:57,517 INFO pycloud_parallel.controlplane.infocenter_http [InfoCenter] GET /nodes healthy_only=True tags=[] limit=500 count=2
2026-05-04 10:26:57,518 INFO pycloud_parallel.controlplane.infocenter_http [InfoCenter] GET /nodes healthy_only=True tags=[] limit=500 count=2
2026-05-04 10:26:57,519 INFO pycloud_parallel.controlplane.infocenter_http [InfoCenter] GET /nodes healthy_only=True tags=[] limit=500 count=2
2026-05-04 10:26:57,520 INFO pycloud_parallel.controlplane.infocenter_http [InfoCenter] GET /nodes healthy_only=True tags=[] limit=500 count=2
2026-05-04 10:26:57,521 INFO pycloud_parallel.controlplane.infocenter_http [InfoCenter] GET /nodes healthy_only=True tags=[] limit=500 count=2
2026-05-04 10:26:57,522 INFO pycloud_parallel.controlplane.infocenter_http [InfoCenter] GET /nodes healthy_only=True tags=[] limit=500 count=2
2026-05-04 10:26:57,523 INFO pycloud_parallel.controlplane.infocenter_http [InfoCenter] GET /nodes healthy_only=True tags=[] limit=500 count=2
2026-05-04 10:26:57,524 INFO pycloud_parallel.controlplane.infocenter_http [InfoCenter] GET /nodes healthy_only=True tags=[] limit=500 count=2
2026-05-04 10:26:57,525 INFO pycloud_parallel.controlplane.infocenter_http [InfoCenter] GET /nodes healthy_only=True tags=[] limit=500 count=2
2026-05-04 10:26:57,526 INFO pycloud_parallel.controlplane.infocenter_http [InfoCenter] GET /nodes healthy_only=True tags=[] limit=500 count=2
2026-05-04 10:26:57,527 INFO pycloud_parallel.controlplane.infocenter_http [InfoCenter] GET /nodes healthy_only=True tags=[] limit=500 count=2
2026-05-04 10:26:57,528 INFO pycloud_parallel.controlplane.infocenter_http [InfoCenter] GET /nodes healthy_only=True tags=[] limit=500 count=2
2026-05-04 10:26:57,529 INFO pycloud_parallel.controlplane.infocenter_http [InfoCenter] GET /nodes healthy_only=True tags=[] limit=500 count=2
2026-05-04 10:26:57,530 INFO pycloud_parallel.controlplane.infocenter_http [InfoCenter] GET /nodes healthy_only=True tags=[] limit=500 count=2
2026-05-04 10:26:57,531 INFO pycloud_parallel.controlplane.infocenter_http [InfoCenter] GET /nodes healthy_only=True tags=[] limit=500 count=2
2026-05-04 10:26:57,532 INFO pycloud_parallel.controlplane.infocenter_http [InfoCenter] GET /nodes healthy_only=True tags=[] limit=500 count=2
2026-05-04 10:26:57,533 INFO pycloud_parallel.controlplane.infocenter_http [InfoCenter] GET /nodes healthy_only=True tags=[] limit=500 count=2
2026-05-04 10:26:57,534 INFO pycloud_parallel.controlplane.infocenter_http [InfoCenter] GET /nodes healthy_only=True tags=[] limit=500 count=2
2026-05-04 10:26:57,535 INFO pycloud_parallel.controlplane.infocenter_http [InfoCenter] GET /nodes healthy_only=True tags=[] limit=500 count=2
2026-05-04 10:26:57,536 INFO pycloud_parallel.controlplane.infocenter_http [InfoCenter] GET /nodes healthy_only=True tags=[] limit=500 count=2
2026-05-04 10:26:57,537 INFO pycloud_parallel.controlplane.infocenter_http [InfoCenter] GET /nodes healthy_only=True tags=[] limit=500 count=2
2026-05-04 10:26:57,538 INFO pycloud_parallel.controlplane.infocenter_http [InfoCenter] GET /nodes healthy_only=True tags=[] limit=500 count=2
2026-05-04 10:26:57,539 INFO pycloud_parallel.controlplane.infocenter_http [InfoCenter] GET /nodes healthy_only=True tags=[] limit=500 count=2
2026-05-04 10:26:57,540 INFO pycloud_parallel.controlplane.infocenter_http [InfoCenter] GET /nodes healthy_only=True tags=[] limit=500 count=2
2026-05-04 10:26:57,541 INFO pycloud_parallel.controlplane.infocenter_http [InfoCenter] GET /nodes healthy_only=True tags=[] limit=500 count=2
2026-05-04 10:26:57,542 INFO pycloud_parallel.controlplane.infocenter_http [InfoCenter] GET /nodes healthy_only=True tags=[] limit=500 count=2
2026-05-04 10:26:57,543 INFO pycloud_parallel.controlplane.infocenter_http [InfoCenter] GET /nodes healthy_only=True tags=[] limit=500 count=2
2026-05-04 10:26:57,544 INFO pycloud_parallel.controlplane.infocenter_http [InfoCenter] GET /nodes healthy_only=True tags=[] limit=500 count=2
2026-05-04 10:26:57,545 INFO pycloud_parallel.controlplane.infocenter_http [InfoCenter] GET /nodes healthy_only=True tags=[] limit=500 count=2
2026-05-04 10:26:57,546 INFO pycloud_parallel.controlplane.infocenter_http [InfoCenter] GET /nodes healthy_only=True tags=[] limit=500 count=2
2026-05-04 10:26:57,547 INFO pycloud_parallel.controlplane.infocenter_http [InfoCenter] GET /nodes healthy_only=True tags=[] limit=500 count=2
2026-05-04 10:26:57,548 INFO pycloud_parallel.controlplane.infocenter_http [InfoCenter] GET /nodes healthy_only=True tags=[] limit=500 count=2
2026-05-04 10:26:57,549 INFO pycloud_parallel.controlplane.infocenter_http [InfoCenter] GET /nodes healthy_only=True tags=[] limit=500 count=2
2026-05-04 10:26:57,550 INFO pycloud_parallel.controlplane.infocenter_http [InfoCenter] GET /nodes healthy_only=True tags=[] limit=500 count=2
2026-05-04 10:26:57,551 INFO pycloud_parallel.controlplane.infocenter_http [InfoCenter] GET /nodes healthy_only=True tags=[] limit=500 count=2
2026-05-04 10:26:57,552 INFO pycloud_parallel.controlplane.infocenter_http [InfoCenter] GET /nodes healthy_only=True tags=[] limit=500 count=2
2026-05-04 10:26:57,553 INFO pycloud_parallel.controlplane.infocenter_http [InfoCenter] GET /nodes healthy_only=True tags=[] limit=500 count=2
2026-05-04 10:26:57,554 INFO pycloud_parallel.controlplane.infocenter_http [InfoCenter] GET /nodes healthy_only=True tags=[] limit=500 count=2
2026-05-04 10:26:57,555 INFO pycloud_parallel.controlplane.infocenter_http [InfoCenter] GET /nodes healthy_only=True tags=[] limit=500 count=2
2026-05-04 10:26:57,556 INFO pycloud_parallel.controlplane.infocenter_http [InfoCenter] GET /nodes healthy_only=True tags=[] limit=500 count=2
2026-05-04 10:26:57,557 INFO pycloud_parallel.controlplane.infocenter_http [InfoCenter] GET /nodes healthy_only=True tags=[] limit=500 count=2
2026-05-04 10:26:57,558 INFO pycloud_parallel.controlplane.infocenter_http [InfoCenter] GET /nodes healthy_only=True tags=[] limit=500 count=2
2026-05-04 10:26:57,559 INFO pycloud_parallel.controlplane.infocenter_http [InfoCenter] GET /nodes healthy_only=True tags=[] limit=500 count=2
2026-05-04 10:26:57,561 INFO pycloud_parallel.controlplane.infocenter_http [InfoCenter] GET /nodes healthy_only=True tags=[] limit=500 count=2
2026-05-04 10:26:57,562 INFO pycloud_parallel.controlplane.infocenter_http [InfoCenter] GET /nodes healthy_only=True tags=[] limit=500 count=2
2026-05-04 10:26:57,563 INFO pycloud_parallel.controlplane.infocenter_http [InfoCenter] GET /nodes healthy_only=True tags=[] limit=500 count=2
2026-05-04 10:26:57,564 INFO pycloud_parallel.controlplane.infocenter_http [InfoCenter] GET /nodes healthy_only=True tags=[] limit=500 count=2
2026-05-04 10:26:57,565 INFO pycloud_parallel.controlplane.infocenter_http [InfoCenter] GET /nodes healthy_only=True tags=[] limit=500 count=2
2026-05-04 10:26:57,566 INFO pycloud_parallel.controlplane.infocenter_http [InfoCenter] GET /nodes healthy_only=True tags=[] limit=500 count=2
2026-05-04 10:26:57,567 INFO pycloud_parallel.controlplane.infocenter_http [InfoCenter] GET /nodes healthy_only=True tags=[] limit=500 count=2
2026-05-04 10:26:57,568 INFO pycloud_parallel.controlplane.infocenter_http [InfoCenter] GET /nodes healthy_only=True tags=[] limit=500 count=2
2026-05-04 10:26:57,569 INFO pycloud_parallel.controlplane.infocenter_http [InfoCenter] GET /nodes healthy_only=True tags=[] limit=500 count=2
2026-05-04 10:26:57,570 INFO pycloud_parallel.controlplane.infocenter_http [InfoCenter] GET /nodes healthy_only=True tags=[] limit=500 count=2
2026-05-04 10:26:57,571 INFO pycloud_parallel.controlplane.infocenter_http [InfoCenter] GET /nodes healthy_only=True tags=[] limit=500 count=2
2026-05-04 10:26:57,572 INFO pycloud_parallel.controlplane.infocenter_http [InfoCenter] GET /nodes healthy_only=True tags=[] limit=500 count=2
2026-05-04 10:26:57,573 INFO pycloud_parallel.controlplane.infocenter_http [InfoCenter] GET /nodes healthy_only=True tags=[] limit=500 count=2
2026-05-04 10:26:57,574 INFO pycloud_parallel.controlplane.infocenter_http [InfoCenter] GET /nodes healthy_only=True tags=[] limit=500 count=2
2026-05-04 10:26:57,575 INFO pycloud_parallel.controlplane.infocenter_http [InfoCenter] GET /nodes healthy_only=True tags=[] limit=500 count=2
2026-05-04 10:26:57,576 INFO pycloud_parallel.controlplane.infocenter_http [InfoCenter] GET /nodes healthy_only=True tags=[] limit=500 count=2
2026-05-04 10:26:57,577 INFO pycloud_parallel.controlplane.infocenter_http [InfoCenter] GET /nodes healthy_only=True tags=[] limit=500 count=2
2026-05-04 10:26:57,578 INFO pycloud_parallel.controlplane.infocenter_http [InfoCenter] GET /nodes healthy_only=True tags=[] limit=500 count=2
2026-05-04 10:26:57,579 INFO pycloud_parallel.controlplane.infocenter_http [InfoCenter] GET /nodes healthy_only=True tags=[] limit=500 count=2
2026-05-04 10:26:57,580 INFO pycloud_parallel.controlplane.infocenter_http [InfoCenter] GET /nodes healthy_only=True tags=[] limit=500 count=2
2026-05-04 10:26:57,581 INFO pycloud_parallel.controlplane.infocenter_http [InfoCenter] GET /nodes healthy_only=True tags=[] limit=500 count=2
2026-05-04 10:26:57,582 INFO pycloud_parallel.controlplane.infocenter_http [InfoCenter] GET /nodes healthy_only=True tags=[] limit=500 count=2
2026-05-04 10:26:57,583 INFO pycloud_parallel.controlplane.infocenter_http [InfoCenter] GET /nodes healthy_only=True tags=[] limit=500 count=2
2026-05-04 10:26:57,584 INFO pycloud_parallel.controlplane.infocenter_http [InfoCenter] GET /nodes healthy_only=True tags=[] limit=500 count=2
2026-05-04 10:26:57,585 INFO pycloud_parallel.controlplane.infocenter_http [InfoCenter] GET /nodes healthy_only=True tags=[] limit=500 count=2
2026-05-04 10:26:57,586 INFO pycloud_parallel.controlplane.infocenter_http [InfoCenter] GET /nodes healthy_only=True tags=[] limit=500 count=2
2026-05-04 10:26:57,587 INFO pycloud_parallel.controlplane.infocenter_http [InfoCenter] GET /nodes healthy_only=True tags=[] limit=500 count=2
2026-05-04 10:26:57,588 INFO pycloud_parallel.controlplane.infocenter_http [InfoCenter] GET /nodes healthy_only=True tags=[] limit=500 count=2
2026-05-04 10:26:57,589 INFO pycloud_parallel.controlplane.infocenter_http [InfoCenter] GET /nodes healthy_only=True tags=[] limit=500 count=2
2026-05-04 10:26:57,590 INFO pycloud_parallel.controlplane.infocenter_http [InfoCenter] GET /nodes healthy_only=True tags=[] limit=500 count=2
2026-05-04 10:26:57,591 INFO pycloud_parallel.controlplane.infocenter_http [InfoCenter] GET /nodes healthy_only=True tags=[] limit=500 count=2
2026-05-04 10:26:57,592 INFO pycloud_parallel.controlplane.infocenter_http [InfoCenter] GET /nodes healthy_only=True tags=[] limit=500 count=2
2026-05-04 10:26:57,593 INFO pycloud_parallel.controlplane.infocenter_http [InfoCenter] GET /nodes healthy_only=True tags=[] limit=500 count=2
2026-05-04 10:26:57,594 INFO pycloud_parallel.controlplane.infocenter_http [InfoCenter] GET /nodes healthy_only=True tags=[] limit=500 count=2
2026-05-04 10:26:57,594 INFO pycloud_parallel.controlplane.infocenter_http [InfoCenter] GET /nodes healthy_only=True tags=[] limit=500 count=2
2026-05-04 10:26:57,595 INFO pycloud_parallel.controlplane.infocenter_http [InfoCenter] GET /nodes healthy_only=True tags=[] limit=500 count=2
2026-05-04 10:26:57,596 INFO pycloud_parallel.controlplane.infocenter_http [InfoCenter] GET /nodes healthy_only=True tags=[] limit=500 count=2
2026-05-04 10:26:57,597 INFO pycloud_parallel.controlplane.infocenter_http [InfoCenter] GET /nodes healthy_only=True tags=[] limit=500 count=2
2026-05-04 10:26:57,598 INFO pycloud_parallel.controlplane.infocenter_http [InfoCenter] GET /nodes healthy_only=True tags=[] limit=500 count=2
2026-05-04 10:26:57,599 INFO pycloud_parallel.controlplane.infocenter_http [InfoCenter] GET /nodes healthy_only=True tags=[] limit=500 count=2
2026-05-04 10:26:57,600 INFO pycloud_parallel.controlplane.infocenter_http [InfoCenter] GET /nodes healthy_only=True tags=[] limit=500 count=2
2026-05-04 10:26:57,601 INFO pycloud_parallel.controlplane.infocenter_http [InfoCenter] GET /nodes healthy_only=True tags=[] limit=500 count=2
2026-05-04 10:26:57,602 INFO pycloud_parallel.controlplane.infocenter_http [InfoCenter] GET /nodes healthy_only=True tags=[] limit=500 count=2
2026-05-04 10:26:57,603 INFO pycloud_parallel.controlplane.infocenter_http [InfoCenter] GET /nodes healthy_only=True tags=[] limit=500 count=2
2026-05-04 10:26:57,604 INFO pycloud_parallel.controlplane.infocenter_http [InfoCenter] GET /nodes healthy_only=True tags=[] limit=500 count=2
2026-05-04 10:26:57,605 INFO pycloud_parallel.controlplane.infocenter_http [InfoCenter] GET /nodes healthy_only=True tags=[] limit=500 count=2
2026-05-04 10:26:57,607 INFO pycloud_parallel.controlplane.infocenter_http [InfoCenter] GET /nodes healthy_only=True tags=[] limit=500 count=2
2026-05-04 10:26:57,608 INFO pycloud_parallel.controlplane.infocenter_http [InfoCenter] GET /nodes healthy_only=True tags=[] limit=500 count=2
2026-05-04 10:26:57,609 INFO pycloud_parallel.controlplane.infocenter_http [InfoCenter] GET /nodes healthy_only=True tags=[] limit=500 count=2
2026-05-04 10:26:57,610 INFO pycloud_parallel.controlplane.infocenter_http [InfoCenter] GET /nodes healthy_only=True tags=[] limit=500 count=2
2026-05-04 10:26:57,611 INFO pycloud_parallel.controlplane.infocenter_http [InfoCenter] GET /nodes healthy_only=True tags=[] limit=500 count=2
2026-05-04 10:26:57,612 INFO pycloud_parallel.controlplane.infocenter_http [InfoCenter] GET /nodes healthy_only=True tags=[] limit=500 count=2
2026-05-04 10:26:57,613 INFO pycloud_parallel.controlplane.infocenter_http [InfoCenter] GET /nodes healthy_only=True tags=[] limit=500 count=2
2026-05-04 10:26:57,614 INFO pycloud_parallel.controlplane.infocenter_http [InfoCenter] GET /nodes healthy_only=True tags=[] limit=500 count=2
2026-05-04 10:26:57,615 INFO pycloud_parallel.controlplane.infocenter_http [InfoCenter] GET /nodes healthy_only=True tags=[] limit=500 count=2
2026-05-04 10:26:57,616 INFO pycloud_parallel.controlplane.infocenter_http [InfoCenter] GET /nodes healthy_only=True tags=[] limit=500 count=2
2026-05-04 10:26:57,617 INFO pycloud_parallel.controlplane.infocenter_http [InfoCenter] GET /nodes healthy_only=True tags=[] limit=500 count=2
2026-05-04 10:26:57,618 INFO pycloud_parallel.controlplane.infocenter_http [InfoCenter] GET /nodes healthy_only=True tags=[] limit=500 count=2
2026-05-04 10:26:57,619 INFO pycloud_parallel.controlplane.infocenter_http [InfoCenter] GET /nodes healthy_only=True tags=[] limit=500 count=2
2026-05-04 10:26:57,620 INFO pycloud_parallel.controlplane.infocenter_http [InfoCenter] GET /nodes healthy_only=True tags=[] limit=500 count=2
2026-05-04 10:26:57,621 INFO pycloud_parallel.controlplane.infocenter_http [InfoCenter] GET /nodes healthy_only=True tags=[] limit=500 count=2
2026-05-04 10:26:57,622 INFO pycloud_parallel.controlplane.infocenter_http [InfoCenter] GET /nodes healthy_only=True tags=[] limit=500 count=2
2026-05-04 10:26:57,623 INFO pycloud_parallel.controlplane.infocenter_http [InfoCenter] GET /nodes healthy_only=True tags=[] limit=500 count=2
2026-05-04 10:26:57,624 INFO pycloud_parallel.controlplane.infocenter_http [InfoCenter] GET /nodes healthy_only=True tags=[] limit=500 count=2
2026-05-04 10:26:57,625 INFO pycloud_parallel.controlplane.infocenter_http [InfoCenter] GET /nodes healthy_only=True tags=[] limit=500 count=2
2026-05-04 10:26:57,626 INFO pycloud_parallel.controlplane.infocenter_http [InfoCenter] GET /nodes healthy_only=True tags=[] limit=500 count=2
2026-05-04 10:26:57,627 INFO pycloud_parallel.controlplane.infocenter_http [InfoCenter] GET /nodes healthy_only=True tags=[] limit=500 count=2
2026-05-04 10:26:57,628 INFO pycloud_parallel.controlplane.infocenter_http [InfoCenter] GET /nodes healthy_only=True tags=[] limit=500 count=2
2026-05-04 10:26:57,629 INFO pycloud_parallel.controlplane.infocenter_http [InfoCenter] GET /nodes healthy_only=True tags=[] limit=500 count=2
2026-05-04 10:26:57,629 INFO pycloud_parallel.controlplane.infocenter_http [InfoCenter] GET /nodes healthy_only=True tags=[] limit=500 count=2
2026-05-04 10:26:57,630 INFO pycloud_parallel.controlplane.infocenter_http [InfoCenter] GET /nodes healthy_only=True tags=[] limit=500 count=2
2026-05-04 10:26:57,631 INFO pycloud_parallel.controlplane.infocenter_http [InfoCenter] GET /nodes healthy_only=True tags=[] limit=500 count=2
2026-05-04 10:26:57,632 INFO pycloud_parallel.controlplane.infocenter_http [InfoCenter] GET /nodes healthy_only=True tags=[] limit=500 count=2
2026-05-04 10:26:57,633 INFO pycloud_parallel.controlplane.infocenter_http [InfoCenter] GET /nodes healthy_only=True tags=[] limit=500 count=2
2026-05-04 10:26:57,634 INFO pycloud_parallel.controlplane.infocenter_http [InfoCenter] GET /nodes healthy_only=True tags=[] limit=500 count=2
2026-05-04 10:26:57,635 INFO pycloud_parallel.controlplane.infocenter_http [InfoCenter] GET /nodes healthy_only=True tags=[] limit=500 count=2
2026-05-04 10:26:57,636 INFO pycloud_parallel.controlplane.infocenter_http [InfoCenter] GET /nodes healthy_only=True tags=[] limit=500 count=2
2026-05-04 10:26:57,637 INFO pycloud_parallel.controlplane.infocenter_http [InfoCenter] GET /nodes healthy_only=True tags=[] limit=500 count=2
2026-05-04 10:26:57,638 INFO pycloud_parallel.controlplane.infocenter_http [InfoCenter] GET /nodes healthy_only=True tags=[] limit=500 count=2
2026-05-04 10:26:57,639 INFO pycloud_parallel.controlplane.infocenter_http [InfoCenter] GET /nodes healthy_only=True tags=[] limit=500 count=2
2026-05-04 10:26:57,640 INFO pycloud_parallel.controlplane.infocenter_http [InfoCenter] GET /nodes healthy_only=True tags=[] limit=500 count=2
2026-05-04 10:26:57,641 INFO pycloud_parallel.controlplane.infocenter_http [InfoCenter] GET /nodes healthy_only=True tags=[] limit=500 count=2
2026-05-04 10:26:57,642 INFO pycloud_parallel.controlplane.infocenter_http [InfoCenter] GET /nodes healthy_only=True tags=[] limit=500 count=2
2026-05-04 10:26:57,643 INFO pycloud_parallel.controlplane.infocenter_http [InfoCenter] GET /nodes healthy_only=True tags=[] limit=500 count=2
2026-05-04 10:26:57,644 INFO pycloud_parallel.controlplane.infocenter_http [InfoCenter] GET /nodes healthy_only=True tags=[] limit=500 count=2
2026-05-04 10:26:57,646 INFO pycloud_parallel.controlplane.infocenter_http [InfoCenter] GET /services/routes service_name=svc-demo healthy_only=True route_scope=call limit=500 count=0
2026-05-04 10:26:57,647 INFO pycloud_parallel.controlplane.infocenter_http [InfoCenter] GET /nodes healthy_only=True tags=[] limit=500 count=2
2026-05-04 10:26:57,648 INFO pycloud_parallel.controlplane.infocenter_http [InfoCenter] GET /nodes healthy_only=True tags=[] limit=500 count=2
2026-05-04 10:26:57,649 INFO pycloud_parallel.controlplane.infocenter_http [InfoCenter] GET /nodes healthy_only=True tags=[] limit=500 count=2
2026-05-04 10:26:57,650 INFO pycloud_parallel.controlplane.infocenter_http [InfoCenter] GET /nodes healthy_only=True tags=[] limit=500 count=2
2026-05-04 10:26:57,651 INFO pycloud_parallel.controlplane.infocenter_http [InfoCenter] GET /nodes healthy_only=True tags=[] limit=500 count=2
2026-05-04 10:26:57,652 INFO pycloud_parallel.controlplane.infocenter_http [InfoCenter] GET /nodes healthy_only=True tags=[] limit=500 count=2
2026-05-04 10:26:57,653 INFO pycloud_parallel.controlplane.infocenter_http [InfoCenter] GET /nodes healthy_only=True tags=[] limit=500 count=2
2026-05-04 10:26:57,654 INFO pycloud_parallel.controlplane.infocenter_http [InfoCenter] GET /nodes healthy_only=True tags=[] limit=500 count=2
2026-05-04 10:26:57,655 INFO pycloud_parallel.controlplane.infocenter_http [InfoCenter] GET /nodes healthy_only=True tags=[] limit=500 count=2
2026-05-04 10:26:57,656 INFO pycloud_parallel.controlplane.infocenter_http [InfoCenter] GET /nodes healthy_only=True tags=[] limit=500 count=2
2026-05-04 10:26:57,657 INFO pycloud_parallel.controlplane.infocenter_http [InfoCenter] GET /nodes healthy_only=True tags=[] limit=500 count=2
2026-05-04 10:26:57,658 INFO pycloud_parallel.controlplane.infocenter_http [InfoCenter] GET /nodes healthy_only=True tags=[] limit=500 count=2
2026-05-04 10:26:57,659 INFO pycloud_parallel.controlplane.infocenter_http [InfoCenter] GET /nodes healthy_only=True tags=[] limit=500 count=2
2026-05-04 10:26:57,660 INFO pycloud_parallel.controlplane.infocenter_http [InfoCenter] GET /nodes healthy_only=True tags=[] limit=500 count=2
2026-05-04 10:26:57,661 INFO pycloud_parallel.controlplane.infocenter_http [InfoCenter] GET /nodes healthy_only=True tags=[] limit=500 count=2
2026-05-04 10:26:57,662 INFO pycloud_parallel.controlplane.infocenter_http [InfoCenter] GET /nodes healthy_only=True tags=[] limit=500 count=2
2026-05-04 10:26:57,663 INFO pycloud_parallel.controlplane.infocenter_http [InfoCenter] GET /nodes healthy_only=True tags=[] limit=500 count=2
2026-05-04 10:26:57,664 INFO pycloud_parallel.controlplane.infocenter_http [InfoCenter] GET /nodes healthy_only=True tags=[] limit=500 count=2
2026-05-04 10:26:57,665 INFO pycloud_parallel.controlplane.infocenter_http [InfoCenter] GET /nodes healthy_only=True tags=[] limit=500 count=2
2026-05-04 10:26:57,666 INFO pycloud_parallel.controlplane.infocenter_http [InfoCenter] GET /nodes healthy_only=True tags=[] limit=500 count=2
2026-05-04 10:26:57,667 INFO pycloud_parallel.controlplane.infocenter_http [InfoCenter] GET /nodes healthy_only=True tags=[] limit=500 count=2
2026-05-04 10:26:57,669 INFO pycloud_parallel.controlplane.infocenter_http [InfoCenter] GET /nodes healthy_only=True tags=[] limit=500 count=2
2026-05-04 10:26:57,670 INFO pycloud_parallel.controlplane.infocenter_http [InfoCenter] GET /nodes healthy_only=True tags=[] limit=500 count=2
2026-05-04 10:26:57,671 INFO pycloud_parallel.controlplane.infocenter_http [InfoCenter] GET /nodes healthy_only=True tags=[] limit=500 count=2
2026-05-04 10:26:57,672 INFO pycloud_parallel.controlplane.infocenter_http [InfoCenter] GET /nodes healthy_only=True tags=[] limit=500 count=2
2026-05-04 10:26:57,673 INFO pycloud_parallel.controlplane.infocenter_http [InfoCenter] GET /nodes healthy_only=True tags=[] limit=500 count=2
2026-05-04 10:26:57,674 INFO pycloud_parallel.controlplane.infocenter_http [InfoCenter] GET /nodes healthy_only=True tags=[] limit=500 count=2
2026-05-04 10:26:57,675 INFO pycloud_parallel.controlplane.infocenter_http [InfoCenter] GET /nodes healthy_only=True tags=[] limit=500 count=2
2026-05-04 10:26:57,676 INFO pycloud_parallel.controlplane.infocenter_http [InfoCenter] GET /nodes healthy_only=True tags=[] limit=500 count=2
2026-05-04 10:26:57,677 INFO pycloud_parallel.controlplane.infocenter_http [InfoCenter] GET /nodes healthy_only=True tags=[] limit=500 count=2
2026-05-04 10:26:57,678 INFO pycloud_parallel.controlplane.infocenter_http [InfoCenter] GET /nodes healthy_only=True tags=[] limit=500 count=2
2026-05-04 10:26:57,679 INFO pycloud_parallel.controlplane.infocenter_http [InfoCenter] GET /nodes healthy_only=True tags=[] limit=500 count=2
2026-05-04 10:26:57,680 INFO pycloud_parallel.controlplane.infocenter_http [InfoCenter] GET /nodes healthy_only=True tags=[] limit=500 count=2
2026-05-04 10:26:57,681 INFO pycloud_parallel.controlplane.infocenter_http [InfoCenter] GET /nodes healthy_only=True tags=[] limit=500 count=2
2026-05-04 10:26:57,682 INFO pycloud_parallel.controlplane.infocenter_http [InfoCenter] GET /nodes healthy_only=True tags=[] limit=500 count=2
2026-05-04 10:26:57,683 INFO pycloud_parallel.controlplane.infocenter_http [InfoCenter] GET /nodes healthy_only=True tags=[] limit=500 count=2
2026-05-04 10:26:57,684 INFO pycloud_parallel.controlplane.infocenter_http [InfoCenter] GET /nodes healthy_only=True tags=[] limit=500 count=2
2026-05-04 10:26:57,685 INFO pycloud_parallel.controlplane.infocenter_http [InfoCenter] GET /nodes healthy_only=True tags=[] limit=500 count=2
2026-05-04 10:26:57,686 INFO pycloud_parallel.controlplane.infocenter_http [InfoCenter] GET /nodes healthy_only=True tags=[] limit=500 count=2
2026-05-04 10:26:57,687 INFO pycloud_parallel.controlplane.infocenter_http [InfoCenter] GET /nodes healthy_only=True tags=[] limit=500 count=2
2026-05-04 10:26:57,688 INFO pycloud_parallel.controlplane.infocenter_http [InfoCenter] GET /nodes healthy_only=True tags=[] limit=500 count=2
2026-05-04 10:26:57,689 INFO pycloud_parallel.controlplane.infocenter_http [InfoCenter] GET /nodes healthy_only=True tags=[] limit=500 count=2
2026-05-04 10:26:57,690 INFO pycloud_parallel.controlplane.infocenter_http [InfoCenter] GET /nodes healthy_only=True tags=[] limit=500 count=2
2026-05-04 10:26:57,691 INFO pycloud_parallel.controlplane.infocenter_http [InfoCenter] GET /nodes healthy_only=True tags=[] limit=500 count=2
2026-05-04 10:26:57,692 INFO pycloud_parallel.controlplane.infocenter_http [InfoCenter] GET /nodes healthy_only=True tags=[] limit=500 count=2
2026-05-04 10:26:57,693 INFO pycloud_parallel.controlplane.infocenter_http [InfoCenter] GET /nodes healthy_only=True tags=[] limit=500 count=2
2026-05-04 10:26:57,694 INFO pycloud_parallel.controlplane.infocenter_http [InfoCenter] GET /nodes healthy_only=True tags=[] limit=500 count=2
2026-05-04 10:26:57,695 INFO pycloud_parallel.controlplane.infocenter_http [InfoCenter] GET /nodes healthy_only=True tags=[] limit=500 count=2
2026-05-04 10:26:57,696 INFO pycloud_parallel.controlplane.infocenter_http [InfoCenter] GET /nodes healthy_only=True tags=[] limit=500 count=2
2026-05-04 10:26:57,697 INFO pycloud_parallel.controlplane.infocenter_http [InfoCenter] GET /nodes healthy_only=True tags=[] limit=500 count=2
2026-05-04 10:26:57,698 INFO pycloud_parallel.controlplane.infocenter_http [InfoCenter] GET /nodes healthy_only=True tags=[] limit=500 count=2
2026-05-04 10:26:57,699 INFO pycloud_parallel.controlplane.infocenter_http [InfoCenter] GET /nodes healthy_only=True tags=[] limit=500 count=2
2026-05-04 10:26:57,700 INFO pycloud_parallel.controlplane.infocenter_http [InfoCenter] GET /nodes healthy_only=True tags=[] limit=500 count=2
2026-05-04 10:26:57,701 INFO pycloud_parallel.controlplane.infocenter_http [InfoCenter] GET /nodes healthy_only=True tags=[] limit=500 count=2
2026-05-04 10:26:57,702 INFO pycloud_parallel.controlplane.infocenter_http [InfoCenter] GET /nodes healthy_only=True tags=[] limit=500 count=2
2026-05-04 10:26:57,703 INFO pycloud_parallel.controlplane.infocenter_http [InfoCenter] GET /nodes healthy_only=True tags=[] limit=500 count=2
2026-05-04 10:26:57,704 INFO pycloud_parallel.controlplane.infocenter_http [InfoCenter] GET /nodes healthy_only=True tags=[] limit=500 count=2
2026-05-04 10:26:57,705 INFO pycloud_parallel.controlplane.infocenter_http [InfoCenter] GET /nodes healthy_only=True tags=[] limit=500 count=2
2026-05-04 10:26:57,706 INFO pycloud_parallel.controlplane.infocenter_http [InfoCenter] GET /nodes healthy_only=True tags=[] limit=500 count=2
2026-05-04 10:26:57,707 INFO pycloud_parallel.controlplane.infocenter_http [InfoCenter] GET /nodes healthy_only=True tags=[] limit=500 count=2
2026-05-04 10:26:57,708 INFO pycloud_parallel.controlplane.infocenter_http [InfoCenter] GET /nodes healthy_only=True tags=[] limit=500 count=2
2026-05-04 10:26:57,709 INFO pycloud_parallel.controlplane.infocenter_http [InfoCenter] GET /nodes healthy_only=True tags=[] limit=500 count=2
2026-05-04 10:26:57,710 INFO pycloud_parallel.controlplane.infocenter_http [InfoCenter] GET /nodes healthy_only=True tags=[] limit=500 count=2
2026-05-04 10:26:57,711 INFO pycloud_parallel.controlplane.infocenter_http [InfoCenter] GET /nodes healthy_only=True tags=[] limit=500 count=2
2026-05-04 10:26:57,712 INFO pycloud_parallel.controlplane.infocenter_http [InfoCenter] GET /nodes healthy_only=True tags=[] limit=500 count=2
2026-05-04 10:26:57,713 INFO pycloud_parallel.controlplane.infocenter_http [InfoCenter] GET /nodes healthy_only=True tags=[] limit=500 count=2
2026-05-04 10:26:57,714 INFO pycloud_parallel.controlplane.infocenter_http [InfoCenter] GET /nodes healthy_only=True tags=[] limit=500 count=2
2026-05-04 10:26:57,715 INFO pycloud_parallel.controlplane.infocenter_http [InfoCenter] GET /nodes healthy_only=True tags=[] limit=500 count=2
2026-05-04 10:26:57,716 INFO pycloud_parallel.controlplane.infocenter_http [InfoCenter] GET /nodes healthy_only=True tags=[] limit=500 count=2
2026-05-04 10:26:57,717 INFO pycloud_parallel.controlplane.infocenter_http [InfoCenter] GET /nodes healthy_only=True tags=[] limit=500 count=2
2026-05-04 10:26:57,718 INFO pycloud_parallel.controlplane.infocenter_http [InfoCenter] GET /nodes healthy_only=True tags=[] limit=500 count=2
2026-05-04 10:26:57,719 INFO pycloud_parallel.controlplane.infocenter_http [InfoCenter] GET /nodes healthy_only=True tags=[] limit=500 count=2
2026-05-04 10:26:57,720 INFO pycloud_parallel.controlplane.infocenter_http [InfoCenter] GET /nodes healthy_only=True tags=[] limit=500 count=2
2026-05-04 10:26:57,721 INFO pycloud_parallel.controlplane.infocenter_http [InfoCenter] GET /nodes healthy_only=True tags=[] limit=500 count=2
2026-05-04 10:26:57,722 INFO pycloud_parallel.controlplane.infocenter_http [InfoCenter] GET /nodes healthy_only=True tags=[] limit=500 count=2
2026-05-04 10:26:57,723 INFO pycloud_parallel.controlplane.infocenter_http [InfoCenter] GET /nodes healthy_only=True tags=[] limit=500 count=2
2026-05-04 10:26:57,724 INFO pycloud_parallel.controlplane.infocenter_http [InfoCenter] GET /nodes healthy_only=True tags=[] limit=500 count=2
2026-05-04 10:26:57,725 INFO pycloud_parallel.controlplane.infocenter_http [InfoCenter] GET /nodes healthy_only=True tags=[] limit=500 count=2
2026-05-04 10:26:57,726 INFO pycloud_parallel.controlplane.infocenter_http [InfoCenter] GET /nodes healthy_only=True tags=[] limit=500 count=2
2026-05-04 10:26:57,727 INFO pycloud_parallel.controlplane.infocenter_http [InfoCenter] GET /nodes healthy_only=True tags=[] limit=500 count=2
2026-05-04 10:26:57,728 INFO pycloud_parallel.controlplane.infocenter_http [InfoCenter] GET /nodes healthy_only=True tags=[] limit=500 count=2
2026-05-04 10:26:57,729 INFO pycloud_parallel.controlplane.infocenter_http [InfoCenter] GET /nodes healthy_only=True tags=[] limit=500 count=2
2026-05-04 10:26:57,730 INFO pycloud_parallel.controlplane.infocenter_http [InfoCenter] GET /nodes healthy_only=True tags=[] limit=500 count=2
2026-05-04 10:26:57,731 INFO pycloud_parallel.controlplane.infocenter_http [InfoCenter] GET /nodes healthy_only=True tags=[] limit=500 count=2
2026-05-04 10:26:57,732 INFO pycloud_parallel.controlplane.infocenter_http [InfoCenter] GET /nodes healthy_only=True tags=[] limit=500 count=2
2026-05-04 10:26:57,733 INFO pycloud_parallel.controlplane.infocenter_http [InfoCenter] GET /nodes healthy_only=True tags=[] limit=500 count=2
2026-05-04 10:26:57,734 INFO pycloud_parallel.controlplane.infocenter_http [InfoCenter] GET /nodes healthy_only=True tags=[] limit=500 count=2
2026-05-04 10:26:57,735 INFO pycloud_parallel.controlplane.infocenter_http [InfoCenter] GET /nodes healthy_only=True tags=[] limit=500 count=2
2026-05-04 10:26:57,736 INFO pycloud_parallel.controlplane.infocenter_http [InfoCenter] GET /nodes healthy_only=True tags=[] limit=500 count=2
2026-05-04 10:26:57,737 INFO pycloud_parallel.controlplane.infocenter_http [InfoCenter] GET /nodes healthy_only=True tags=[] limit=500 count=2
2026-05-04 10:26:57,738 INFO pycloud_parallel.controlplane.infocenter_http [InfoCenter] GET /nodes healthy_only=True tags=[] limit=500 count=2
2026-05-04 10:26:57,739 INFO pycloud_parallel.controlplane.infocenter_http [InfoCenter] GET /nodes healthy_only=True tags=[] limit=500 count=2
2026-05-04 10:26:57,740 INFO pycloud_parallel.controlplane.infocenter_http [InfoCenter] GET /nodes healthy_only=True tags=[] limit=500 count=2
2026-05-04 10:26:57,741 INFO pycloud_parallel.controlplane.infocenter_http [InfoCenter] GET /nodes healthy_only=True tags=[] limit=500 count=2
2026-05-04 10:26:57,742 INFO pycloud_parallel.controlplane.infocenter_http [InfoCenter] GET /nodes healthy_only=True tags=[] limit=500 count=2
2026-05-04 10:26:57,743 INFO pycloud_parallel.controlplane.infocenter_http [InfoCenter] GET /nodes healthy_only=True tags=[] limit=500 count=2
2026-05-04 10:26:57,744 INFO pycloud_parallel.controlplane.infocenter_http [InfoCenter] GET /nodes healthy_only=True tags=[] limit=500 count=2
2026-05-04 10:26:57,745 INFO pycloud_parallel.controlplane.infocenter_http [InfoCenter] GET /nodes healthy_only=True tags=[] limit=500 count=2
2026-05-04 10:26:57,746 INFO pycloud_parallel.controlplane.infocenter_http [InfoCenter] GET /nodes healthy_only=True tags=[] limit=500 count=2
2026-05-04 10:26:57,747 INFO pycloud_parallel.controlplane.infocenter_http [InfoCenter] GET /nodes healthy_only=True tags=[] limit=500 count=2
2026-05-04 10:26:57,748 INFO pycloud_parallel.controlplane.infocenter_http [InfoCenter] GET /nodes healthy_only=True tags=[] limit=500 count=2
2026-05-04 10:26:57,749 INFO pycloud_parallel.controlplane.infocenter_http [InfoCenter] GET /nodes healthy_only=True tags=[] limit=500 count=2
2026-05-04 10:26:57,750 INFO pycloud_parallel.controlplane.infocenter_http [InfoCenter] GET /nodes healthy_only=True tags=[] limit=500 count=2
2026-05-04 10:26:57,751 INFO pycloud_parallel.controlplane.infocenter_http [InfoCenter] GET /nodes healthy_only=True tags=[] limit=500 count=2
2026-05-04 10:26:57,752 INFO pycloud_parallel.controlplane.infocenter_http [InfoCenter] GET /nodes healthy_only=True tags=[] limit=500 count=2
2026-05-04 10:26:57,753 INFO pycloud_parallel.controlplane.infocenter_http [InfoCenter] GET /nodes healthy_only=True tags=[] limit=500 count=2
2026-05-04 10:26:57,754 INFO pycloud_parallel.controlplane.infocenter_http [InfoCenter] GET /nodes healthy_only=True tags=[] limit=500 count=2
2026-05-04 10:26:57,755 INFO pycloud_parallel.controlplane.infocenter_http [InfoCenter] GET /nodes healthy_only=True tags=[] limit=500 count=2
2026-05-04 10:26:57,756 INFO pycloud_parallel.controlplane.infocenter_http [InfoCenter] GET /nodes healthy_only=True tags=[] limit=500 count=2
2026-05-04 10:26:57,757 INFO pycloud_parallel.controlplane.infocenter_http [InfoCenter] GET /nodes healthy_only=True tags=[] limit=500 count=2
2026-05-04 10:26:57,758 INFO pycloud_parallel.controlplane.infocenter_http [InfoCenter] GET /nodes healthy_only=True tags=[] limit=500 count=2
2026-05-04 10:26:57,759 INFO pycloud_parallel.controlplane.infocenter_http [InfoCenter] GET /nodes healthy_only=True tags=[] limit=500 count=2
2026-05-04 10:26:57,760 INFO pycloud_parallel.controlplane.infocenter_http [InfoCenter] GET /nodes healthy_only=True tags=[] limit=500 count=2
2026-05-04 10:26:57,761 INFO pycloud_parallel.controlplane.infocenter_http [InfoCenter] GET /nodes healthy_only=True tags=[] limit=500 count=2
2026-05-04 10:26:57,762 INFO pycloud_parallel.controlplane.infocenter_http [InfoCenter] GET /nodes healthy_only=True tags=[] limit=500 count=2
2026-05-04 10:26:57,763 INFO pycloud_parallel.controlplane.infocenter_http [InfoCenter] GET /nodes healthy_only=True tags=[] limit=500 count=2
2026-05-04 10:26:57,764 INFO pycloud_parallel.controlplane.infocenter_http [InfoCenter] GET /nodes healthy_only=True tags=[] limit=500 count=2
2026-05-04 10:26:57,765 INFO pycloud_parallel.controlplane.infocenter_http [InfoCenter] GET /nodes healthy_only=True tags=[] limit=500 count=2
2026-05-04 10:26:57,766 INFO pycloud_parallel.controlplane.infocenter_http [InfoCenter] GET /nodes healthy_only=True tags=[] limit=500 count=2
2026-05-04 10:26:57,767 INFO pycloud_parallel.controlplane.infocenter_http [InfoCenter] GET /nodes healthy_only=True tags=[] limit=500 count=2
2026-05-04 10:26:57,768 INFO pycloud_parallel.controlplane.infocenter_http [InfoCenter] GET /nodes healthy_only=True tags=[] limit=500 count=2
2026-05-04 10:26:57,769 INFO pycloud_parallel.controlplane.infocenter_http [InfoCenter] GET /nodes healthy_only=True tags=[] limit=500 count=2
2026-05-04 10:26:57,770 INFO pycloud_parallel.controlplane.infocenter_http [InfoCenter] GET /nodes healthy_only=True tags=[] limit=500 count=2
2026-05-04 10:26:57,771 INFO pycloud_parallel.controlplane.infocenter_http [InfoCenter] GET /nodes healthy_only=True tags=[] limit=500 count=2
2026-05-04 10:26:57,772 INFO pycloud_parallel.controlplane.infocenter_http [InfoCenter] GET /nodes healthy_only=True tags=[] limit=500 count=2
2026-05-04 10:26:57,773 INFO pycloud_parallel.controlplane.infocenter_http [InfoCenter] GET /nodes healthy_only=True tags=[] limit=500 count=2
2026-05-04 10:26:57,774 INFO pycloud_parallel.controlplane.infocenter_http [InfoCenter] GET /nodes healthy_only=True tags=[] limit=500 count=2
2026-05-04 10:26:57,775 INFO pycloud_parallel.controlplane.infocenter_http [InfoCenter] GET /nodes healthy_only=True tags=[] limit=500 count=2
2026-05-04 10:26:57,776 INFO pycloud_parallel.controlplane.infocenter_http [InfoCenter] GET /nodes healthy_only=True tags=[] limit=500 count=2
2026-05-04 10:26:57,777 INFO pycloud_parallel.controlplane.infocenter_http [InfoCenter] GET /nodes healthy_only=True tags=[] limit=500 count=2
2026-05-04 10:26:57,778 INFO pycloud_parallel.controlplane.infocenter_http [InfoCenter] GET /nodes healthy_only=True tags=[] limit=500 count=2
2026-05-04 10:26:57,779 INFO pycloud_parallel.controlplane.infocenter_http [InfoCenter] GET /nodes healthy_only=True tags=[] limit=500 count=2
2026-05-04 10:26:57,780 INFO pycloud_parallel.controlplane.infocenter_http [InfoCenter] GET /nodes healthy_only=True tags=[] limit=500 count=2
2026-05-04 10:26:57,781 INFO pycloud_parallel.controlplane.infocenter_http [InfoCenter] GET /nodes healthy_only=True tags=[] limit=500 count=2
2026-05-04 10:26:57,782 INFO pycloud_parallel.controlplane.infocenter_http [InfoCenter] GET /nodes healthy_only=True tags=[] limit=500 count=2
2026-05-04 10:26:57,783 INFO pycloud_parallel.controlplane.infocenter_http [InfoCenter] GET /nodes healthy_only=True tags=[] limit=500 count=2
2026-05-04 10:26:57,784 INFO pycloud_parallel.controlplane.infocenter_http [InfoCenter] GET /nodes healthy_only=True tags=[] limit=500 count=2
2026-05-04 10:26:57,785 INFO pycloud_parallel.controlplane.infocenter_http [InfoCenter] GET /nodes healthy_only=True tags=[] limit=500 count=2
2026-05-04 10:26:57,786 INFO pycloud_parallel.controlplane.infocenter_http [InfoCenter] GET /nodes healthy_only=True tags=[] limit=500 count=2
2026-05-04 10:26:57,787 INFO pycloud_parallel.controlplane.infocenter_http [InfoCenter] GET /nodes healthy_only=True tags=[] limit=500 count=2
2026-05-04 10:26:57,788 INFO pycloud_parallel.controlplane.infocenter_http [InfoCenter] GET /nodes healthy_only=True tags=[] limit=500 count=2
2026-05-04 10:26:57,789 INFO pycloud_parallel.controlplane.infocenter_http [InfoCenter] GET /nodes healthy_only=True tags=[] limit=500 count=2
2026-05-04 10:26:57,790 INFO pycloud_parallel.controlplane.infocenter_http [InfoCenter] GET /nodes healthy_only=True tags=[] limit=500 count=2
2026-05-04 10:26:57,791 INFO pycloud_parallel.controlplane.infocenter_http [InfoCenter] GET /nodes healthy_only=True tags=[] limit=500 count=2
2026-05-04 10:26:57,792 INFO pycloud_parallel.controlplane.infocenter_http [InfoCenter] GET /nodes healthy_only=True tags=[] limit=500 count=2
2026-05-04 10:26:57,793 INFO pycloud_parallel.controlplane.infocenter_http [InfoCenter] GET /nodes healthy_only=True tags=[] limit=500 count=2
2026-05-04 10:26:57,794 INFO pycloud_parallel.controlplane.infocenter_http [InfoCenter] GET /nodes healthy_only=True tags=[] limit=500 count=2
2026-05-04 10:26:57,795 INFO pycloud_parallel.controlplane.infocenter_http [InfoCenter] GET /nodes healthy_only=True tags=[] limit=500 count=2
2026-05-04 10:26:57,796 INFO pycloud_parallel.controlplane.infocenter_http [InfoCenter] GET /nodes healthy_only=True tags=[] limit=500 count=2
2026-05-04 10:26:57,797 INFO pycloud_parallel.controlplane.infocenter_http [InfoCenter] GET /nodes healthy_only=True tags=[] limit=500 count=2
2026-05-04 10:26:57,798 INFO pycloud_parallel.controlplane.infocenter_http [InfoCenter] GET /nodes healthy_only=True tags=[] limit=500 count=2
2026-05-04 10:26:57,799 INFO pycloud_parallel.controlplane.infocenter_http [InfoCenter] GET /nodes healthy_only=True tags=[] limit=500 count=2
2026-05-04 10:26:57,800 INFO pycloud_parallel.controlplane.infocenter_http [InfoCenter] GET /nodes healthy_only=True tags=[] limit=500 count=2
2026-05-04 10:26:57,801 INFO pycloud_parallel.controlplane.infocenter_http [InfoCenter] GET /nodes healthy_only=True tags=[] limit=500 count=2
2026-05-04 10:26:57,802 INFO pycloud_parallel.controlplane.infocenter_http [InfoCenter] GET /nodes healthy_only=True tags=[] limit=500 count=2
2026-05-04 10:26:57,803 INFO pycloud_parallel.controlplane.infocenter_http [InfoCenter] GET /nodes healthy_only=True tags=[] limit=500 count=2
2026-05-04 10:26:57,804 INFO pycloud_parallel.controlplane.infocenter_http [InfoCenter] GET /nodes healthy_only=True tags=[] limit=500 count=2
2026-05-04 10:26:57,805 INFO pycloud_parallel.controlplane.infocenter_http [InfoCenter] GET /nodes healthy_only=True tags=[] limit=500 count=2
2026-05-04 10:26:57,806 INFO pycloud_parallel.controlplane.infocenter_http [InfoCenter] GET /nodes healthy_only=True tags=[] limit=500 count=2
2026-05-04 10:26:57,808 INFO pycloud_parallel.controlplane.infocenter_http [InfoCenter] GET /nodes healthy_only=True tags=[] limit=500 count=2
2026-05-04 10:26:57,809 INFO pycloud_parallel.controlplane.infocenter_http [InfoCenter] GET /nodes healthy_only=True tags=[] limit=500 count=2
2026-05-04 10:26:57,810 INFO pycloud_parallel.controlplane.infocenter_http [InfoCenter] GET /nodes healthy_only=True tags=[] limit=500 count=2
2026-05-04 10:26:57,811 INFO pycloud_parallel.controlplane.infocenter_http [InfoCenter] GET /nodes healthy_only=True tags=[] limit=500 count=2
2026-05-04 10:26:57,812 INFO pycloud_parallel.controlplane.infocenter_http [InfoCenter] GET /nodes healthy_only=True tags=[] limit=500 count=2
2026-05-04 10:26:57,813 INFO pycloud_parallel.controlplane.infocenter_http [InfoCenter] GET /nodes healthy_only=True tags=[] limit=500 count=2
2026-05-04 10:26:57,814 INFO pycloud_parallel.controlplane.infocenter_http [InfoCenter] GET /nodes healthy_only=True tags=[] limit=500 count=2
2026-05-04 10:26:57,815 INFO pycloud_parallel.controlplane.infocenter_http [InfoCenter] GET /nodes healthy_only=True tags=[] limit=500 count=2
2026-05-04 10:26:57,816 INFO pycloud_parallel.controlplane.infocenter_http [InfoCenter] GET /nodes healthy_only=True tags=[] limit=500 count=2
2026-05-04 10:26:57,817 INFO pycloud_parallel.controlplane.infocenter_http [InfoCenter] GET /nodes healthy_only=True tags=[] limit=500 count=2
2026-05-04 10:26:57,818 INFO pycloud_parallel.controlplane.infocenter_http [InfoCenter] GET /nodes healthy_only=True tags=[] limit=500 count=2
2026-05-04 10:26:57,819 INFO pycloud_parallel.controlplane.infocenter_http [InfoCenter] GET /nodes healthy_only=True tags=[] limit=500 count=2
2026-05-04 10:26:57,820 INFO pycloud_parallel.controlplane.infocenter_http [InfoCenter] GET /nodes healthy_only=True tags=[] limit=500 count=2
2026-05-04 10:26:57,821 INFO pycloud_parallel.controlplane.infocenter_http [InfoCenter] GET /nodes healthy_only=True tags=[] limit=500 count=2
2026-05-04 10:26:57,822 INFO pycloud_parallel.controlplane.infocenter_http [InfoCenter] GET /nodes healthy_only=True tags=[] limit=500 count=2
2026-05-04 10:26:57,823 INFO pycloud_parallel.controlplane.infocenter_http [InfoCenter] GET /nodes healthy_only=True tags=[] limit=500 count=2
2026-05-04 10:26:57,824 INFO pycloud_parallel.controlplane.infocenter_http [InfoCenter] GET /nodes healthy_only=True tags=[] limit=500 count=2
2026-05-04 10:26:57,825 INFO pycloud_parallel.controlplane.infocenter_http [InfoCenter] GET /nodes healthy_only=True tags=[] limit=500 count=2
2026-05-04 10:26:57,826 INFO pycloud_parallel.controlplane.infocenter_http [InfoCenter] GET /nodes healthy_only=True tags=[] limit=500 count=2
2026-05-04 10:26:57,827 INFO pycloud_parallel.controlplane.infocenter_http [InfoCenter] GET /nodes healthy_only=True tags=[] limit=500 count=2
2026-05-04 10:26:57,828 INFO pycloud_parallel.controlplane.infocenter_http [InfoCenter] GET /nodes healthy_only=True tags=[] limit=500 count=2
2026-05-04 10:26:57,829 INFO pycloud_parallel.controlplane.infocenter_http [InfoCenter] GET /nodes healthy_only=True tags=[] limit=500 count=2
2026-05-04 10:26:57,830 INFO pycloud_parallel.controlplane.infocenter_http [InfoCenter] GET /nodes healthy_only=True tags=[] limit=500 count=2
2026-05-04 10:26:57,831 INFO pycloud_parallel.controlplane.infocenter_http [InfoCenter] GET /nodes healthy_only=True tags=[] limit=500 count=2
2026-05-04 10:26:57,832 INFO pycloud_parallel.controlplane.infocenter_http [InfoCenter] GET /nodes healthy_only=True tags=[] limit=500 count=2
2026-05-04 10:26:57,833 INFO pycloud_parallel.controlplane.infocenter_http [InfoCenter] GET /nodes healthy_only=True tags=[] limit=500 count=2
2026-05-04 10:26:57,834 INFO pycloud_parallel.controlplane.infocenter_http [InfoCenter] GET /nodes healthy_only=True tags=[] limit=500 count=2
2026-05-04 10:26:57,835 INFO pycloud_parallel.controlplane.infocenter_http [InfoCenter] GET /nodes healthy_only=True tags=[] limit=500 count=2
2026-05-04 10:26:57,836 INFO pycloud_parallel.controlplane.infocenter_http [InfoCenter] GET /nodes healthy_only=True tags=[] limit=500 count=2
2026-05-04 10:26:57,837 INFO pycloud_parallel.controlplane.infocenter_http [InfoCenter] GET /nodes healthy_only=True tags=[] limit=500 count=2
2026-05-04 10:26:57,838 INFO pycloud_parallel.controlplane.infocenter_http [InfoCenter] GET /nodes healthy_only=True tags=[] limit=500 count=2
2026-05-04 10:26:57,839 INFO pycloud_parallel.controlplane.infocenter_http [InfoCenter] GET /nodes healthy_only=True tags=[] limit=500 count=2
2026-05-04 10:26:57,840 INFO pycloud_parallel.controlplane.infocenter_http [InfoCenter] GET /nodes healthy_only=True tags=[] limit=500 count=2
2026-05-04 10:26:57,841 INFO pycloud_parallel.controlplane.infocenter_http [InfoCenter] GET /nodes healthy_only=True tags=[] limit=500 count=2
2026-05-04 10:26:57,842 INFO pycloud_parallel.controlplane.infocenter_http [InfoCenter] GET /nodes healthy_only=True tags=[] limit=500 count=2
2026-05-04 10:26:57,843 INFO pycloud_parallel.controlplane.infocenter_http [InfoCenter] GET /nodes healthy_only=True tags=[] limit=500 count=2
2026-05-04 10:26:57,844 INFO pycloud_parallel.controlplane.infocenter_http [InfoCenter] GET /nodes healthy_only=True tags=[] limit=500 count=2
2026-05-04 10:26:57,845 INFO pycloud_parallel.controlplane.infocenter_http [InfoCenter] GET /nodes healthy_only=True tags=[] limit=500 count=2
2026-05-04 10:26:57,846 INFO pycloud_parallel.controlplane.infocenter_http [InfoCenter] GET /nodes healthy_only=True tags=[] limit=500 count=2
2026-05-04 10:26:57,846 INFO pycloud_parallel.controlplane.infocenter_http [InfoCenter] GET /nodes healthy_only=True tags=[] limit=500 count=2
2026-05-04 10:26:57,847 INFO pycloud_parallel.controlplane.infocenter_http [InfoCenter] GET /nodes healthy_only=True tags=[] limit=500 count=2
2026-05-04 10:26:57,848 INFO pycloud_parallel.controlplane.infocenter_http [InfoCenter] GET /nodes healthy_only=True tags=[] limit=500 count=2
2026-05-04 10:26:57,849 INFO pycloud_parallel.controlplane.infocenter_http [InfoCenter] GET /nodes healthy_only=True tags=[] limit=500 count=2
2026-05-04 10:26:57,850 INFO pycloud_parallel.controlplane.infocenter_http [InfoCenter] GET /nodes healthy_only=True tags=[] limit=500 count=2
2026-05-04 10:26:57,851 INFO pycloud_parallel.controlplane.infocenter_http [InfoCenter] GET /nodes healthy_only=True tags=[] limit=500 count=2
2026-05-04 10:26:57,852 INFO pycloud_parallel.controlplane.infocenter_http [InfoCenter] GET /nodes healthy_only=True tags=[] limit=500 count=2
2026-05-04 10:26:57,854 INFO pycloud_parallel.controlplane.infocenter_http [InfoCenter] GET /nodes healthy_only=True tags=[] limit=500 count=2
2026-05-04 10:26:57,855 INFO pycloud_parallel.controlplane.infocenter_http [InfoCenter] GET /nodes healthy_only=True tags=[] limit=500 count=2
2026-05-04 10:26:57,856 INFO pycloud_parallel.controlplane.infocenter_http [InfoCenter] GET /nodes healthy_only=True tags=[] limit=500 count=2
2026-05-04 10:26:57,857 INFO pycloud_parallel.controlplane.infocenter_http [InfoCenter] GET /nodes healthy_only=True tags=[] limit=500 count=2
2026-05-04 10:26:57,858 INFO pycloud_parallel.controlplane.infocenter_http [InfoCenter] GET /nodes healthy_only=True tags=[] limit=500 count=2
2026-05-04 10:26:57,859 INFO pycloud_parallel.controlplane.infocenter_http [InfoCenter] GET /nodes healthy_only=True tags=[] limit=500 count=2
2026-05-04 10:26:57,860 INFO pycloud_parallel.controlplane.infocenter_http [InfoCenter] GET /nodes healthy_only=True tags=[] limit=500 count=2
2026-05-04 10:26:57,860 INFO pycloud_parallel.controlplane.infocenter_http [InfoCenter] GET /nodes healthy_only=True tags=[] limit=500 count=2
2026-05-04 10:26:57,861 INFO pycloud_parallel.controlplane.infocenter_http [InfoCenter] GET /nodes healthy_only=True tags=[] limit=500 count=2
2026-05-04 10:26:57,862 INFO pycloud_parallel.controlplane.infocenter_http [InfoCenter] GET /nodes healthy_only=True tags=[] limit=500 count=2
2026-05-04 10:26:57,863 INFO pycloud_parallel.controlplane.infocenter_http [InfoCenter] GET /nodes healthy_only=True tags=[] limit=500 count=2
2026-05-04 10:26:57,864 INFO pycloud_parallel.controlplane.infocenter_http [InfoCenter] GET /nodes healthy_only=True tags=[] limit=500 count=2
2026-05-04 10:26:57,865 INFO pycloud_parallel.controlplane.infocenter_http [InfoCenter] GET /nodes healthy_only=True tags=[] limit=500 count=2
2026-05-04 10:26:57,866 INFO pycloud_parallel.controlplane.infocenter_http [InfoCenter] GET /nodes healthy_only=True tags=[] limit=500 count=2
2026-05-04 10:26:57,867 INFO pycloud_parallel.controlplane.infocenter_http [InfoCenter] GET /nodes healthy_only=True tags=[] limit=500 count=2
2026-05-04 10:26:57,868 INFO pycloud_parallel.controlplane.infocenter_http [InfoCenter] GET /nodes healthy_only=True tags=[] limit=500 count=2
2026-05-04 10:26:57,869 INFO pycloud_parallel.controlplane.infocenter_http [InfoCenter] GET /nodes healthy_only=True tags=[] limit=500 count=2
2026-05-04 10:26:57,870 INFO pycloud_parallel.controlplane.infocenter_http [InfoCenter] GET /nodes healthy_only=True tags=[] limit=500 count=2
2026-05-04 10:26:57,871 INFO pycloud_parallel.controlplane.infocenter_http [InfoCenter] GET /nodes healthy_only=True tags=[] limit=500 count=2
2026-05-04 10:26:57,872 INFO pycloud_parallel.controlplane.infocenter_http [InfoCenter] GET /nodes healthy_only=True tags=[] limit=500 count=2
2026-05-04 10:26:57,873 INFO pycloud_parallel.controlplane.infocenter_http [InfoCenter] GET /nodes healthy_only=True tags=[] limit=500 count=2
2026-05-04 10:26:57,874 INFO pycloud_parallel.controlplane.infocenter_http [InfoCenter] GET /nodes healthy_only=True tags=[] limit=500 count=2
2026-05-04 10:26:57,875 INFO pycloud_parallel.controlplane.infocenter_http [InfoCenter] GET /nodes healthy_only=True tags=[] limit=500 count=2
2026-05-04 10:26:57,876 INFO pycloud_parallel.controlplane.infocenter_http [InfoCenter] GET /nodes healthy_only=True tags=[] limit=500 count=2
2026-05-04 10:26:57,877 INFO pycloud_parallel.controlplane.infocenter_http [InfoCenter] GET /nodes healthy_only=True tags=[] limit=500 count=2
2026-05-04 10:26:57,878 INFO pycloud_parallel.controlplane.infocenter_http [InfoCenter] GET /nodes healthy_only=True tags=[] limit=500 count=2
2026-05-04 10:26:57,879 INFO pycloud_parallel.controlplane.infocenter_http [InfoCenter] GET /nodes healthy_only=True tags=[] limit=500 count=2
2026-05-04 10:26:57,880 INFO pycloud_parallel.controlplane.infocenter_http [InfoCenter] GET /nodes healthy_only=True tags=[] limit=500 count=2
2026-05-04 10:26:57,881 INFO pycloud_parallel.controlplane.infocenter_http [InfoCenter] GET /nodes healthy_only=True tags=[] limit=500 count=2
2026-05-04 10:26:57,882 INFO pycloud_parallel.controlplane.infocenter_http [InfoCenter] GET /nodes healthy_only=True tags=[] limit=500 count=2
2026-05-04 10:26:57,883 INFO pycloud_parallel.controlplane.infocenter_http [InfoCenter] GET /nodes healthy_only=True tags=[] limit=500 count=2
2026-05-04 10:26:57,884 INFO pycloud_parallel.controlplane.infocenter_http [InfoCenter] GET /nodes healthy_only=True tags=[] limit=500 count=2
2026-05-04 10:26:57,885 INFO pycloud_parallel.controlplane.infocenter_http [InfoCenter] GET /nodes healthy_only=True tags=[] limit=500 count=2
2026-05-04 10:26:57,886 INFO pycloud_parallel.controlplane.infocenter_http [InfoCenter] GET /nodes healthy_only=True tags=[] limit=500 count=2
2026-05-04 10:26:57,887 INFO pycloud_parallel.controlplane.infocenter_http [InfoCenter] GET /nodes healthy_only=True tags=[] limit=500 count=2
2026-05-04 10:26:57,888 INFO pycloud_parallel.controlplane.infocenter_http [InfoCenter] GET /nodes healthy_only=True tags=[] limit=500 count=2
2026-05-04 10:26:57,889 INFO pycloud_parallel.controlplane.infocenter_http [InfoCenter] GET /nodes healthy_only=True tags=[] limit=500 count=2
2026-05-04 10:26:57,890 INFO pycloud_parallel.controlplane.infocenter_http [InfoCenter] GET /nodes healthy_only=True tags=[] limit=500 count=2
2026-05-04 10:26:57,891 INFO pycloud_parallel.controlplane.infocenter_http [InfoCenter] GET /nodes healthy_only=True tags=[] limit=500 count=2
2026-05-04 10:26:57,892 INFO pycloud_parallel.controlplane.infocenter_http [InfoCenter] GET /nodes healthy_only=True tags=[] limit=500 count=2
2026-05-04 10:26:57,893 INFO pycloud_parallel.controlplane.infocenter_http [InfoCenter] GET /nodes healthy_only=True tags=[] limit=500 count=2
2026-05-04 10:26:57,894 INFO pycloud_parallel.controlplane.infocenter_http [InfoCenter] GET /nodes healthy_only=True tags=[] limit=500 count=2
2026-05-04 10:26:57,895 INFO pycloud_parallel.controlplane.infocenter_http [InfoCenter] GET /nodes healthy_only=True tags=[] limit=500 count=2
2026-05-04 10:26:57,896 INFO pycloud_parallel.controlplane.infocenter_http [InfoCenter] GET /nodes healthy_only=True tags=[] limit=500 count=2
2026-05-04 10:26:57,897 INFO pycloud_parallel.controlplane.infocenter_http [InfoCenter] GET /nodes healthy_only=True tags=[] limit=500 count=2
2026-05-04 10:26:57,898 INFO pycloud_parallel.controlplane.infocenter_http [InfoCenter] GET /nodes healthy_only=True tags=[] limit=500 count=2
2026-05-04 10:26:57,899 INFO pycloud_parallel.controlplane.infocenter_http [InfoCenter] GET /nodes healthy_only=True tags=[] limit=500 count=2
2026-05-04 10:26:57,900 INFO pycloud_parallel.controlplane.infocenter_http [InfoCenter] GET /nodes healthy_only=True tags=[] limit=500 count=2
2026-05-04 10:26:57,901 INFO pycloud_parallel.controlplane.infocenter_http [InfoCenter] GET /nodes healthy_only=True tags=[] limit=500 count=2
2026-05-04 10:26:57,902 INFO pycloud_parallel.controlplane.infocenter_http [InfoCenter] GET /nodes healthy_only=True tags=[] limit=500 count=2
2026-05-04 10:26:57,903 INFO pycloud_parallel.controlplane.infocenter_http [InfoCenter] GET /nodes healthy_only=True tags=[] limit=500 count=2
2026-05-04 10:26:57,904 INFO pycloud_parallel.controlplane.infocenter_http [InfoCenter] GET /nodes healthy_only=True tags=[] limit=500 count=2
2026-05-04 10:26:57,905 INFO pycloud_parallel.controlplane.infocenter_http [InfoCenter] GET /nodes healthy_only=True tags=[] limit=500 count=2
2026-05-04 10:26:57,906 INFO pycloud_parallel.controlplane.infocenter_http [InfoCenter] GET /nodes healthy_only=True tags=[] limit=500 count=2
2026-05-04 10:26:57,907 INFO pycloud_parallel.controlplane.infocenter_http [InfoCenter] GET /nodes healthy_only=True tags=[] limit=500 count=2
2026-05-04 10:26:57,908 INFO pycloud_parallel.controlplane.infocenter_http [InfoCenter] GET /nodes healthy_only=True tags=[] limit=500 count=2
2026-05-04 10:26:57,909 INFO pycloud_parallel.controlplane.infocenter_http [InfoCenter] GET /nodes healthy_only=True tags=[] limit=500 count=2
2026-05-04 10:26:57,910 INFO pycloud_parallel.controlplane.infocenter_http [InfoCenter] GET /nodes healthy_only=True tags=[] limit=500 count=2
2026-05-04 10:26:57,911 INFO pycloud_parallel.controlplane.infocenter_http [InfoCenter] GET /nodes healthy_only=True tags=[] limit=500 count=2
2026-05-04 10:26:57,912 INFO pycloud_parallel.controlplane.infocenter_http [InfoCenter] GET /nodes healthy_only=True tags=[] limit=500 count=2
2026-05-04 10:26:57,913 INFO pycloud_parallel.controlplane.infocenter_http [InfoCenter] GET /nodes healthy_only=True tags=[] limit=500 count=2
2026-05-04 10:26:57,914 INFO pycloud_parallel.controlplane.infocenter_http [InfoCenter] GET /nodes healthy_only=True tags=[] limit=500 count=2
2026-05-04 10:26:57,915 INFO pycloud_parallel.controlplane.infocenter_http [InfoCenter] GET /nodes healthy_only=True tags=[] limit=500 count=2
2026-05-04 10:26:57,916 INFO pycloud_parallel.controlplane.infocenter_http [InfoCenter] GET /nodes healthy_only=True tags=[] limit=500 count=2
2026-05-04 10:26:57,917 INFO pycloud_parallel.controlplane.infocenter_http [InfoCenter] GET /nodes healthy_only=True tags=[] limit=500 count=2
2026-05-04 10:26:57,918 INFO pycloud_parallel.controlplane.infocenter_http [InfoCenter] GET /nodes healthy_only=True tags=[] limit=500 count=2
2026-05-04 10:26:57,919 INFO pycloud_parallel.controlplane.infocenter_http [InfoCenter] GET /nodes healthy_only=True tags=[] limit=500 count=2
2026-05-04 10:26:57,920 INFO pycloud_parallel.controlplane.infocenter_http [InfoCenter] GET /nodes healthy_only=True tags=[] limit=500 count=2
2026-05-04 10:26:57,921 INFO pycloud_parallel.controlplane.infocenter_http [InfoCenter] GET /nodes healthy_only=True tags=[] limit=500 count=2
2026-05-04 10:26:57,922 INFO pycloud_parallel.controlplane.infocenter_http [InfoCenter] GET /nodes healthy_only=True tags=[] limit=500 count=2
2026-05-04 10:26:57,923 INFO pycloud_parallel.controlplane.infocenter_http [InfoCenter] GET /nodes healthy_only=True tags=[] limit=500 count=2
2026-05-04 10:26:57,924 INFO pycloud_parallel.controlplane.infocenter_http [InfoCenter] GET /nodes healthy_only=True tags=[] limit=500 count=2
2026-05-04 10:26:57,925 INFO pycloud_parallel.controlplane.infocenter_http [InfoCenter] GET /nodes healthy_only=True tags=[] limit=500 count=2
2026-05-04 10:26:57,926 INFO pycloud_parallel.controlplane.infocenter_http [InfoCenter] GET /nodes healthy_only=True tags=[] limit=500 count=2
2026-05-04 10:26:57,927 INFO pycloud_parallel.controlplane.infocenter_http [InfoCenter] GET /nodes healthy_only=True tags=[] limit=500 count=2
2026-05-04 10:26:57,928 INFO pycloud_parallel.controlplane.infocenter_http [InfoCenter] GET /nodes healthy_only=True tags=[] limit=500 count=2
2026-05-04 10:26:57,929 INFO pycloud_parallel.controlplane.infocenter_http [InfoCenter] GET /nodes healthy_only=True tags=[] limit=500 count=2
2026-05-04 10:26:57,930 INFO pycloud_parallel.controlplane.infocenter_http [InfoCenter] GET /nodes healthy_only=True tags=[] limit=500 count=2
2026-05-04 10:26:57,931 INFO pycloud_parallel.controlplane.infocenter_http [InfoCenter] GET /nodes healthy_only=True tags=[] limit=500 count=2
2026-05-04 10:26:57,932 INFO pycloud_parallel.controlplane.infocenter_http [InfoCenter] GET /nodes healthy_only=True tags=[] limit=500 count=2
2026-05-04 10:26:57,933 INFO pycloud_parallel.controlplane.infocenter_http [InfoCenter] GET /nodes healthy_only=True tags=[] limit=500 count=2
2026-05-04 10:26:57,934 INFO pycloud_parallel.controlplane.infocenter_http [InfoCenter] GET /nodes healthy_only=True tags=[] limit=500 count=2
2026-05-04 10:26:57,935 INFO pycloud_parallel.controlplane.infocenter_http [InfoCenter] GET /nodes healthy_only=True tags=[] limit=500 count=2
2026-05-04 10:26:57,936 INFO pycloud_parallel.controlplane.infocenter_http [InfoCenter] GET /nodes healthy_only=True tags=[] limit=500 count=2
2026-05-04 10:26:57,937 INFO pycloud_parallel.controlplane.infocenter_http [InfoCenter] GET /nodes healthy_only=True tags=[] limit=500 count=2
2026-05-04 10:26:57,938 INFO pycloud_parallel.controlplane.infocenter_http [InfoCenter] GET /nodes healthy_only=True tags=[] limit=500 count=2
2026-05-04 10:26:57,939 INFO pycloud_parallel.controlplane.infocenter_http [InfoCenter] GET /nodes healthy_only=True tags=[] limit=500 count=2
2026-05-04 10:26:57,940 INFO pycloud_parallel.controlplane.infocenter_http [InfoCenter] GET /nodes healthy_only=True tags=[] limit=500 count=2
2026-05-04 10:26:57,941 INFO pycloud_parallel.controlplane.infocenter_http [InfoCenter] GET /nodes healthy_only=True tags=[] limit=500 count=2
2026-05-04 10:26:57,942 INFO pycloud_parallel.controlplane.infocenter_http [InfoCenter] GET /nodes healthy_only=True tags=[] limit=500 count=2
2026-05-04 10:26:57,943 INFO pycloud_parallel.controlplane.infocenter_http [InfoCenter] GET /nodes healthy_only=True tags=[] limit=500 count=2
2026-05-04 10:26:57,944 INFO pycloud_parallel.controlplane.infocenter_http [InfoCenter] GET /nodes healthy_only=True tags=[] limit=500 count=2
2026-05-04 10:26:57,945 INFO pycloud_parallel.controlplane.infocenter_http [InfoCenter] GET /nodes healthy_only=True tags=[] limit=500 count=2
2026-05-04 10:26:57,946 INFO pycloud_parallel.controlplane.infocenter_http [InfoCenter] GET /nodes healthy_only=True tags=[] limit=500 count=2
2026-05-04 10:26:57,947 INFO pycloud_parallel.controlplane.infocenter_http [InfoCenter] GET /nodes healthy_only=True tags=[] limit=500 count=2
2026-05-04 10:26:57,948 INFO pycloud_parallel.controlplane.infocenter_http [InfoCenter] GET /nodes healthy_only=True tags=[] limit=500 count=2
2026-05-04 10:26:57,949 INFO pycloud_parallel.controlplane.infocenter_http [InfoCenter] GET /nodes healthy_only=True tags=[] limit=500 count=2
2026-05-04 10:26:57,950 INFO pycloud_parallel.controlplane.infocenter_http [InfoCenter] GET /nodes healthy_only=True tags=[] limit=500 count=2
2026-05-04 10:26:57,951 INFO pycloud_parallel.controlplane.infocenter_http [InfoCenter] GET /nodes healthy_only=True tags=[] limit=500 count=2
2026-05-04 10:26:57,952 INFO pycloud_parallel.controlplane.infocenter_http [InfoCenter] GET /nodes healthy_only=True tags=[] limit=500 count=2
2026-05-04 10:26:57,953 INFO pycloud_parallel.controlplane.infocenter_http [InfoCenter] GET /nodes healthy_only=True tags=[] limit=500 count=2
2026-05-04 10:26:57,954 INFO pycloud_parallel.controlplane.infocenter_http [InfoCenter] GET /nodes healthy_only=True tags=[] limit=500 count=2
2026-05-04 10:26:57,955 INFO pycloud_parallel.controlplane.infocenter_http [InfoCenter] GET /nodes healthy_only=True tags=[] limit=500 count=2
2026-05-04 10:26:57,956 INFO pycloud_parallel.controlplane.infocenter_http [InfoCenter] GET /nodes healthy_only=True tags=[] limit=500 count=2
2026-05-04 10:26:57,957 INFO pycloud_parallel.controlplane.infocenter_http [InfoCenter] GET /nodes healthy_only=True tags=[] limit=500 count=2
2026-05-04 10:26:57,958 INFO pycloud_parallel.controlplane.infocenter_http [InfoCenter] GET /nodes healthy_only=True tags=[] limit=500 count=2
2026-05-04 10:26:57,959 INFO pycloud_parallel.controlplane.infocenter_http [InfoCenter] GET /nodes healthy_only=True tags=[] limit=500 count=2
2026-05-04 10:26:57,960 INFO pycloud_parallel.controlplane.infocenter_http [InfoCenter] GET /nodes healthy_only=True tags=[] limit=500 count=2
2026-05-04 10:26:57,961 INFO pycloud_parallel.controlplane.infocenter_http [InfoCenter] GET /nodes healthy_only=True tags=[] limit=500 count=2
2026-05-04 10:26:57,962 INFO pycloud_parallel.controlplane.infocenter_http [InfoCenter] GET /nodes healthy_only=True tags=[] limit=500 count=2
2026-05-04 10:26:57,963 INFO pycloud_parallel.controlplane.infocenter_http [InfoCenter] GET /nodes healthy_only=True tags=[] limit=500 count=2
2026-05-04 10:26:57,964 INFO pycloud_parallel.controlplane.infocenter_http [InfoCenter] GET /nodes healthy_only=True tags=[] limit=500 count=2
2026-05-04 10:26:57,965 INFO pycloud_parallel.controlplane.infocenter_http [InfoCenter] GET /nodes healthy_only=True tags=[] limit=500 count=2
2026-05-04 10:26:57,966 INFO pycloud_parallel.controlplane.infocenter_http [InfoCenter] GET /nodes healthy_only=True tags=[] limit=500 count=2
2026-05-04 10:26:57,967 INFO pycloud_parallel.controlplane.infocenter_http [InfoCenter] GET /nodes healthy_only=True tags=[] limit=500 count=2
2026-05-04 10:26:57,968 INFO pycloud_parallel.controlplane.infocenter_http [InfoCenter] GET /nodes healthy_only=True tags=[] limit=500 count=2
2026-05-04 10:26:57,969 INFO pycloud_parallel.controlplane.infocenter_http [InfoCenter] GET /nodes healthy_only=True tags=[] limit=500 count=2
2026-05-04 10:26:57,970 INFO pycloud_parallel.controlplane.infocenter_http [InfoCenter] GET /nodes healthy_only=True tags=[] limit=500 count=2
2026-05-04 10:26:57,971 INFO pycloud_parallel.controlplane.infocenter_http [InfoCenter] GET /nodes healthy_only=True tags=[] limit=500 count=2
2026-05-04 10:26:57,972 INFO pycloud_parallel.controlplane.infocenter_http [InfoCenter] GET /nodes healthy_only=True tags=[] limit=500 count=2
2026-05-04 10:26:57,972 INFO pycloud_parallel.controlplane.infocenter_http [InfoCenter] GET /nodes healthy_only=True tags=[] limit=500 count=2
2026-05-04 10:26:57,973 INFO pycloud_parallel.controlplane.infocenter_http [InfoCenter] GET /nodes healthy_only=True tags=[] limit=500 count=2
2026-05-04 10:26:57,974 INFO pycloud_parallel.controlplane.infocenter_http [InfoCenter] GET /nodes healthy_only=True tags=[] limit=500 count=2
2026-05-04 10:26:57,975 INFO pycloud_parallel.controlplane.infocenter_http [InfoCenter] GET /nodes healthy_only=True tags=[] limit=500 count=2
2026-05-04 10:26:57,976 INFO pycloud_parallel.controlplane.infocenter_http [InfoCenter] GET /nodes healthy_only=True tags=[] limit=500 count=2
2026-05-04 10:26:57,977 INFO pycloud_parallel.controlplane.infocenter_http [InfoCenter] GET /nodes healthy_only=True tags=[] limit=500 count=2
2026-05-04 10:26:57,978 INFO pycloud_parallel.controlplane.infocenter_http [InfoCenter] GET /nodes healthy_only=True tags=[] limit=500 count=2
2026-05-04 10:26:57,979 INFO pycloud_parallel.controlplane.infocenter_http [InfoCenter] GET /nodes healthy_only=True tags=[] limit=500 count=2
2026-05-04 10:26:57,980 INFO pycloud_parallel.controlplane.infocenter_http [InfoCenter] GET /nodes healthy_only=True tags=[] limit=500 count=2
2026-05-04 10:26:57,981 INFO pycloud_parallel.controlplane.infocenter_http [InfoCenter] GET /nodes healthy_only=True tags=[] limit=500 count=2
2026-05-04 10:26:57,982 INFO pycloud_parallel.controlplane.infocenter_http [InfoCenter] GET /nodes healthy_only=True tags=[] limit=500 count=2
2026-05-04 10:26:57,983 INFO pycloud_parallel.controlplane.infocenter_http [InfoCenter] GET /nodes healthy_only=True tags=[] limit=500 count=2
2026-05-04 10:26:57,984 INFO pycloud_parallel.controlplane.infocenter_http [InfoCenter] GET /nodes healthy_only=True tags=[] limit=500 count=2
2026-05-04 10:26:57,985 INFO pycloud_parallel.controlplane.infocenter_http [InfoCenter] GET /nodes healthy_only=True tags=[] limit=500 count=2
2026-05-04 10:26:57,986 INFO pycloud_parallel.controlplane.infocenter_http [InfoCenter] GET /nodes healthy_only=True tags=[] limit=500 count=2
2026-05-04 10:26:57,987 INFO pycloud_parallel.controlplane.infocenter_http [InfoCenter] GET /nodes healthy_only=True tags=[] limit=500 count=2
2026-05-04 10:26:57,988 INFO pycloud_parallel.controlplane.infocenter_http [InfoCenter] GET /nodes healthy_only=True tags=[] limit=500 count=2
2026-05-04 10:26:57,989 INFO pycloud_parallel.controlplane.infocenter_http [InfoCenter] GET /nodes healthy_only=True tags=[] limit=500 count=2
2026-05-04 10:26:57,990 INFO pycloud_parallel.controlplane.infocenter_http [InfoCenter] GET /nodes healthy_only=True tags=[] limit=500 count=2
2026-05-04 10:26:57,991 INFO pycloud_parallel.controlplane.infocenter_http [InfoCenter] GET /nodes healthy_only=True tags=[] limit=500 count=2
2026-05-04 10:26:57,992 INFO pycloud_parallel.controlplane.infocenter_http [InfoCenter] GET /nodes healthy_only=True tags=[] limit=500 count=2
2026-05-04 10:26:57,993 INFO pycloud_parallel.controlplane.infocenter_http [InfoCenter] GET /nodes healthy_only=True tags=[] limit=500 count=2
2026-05-04 10:26:57,994 INFO pycloud_parallel.controlplane.infocenter_http [InfoCenter] GET /nodes healthy_only=True tags=[] limit=500 count=2
2026-05-04 10:26:57,995 INFO pycloud_parallel.controlplane.infocenter_http [InfoCenter] GET /nodes healthy_only=True tags=[] limit=500 count=2
2026-05-04 10:26:57,996 INFO pycloud_parallel.controlplane.infocenter_http [InfoCenter] GET /nodes healthy_only=True tags=[] limit=500 count=2
2026-05-04 10:26:57,997 INFO pycloud_parallel.controlplane.infocenter_http [InfoCenter] GET /nodes healthy_only=True tags=[] limit=500 count=2
2026-05-04 10:26:57,998 INFO pycloud_parallel.controlplane.infocenter_http [InfoCenter] GET /nodes healthy_only=True tags=[] limit=500 count=2
2026-05-04 10:26:57,999 INFO pycloud_parallel.controlplane.infocenter_http [InfoCenter] GET /nodes healthy_only=True tags=[] limit=500 count=2
2026-05-04 10:26:58,000 INFO pycloud_parallel.controlplane.infocenter_http [InfoCenter] GET /nodes healthy_only=True tags=[] limit=500 count=2
2026-05-04 10:26:58,001 INFO pycloud_parallel.controlplane.infocenter_http [InfoCenter] GET /nodes healthy_only=True tags=[] limit=500 count=2
2026-05-04 10:26:58,002 INFO pycloud_parallel.controlplane.infocenter_http [InfoCenter] GET /nodes healthy_only=True tags=[] limit=500 count=2
2026-05-04 10:26:58,003 INFO pycloud_parallel.controlplane.infocenter_http [InfoCenter] GET /nodes healthy_only=True tags=[] limit=500 count=2
2026-05-04 10:26:58,004 INFO pycloud_parallel.controlplane.infocenter_http [InfoCenter] GET /nodes healthy_only=True tags=[] limit=500 count=2
2026-05-04 10:26:58,005 INFO pycloud_parallel.controlplane.infocenter_http [InfoCenter] GET /nodes healthy_only=True tags=[] limit=500 count=2
2026-05-04 10:26:58,006 INFO pycloud_parallel.controlplane.infocenter_http [InfoCenter] GET /nodes healthy_only=True tags=[] limit=500 count=2
2026-05-04 10:26:58,007 INFO pycloud_parallel.controlplane.infocenter_http [InfoCenter] GET /nodes healthy_only=True tags=[] limit=500 count=2
2026-05-04 10:26:58,008 INFO pycloud_parallel.controlplane.infocenter_http [InfoCenter] GET /nodes healthy_only=True tags=[] limit=500 count=2
2026-05-04 10:26:58,009 INFO pycloud_parallel.controlplane.infocenter_http [InfoCenter] GET /nodes healthy_only=True tags=[] limit=500 count=2
2026-05-04 10:26:58,010 INFO pycloud_parallel.controlplane.infocenter_http [InfoCenter] GET /nodes healthy_only=True tags=[] limit=500 count=2
2026-05-04 10:26:58,011 INFO pycloud_parallel.controlplane.infocenter_http [InfoCenter] GET /nodes healthy_only=True tags=[] limit=500 count=2
2026-05-04 10:26:58,012 INFO pycloud_parallel.controlplane.infocenter_http [InfoCenter] GET /nodes healthy_only=True tags=[] limit=500 count=2
2026-05-04 10:26:58,013 INFO pycloud_parallel.controlplane.infocenter_http [InfoCenter] GET /nodes healthy_only=True tags=[] limit=500 count=2
2026-05-04 10:26:58,014 INFO pycloud_parallel.controlplane.infocenter_http [InfoCenter] GET /nodes healthy_only=True tags=[] limit=500 count=2
2026-05-04 10:26:58,015 INFO pycloud_parallel.controlplane.infocenter_http [InfoCenter] GET /nodes healthy_only=True tags=[] limit=500 count=2
2026-05-04 10:26:58,016 INFO pycloud_parallel.controlplane.infocenter_http [InfoCenter] GET /nodes healthy_only=True tags=[] limit=500 count=2
2026-05-04 10:26:58,017 INFO pycloud_parallel.controlplane.infocenter_http [InfoCenter] GET /nodes healthy_only=True tags=[] limit=500 count=2
2026-05-04 10:26:58,018 INFO pycloud_parallel.controlplane.infocenter_http [InfoCenter] GET /nodes healthy_only=True tags=[] limit=500 count=2
2026-05-04 10:26:58,019 INFO pycloud_parallel.controlplane.infocenter_http [InfoCenter] GET /nodes healthy_only=True tags=[] limit=500 count=2
2026-05-04 10:26:58,020 INFO pycloud_parallel.controlplane.infocenter_http [InfoCenter] GET /nodes healthy_only=True tags=[] limit=500 count=2
2026-05-04 10:26:58,021 INFO pycloud_parallel.controlplane.infocenter_http [InfoCenter] GET /nodes healthy_only=True tags=[] limit=500 count=2
2026-05-04 10:26:58,022 INFO pycloud_parallel.controlplane.infocenter_http [InfoCenter] GET /nodes healthy_only=True tags=[] limit=500 count=2
2026-05-04 10:26:58,023 INFO pycloud_parallel.controlplane.infocenter_http [InfoCenter] GET /nodes healthy_only=True tags=[] limit=500 count=2
2026-05-04 10:26:58,024 INFO pycloud_parallel.controlplane.infocenter_http [InfoCenter] GET /nodes healthy_only=True tags=[] limit=500 count=2
2026-05-04 10:26:58,025 INFO pycloud_parallel.controlplane.infocenter_http [InfoCenter] GET /nodes healthy_only=True tags=[] limit=500 count=2
2026-05-04 10:26:58,026 INFO pycloud_parallel.controlplane.infocenter_http [InfoCenter] GET /nodes healthy_only=True tags=[] limit=500 count=2
2026-05-04 10:26:58,027 INFO pycloud_parallel.controlplane.infocenter_http [InfoCenter] GET /nodes healthy_only=True tags=[] limit=500 count=2
2026-05-04 10:26:58,028 INFO pycloud_parallel.controlplane.infocenter_http [InfoCenter] GET /nodes healthy_only=True tags=[] limit=500 count=2
2026-05-04 10:26:58,029 INFO pycloud_parallel.controlplane.infocenter_http [InfoCenter] GET /nodes healthy_only=True tags=[] limit=500 count=2
2026-05-04 10:26:58,030 INFO pycloud_parallel.controlplane.infocenter_http [InfoCenter] GET /nodes healthy_only=True tags=[] limit=500 count=2
2026-05-04 10:26:58,031 INFO pycloud_parallel.controlplane.infocenter_http [InfoCenter] GET /nodes healthy_only=True tags=[] limit=500 count=2
2026-05-04 10:26:58,032 INFO pycloud_parallel.controlplane.infocenter_http [InfoCenter] GET /nodes healthy_only=True tags=[] limit=500 count=2
2026-05-04 10:26:58,033 INFO pycloud_parallel.controlplane.infocenter_http [InfoCenter] GET /nodes healthy_only=True tags=[] limit=500 count=2
2026-05-04 10:26:58,034 INFO pycloud_parallel.controlplane.infocenter_http [InfoCenter] GET /nodes healthy_only=True tags=[] limit=500 count=2
2026-05-04 10:26:58,035 INFO pycloud_parallel.controlplane.infocenter_http [InfoCenter] GET /nodes healthy_only=True tags=[] limit=500 count=2
2026-05-04 10:26:58,036 INFO pycloud_parallel.controlplane.infocenter_http [InfoCenter] GET /nodes healthy_only=True tags=[] limit=500 count=2
2026-05-04 10:26:58,037 INFO pycloud_parallel.controlplane.infocenter_http [InfoCenter] GET /nodes healthy_only=True tags=[] limit=500 count=2
2026-05-04 10:26:58,038 INFO pycloud_parallel.controlplane.infocenter_http [InfoCenter] GET /nodes healthy_only=True tags=[] limit=500 count=2
2026-05-04 10:26:58,039 INFO pycloud_parallel.controlplane.infocenter_http [InfoCenter] GET /nodes healthy_only=True tags=[] limit=500 count=2
2026-05-04 10:26:58,040 INFO pycloud_parallel.controlplane.infocenter_http [InfoCenter] GET /nodes healthy_only=True tags=[] limit=500 count=2
2026-05-04 10:26:58,042 INFO pycloud_parallel.controlplane.infocenter_http [InfoCenter] GET /nodes healthy_only=True tags=[] limit=500 count=2
2026-05-04 10:26:58,043 INFO pycloud_parallel.controlplane.infocenter_http [InfoCenter] GET /nodes healthy_only=True tags=[] limit=500 count=2
2026-05-04 10:26:58,044 INFO pycloud_parallel.controlplane.infocenter_http [InfoCenter] GET /nodes healthy_only=True tags=[] limit=500 count=2
2026-05-04 10:26:58,045 INFO pycloud_parallel.controlplane.infocenter_http [InfoCenter] GET /nodes healthy_only=True tags=[] limit=500 count=2
2026-05-04 10:26:58,046 INFO pycloud_parallel.controlplane.infocenter_http [InfoCenter] GET /nodes healthy_only=True tags=[] limit=500 count=2
2026-05-04 10:26:58,047 INFO pycloud_parallel.controlplane.infocenter_http [InfoCenter] GET /nodes healthy_only=True tags=[] limit=500 count=2
2026-05-04 10:26:58,048 INFO pycloud_parallel.controlplane.infocenter_http [InfoCenter] GET /nodes healthy_only=True tags=[] limit=500 count=2
2026-05-04 10:26:58,049 INFO pycloud_parallel.controlplane.infocenter_http [InfoCenter] GET /nodes healthy_only=True tags=[] limit=500 count=2
2026-05-04 10:26:58,050 INFO pycloud_parallel.controlplane.infocenter_http [InfoCenter] GET /nodes healthy_only=True tags=[] limit=500 count=2
2026-05-04 10:26:58,051 INFO pycloud_parallel.controlplane.infocenter_http [InfoCenter] GET /nodes healthy_only=True tags=[] limit=500 count=2
2026-05-04 10:26:58,051 INFO pycloud_parallel.controlplane.infocenter_http [InfoCenter] GET /nodes healthy_only=True tags=[] limit=500 count=2
2026-05-04 10:26:58,052 INFO pycloud_parallel.controlplane.infocenter_http [InfoCenter] GET /nodes healthy_only=True tags=[] limit=500 count=2
2026-05-04 10:26:58,053 INFO pycloud_parallel.controlplane.infocenter_http [InfoCenter] GET /nodes healthy_only=True tags=[] limit=500 count=2
2026-05-04 10:26:58,054 INFO pycloud_parallel.controlplane.infocenter_http [InfoCenter] GET /nodes healthy_only=True tags=[] limit=500 count=2
2026-05-04 10:26:58,055 INFO pycloud_parallel.controlplane.infocenter_http [InfoCenter] GET /nodes healthy_only=True tags=[] limit=500 count=2
2026-05-04 10:26:58,056 INFO pycloud_parallel.controlplane.infocenter_http [InfoCenter] GET /nodes healthy_only=True tags=[] limit=500 count=2
2026-05-04 10:26:58,057 INFO pycloud_parallel.controlplane.infocenter_http [InfoCenter] GET /nodes healthy_only=True tags=[] limit=500 count=2
2026-05-04 10:26:58,058 INFO pycloud_parallel.controlplane.infocenter_http [InfoCenter] GET /nodes healthy_only=True tags=[] limit=500 count=2
2026-05-04 10:26:58,059 INFO pycloud_parallel.controlplane.infocenter_http [InfoCenter] GET /nodes healthy_only=True tags=[] limit=500 count=2
2026-05-04 10:26:58,060 INFO pycloud_parallel.controlplane.infocenter_http [InfoCenter] GET /nodes healthy_only=True tags=[] limit=500 count=2
2026-05-04 10:26:58,061 INFO pycloud_parallel.controlplane.infocenter_http [InfoCenter] GET /nodes healthy_only=True tags=[] limit=500 count=2
2026-05-04 10:26:58,062 INFO pycloud_parallel.controlplane.infocenter_http [InfoCenter] GET /nodes healthy_only=True tags=[] limit=500 count=2
2026-05-04 10:26:58,063 INFO pycloud_parallel.controlplane.infocenter_http [InfoCenter] GET /nodes healthy_only=True tags=[] limit=500 count=2
2026-05-04 10:26:58,068 INFO pycloud_parallel.controlplane.infocenter_http [InfoCenter] GET /nodes healthy_only=True tags=[] limit=500 count=2
2026-05-04 10:26:58,069 INFO pycloud_parallel.controlplane.infocenter_http [InfoCenter] GET /nodes healthy_only=True tags=[] limit=500 count=2
2026-05-04 10:26:58,070 INFO pycloud_parallel.controlplane.infocenter_http [InfoCenter] GET /nodes healthy_only=True tags=[] limit=500 count=2
2026-05-04 10:26:58,071 INFO pycloud_parallel.controlplane.infocenter_http [InfoCenter] GET /nodes healthy_only=True tags=[] limit=500 count=2
2026-05-04 10:26:58,072 INFO pycloud_parallel.controlplane.infocenter_http [InfoCenter] GET /nodes healthy_only=True tags=[] limit=500 count=2
2026-05-04 10:26:58,073 INFO pycloud_parallel.controlplane.infocenter_http [InfoCenter] GET /nodes healthy_only=True tags=[] limit=500 count=2
2026-05-04 10:26:58,074 INFO pycloud_parallel.controlplane.infocenter_http [InfoCenter] GET /nodes healthy_only=True tags=[] limit=500 count=2
2026-05-04 10:26:58,075 INFO pycloud_parallel.controlplane.infocenter_http [InfoCenter] GET /nodes healthy_only=True tags=[] limit=500 count=2
2026-05-04 10:26:58,076 INFO pycloud_parallel.controlplane.infocenter_http [InfoCenter] GET /nodes healthy_only=True tags=[] limit=500 count=2
2026-05-04 10:26:58,077 INFO pycloud_parallel.controlplane.infocenter_http [InfoCenter] GET /nodes healthy_only=True tags=[] limit=500 count=2
2026-05-04 10:26:58,078 INFO pycloud_parallel.controlplane.infocenter_http [InfoCenter] GET /nodes healthy_only=True tags=[] limit=500 count=2
2026-05-04 10:26:58,079 INFO pycloud_parallel.controlplane.infocenter_http [InfoCenter] GET /nodes healthy_only=True tags=[] limit=500 count=2
2026-05-04 10:26:58,080 INFO pycloud_parallel.controlplane.infocenter_http [InfoCenter] GET /nodes healthy_only=True tags=[] limit=500 count=2
2026-05-04 10:26:58,081 INFO pycloud_parallel.controlplane.infocenter_http [InfoCenter] GET /nodes healthy_only=True tags=[] limit=500 count=2
2026-05-04 10:26:58,082 INFO pycloud_parallel.controlplane.infocenter_http [InfoCenter] GET /nodes healthy_only=True tags=[] limit=500 count=2
2026-05-04 10:26:58,084 INFO pycloud_parallel.controlplane.infocenter_http [InfoCenter] GET /nodes healthy_only=True tags=[] limit=500 count=2
2026-05-04 10:26:58,085 INFO pycloud_parallel.controlplane.infocenter_http [InfoCenter] GET /nodes healthy_only=True tags=[] limit=500 count=2
2026-05-04 10:26:58,086 INFO pycloud_parallel.controlplane.infocenter_http [InfoCenter] GET /nodes healthy_only=True tags=[] limit=500 count=2
2026-05-04 10:26:58,087 INFO pycloud_parallel.controlplane.infocenter_http [InfoCenter] GET /nodes healthy_only=True tags=[] limit=500 count=2
2026-05-04 10:26:58,088 INFO pycloud_parallel.controlplane.infocenter_http [InfoCenter] GET /nodes healthy_only=True tags=[] limit=500 count=2
2026-05-04 10:26:58,089 INFO pycloud_parallel.controlplane.infocenter_http [InfoCenter] GET /nodes healthy_only=True tags=[] limit=500 count=2
2026-05-04 10:26:58,090 INFO pycloud_parallel.controlplane.infocenter_http [InfoCenter] GET /nodes healthy_only=True tags=[] limit=500 count=2
2026-05-04 10:26:58,091 INFO pycloud_parallel.controlplane.infocenter_http [InfoCenter] GET /nodes healthy_only=True tags=[] limit=500 count=2
2026-05-04 10:26:58,092 INFO pycloud_parallel.controlplane.infocenter_http [InfoCenter] GET /nodes healthy_only=True tags=[] limit=500 count=2
2026-05-04 10:26:58,093 INFO pycloud_parallel.controlplane.infocenter_http [InfoCenter] GET /nodes healthy_only=True tags=[] limit=500 count=2
2026-05-04 10:26:58,094 INFO pycloud_parallel.controlplane.infocenter_http [InfoCenter] GET /nodes healthy_only=True tags=[] limit=500 count=2
2026-05-04 10:26:58,095 INFO pycloud_parallel.controlplane.infocenter_http [InfoCenter] GET /nodes healthy_only=True tags=[] limit=500 count=2
2026-05-04 10:26:58,096 INFO pycloud_parallel.controlplane.infocenter_http [InfoCenter] GET /nodes healthy_only=True tags=[] limit=500 count=2
2026-05-04 10:26:58,097 INFO pycloud_parallel.controlplane.infocenter_http [InfoCenter] GET /nodes healthy_only=True tags=[] limit=500 count=2
2026-05-04 10:26:58,098 INFO pycloud_parallel.controlplane.infocenter_http [InfoCenter] GET /nodes healthy_only=True tags=[] limit=500 count=2
2026-05-04 10:26:58,099 INFO pycloud_parallel.controlplane.infocenter_http [InfoCenter] GET /nodes healthy_only=True tags=[] limit=500 count=2
2026-05-04 10:26:58,100 INFO pycloud_parallel.controlplane.infocenter_http [InfoCenter] GET /nodes healthy_only=True tags=[] limit=500 count=2
2026-05-04 10:26:58,101 INFO pycloud_parallel.controlplane.infocenter_http [InfoCenter] GET /nodes healthy_only=True tags=[] limit=500 count=2
2026-05-04 10:26:58,102 INFO pycloud_parallel.controlplane.infocenter_http [InfoCenter] GET /nodes healthy_only=True tags=[] limit=500 count=2
2026-05-04 10:26:58,103 INFO pycloud_parallel.controlplane.infocenter_http [InfoCenter] GET /nodes healthy_only=True tags=[] limit=500 count=2
2026-05-04 10:26:58,104 INFO pycloud_parallel.controlplane.infocenter_http [InfoCenter] GET /nodes healthy_only=True tags=[] limit=500 count=2
2026-05-04 10:26:58,105 INFO pycloud_parallel.controlplane.infocenter_http [InfoCenter] GET /nodes healthy_only=True tags=[] limit=500 count=2
2026-05-04 10:26:58,106 INFO pycloud_parallel.controlplane.infocenter_http [InfoCenter] GET /nodes healthy_only=True tags=[] limit=500 count=2
2026-05-04 10:26:58,107 INFO pycloud_parallel.controlplane.infocenter_http [InfoCenter] GET /nodes healthy_only=True tags=[] limit=500 count=2
2026-05-04 10:26:58,108 INFO pycloud_parallel.controlplane.infocenter_http [InfoCenter] GET /nodes healthy_only=True tags=[] limit=500 count=2
2026-05-04 10:26:58,109 INFO pycloud_parallel.controlplane.infocenter_http [InfoCenter] GET /nodes healthy_only=True tags=[] limit=500 count=2
2026-05-04 10:26:58,110 INFO pycloud_parallel.controlplane.infocenter_http [InfoCenter] GET /nodes healthy_only=True tags=[] limit=500 count=2
2026-05-04 10:26:58,111 INFO pycloud_parallel.controlplane.infocenter_http [InfoCenter] GET /nodes healthy_only=True tags=[] limit=500 count=2
2026-05-04 10:26:58,112 INFO pycloud_parallel.controlplane.infocenter_http [InfoCenter] GET /nodes healthy_only=True tags=[] limit=500 count=2
2026-05-04 10:26:58,113 INFO pycloud_parallel.controlplane.infocenter_http [InfoCenter] GET /nodes healthy_only=True tags=[] limit=500 count=2
2026-05-04 10:26:58,114 INFO pycloud_parallel.controlplane.infocenter_http [InfoCenter] GET /nodes healthy_only=True tags=[] limit=500 count=2
2026-05-04 10:26:58,115 INFO pycloud_parallel.controlplane.infocenter_http [InfoCenter] GET /nodes healthy_only=True tags=[] limit=500 count=2
2026-05-04 10:26:58,116 INFO pycloud_parallel.controlplane.infocenter_http [InfoCenter] GET /nodes healthy_only=True tags=[] limit=500 count=2
2026-05-04 10:26:58,117 INFO pycloud_parallel.controlplane.infocenter_http [InfoCenter] GET /nodes healthy_only=True tags=[] limit=500 count=2
2026-05-04 10:26:58,118 INFO pycloud_parallel.controlplane.infocenter_http [InfoCenter] GET /nodes healthy_only=True tags=[] limit=500 count=2
2026-05-04 10:26:58,119 INFO pycloud_parallel.controlplane.infocenter_http [InfoCenter] GET /nodes healthy_only=True tags=[] limit=500 count=2
2026-05-04 10:26:58,120 INFO pycloud_parallel.controlplane.infocenter_http [InfoCenter] GET /nodes healthy_only=True tags=[] limit=500 count=2
2026-05-04 10:26:58,121 INFO pycloud_parallel.controlplane.infocenter_http [InfoCenter] GET /nodes healthy_only=True tags=[] limit=500 count=2
2026-05-04 10:26:58,122 INFO pycloud_parallel.controlplane.infocenter_http [InfoCenter] GET /nodes healthy_only=True tags=[] limit=500 count=2
2026-05-04 10:26:58,123 INFO pycloud_parallel.controlplane.infocenter_http [InfoCenter] GET /nodes healthy_only=True tags=[] limit=500 count=2
2026-05-04 10:26:58,124 INFO pycloud_parallel.controlplane.infocenter_http [InfoCenter] GET /nodes healthy_only=True tags=[] limit=500 count=2
2026-05-04 10:26:58,125 INFO pycloud_parallel.controlplane.infocenter_http [InfoCenter] GET /nodes healthy_only=True tags=[] limit=500 count=2
2026-05-04 10:26:58,126 INFO pycloud_parallel.controlplane.infocenter_http [InfoCenter] GET /nodes healthy_only=True tags=[] limit=500 count=2
2026-05-04 10:26:58,127 INFO pycloud_parallel.controlplane.infocenter_http [InfoCenter] GET /nodes healthy_only=True tags=[] limit=500 count=2
2026-05-04 10:26:58,128 INFO pycloud_parallel.controlplane.infocenter_http [InfoCenter] GET /nodes healthy_only=True tags=[] limit=500 count=2
2026-05-04 10:26:58,129 INFO pycloud_parallel.controlplane.infocenter_http [InfoCenter] GET /nodes healthy_only=True tags=[] limit=500 count=2
2026-05-04 10:26:58,130 INFO pycloud_parallel.controlplane.infocenter_http [InfoCenter] GET /nodes healthy_only=True tags=[] limit=500 count=2
2026-05-04 10:26:58,131 INFO pycloud_parallel.controlplane.infocenter_http [InfoCenter] GET /nodes healthy_only=True tags=[] limit=500 count=2
2026-05-04 10:26:58,132 INFO pycloud_parallel.controlplane.infocenter_http [InfoCenter] GET /nodes healthy_only=True tags=[] limit=500 count=2
2026-05-04 10:26:58,133 INFO pycloud_parallel.controlplane.infocenter_http [InfoCenter] GET /nodes healthy_only=True tags=[] limit=500 count=2
2026-05-04 10:26:58,134 INFO pycloud_parallel.controlplane.infocenter_http [InfoCenter] GET /nodes healthy_only=True tags=[] limit=500 count=2
2026-05-04 10:26:58,135 INFO pycloud_parallel.controlplane.infocenter_http [InfoCenter] GET /nodes healthy_only=True tags=[] limit=500 count=2
2026-05-04 10:26:58,136 INFO pycloud_parallel.controlplane.infocenter_http [InfoCenter] GET /nodes healthy_only=True tags=[] limit=500 count=2
2026-05-04 10:26:58,137 INFO pycloud_parallel.controlplane.infocenter_http [InfoCenter] GET /nodes healthy_only=True tags=[] limit=500 count=2
2026-05-04 10:26:58,138 INFO pycloud_parallel.controlplane.infocenter_http [InfoCenter] GET /nodes healthy_only=True tags=[] limit=500 count=2
2026-05-04 10:26:58,139 INFO pycloud_parallel.controlplane.infocenter_http [InfoCenter] GET /nodes healthy_only=True tags=[] limit=500 count=2
2026-05-04 10:26:58,140 INFO pycloud_parallel.controlplane.infocenter_http [InfoCenter] GET /nodes healthy_only=True tags=[] limit=500 count=2
2026-05-04 10:26:58,141 INFO pycloud_parallel.controlplane.infocenter_http [InfoCenter] GET /nodes healthy_only=True tags=[] limit=500 count=2
2026-05-04 10:26:58,142 INFO pycloud_parallel.controlplane.infocenter_http [InfoCenter] GET /nodes healthy_only=True tags=[] limit=500 count=2
2026-05-04 10:26:58,143 INFO pycloud_parallel.controlplane.infocenter_http [InfoCenter] GET /nodes healthy_only=True tags=[] limit=500 count=2
2026-05-04 10:26:58,144 INFO pycloud_parallel.controlplane.infocenter_http [InfoCenter] GET /nodes healthy_only=True tags=[] limit=500 count=2
2026-05-04 10:26:58,145 INFO pycloud_parallel.controlplane.infocenter_http [InfoCenter] GET /nodes healthy_only=True tags=[] limit=500 count=2
2026-05-04 10:26:58,146 INFO pycloud_parallel.controlplane.infocenter_http [InfoCenter] GET /nodes healthy_only=True tags=[] limit=500 count=2
2026-05-04 10:26:58,147 INFO pycloud_parallel.controlplane.infocenter_http [InfoCenter] GET /nodes healthy_only=True tags=[] limit=500 count=2
2026-05-04 10:26:58,148 INFO pycloud_parallel.controlplane.infocenter_http [InfoCenter] GET /nodes healthy_only=True tags=[] limit=500 count=2
2026-05-04 10:26:58,149 INFO pycloud_parallel.controlplane.infocenter_http [InfoCenter] GET /nodes healthy_only=True tags=[] limit=500 count=2
2026-05-04 10:26:58,150 INFO pycloud_parallel.controlplane.infocenter_http [InfoCenter] GET /nodes healthy_only=True tags=[] limit=500 count=2
2026-05-04 10:26:58,151 INFO pycloud_parallel.controlplane.infocenter_http [InfoCenter] GET /nodes healthy_only=True tags=[] limit=500 count=2
2026-05-04 10:26:58,152 INFO pycloud_parallel.controlplane.infocenter_http [InfoCenter] GET /nodes healthy_only=True tags=[] limit=500 count=2
2026-05-04 10:26:58,153 INFO pycloud_parallel.controlplane.infocenter_http [InfoCenter] GET /nodes healthy_only=True tags=[] limit=500 count=2
2026-05-04 10:26:58,154 INFO pycloud_parallel.controlplane.infocenter_http [InfoCenter] GET /nodes healthy_only=True tags=[] limit=500 count=2
2026-05-04 10:26:58,155 INFO pycloud_parallel.controlplane.infocenter_http [InfoCenter] GET /nodes healthy_only=True tags=[] limit=500 count=2
2026-05-04 10:26:58,156 INFO pycloud_parallel.controlplane.infocenter_http [InfoCenter] GET /nodes healthy_only=True tags=[] limit=500 count=2
2026-05-04 10:26:58,157 INFO pycloud_parallel.controlplane.infocenter_http [InfoCenter] GET /nodes healthy_only=True tags=[] limit=500 count=2
2026-05-04 10:26:58,158 INFO pycloud_parallel.controlplane.infocenter_http [InfoCenter] GET /nodes healthy_only=True tags=[] limit=500 count=2
2026-05-04 10:26:58,159 INFO pycloud_parallel.controlplane.infocenter_http [InfoCenter] GET /nodes healthy_only=True tags=[] limit=500 count=2
2026-05-04 10:26:58,160 INFO pycloud_parallel.controlplane.infocenter_http [InfoCenter] GET /nodes healthy_only=True tags=[] limit=500 count=2
2026-05-04 10:26:58,161 INFO pycloud_parallel.controlplane.infocenter_http [InfoCenter] GET /nodes healthy_only=True tags=[] limit=500 count=2
2026-05-04 10:26:58,162 INFO pycloud_parallel.controlplane.infocenter_http [InfoCenter] GET /nodes healthy_only=True tags=[] limit=500 count=2
2026-05-04 10:26:58,163 INFO pycloud_parallel.controlplane.infocenter_http [InfoCenter] GET /nodes healthy_only=True tags=[] limit=500 count=2
2026-05-04 10:26:58,164 INFO pycloud_parallel.controlplane.infocenter_http [InfoCenter] GET /nodes healthy_only=True tags=[] limit=500 count=2
2026-05-04 10:26:58,165 INFO pycloud_parallel.controlplane.infocenter_http [InfoCenter] GET /nodes healthy_only=True tags=[] limit=500 count=2
2026-05-04 10:26:58,166 INFO pycloud_parallel.controlplane.infocenter_http [InfoCenter] GET /nodes healthy_only=True tags=[] limit=500 count=2
2026-05-04 10:26:58,167 INFO pycloud_parallel.controlplane.infocenter_http [InfoCenter] GET /nodes healthy_only=True tags=[] limit=500 count=2
2026-05-04 10:26:58,168 INFO pycloud_parallel.controlplane.infocenter_http [InfoCenter] GET /nodes healthy_only=True tags=[] limit=500 count=2
2026-05-04 10:26:58,169 INFO pycloud_parallel.controlplane.infocenter_http [InfoCenter] GET /nodes healthy_only=True tags=[] limit=500 count=2
2026-05-04 10:26:58,170 INFO pycloud_parallel.controlplane.infocenter_http [InfoCenter] GET /nodes healthy_only=True tags=[] limit=500 count=2
2026-05-04 10:26:58,171 INFO pycloud_parallel.controlplane.infocenter_http [InfoCenter] GET /nodes healthy_only=True tags=[] limit=500 count=2
2026-05-04 10:26:58,172 INFO pycloud_parallel.controlplane.infocenter_http [InfoCenter] GET /nodes healthy_only=True tags=[] limit=500 count=2
2026-05-04 10:26:58,173 INFO pycloud_parallel.controlplane.infocenter_http [InfoCenter] GET /nodes healthy_only=True tags=[] limit=500 count=2
2026-05-04 10:26:58,174 INFO pycloud_parallel.controlplane.infocenter_http [InfoCenter] GET /nodes healthy_only=True tags=[] limit=500 count=2
2026-05-04 10:26:58,175 INFO pycloud_parallel.controlplane.infocenter_http [InfoCenter] GET /nodes healthy_only=True tags=[] limit=500 count=2
2026-05-04 10:26:58,176 INFO pycloud_parallel.controlplane.infocenter_http [InfoCenter] GET /nodes healthy_only=True tags=[] limit=500 count=2
2026-05-04 10:26:58,177 INFO pycloud_parallel.controlplane.infocenter_http [InfoCenter] GET /nodes healthy_only=True tags=[] limit=500 count=2
2026-05-04 10:26:58,178 INFO pycloud_parallel.controlplane.infocenter_http [InfoCenter] GET /nodes healthy_only=True tags=[] limit=500 count=2
2026-05-04 10:26:58,179 INFO pycloud_parallel.controlplane.infocenter_http [InfoCenter] GET /nodes healthy_only=True tags=[] limit=500 count=2
2026-05-04 10:26:58,180 INFO pycloud_parallel.controlplane.infocenter_http [InfoCenter] GET /nodes healthy_only=True tags=[] limit=500 count=2
2026-05-04 10:26:58,181 INFO pycloud_parallel.controlplane.infocenter_http [InfoCenter] GET /nodes healthy_only=True tags=[] limit=500 count=2
2026-05-04 10:26:58,182 INFO pycloud_parallel.controlplane.infocenter_http [InfoCenter] GET /nodes healthy_only=True tags=[] limit=500 count=2
2026-05-04 10:26:58,183 INFO pycloud_parallel.controlplane.infocenter_http [InfoCenter] GET /nodes healthy_only=True tags=[] limit=500 count=2
2026-05-04 10:26:58,184 INFO pycloud_parallel.controlplane.infocenter_http [InfoCenter] GET /nodes healthy_only=True tags=[] limit=500 count=2
2026-05-04 10:26:58,185 INFO pycloud_parallel.controlplane.infocenter_http [InfoCenter] GET /nodes healthy_only=True tags=[] limit=500 count=2
2026-05-04 10:26:58,186 INFO pycloud_parallel.controlplane.infocenter_http [InfoCenter] GET /nodes healthy_only=True tags=[] limit=500 count=2
2026-05-04 10:26:58,187 INFO pycloud_parallel.controlplane.infocenter_http [InfoCenter] GET /nodes healthy_only=True tags=[] limit=500 count=2
2026-05-04 10:26:58,188 INFO pycloud_parallel.controlplane.infocenter_http [InfoCenter] GET /nodes healthy_only=True tags=[] limit=500 count=2
2026-05-04 10:26:58,189 INFO pycloud_parallel.controlplane.infocenter_http [InfoCenter] GET /nodes healthy_only=True tags=[] limit=500 count=2
2026-05-04 10:26:58,190 INFO pycloud_parallel.controlplane.infocenter_http [InfoCenter] GET /nodes healthy_only=True tags=[] limit=500 count=2
2026-05-04 10:26:58,191 INFO pycloud_parallel.controlplane.infocenter_http [InfoCenter] GET /nodes healthy_only=True tags=[] limit=500 count=2
2026-05-04 10:26:58,192 INFO pycloud_parallel.controlplane.infocenter_http [InfoCenter] GET /nodes healthy_only=True tags=[] limit=500 count=2
2026-05-04 10:26:58,193 INFO pycloud_parallel.controlplane.infocenter_http [InfoCenter] GET /nodes healthy_only=True tags=[] limit=500 count=2
2026-05-04 10:26:58,194 INFO pycloud_parallel.controlplane.infocenter_http [InfoCenter] GET /nodes healthy_only=True tags=[] limit=500 count=2
2026-05-04 10:26:58,195 INFO pycloud_parallel.controlplane.infocenter_http [InfoCenter] GET /nodes healthy_only=True tags=[] limit=500 count=2
2026-05-04 10:26:58,196 INFO pycloud_parallel.controlplane.infocenter_http [InfoCenter] GET /nodes healthy_only=True tags=[] limit=500 count=2
2026-05-04 10:26:58,197 INFO pycloud_parallel.controlplane.infocenter_http [InfoCenter] GET /nodes healthy_only=True tags=[] limit=500 count=2
2026-05-04 10:26:58,198 INFO pycloud_parallel.controlplane.infocenter_http [InfoCenter] GET /nodes healthy_only=True tags=[] limit=500 count=2
2026-05-04 10:26:58,199 INFO pycloud_parallel.controlplane.infocenter_http [InfoCenter] GET /nodes healthy_only=True tags=[] limit=500 count=2
2026-05-04 10:26:58,200 INFO pycloud_parallel.controlplane.infocenter_http [InfoCenter] GET /nodes healthy_only=True tags=[] limit=500 count=2
2026-05-04 10:26:58,201 INFO pycloud_parallel.controlplane.infocenter_http [InfoCenter] GET /nodes healthy_only=True tags=[] limit=500 count=2
2026-05-04 10:26:58,202 INFO pycloud_parallel.controlplane.infocenter_http [InfoCenter] GET /nodes healthy_only=True tags=[] limit=500 count=2
2026-05-04 10:26:58,203 INFO pycloud_parallel.controlplane.infocenter_http [InfoCenter] GET /nodes healthy_only=True tags=[] limit=500 count=2
2026-05-04 10:26:58,204 INFO pycloud_parallel.controlplane.infocenter_http [InfoCenter] GET /nodes healthy_only=True tags=[] limit=500 count=2
2026-05-04 10:26:58,205 INFO pycloud_parallel.controlplane.infocenter_http [InfoCenter] GET /nodes healthy_only=True tags=[] limit=500 count=2
2026-05-04 10:26:58,206 INFO pycloud_parallel.controlplane.infocenter_http [InfoCenter] GET /nodes healthy_only=True tags=[] limit=500 count=2
2026-05-04 10:26:58,207 INFO pycloud_parallel.controlplane.infocenter_http [InfoCenter] GET /nodes healthy_only=True tags=[] limit=500 count=2
2026-05-04 10:26:58,208 INFO pycloud_parallel.controlplane.infocenter_http [InfoCenter] GET /nodes healthy_only=True tags=[] limit=500 count=2
2026-05-04 10:26:58,209 INFO pycloud_parallel.controlplane.infocenter_http [InfoCenter] GET /nodes healthy_only=True tags=[] limit=500 count=2
2026-05-04 10:26:58,210 INFO pycloud_parallel.controlplane.infocenter_http [InfoCenter] GET /nodes healthy_only=True tags=[] limit=500 count=2
2026-05-04 10:26:58,211 INFO pycloud_parallel.controlplane.infocenter_http [InfoCenter] GET /nodes healthy_only=True tags=[] limit=500 count=2
2026-05-04 10:26:58,212 INFO pycloud_parallel.controlplane.infocenter_http [InfoCenter] GET /nodes healthy_only=True tags=[] limit=500 count=2
2026-05-04 10:26:58,213 INFO pycloud_parallel.controlplane.infocenter_http [InfoCenter] GET /nodes healthy_only=True tags=[] limit=500 count=2
2026-05-04 10:26:58,214 INFO pycloud_parallel.controlplane.infocenter_http [InfoCenter] GET /nodes healthy_only=True tags=[] limit=500 count=2
2026-05-04 10:26:58,215 INFO pycloud_parallel.controlplane.infocenter_http [InfoCenter] GET /nodes healthy_only=True tags=[] limit=500 count=2
2026-05-04 10:26:58,216 INFO pycloud_parallel.controlplane.infocenter_http [InfoCenter] GET /nodes healthy_only=True tags=[] limit=500 count=2
2026-05-04 10:26:58,217 INFO pycloud_parallel.controlplane.infocenter_http [InfoCenter] GET /nodes healthy_only=True tags=[] limit=500 count=2
2026-05-04 10:26:58,218 INFO pycloud_parallel.controlplane.infocenter_http [InfoCenter] GET /nodes healthy_only=True tags=[] limit=500 count=2
2026-05-04 10:26:58,219 INFO pycloud_parallel.controlplane.infocenter_http [InfoCenter] GET /nodes healthy_only=True tags=[] limit=500 count=2
2026-05-04 10:26:58,220 INFO pycloud_parallel.controlplane.infocenter_http [InfoCenter] GET /nodes healthy_only=True tags=[] limit=500 count=2
2026-05-04 10:26:58,221 INFO pycloud_parallel.controlplane.infocenter_http [InfoCenter] GET /nodes healthy_only=True tags=[] limit=500 count=2
2026-05-04 10:26:58,222 INFO pycloud_parallel.controlplane.infocenter_http [InfoCenter] GET /nodes healthy_only=True tags=[] limit=500 count=2
2026-05-04 10:26:58,223 INFO pycloud_parallel.controlplane.infocenter_http [InfoCenter] GET /nodes healthy_only=True tags=[] limit=500 count=2
2026-05-04 10:26:58,224 INFO pycloud_parallel.controlplane.infocenter_http [InfoCenter] GET /nodes healthy_only=True tags=[] limit=500 count=2
2026-05-04 10:26:58,225 INFO pycloud_parallel.controlplane.infocenter_http [InfoCenter] GET /nodes healthy_only=True tags=[] limit=500 count=2
2026-05-04 10:26:58,226 INFO pycloud_parallel.controlplane.infocenter_http [InfoCenter] GET /nodes healthy_only=True tags=[] limit=500 count=2
2026-05-04 10:26:58,227 INFO pycloud_parallel.controlplane.infocenter_http [InfoCenter] GET /nodes healthy_only=True tags=[] limit=500 count=2
2026-05-04 10:26:58,228 INFO pycloud_parallel.controlplane.infocenter_http [InfoCenter] GET /nodes healthy_only=True tags=[] limit=500 count=2
2026-05-04 10:26:58,229 INFO pycloud_parallel.controlplane.infocenter_http [InfoCenter] GET /nodes healthy_only=True tags=[] limit=500 count=2
2026-05-04 10:26:58,230 INFO pycloud_parallel.controlplane.infocenter_http [InfoCenter] GET /nodes healthy_only=True tags=[] limit=500 count=2
2026-05-04 10:26:58,231 INFO pycloud_parallel.controlplane.infocenter_http [InfoCenter] GET /nodes healthy_only=True tags=[] limit=500 count=2
2026-05-04 10:26:58,231 INFO pycloud_parallel.controlplane.infocenter_http [InfoCenter] GET /nodes healthy_only=True tags=[] limit=500 count=2
2026-05-04 10:26:58,232 INFO pycloud_parallel.controlplane.infocenter_http [InfoCenter] GET /nodes healthy_only=True tags=[] limit=500 count=2
2026-05-04 10:26:58,234 INFO pycloud_parallel.controlplane.infocenter_http [InfoCenter] GET /nodes healthy_only=True tags=[] limit=500 count=2
2026-05-04 10:26:58,235 INFO pycloud_parallel.controlplane.infocenter_http [InfoCenter] GET /nodes healthy_only=True tags=[] limit=500 count=2
2026-05-04 10:26:58,236 INFO pycloud_parallel.controlplane.infocenter_http [InfoCenter] GET /nodes healthy_only=True tags=[] limit=500 count=2
2026-05-04 10:26:58,237 INFO pycloud_parallel.controlplane.infocenter_http [InfoCenter] GET /nodes healthy_only=True tags=[] limit=500 count=2
2026-05-04 10:26:58,238 INFO pycloud_parallel.controlplane.infocenter_http [InfoCenter] GET /nodes healthy_only=True tags=[] limit=500 count=2
2026-05-04 10:26:58,239 INFO pycloud_parallel.controlplane.infocenter_http [InfoCenter] GET /nodes healthy_only=True tags=[] limit=500 count=2
2026-05-04 10:26:58,240 INFO pycloud_parallel.controlplane.infocenter_http [InfoCenter] GET /nodes healthy_only=True tags=[] limit=500 count=2
2026-05-04 10:26:58,241 INFO pycloud_parallel.controlplane.infocenter_http [InfoCenter] GET /nodes healthy_only=True tags=[] limit=500 count=2
2026-05-04 10:26:58,242 INFO pycloud_parallel.controlplane.infocenter_http [InfoCenter] GET /nodes healthy_only=True tags=[] limit=500 count=2
2026-05-04 10:26:58,243 INFO pycloud_parallel.controlplane.infocenter_http [InfoCenter] GET /nodes healthy_only=True tags=[] limit=500 count=2
2026-05-04 10:26:58,244 INFO pycloud_parallel.controlplane.infocenter_http [InfoCenter] GET /nodes healthy_only=True tags=[] limit=500 count=2
2026-05-04 10:26:58,245 INFO pycloud_parallel.controlplane.infocenter_http [InfoCenter] GET /nodes healthy_only=True tags=[] limit=500 count=2
2026-05-04 10:26:58,246 INFO pycloud_parallel.controlplane.infocenter_http [InfoCenter] GET /nodes healthy_only=True tags=[] limit=500 count=2
2026-05-04 10:26:58,247 INFO pycloud_parallel.controlplane.infocenter_http [InfoCenter] GET /nodes healthy_only=True tags=[] limit=500 count=2
2026-05-04 10:26:58,248 INFO pycloud_parallel.controlplane.infocenter_http [InfoCenter] GET /nodes healthy_only=True tags=[] limit=500 count=2
2026-05-04 10:26:58,249 INFO pycloud_parallel.controlplane.infocenter_http [InfoCenter] GET /nodes healthy_only=True tags=[] limit=500 count=2
2026-05-04 10:26:58,250 INFO pycloud_parallel.controlplane.infocenter_http [InfoCenter] GET /nodes healthy_only=True tags=[] limit=500 count=2
2026-05-04 10:26:58,251 INFO pycloud_parallel.controlplane.infocenter_http [InfoCenter] GET /nodes healthy_only=True tags=[] limit=500 count=2
2026-05-04 10:26:58,252 INFO pycloud_parallel.controlplane.infocenter_http [InfoCenter] GET /nodes healthy_only=True tags=[] limit=500 count=2
2026-05-04 10:26:58,253 INFO pycloud_parallel.controlplane.infocenter_http [InfoCenter] GET /nodes healthy_only=True tags=[] limit=500 count=2
2026-05-04 10:26:58,254 INFO pycloud_parallel.controlplane.infocenter_http [InfoCenter] GET /nodes healthy_only=True tags=[] limit=500 count=2
2026-05-04 10:26:58,255 INFO pycloud_parallel.controlplane.infocenter_http [InfoCenter] GET /nodes healthy_only=True tags=[] limit=500 count=2
2026-05-04 10:26:58,256 INFO pycloud_parallel.controlplane.infocenter_http [InfoCenter] GET /nodes healthy_only=True tags=[] limit=500 count=2
2026-05-04 10:26:58,257 INFO pycloud_parallel.controlplane.infocenter_http [InfoCenter] GET /nodes healthy_only=True tags=[] limit=500 count=2
2026-05-04 10:26:58,258 INFO pycloud_parallel.controlplane.infocenter_http [InfoCenter] GET /nodes healthy_only=True tags=[] limit=500 count=2
2026-05-04 10:26:58,259 INFO pycloud_parallel.controlplane.infocenter_http [InfoCenter] GET /nodes healthy_only=True tags=[] limit=500 count=2
2026-05-04 10:26:58,260 INFO pycloud_parallel.controlplane.infocenter_http [InfoCenter] GET /nodes healthy_only=True tags=[] limit=500 count=2
2026-05-04 10:26:58,261 INFO pycloud_parallel.controlplane.infocenter_http [InfoCenter] GET /nodes healthy_only=True tags=[] limit=500 count=2
2026-05-04 10:26:58,262 INFO pycloud_parallel.controlplane.infocenter_http [InfoCenter] GET /nodes healthy_only=True tags=[] limit=500 count=2
2026-05-04 10:26:58,263 INFO pycloud_parallel.controlplane.infocenter_http [InfoCenter] GET /nodes healthy_only=True tags=[] limit=500 count=2
2026-05-04 10:26:58,264 INFO pycloud_parallel.controlplane.infocenter_http [InfoCenter] GET /nodes healthy_only=True tags=[] limit=500 count=2
2026-05-04 10:26:58,265 INFO pycloud_parallel.controlplane.infocenter_http [InfoCenter] GET /nodes healthy_only=True tags=[] limit=500 count=2
2026-05-04 10:26:58,266 INFO pycloud_parallel.controlplane.infocenter_http [InfoCenter] GET /nodes healthy_only=True tags=[] limit=500 count=2
2026-05-04 10:26:58,267 INFO pycloud_parallel.controlplane.infocenter_http [InfoCenter] GET /nodes healthy_only=True tags=[] limit=500 count=2
2026-05-04 10:26:58,268 INFO pycloud_parallel.controlplane.infocenter_http [InfoCenter] GET /nodes healthy_only=True tags=[] limit=500 count=2
2026-05-04 10:26:58,269 INFO pycloud_parallel.controlplane.infocenter_http [InfoCenter] GET /nodes healthy_only=True tags=[] limit=500 count=2
2026-05-04 10:26:58,270 INFO pycloud_parallel.controlplane.infocenter_http [InfoCenter] GET /nodes healthy_only=True tags=[] limit=500 count=2
2026-05-04 10:26:58,271 INFO pycloud_parallel.controlplane.infocenter_http [InfoCenter] GET /nodes healthy_only=True tags=[] limit=500 count=2
2026-05-04 10:26:58,272 INFO pycloud_parallel.controlplane.infocenter_http [InfoCenter] GET /nodes healthy_only=True tags=[] limit=500 count=2
2026-05-04 10:26:58,273 INFO pycloud_parallel.controlplane.infocenter_http [InfoCenter] GET /nodes healthy_only=True tags=[] limit=500 count=2
2026-05-04 10:26:58,274 INFO pycloud_parallel.controlplane.infocenter_http [InfoCenter] GET /nodes healthy_only=True tags=[] limit=500 count=2
2026-05-04 10:26:58,275 INFO pycloud_parallel.controlplane.infocenter_http [InfoCenter] GET /nodes healthy_only=True tags=[] limit=500 count=2
2026-05-04 10:26:58,276 INFO pycloud_parallel.controlplane.infocenter_http [InfoCenter] GET /nodes healthy_only=True tags=[] limit=500 count=2
2026-05-04 10:26:58,277 INFO pycloud_parallel.controlplane.infocenter_http [InfoCenter] GET /nodes healthy_only=True tags=[] limit=500 count=2
2026-05-04 10:26:58,278 INFO pycloud_parallel.controlplane.infocenter_http [InfoCenter] GET /nodes healthy_only=True tags=[] limit=500 count=2
2026-05-04 10:26:58,279 INFO pycloud_parallel.controlplane.infocenter_http [InfoCenter] GET /nodes healthy_only=True tags=[] limit=500 count=2
2026-05-04 10:26:58,280 INFO pycloud_parallel.controlplane.infocenter_http [InfoCenter] GET /nodes healthy_only=True tags=[] limit=500 count=2
2026-05-04 10:26:58,281 INFO pycloud_parallel.controlplane.infocenter_http [InfoCenter] GET /nodes healthy_only=True tags=[] limit=500 count=2
2026-05-04 10:26:58,282 INFO pycloud_parallel.controlplane.infocenter_http [InfoCenter] GET /nodes healthy_only=True tags=[] limit=500 count=2
2026-05-04 10:26:58,283 INFO pycloud_parallel.controlplane.infocenter_http [InfoCenter] GET /nodes healthy_only=True tags=[] limit=500 count=2
2026-05-04 10:26:58,284 INFO pycloud_parallel.controlplane.infocenter_http [InfoCenter] GET /nodes healthy_only=True tags=[] limit=500 count=2
2026-05-04 10:26:58,285 INFO pycloud_parallel.controlplane.infocenter_http [InfoCenter] GET /nodes healthy_only=True tags=[] limit=500 count=2
2026-05-04 10:26:58,286 INFO pycloud_parallel.controlplane.infocenter_http [InfoCenter] GET /nodes healthy_only=True tags=[] limit=500 count=2
2026-05-04 10:26:58,287 INFO pycloud_parallel.controlplane.infocenter_http [InfoCenter] GET /nodes healthy_only=True tags=[] limit=500 count=2
2026-05-04 10:26:58,288 INFO pycloud_parallel.controlplane.infocenter_http [InfoCenter] GET /nodes healthy_only=True tags=[] limit=500 count=2
2026-05-04 10:26:58,289 INFO pycloud_parallel.controlplane.infocenter_http [InfoCenter] GET /nodes healthy_only=True tags=[] limit=500 count=2
2026-05-04 10:26:58,290 INFO pycloud_parallel.controlplane.infocenter_http [InfoCenter] GET /nodes healthy_only=True tags=[] limit=500 count=2
2026-05-04 10:26:58,291 INFO pycloud_parallel.controlplane.infocenter_http [InfoCenter] GET /nodes healthy_only=True tags=[] limit=500 count=2
2026-05-04 10:26:58,292 INFO pycloud_parallel.controlplane.infocenter_http [InfoCenter] GET /nodes healthy_only=True tags=[] limit=500 count=2
2026-05-04 10:26:58,293 INFO pycloud_parallel.controlplane.infocenter_http [InfoCenter] GET /nodes healthy_only=True tags=[] limit=500 count=2
2026-05-04 10:26:58,294 INFO pycloud_parallel.controlplane.infocenter_http [InfoCenter] GET /nodes healthy_only=True tags=[] limit=500 count=2
2026-05-04 10:26:58,295 INFO pycloud_parallel.controlplane.infocenter_http [InfoCenter] GET /nodes healthy_only=True tags=[] limit=500 count=2
2026-05-04 10:26:58,296 INFO pycloud_parallel.controlplane.infocenter_http [InfoCenter] GET /nodes healthy_only=True tags=[] limit=500 count=2
2026-05-04 10:26:58,297 INFO pycloud_parallel.controlplane.infocenter_http [InfoCenter] GET /nodes healthy_only=True tags=[] limit=500 count=2
2026-05-04 10:26:58,298 INFO pycloud_parallel.controlplane.infocenter_http [InfoCenter] GET /nodes healthy_only=True tags=[] limit=500 count=2
2026-05-04 10:26:58,299 INFO pycloud_parallel.controlplane.infocenter_http [InfoCenter] GET /nodes healthy_only=True tags=[] limit=500 count=2
2026-05-04 10:26:58,300 INFO pycloud_parallel.controlplane.infocenter_http [InfoCenter] GET /nodes healthy_only=True tags=[] limit=500 count=2
2026-05-04 10:26:58,301 INFO pycloud_parallel.controlplane.infocenter_http [InfoCenter] GET /nodes healthy_only=True tags=[] limit=500 count=2
2026-05-04 10:26:58,302 INFO pycloud_parallel.controlplane.infocenter_http [InfoCenter] GET /nodes healthy_only=True tags=[] limit=500 count=2
2026-05-04 10:26:58,303 INFO pycloud_parallel.controlplane.infocenter_http [InfoCenter] GET /nodes healthy_only=True tags=[] limit=500 count=2
2026-05-04 10:26:58,304 INFO pycloud_parallel.controlplane.infocenter_http [InfoCenter] GET /nodes healthy_only=True tags=[] limit=500 count=2
2026-05-04 10:26:58,305 INFO pycloud_parallel.controlplane.infocenter_http [InfoCenter] GET /nodes healthy_only=True tags=[] limit=500 count=2
2026-05-04 10:26:58,306 INFO pycloud_parallel.controlplane.infocenter_http [InfoCenter] GET /nodes healthy_only=True tags=[] limit=500 count=2
2026-05-04 10:26:58,307 INFO pycloud_parallel.controlplane.infocenter_http [InfoCenter] GET /nodes healthy_only=True tags=[] limit=500 count=2
2026-05-04 10:26:58,308 INFO pycloud_parallel.controlplane.infocenter_http [InfoCenter] GET /nodes healthy_only=True tags=[] limit=500 count=2
2026-05-04 10:26:58,309 INFO pycloud_parallel.controlplane.infocenter_http [InfoCenter] GET /nodes healthy_only=True tags=[] limit=500 count=2
2026-05-04 10:26:58,310 INFO pycloud_parallel.controlplane.infocenter_http [InfoCenter] GET /nodes healthy_only=True tags=[] limit=500 count=2
2026-05-04 10:26:58,311 INFO pycloud_parallel.controlplane.infocenter_http [InfoCenter] GET /nodes healthy_only=True tags=[] limit=500 count=2
2026-05-04 10:26:58,312 INFO pycloud_parallel.controlplane.infocenter_http [InfoCenter] GET /nodes healthy_only=True tags=[] limit=500 count=2
2026-05-04 10:26:58,313 INFO pycloud_parallel.controlplane.infocenter_http [InfoCenter] GET /nodes healthy_only=True tags=[] limit=500 count=2
2026-05-04 10:26:58,314 INFO pycloud_parallel.controlplane.infocenter_http [InfoCenter] GET /nodes healthy_only=True tags=[] limit=500 count=2
2026-05-04 10:26:58,315 INFO pycloud_parallel.controlplane.infocenter_http [InfoCenter] GET /nodes healthy_only=True tags=[] limit=500 count=2
2026-05-04 10:26:58,316 INFO pycloud_parallel.controlplane.infocenter_http [InfoCenter] GET /nodes healthy_only=True tags=[] limit=500 count=2
2026-05-04 10:26:58,317 INFO pycloud_parallel.controlplane.infocenter_http [InfoCenter] GET /nodes healthy_only=True tags=[] limit=500 count=2
2026-05-04 10:26:58,318 INFO pycloud_parallel.controlplane.infocenter_http [InfoCenter] GET /nodes healthy_only=True tags=[] limit=500 count=2
2026-05-04 10:26:58,319 INFO pycloud_parallel.controlplane.infocenter_http [InfoCenter] GET /nodes healthy_only=True tags=[] limit=500 count=2
2026-05-04 10:26:58,320 INFO pycloud_parallel.controlplane.infocenter_http [InfoCenter] GET /nodes healthy_only=True tags=[] limit=500 count=2
2026-05-04 10:26:58,321 INFO pycloud_parallel.controlplane.infocenter_http [InfoCenter] GET /nodes healthy_only=True tags=[] limit=500 count=2
2026-05-04 10:26:58,322 INFO pycloud_parallel.controlplane.infocenter_http [InfoCenter] GET /nodes healthy_only=True tags=[] limit=500 count=2
2026-05-04 10:26:58,323 INFO pycloud_parallel.controlplane.infocenter_http [InfoCenter] GET /nodes healthy_only=True tags=[] limit=500 count=2
2026-05-04 10:26:58,324 INFO pycloud_parallel.controlplane.infocenter_http [InfoCenter] GET /nodes healthy_only=True tags=[] limit=500 count=2
2026-05-04 10:26:58,325 INFO pycloud_parallel.controlplane.infocenter_http [InfoCenter] GET /nodes healthy_only=True tags=[] limit=500 count=2
2026-05-04 10:26:58,326 INFO pycloud_parallel.controlplane.infocenter_http [InfoCenter] GET /nodes healthy_only=True tags=[] limit=500 count=2
2026-05-04 10:26:58,327 INFO pycloud_parallel.controlplane.infocenter_http [InfoCenter] GET /nodes healthy_only=True tags=[] limit=500 count=2
2026-05-04 10:26:58,328 INFO pycloud_parallel.controlplane.infocenter_http [InfoCenter] GET /nodes healthy_only=True tags=[] limit=500 count=2
2026-05-04 10:26:58,329 INFO pycloud_parallel.controlplane.infocenter_http [InfoCenter] GET /nodes healthy_only=True tags=[] limit=500 count=2
2026-05-04 10:26:58,330 INFO pycloud_parallel.controlplane.infocenter_http [InfoCenter] GET /nodes healthy_only=True tags=[] limit=500 count=2
2026-05-04 10:26:58,331 INFO pycloud_parallel.controlplane.infocenter_http [InfoCenter] GET /nodes healthy_only=True tags=[] limit=500 count=2
2026-05-04 10:26:58,332 INFO pycloud_parallel.controlplane.infocenter_http [InfoCenter] GET /nodes healthy_only=True tags=[] limit=500 count=2
2026-05-04 10:26:58,333 INFO pycloud_parallel.controlplane.infocenter_http [InfoCenter] GET /nodes healthy_only=True tags=[] limit=500 count=2
2026-05-04 10:26:58,334 INFO pycloud_parallel.controlplane.infocenter_http [InfoCenter] GET /nodes healthy_only=True tags=[] limit=500 count=2
2026-05-04 10:26:58,335 INFO pycloud_parallel.controlplane.infocenter_http [InfoCenter] GET /nodes healthy_only=True tags=[] limit=500 count=2
2026-05-04 10:26:58,336 INFO pycloud_parallel.controlplane.infocenter_http [InfoCenter] GET /nodes healthy_only=True tags=[] limit=500 count=2
2026-05-04 10:26:58,337 INFO pycloud_parallel.controlplane.infocenter_http [InfoCenter] GET /nodes healthy_only=True tags=[] limit=500 count=2
2026-05-04 10:26:58,338 INFO pycloud_parallel.controlplane.infocenter_http [InfoCenter] GET /nodes healthy_only=True tags=[] limit=500 count=2
2026-05-04 10:26:58,340 INFO pycloud_parallel.controlplane.infocenter_http [InfoCenter] GET /nodes healthy_only=True tags=[] limit=500 count=2
2026-05-04 10:26:58,341 INFO pycloud_parallel.controlplane.infocenter_http [InfoCenter] GET /nodes healthy_only=True tags=[] limit=500 count=2
2026-05-04 10:26:58,342 INFO pycloud_parallel.controlplane.infocenter_http [InfoCenter] GET /nodes healthy_only=True tags=[] limit=500 count=2
2026-05-04 10:26:58,343 INFO pycloud_parallel.controlplane.infocenter_http [InfoCenter] GET /nodes healthy_only=True tags=[] limit=500 count=2
2026-05-04 10:26:58,344 INFO pycloud_parallel.controlplane.infocenter_http [InfoCenter] GET /nodes healthy_only=True tags=[] limit=500 count=2
2026-05-04 10:26:58,345 INFO pycloud_parallel.controlplane.infocenter_http [InfoCenter] GET /nodes healthy_only=True tags=[] limit=500 count=2
2026-05-04 10:26:58,346 INFO pycloud_parallel.controlplane.infocenter_http [InfoCenter] GET /nodes healthy_only=True tags=[] limit=500 count=2
2026-05-04 10:26:58,347 INFO pycloud_parallel.controlplane.infocenter_http [InfoCenter] GET /nodes healthy_only=True tags=[] limit=500 count=2
2026-05-04 10:26:58,348 INFO pycloud_parallel.controlplane.infocenter_http [InfoCenter] GET /nodes healthy_only=True tags=[] limit=500 count=2
2026-05-04 10:26:58,349 INFO pycloud_parallel.controlplane.infocenter_http [InfoCenter] GET /nodes healthy_only=True tags=[] limit=500 count=2
2026-05-04 10:26:58,350 INFO pycloud_parallel.controlplane.infocenter_http [InfoCenter] GET /nodes healthy_only=True tags=[] limit=500 count=2
2026-05-04 10:26:58,350 INFO pycloud_parallel.controlplane.infocenter_http [InfoCenter] GET /nodes healthy_only=True tags=[] limit=500 count=2
2026-05-04 10:26:58,352 INFO pycloud_parallel.controlplane.infocenter_http [InfoCenter] GET /nodes healthy_only=True tags=[] limit=500 count=2
2026-05-04 10:26:58,353 INFO pycloud_parallel.controlplane.infocenter_http [InfoCenter] GET /nodes healthy_only=True tags=[] limit=500 count=2
2026-05-04 10:26:58,354 INFO pycloud_parallel.controlplane.infocenter_http [InfoCenter] GET /nodes healthy_only=True tags=[] limit=500 count=2
2026-05-04 10:26:58,355 INFO pycloud_parallel.controlplane.infocenter_http [InfoCenter] GET /nodes healthy_only=True tags=[] limit=500 count=2
2026-05-04 10:26:58,356 INFO pycloud_parallel.controlplane.infocenter_http [InfoCenter] GET /nodes healthy_only=True tags=[] limit=500 count=2
2026-05-04 10:26:58,357 INFO pycloud_parallel.controlplane.infocenter_http [InfoCenter] GET /nodes healthy_only=True tags=[] limit=500 count=2
2026-05-04 10:26:58,358 INFO pycloud_parallel.controlplane.infocenter_http [InfoCenter] GET /nodes healthy_only=True tags=[] limit=500 count=2
2026-05-04 10:26:58,359 INFO pycloud_parallel.controlplane.infocenter_http [InfoCenter] GET /nodes healthy_only=True tags=[] limit=500 count=2
2026-05-04 10:26:58,360 INFO pycloud_parallel.controlplane.infocenter_http [InfoCenter] GET /nodes healthy_only=True tags=[] limit=500 count=2
2026-05-04 10:26:58,361 INFO pycloud_parallel.controlplane.infocenter_http [InfoCenter] GET /nodes healthy_only=True tags=[] limit=500 count=2
2026-05-04 10:26:58,362 INFO pycloud_parallel.controlplane.infocenter_http [InfoCenter] GET /nodes healthy_only=True tags=[] limit=500 count=2
2026-05-04 10:26:58,363 INFO pycloud_parallel.controlplane.infocenter_http [InfoCenter] GET /nodes healthy_only=True tags=[] limit=500 count=2
2026-05-04 10:26:58,365 INFO pycloud_parallel.controlplane.infocenter_http [InfoCenter] GET /nodes healthy_only=True tags=[] limit=500 count=2
2026-05-04 10:26:58,366 INFO pycloud_parallel.controlplane.infocenter_http [InfoCenter] GET /nodes healthy_only=True tags=[] limit=500 count=2
2026-05-04 10:26:58,367 INFO pycloud_parallel.controlplane.infocenter_http [InfoCenter] GET /nodes healthy_only=True tags=[] limit=500 count=2
2026-05-04 10:26:58,368 INFO pycloud_parallel.controlplane.infocenter_http [InfoCenter] GET /nodes healthy_only=True tags=[] limit=500 count=2
2026-05-04 10:26:58,369 INFO pycloud_parallel.controlplane.infocenter_http [InfoCenter] GET /nodes healthy_only=True tags=[] limit=500 count=2
2026-05-04 10:26:58,370 INFO pycloud_parallel.controlplane.infocenter_http [InfoCenter] GET /nodes healthy_only=True tags=[] limit=500 count=2
2026-05-04 10:26:58,371 INFO pycloud_parallel.controlplane.infocenter_http [InfoCenter] GET /nodes healthy_only=True tags=[] limit=500 count=2
2026-05-04 10:26:58,372 INFO pycloud_parallel.controlplane.infocenter_http [InfoCenter] GET /nodes healthy_only=True tags=[] limit=500 count=2
2026-05-04 10:26:58,373 INFO pycloud_parallel.controlplane.infocenter_http [InfoCenter] GET /nodes healthy_only=True tags=[] limit=500 count=2
2026-05-04 10:26:58,374 INFO pycloud_parallel.controlplane.infocenter_http [InfoCenter] GET /nodes healthy_only=True tags=[] limit=500 count=2
2026-05-04 10:26:58,375 INFO pycloud_parallel.controlplane.infocenter_http [InfoCenter] GET /nodes healthy_only=True tags=[] limit=500 count=2
2026-05-04 10:26:58,376 INFO pycloud_parallel.controlplane.infocenter_http [InfoCenter] GET /nodes healthy_only=True tags=[] limit=500 count=2
2026-05-04 10:26:58,377 INFO pycloud_parallel.controlplane.infocenter_http [InfoCenter] GET /nodes healthy_only=True tags=[] limit=500 count=2
2026-05-04 10:26:58,378 INFO pycloud_parallel.controlplane.infocenter_http [InfoCenter] GET /nodes healthy_only=True tags=[] limit=500 count=2
2026-05-04 10:26:58,379 INFO pycloud_parallel.controlplane.infocenter_http [InfoCenter] GET /nodes healthy_only=True tags=[] limit=500 count=2
2026-05-04 10:26:58,380 INFO pycloud_parallel.controlplane.infocenter_http [InfoCenter] GET /nodes healthy_only=True tags=[] limit=500 count=2
2026-05-04 10:26:58,382 INFO pycloud_parallel.controlplane.infocenter_http [InfoCenter] GET /nodes healthy_only=True tags=[] limit=500 count=2
2026-05-04 10:26:58,383 INFO pycloud_parallel.controlplane.infocenter_http [InfoCenter] GET /nodes healthy_only=True tags=[] limit=500 count=2
2026-05-04 10:26:58,383 INFO pycloud_parallel.controlplane.infocenter_http [InfoCenter] GET /nodes healthy_only=True tags=[] limit=500 count=2
2026-05-04 10:26:58,384 INFO pycloud_parallel.controlplane.infocenter_http [InfoCenter] GET /nodes healthy_only=True tags=[] limit=500 count=2
2026-05-04 10:26:58,386 INFO pycloud_parallel.controlplane.infocenter_http [InfoCenter] GET /nodes healthy_only=True tags=[] limit=500 count=2
2026-05-04 10:26:58,387 INFO pycloud_parallel.controlplane.infocenter_http [InfoCenter] GET /nodes healthy_only=True tags=[] limit=500 count=2
2026-05-04 10:26:58,388 INFO pycloud_parallel.controlplane.infocenter_http [InfoCenter] GET /nodes healthy_only=True tags=[] limit=500 count=2
2026-05-04 10:26:58,389 INFO pycloud_parallel.controlplane.infocenter_http [InfoCenter] GET /nodes healthy_only=True tags=[] limit=500 count=2
2026-05-04 10:26:58,391 INFO pycloud_parallel.controlplane.infocenter_http [InfoCenter] GET /nodes healthy_only=True tags=[] limit=500 count=2
2026-05-04 10:26:58,392 INFO pycloud_parallel.controlplane.infocenter_http [InfoCenter] GET /nodes healthy_only=True tags=[] limit=500 count=2
2026-05-04 10:26:58,393 INFO pycloud_parallel.controlplane.infocenter_http [InfoCenter] GET /nodes healthy_only=True tags=[] limit=500 count=2
2026-05-04 10:26:58,394 INFO pycloud_parallel.controlplane.infocenter_http [InfoCenter] GET /nodes healthy_only=True tags=[] limit=500 count=2
2026-05-04 10:26:58,395 INFO pycloud_parallel.controlplane.infocenter_http [InfoCenter] GET /nodes healthy_only=True tags=[] limit=500 count=2
2026-05-04 10:26:58,396 INFO pycloud_parallel.controlplane.infocenter_http [InfoCenter] GET /nodes healthy_only=True tags=[] limit=500 count=2
2026-05-04 10:26:58,397 INFO pycloud_parallel.controlplane.infocenter_http [InfoCenter] GET /nodes healthy_only=True tags=[] limit=500 count=2
2026-05-04 10:26:58,398 INFO pycloud_parallel.controlplane.infocenter_http [InfoCenter] GET /nodes healthy_only=True tags=[] limit=500 count=2
2026-05-04 10:26:58,399 INFO pycloud_parallel.controlplane.infocenter_http [InfoCenter] GET /nodes healthy_only=True tags=[] limit=500 count=2
2026-05-04 10:26:58,400 INFO pycloud_parallel.controlplane.infocenter_http [InfoCenter] GET /nodes healthy_only=True tags=[] limit=500 count=2
2026-05-04 10:26:58,401 INFO pycloud_parallel.controlplane.infocenter_http [InfoCenter] GET /nodes healthy_only=True tags=[] limit=500 count=2
2026-05-04 10:26:58,402 INFO pycloud_parallel.controlplane.infocenter_http [InfoCenter] GET /nodes healthy_only=True tags=[] limit=500 count=2
2026-05-04 10:26:58,403 INFO pycloud_parallel.controlplane.infocenter_http [InfoCenter] GET /nodes healthy_only=True tags=[] limit=500 count=2
2026-05-04 10:26:58,404 INFO pycloud_parallel.controlplane.infocenter_http [InfoCenter] GET /nodes healthy_only=True tags=[] limit=500 count=2
2026-05-04 10:26:58,405 INFO pycloud_parallel.controlplane.infocenter_http [InfoCenter] GET /nodes healthy_only=True tags=[] limit=500 count=2
2026-05-04 10:26:58,406 INFO pycloud_parallel.controlplane.infocenter_http [InfoCenter] GET /nodes healthy_only=True tags=[] limit=500 count=2
2026-05-04 10:26:58,407 INFO pycloud_parallel.controlplane.infocenter_http [InfoCenter] GET /nodes healthy_only=True tags=[] limit=500 count=2
2026-05-04 10:26:58,408 INFO pycloud_parallel.controlplane.infocenter_http [InfoCenter] GET /nodes healthy_only=True tags=[] limit=500 count=2
2026-05-04 10:26:58,409 INFO pycloud_parallel.controlplane.infocenter_http [InfoCenter] GET /nodes healthy_only=True tags=[] limit=500 count=2
2026-05-04 10:26:58,410 INFO pycloud_parallel.controlplane.infocenter_http [InfoCenter] GET /nodes healthy_only=True tags=[] limit=500 count=2
2026-05-04 10:26:58,411 INFO pycloud_parallel.controlplane.infocenter_http [InfoCenter] GET /nodes healthy_only=True tags=[] limit=500 count=2
2026-05-04 10:26:58,412 INFO pycloud_parallel.controlplane.infocenter_http [InfoCenter] GET /nodes healthy_only=True tags=[] limit=500 count=2
2026-05-04 10:26:58,412 INFO pycloud_parallel.controlplane.infocenter_http [InfoCenter] GET /nodes healthy_only=True tags=[] limit=500 count=2
2026-05-04 10:26:58,413 INFO pycloud_parallel.controlplane.infocenter_http [InfoCenter] GET /nodes healthy_only=True tags=[] limit=500 count=2
2026-05-04 10:26:58,414 INFO pycloud_parallel.controlplane.infocenter_http [InfoCenter] GET /nodes healthy_only=True tags=[] limit=500 count=2
2026-05-04 10:26:58,415 INFO pycloud_parallel.controlplane.infocenter_http [InfoCenter] GET /nodes healthy_only=True tags=[] limit=500 count=2
2026-05-04 10:26:58,416 INFO pycloud_parallel.controlplane.infocenter_http [InfoCenter] GET /nodes healthy_only=True tags=[] limit=500 count=2
2026-05-04 10:26:58,417 INFO pycloud_parallel.controlplane.infocenter_http [InfoCenter] GET /nodes healthy_only=True tags=[] limit=500 count=2
2026-05-04 10:26:58,418 INFO pycloud_parallel.controlplane.infocenter_http [InfoCenter] GET /nodes healthy_only=True tags=[] limit=500 count=2
2026-05-04 10:26:58,419 INFO pycloud_parallel.controlplane.infocenter_http [InfoCenter] GET /nodes healthy_only=True tags=[] limit=500 count=2
2026-05-04 10:26:58,421 INFO pycloud_parallel.controlplane.infocenter_http [InfoCenter] GET /nodes healthy_only=True tags=[] limit=500 count=2
2026-05-04 10:26:58,422 INFO pycloud_parallel.controlplane.infocenter_http [InfoCenter] GET /nodes healthy_only=True tags=[] limit=500 count=2
2026-05-04 10:26:58,423 INFO pycloud_parallel.controlplane.infocenter_http [InfoCenter] GET /nodes healthy_only=True tags=[] limit=500 count=2
2026-05-04 10:26:58,424 INFO pycloud_parallel.controlplane.infocenter_http [InfoCenter] GET /nodes healthy_only=True tags=[] limit=500 count=2
2026-05-04 10:26:58,425 INFO pycloud_parallel.controlplane.infocenter_http [InfoCenter] GET /nodes healthy_only=True tags=[] limit=500 count=2
2026-05-04 10:26:58,426 INFO pycloud_parallel.controlplane.infocenter_http [InfoCenter] GET /nodes healthy_only=True tags=[] limit=500 count=2
2026-05-04 10:26:58,427 INFO pycloud_parallel.controlplane.infocenter_http [InfoCenter] GET /nodes healthy_only=True tags=[] limit=500 count=2
2026-05-04 10:26:58,428 INFO pycloud_parallel.controlplane.infocenter_http [InfoCenter] GET /nodes healthy_only=True tags=[] limit=500 count=2
2026-05-04 10:26:58,429 INFO pycloud_parallel.controlplane.infocenter_http [InfoCenter] GET /nodes healthy_only=True tags=[] limit=500 count=2
2026-05-04 10:26:58,430 INFO pycloud_parallel.controlplane.infocenter_http [InfoCenter] GET /nodes healthy_only=True tags=[] limit=500 count=2
2026-05-04 10:26:58,431 INFO pycloud_parallel.controlplane.infocenter_http [InfoCenter] GET /nodes healthy_only=True tags=[] limit=500 count=2
2026-05-04 10:26:58,432 INFO pycloud_parallel.controlplane.infocenter_http [InfoCenter] GET /nodes healthy_only=True tags=[] limit=500 count=2
2026-05-04 10:26:58,433 INFO pycloud_parallel.controlplane.infocenter_http [InfoCenter] GET /nodes healthy_only=True tags=[] limit=500 count=2
2026-05-04 10:26:58,434 INFO pycloud_parallel.controlplane.infocenter_http [InfoCenter] GET /nodes healthy_only=True tags=[] limit=500 count=2
2026-05-04 10:26:58,435 INFO pycloud_parallel.controlplane.infocenter_http [InfoCenter] GET /nodes healthy_only=True tags=[] limit=500 count=2
2026-05-04 10:26:58,436 INFO pycloud_parallel.controlplane.infocenter_http [InfoCenter] GET /nodes healthy_only=True tags=[] limit=500 count=2
2026-05-04 10:26:58,437 INFO pycloud_parallel.controlplane.infocenter_http [InfoCenter] GET /nodes healthy_only=True tags=[] limit=500 count=2
2026-05-04 10:26:58,438 INFO pycloud_parallel.controlplane.infocenter_http [InfoCenter] GET /nodes healthy_only=True tags=[] limit=500 count=2
2026-05-04 10:26:58,439 INFO pycloud_parallel.controlplane.infocenter_http [InfoCenter] GET /nodes healthy_only=True tags=[] limit=500 count=2
2026-05-04 10:26:58,440 INFO pycloud_parallel.controlplane.infocenter_http [InfoCenter] GET /nodes healthy_only=True tags=[] limit=500 count=2
2026-05-04 10:26:58,441 INFO pycloud_parallel.controlplane.infocenter_http [InfoCenter] GET /nodes healthy_only=True tags=[] limit=500 count=2
2026-05-04 10:26:58,442 INFO pycloud_parallel.controlplane.infocenter_http [InfoCenter] GET /nodes healthy_only=True tags=[] limit=500 count=2
2026-05-04 10:26:58,443 INFO pycloud_parallel.controlplane.infocenter_http [InfoCenter] GET /nodes healthy_only=True tags=[] limit=500 count=2
2026-05-04 10:26:58,444 INFO pycloud_parallel.controlplane.infocenter_http [InfoCenter] GET /nodes healthy_only=True tags=[] limit=500 count=2
2026-05-04 10:26:58,445 INFO pycloud_parallel.controlplane.infocenter_http [InfoCenter] GET /nodes healthy_only=True tags=[] limit=500 count=2
2026-05-04 10:26:58,446 INFO pycloud_parallel.controlplane.infocenter_http [InfoCenter] GET /nodes healthy_only=True tags=[] limit=500 count=2
2026-05-04 10:26:58,447 INFO pycloud_parallel.controlplane.infocenter_http [InfoCenter] GET /nodes healthy_only=True tags=[] limit=500 count=2
2026-05-04 10:26:58,448 INFO pycloud_parallel.controlplane.infocenter_http [InfoCenter] GET /nodes healthy_only=True tags=[] limit=500 count=2
2026-05-04 10:26:58,449 INFO pycloud_parallel.controlplane.infocenter_http [InfoCenter] GET /nodes healthy_only=True tags=[] limit=500 count=2
2026-05-04 10:26:58,450 INFO pycloud_parallel.controlplane.infocenter_http [InfoCenter] GET /nodes healthy_only=True tags=[] limit=500 count=2
2026-05-04 10:26:58,451 INFO pycloud_parallel.controlplane.infocenter_http [InfoCenter] GET /nodes healthy_only=True tags=[] limit=500 count=2
2026-05-04 10:26:58,452 INFO pycloud_parallel.controlplane.infocenter_http [InfoCenter] GET /nodes healthy_only=True tags=[] limit=500 count=2
2026-05-04 10:26:58,453 INFO pycloud_parallel.controlplane.infocenter_http [InfoCenter] GET /nodes healthy_only=True tags=[] limit=500 count=2
2026-05-04 10:26:58,454 INFO pycloud_parallel.controlplane.infocenter_http [InfoCenter] GET /nodes healthy_only=True tags=[] limit=500 count=2
2026-05-04 10:26:58,455 INFO pycloud_parallel.controlplane.infocenter_http [InfoCenter] GET /nodes healthy_only=True tags=[] limit=500 count=2
2026-05-04 10:26:58,456 INFO pycloud_parallel.controlplane.infocenter_http [InfoCenter] GET /nodes healthy_only=True tags=[] limit=500 count=2
2026-05-04 10:26:58,457 INFO pycloud_parallel.controlplane.infocenter_http [InfoCenter] GET /nodes healthy_only=True tags=[] limit=500 count=2
2026-05-04 10:26:58,458 INFO pycloud_parallel.controlplane.infocenter_http [InfoCenter] GET /nodes healthy_only=True tags=[] limit=500 count=2
2026-05-04 10:26:58,459 INFO pycloud_parallel.controlplane.infocenter_http [InfoCenter] GET /nodes healthy_only=True tags=[] limit=500 count=2
2026-05-04 10:26:58,460 INFO pycloud_parallel.controlplane.infocenter_http [InfoCenter] GET /nodes healthy_only=True tags=[] limit=500 count=2
2026-05-04 10:26:58,461 INFO pycloud_parallel.controlplane.infocenter_http [InfoCenter] GET /nodes healthy_only=True tags=[] limit=500 count=2
2026-05-04 10:26:58,462 INFO pycloud_parallel.controlplane.infocenter_http [InfoCenter] GET /nodes healthy_only=True tags=[] limit=500 count=2
2026-05-04 10:26:58,463 INFO pycloud_parallel.controlplane.infocenter_http [InfoCenter] GET /nodes healthy_only=True tags=[] limit=500 count=2
2026-05-04 10:26:58,464 INFO pycloud_parallel.controlplane.infocenter_http [InfoCenter] GET /nodes healthy_only=True tags=[] limit=500 count=2
2026-05-04 10:26:58,465 INFO pycloud_parallel.controlplane.infocenter_http [InfoCenter] GET /nodes healthy_only=True tags=[] limit=500 count=2
2026-05-04 10:26:58,466 INFO pycloud_parallel.controlplane.infocenter_http [InfoCenter] GET /nodes healthy_only=True tags=[] limit=500 count=2
2026-05-04 10:26:58,468 INFO pycloud_parallel.controlplane.infocenter_http [InfoCenter] GET /nodes healthy_only=True tags=[] limit=500 count=2
2026-05-04 10:26:58,469 INFO pycloud_parallel.controlplane.infocenter_http [InfoCenter] GET /nodes healthy_only=True tags=[] limit=500 count=2
2026-05-04 10:26:58,470 INFO pycloud_parallel.controlplane.infocenter_http [InfoCenter] GET /nodes healthy_only=True tags=[] limit=500 count=2
2026-05-04 10:26:58,471 INFO pycloud_parallel.controlplane.infocenter_http [InfoCenter] GET /nodes healthy_only=True tags=[] limit=500 count=2
2026-05-04 10:26:58,472 INFO pycloud_parallel.controlplane.infocenter_http [InfoCenter] GET /nodes healthy_only=True tags=[] limit=500 count=2
2026-05-04 10:26:58,473 INFO pycloud_parallel.controlplane.infocenter_http [InfoCenter] GET /nodes healthy_only=True tags=[] limit=500 count=2
2026-05-04 10:26:58,474 INFO pycloud_parallel.controlplane.infocenter_http [InfoCenter] GET /nodes healthy_only=True tags=[] limit=500 count=2
2026-05-04 10:26:58,475 INFO pycloud_parallel.controlplane.infocenter_http [InfoCenter] GET /nodes healthy_only=True tags=[] limit=500 count=2
2026-05-04 10:26:58,476 INFO pycloud_parallel.controlplane.infocenter_http [InfoCenter] GET /nodes healthy_only=True tags=[] limit=500 count=2
2026-05-04 10:26:58,477 INFO pycloud_parallel.controlplane.infocenter_http [InfoCenter] GET /nodes healthy_only=True tags=[] limit=500 count=2
2026-05-04 10:26:58,478 INFO pycloud_parallel.controlplane.infocenter_http [InfoCenter] GET /nodes healthy_only=True tags=[] limit=500 count=2
2026-05-04 10:26:58,479 INFO pycloud_parallel.controlplane.infocenter_http [InfoCenter] GET /nodes healthy_only=True tags=[] limit=500 count=2
2026-05-04 10:26:58,480 INFO pycloud_parallel.controlplane.infocenter_http [InfoCenter] GET /nodes healthy_only=True tags=[] limit=500 count=2
2026-05-04 10:26:58,481 INFO pycloud_parallel.controlplane.infocenter_http [InfoCenter] GET /nodes healthy_only=True tags=[] limit=500 count=2
2026-05-04 10:26:58,482 INFO pycloud_parallel.controlplane.infocenter_http [InfoCenter] GET /nodes healthy_only=True tags=[] limit=500 count=2
2026-05-04 10:26:58,483 INFO pycloud_parallel.controlplane.infocenter_http [InfoCenter] GET /nodes healthy_only=True tags=[] limit=500 count=2
2026-05-04 10:26:58,484 INFO pycloud_parallel.controlplane.infocenter_http [InfoCenter] GET /nodes healthy_only=True tags=[] limit=500 count=2
2026-05-04 10:26:58,485 INFO pycloud_parallel.controlplane.infocenter_http [InfoCenter] GET /nodes healthy_only=True tags=[] limit=500 count=2
2026-05-04 10:26:58,486 INFO pycloud_parallel.controlplane.infocenter_http [InfoCenter] GET /nodes healthy_only=True tags=[] limit=500 count=2
2026-05-04 10:26:58,487 INFO pycloud_parallel.controlplane.infocenter_http [InfoCenter] GET /nodes healthy_only=True tags=[] limit=500 count=2
2026-05-04 10:26:58,488 INFO pycloud_parallel.controlplane.infocenter_http [InfoCenter] GET /nodes healthy_only=True tags=[] limit=500 count=2
2026-05-04 10:26:58,489 INFO pycloud_parallel.controlplane.infocenter_http [InfoCenter] GET /nodes healthy_only=True tags=[] limit=500 count=2
2026-05-04 10:26:58,490 INFO pycloud_parallel.controlplane.infocenter_http [InfoCenter] GET /nodes healthy_only=True tags=[] limit=500 count=2
2026-05-04 10:26:58,491 INFO pycloud_parallel.controlplane.infocenter_http [InfoCenter] GET /nodes healthy_only=True tags=[] limit=500 count=2
2026-05-04 10:26:58,492 INFO pycloud_parallel.controlplane.infocenter_http [InfoCenter] GET /nodes healthy_only=True tags=[] limit=500 count=2
2026-05-04 10:26:58,493 INFO pycloud_parallel.controlplane.infocenter_http [InfoCenter] GET /nodes healthy_only=True tags=[] limit=500 count=2
2026-05-04 10:26:58,494 INFO pycloud_parallel.controlplane.infocenter_http [InfoCenter] GET /nodes healthy_only=True tags=[] limit=500 count=2
2026-05-04 10:26:58,495 INFO pycloud_parallel.controlplane.infocenter_http [InfoCenter] GET /nodes healthy_only=True tags=[] limit=500 count=2
2026-05-04 10:26:58,495 INFO pycloud_parallel.controlplane.infocenter_http [InfoCenter] GET /nodes healthy_only=True tags=[] limit=500 count=2
2026-05-04 10:26:58,496 INFO pycloud_parallel.controlplane.infocenter_http [InfoCenter] GET /nodes healthy_only=True tags=[] limit=500 count=2
2026-05-04 10:26:58,497 INFO pycloud_parallel.controlplane.infocenter_http [InfoCenter] GET /nodes healthy_only=True tags=[] limit=500 count=2
2026-05-04 10:26:58,498 INFO pycloud_parallel.controlplane.infocenter_http [InfoCenter] GET /nodes healthy_only=True tags=[] limit=500 count=2
2026-05-04 10:26:58,499 INFO pycloud_parallel.controlplane.infocenter_http [InfoCenter] GET /nodes healthy_only=True tags=[] limit=500 count=2
2026-05-04 10:26:58,500 INFO pycloud_parallel.controlplane.infocenter_http [InfoCenter] GET /nodes healthy_only=True tags=[] limit=500 count=2
2026-05-04 10:26:58,501 INFO pycloud_parallel.controlplane.infocenter_http [InfoCenter] GET /nodes healthy_only=True tags=[] limit=500 count=2
2026-05-04 10:26:58,502 INFO pycloud_parallel.controlplane.infocenter_http [InfoCenter] GET /nodes healthy_only=True tags=[] limit=500 count=2
2026-05-04 10:26:58,503 INFO pycloud_parallel.controlplane.infocenter_http [InfoCenter] GET /nodes healthy_only=True tags=[] limit=500 count=2
2026-05-04 10:26:58,504 INFO pycloud_parallel.controlplane.infocenter_http [InfoCenter] GET /nodes healthy_only=True tags=[] limit=500 count=2
2026-05-04 10:26:58,506 INFO pycloud_parallel.controlplane.infocenter_http [InfoCenter] GET /nodes healthy_only=True tags=[] limit=500 count=2
2026-05-04 10:26:58,506 INFO pycloud_parallel.controlplane.infocenter_http [InfoCenter] GET /nodes healthy_only=True tags=[] limit=500 count=2
2026-05-04 10:26:58,507 INFO pycloud_parallel.controlplane.infocenter_http [InfoCenter] GET /nodes healthy_only=True tags=[] limit=500 count=2
2026-05-04 10:26:58,508 INFO pycloud_parallel.controlplane.infocenter_http [InfoCenter] GET /nodes healthy_only=True tags=[] limit=500 count=2
2026-05-04 10:26:58,510 INFO pycloud_parallel.controlplane.infocenter_http [InfoCenter] GET /nodes healthy_only=True tags=[] limit=500 count=2
2026-05-04 10:26:58,511 INFO pycloud_parallel.controlplane.infocenter_http [InfoCenter] GET /nodes healthy_only=True tags=[] limit=500 count=2
2026-05-04 10:26:58,512 INFO pycloud_parallel.controlplane.infocenter_http [InfoCenter] GET /nodes healthy_only=True tags=[] limit=500 count=2
2026-05-04 10:26:58,512 INFO pycloud_parallel.controlplane.infocenter_http [InfoCenter] GET /nodes healthy_only=True tags=[] limit=500 count=2
2026-05-04 10:26:58,513 INFO pycloud_parallel.controlplane.infocenter_http [InfoCenter] GET /nodes healthy_only=True tags=[] limit=500 count=2
2026-05-04 10:26:58,514 INFO pycloud_parallel.controlplane.infocenter_http [InfoCenter] GET /nodes healthy_only=True tags=[] limit=500 count=2
2026-05-04 10:26:58,516 INFO pycloud_parallel.controlplane.infocenter_http [InfoCenter] GET /nodes healthy_only=True tags=[] limit=500 count=2
2026-05-04 10:26:58,517 INFO pycloud_parallel.controlplane.infocenter_http [InfoCenter] GET /nodes healthy_only=True tags=[] limit=500 count=2
2026-05-04 10:26:58,518 INFO pycloud_parallel.controlplane.infocenter_http [InfoCenter] GET /nodes healthy_only=True tags=[] limit=500 count=2
2026-05-04 10:26:58,519 INFO pycloud_parallel.controlplane.infocenter_http [InfoCenter] GET /nodes healthy_only=True tags=[] limit=500 count=2
2026-05-04 10:26:58,520 INFO pycloud_parallel.controlplane.infocenter_http [InfoCenter] GET /nodes healthy_only=True tags=[] limit=500 count=2
2026-05-04 10:26:58,521 INFO pycloud_parallel.controlplane.infocenter_http [InfoCenter] GET /nodes healthy_only=True tags=[] limit=500 count=2
2026-05-04 10:26:58,522 INFO pycloud_parallel.controlplane.infocenter_http [InfoCenter] GET /nodes healthy_only=True tags=[] limit=500 count=2
2026-05-04 10:26:58,523 INFO pycloud_parallel.controlplane.infocenter_http [InfoCenter] GET /nodes healthy_only=True tags=[] limit=500 count=2
2026-05-04 10:26:58,524 INFO pycloud_parallel.controlplane.infocenter_http [InfoCenter] GET /nodes healthy_only=True tags=[] limit=500 count=2
2026-05-04 10:26:58,525 INFO pycloud_parallel.controlplane.infocenter_http [InfoCenter] GET /nodes healthy_only=True tags=[] limit=500 count=2
2026-05-04 10:26:58,526 INFO pycloud_parallel.controlplane.infocenter_http [InfoCenter] GET /nodes healthy_only=True tags=[] limit=500 count=2
2026-05-04 10:26:58,527 INFO pycloud_parallel.controlplane.infocenter_http [InfoCenter] GET /nodes healthy_only=True tags=[] limit=500 count=2
2026-05-04 10:26:58,527 INFO pycloud_parallel.controlplane.infocenter_http [InfoCenter] GET /nodes healthy_only=True tags=[] limit=500 count=2
2026-05-04 10:26:58,528 INFO pycloud_parallel.controlplane.infocenter_http [InfoCenter] GET /nodes healthy_only=True tags=[] limit=500 count=2
2026-05-04 10:26:58,529 INFO pycloud_parallel.controlplane.infocenter_http [InfoCenter] GET /nodes healthy_only=True tags=[] limit=500 count=2
2026-05-04 10:26:58,530 INFO pycloud_parallel.controlplane.infocenter_http [InfoCenter] GET /nodes healthy_only=True tags=[] limit=500 count=2
2026-05-04 10:26:58,531 INFO pycloud_parallel.controlplane.infocenter_http [InfoCenter] GET /nodes healthy_only=True tags=[] limit=500 count=2
2026-05-04 10:26:58,532 INFO pycloud_parallel.controlplane.infocenter_http [InfoCenter] GET /nodes healthy_only=True tags=[] limit=500 count=2
2026-05-04 10:26:58,533 INFO pycloud_parallel.controlplane.infocenter_http [InfoCenter] GET /nodes healthy_only=True tags=[] limit=500 count=2
2026-05-04 10:26:58,534 INFO pycloud_parallel.controlplane.infocenter_http [InfoCenter] GET /nodes healthy_only=True tags=[] limit=500 count=2
2026-05-04 10:26:58,535 INFO pycloud_parallel.controlplane.infocenter_http [InfoCenter] GET /nodes healthy_only=True tags=[] limit=500 count=2
2026-05-04 10:26:58,536 INFO pycloud_parallel.controlplane.infocenter_http [InfoCenter] GET /nodes healthy_only=True tags=[] limit=500 count=2
2026-05-04 10:26:58,537 INFO pycloud_parallel.controlplane.infocenter_http [InfoCenter] GET /nodes healthy_only=True tags=[] limit=500 count=2
2026-05-04 10:26:58,538 INFO pycloud_parallel.controlplane.infocenter_http [InfoCenter] GET /nodes healthy_only=True tags=[] limit=500 count=2
2026-05-04 10:26:58,539 INFO pycloud_parallel.controlplane.infocenter_http [InfoCenter] GET /nodes healthy_only=True tags=[] limit=500 count=2
2026-05-04 10:26:58,540 INFO pycloud_parallel.controlplane.infocenter_http [InfoCenter] GET /nodes healthy_only=True tags=[] limit=500 count=2
2026-05-04 10:26:58,541 INFO pycloud_parallel.controlplane.infocenter_http [InfoCenter] GET /nodes healthy_only=True tags=[] limit=500 count=2
2026-05-04 10:26:58,542 INFO pycloud_parallel.controlplane.infocenter_http [InfoCenter] GET /nodes healthy_only=True tags=[] limit=500 count=2
2026-05-04 10:26:58,543 INFO pycloud_parallel.controlplane.infocenter_http [InfoCenter] GET /nodes healthy_only=True tags=[] limit=500 count=2
2026-05-04 10:26:58,544 INFO pycloud_parallel.controlplane.infocenter_http [InfoCenter] GET /nodes healthy_only=True tags=[] limit=500 count=2
2026-05-04 10:26:58,545 INFO pycloud_parallel.controlplane.infocenter_http [InfoCenter] GET /nodes healthy_only=True tags=[] limit=500 count=2
2026-05-04 10:26:58,546 INFO pycloud_parallel.controlplane.infocenter_http [InfoCenter] GET /nodes healthy_only=True tags=[] limit=500 count=2
2026-05-04 10:26:58,547 INFO pycloud_parallel.controlplane.infocenter_http [InfoCenter] GET /nodes healthy_only=True tags=[] limit=500 count=2
2026-05-04 10:26:58,548 INFO pycloud_parallel.controlplane.infocenter_http [InfoCenter] GET /nodes healthy_only=True tags=[] limit=500 count=2
2026-05-04 10:26:58,549 INFO pycloud_parallel.controlplane.infocenter_http [InfoCenter] GET /nodes healthy_only=True tags=[] limit=500 count=2
2026-05-04 10:26:58,550 INFO pycloud_parallel.controlplane.infocenter_http [InfoCenter] GET /nodes healthy_only=True tags=[] limit=500 count=2
2026-05-04 10:26:58,550 INFO pycloud_parallel.controlplane.infocenter_http [InfoCenter] GET /nodes healthy_only=True tags=[] limit=500 count=2
2026-05-04 10:26:58,551 INFO pycloud_parallel.controlplane.infocenter_http [InfoCenter] GET /nodes healthy_only=True tags=[] limit=500 count=2
2026-05-04 10:26:58,552 INFO pycloud_parallel.controlplane.infocenter_http [InfoCenter] GET /nodes healthy_only=True tags=[] limit=500 count=2
2026-05-04 10:26:58,553 INFO pycloud_parallel.controlplane.infocenter_http [InfoCenter] GET /nodes healthy_only=True tags=[] limit=500 count=2
2026-05-04 10:26:58,554 INFO pycloud_parallel.controlplane.infocenter_http [InfoCenter] GET /nodes healthy_only=True tags=[] limit=500 count=2
2026-05-04 10:26:58,556 INFO pycloud_parallel.controlplane.infocenter_http [InfoCenter] GET /nodes healthy_only=True tags=[] limit=500 count=2
2026-05-04 10:26:58,557 INFO pycloud_parallel.controlplane.infocenter_http [InfoCenter] GET /nodes healthy_only=True tags=[] limit=500 count=2
2026-05-04 10:26:58,558 INFO pycloud_parallel.controlplane.infocenter_http [InfoCenter] GET /nodes healthy_only=True tags=[] limit=500 count=2
2026-05-04 10:26:58,559 INFO pycloud_parallel.controlplane.infocenter_http [InfoCenter] GET /nodes healthy_only=True tags=[] limit=500 count=2
2026-05-04 10:26:58,560 INFO pycloud_parallel.controlplane.infocenter_http [InfoCenter] GET /nodes healthy_only=True tags=[] limit=500 count=2
2026-05-04 10:26:58,561 INFO pycloud_parallel.controlplane.infocenter_http [InfoCenter] GET /nodes healthy_only=True tags=[] limit=500 count=2
2026-05-04 10:26:58,562 INFO pycloud_parallel.controlplane.infocenter_http [InfoCenter] GET /nodes healthy_only=True tags=[] limit=500 count=2
2026-05-04 10:26:58,563 INFO pycloud_parallel.controlplane.infocenter_http [InfoCenter] GET /nodes healthy_only=True tags=[] limit=500 count=2
2026-05-04 10:26:58,564 INFO pycloud_parallel.controlplane.infocenter_http [InfoCenter] GET /nodes healthy_only=True tags=[] limit=500 count=2
2026-05-04 10:26:58,565 INFO pycloud_parallel.controlplane.infocenter_http [InfoCenter] GET /nodes healthy_only=True tags=[] limit=500 count=2
2026-05-04 10:26:58,566 INFO pycloud_parallel.controlplane.infocenter_http [InfoCenter] GET /nodes healthy_only=True tags=[] limit=500 count=2
2026-05-04 10:26:58,567 INFO pycloud_parallel.controlplane.infocenter_http [InfoCenter] GET /nodes healthy_only=True tags=[] limit=500 count=2
2026-05-04 10:26:58,568 INFO pycloud_parallel.controlplane.infocenter_http [InfoCenter] GET /nodes healthy_only=True tags=[] limit=500 count=2
2026-05-04 10:26:58,569 INFO pycloud_parallel.controlplane.infocenter_http [InfoCenter] GET /nodes healthy_only=True tags=[] limit=500 count=2
2026-05-04 10:26:58,570 INFO pycloud_parallel.controlplane.infocenter_http [InfoCenter] GET /nodes healthy_only=True tags=[] limit=500 count=2
2026-05-04 10:26:58,571 INFO pycloud_parallel.controlplane.infocenter_http [InfoCenter] GET /nodes healthy_only=True tags=[] limit=500 count=2
2026-05-04 10:26:58,572 INFO pycloud_parallel.controlplane.infocenter_http [InfoCenter] GET /nodes healthy_only=True tags=[] limit=500 count=2
2026-05-04 10:26:58,573 INFO pycloud_parallel.controlplane.infocenter_http [InfoCenter] GET /nodes healthy_only=True tags=[] limit=500 count=2
2026-05-04 10:26:58,574 INFO pycloud_parallel.controlplane.infocenter_http [InfoCenter] GET /nodes healthy_only=True tags=[] limit=500 count=2
2026-05-04 10:26:58,575 INFO pycloud_parallel.controlplane.infocenter_http [InfoCenter] GET /nodes healthy_only=True tags=[] limit=500 count=2
2026-05-04 10:26:58,576 INFO pycloud_parallel.controlplane.infocenter_http [InfoCenter] GET /nodes healthy_only=True tags=[] limit=500 count=2
2026-05-04 10:26:58,577 INFO pycloud_parallel.controlplane.infocenter_http [InfoCenter] GET /nodes healthy_only=True tags=[] limit=500 count=2
2026-05-04 10:26:58,578 INFO pycloud_parallel.controlplane.infocenter_http [InfoCenter] GET /nodes healthy_only=True tags=[] limit=500 count=2
2026-05-04 10:26:58,579 INFO pycloud_parallel.controlplane.infocenter_http [InfoCenter] GET /nodes healthy_only=True tags=[] limit=500 count=2
2026-05-04 10:26:58,580 INFO pycloud_parallel.controlplane.infocenter_http [InfoCenter] GET /nodes healthy_only=True tags=[] limit=500 count=2
2026-05-04 10:26:58,581 INFO pycloud_parallel.controlplane.infocenter_http [InfoCenter] GET /nodes healthy_only=True tags=[] limit=500 count=2
2026-05-04 10:26:58,582 INFO pycloud_parallel.controlplane.infocenter_http [InfoCenter] GET /nodes healthy_only=True tags=[] limit=500 count=2
2026-05-04 10:26:58,583 INFO pycloud_parallel.controlplane.infocenter_http [InfoCenter] GET /nodes healthy_only=True tags=[] limit=500 count=2
2026-05-04 10:26:58,584 INFO pycloud_parallel.controlplane.infocenter_http [InfoCenter] GET /nodes healthy_only=True tags=[] limit=500 count=2
2026-05-04 10:26:58,585 INFO pycloud_parallel.controlplane.infocenter_http [InfoCenter] GET /nodes healthy_only=True tags=[] limit=500 count=2
2026-05-04 10:26:58,586 INFO pycloud_parallel.controlplane.infocenter_http [InfoCenter] GET /nodes healthy_only=True tags=[] limit=500 count=2
2026-05-04 10:26:58,587 INFO pycloud_parallel.controlplane.infocenter_http [InfoCenter] GET /nodes healthy_only=True tags=[] limit=500 count=2
2026-05-04 10:26:58,588 INFO pycloud_parallel.controlplane.infocenter_http [InfoCenter] GET /nodes healthy_only=True tags=[] limit=500 count=2
2026-05-04 10:26:58,589 INFO pycloud_parallel.controlplane.infocenter_http [InfoCenter] GET /nodes healthy_only=True tags=[] limit=500 count=2
2026-05-04 10:26:58,590 INFO pycloud_parallel.controlplane.infocenter_http [InfoCenter] GET /nodes healthy_only=True tags=[] limit=500 count=2
2026-05-04 10:26:58,590 INFO pycloud_parallel.controlplane.infocenter_http [InfoCenter] GET /nodes healthy_only=True tags=[] limit=500 count=2
2026-05-04 10:26:58,591 INFO pycloud_parallel.controlplane.infocenter_http [InfoCenter] GET /nodes healthy_only=True tags=[] limit=500 count=2
2026-05-04 10:26:58,592 INFO pycloud_parallel.controlplane.infocenter_http [InfoCenter] GET /nodes healthy_only=True tags=[] limit=500 count=2
2026-05-04 10:26:58,593 INFO pycloud_parallel.controlplane.infocenter_http [InfoCenter] GET /nodes healthy_only=True tags=[] limit=500 count=2
2026-05-04 10:26:58,594 INFO pycloud_parallel.controlplane.infocenter_http [InfoCenter] GET /nodes healthy_only=True tags=[] limit=500 count=2
2026-05-04 10:26:58,595 INFO pycloud_parallel.controlplane.infocenter_http [InfoCenter] GET /nodes healthy_only=True tags=[] limit=500 count=2
2026-05-04 10:26:58,596 INFO pycloud_parallel.controlplane.infocenter_http [InfoCenter] GET /nodes healthy_only=True tags=[] limit=500 count=2
2026-05-04 10:26:58,597 INFO pycloud_parallel.controlplane.infocenter_http [InfoCenter] GET /nodes healthy_only=True tags=[] limit=500 count=2
2026-05-04 10:26:58,598 INFO pycloud_parallel.controlplane.infocenter_http [InfoCenter] GET /nodes healthy_only=True tags=[] limit=500 count=2
2026-05-04 10:26:58,599 INFO pycloud_parallel.controlplane.infocenter_http [InfoCenter] GET /nodes healthy_only=True tags=[] limit=500 count=2
2026-05-04 10:26:58,600 INFO pycloud_parallel.controlplane.infocenter_http [InfoCenter] GET /nodes healthy_only=True tags=[] limit=500 count=2
2026-05-04 10:26:58,602 INFO pycloud_parallel.controlplane.infocenter_http [InfoCenter] GET /services/routes service_name=svc-demo healthy_only=True route_scope=call limit=500 count=0
2026-05-04 10:26:58,603 INFO pycloud_parallel.controlplane.infocenter_http [InfoCenter] GET /nodes healthy_only=True tags=[] limit=500 count=2
2026-05-04 10:26:58,604 INFO pycloud_parallel.controlplane.infocenter_http [InfoCenter] GET /nodes healthy_only=True tags=[] limit=500 count=2
2026-05-04 10:26:58,605 INFO pycloud_parallel.controlplane.infocenter_http [InfoCenter] GET /nodes healthy_only=True tags=[] limit=500 count=2
2026-05-04 10:26:58,606 INFO pycloud_parallel.controlplane.infocenter_http [InfoCenter] GET /nodes healthy_only=True tags=[] limit=500 count=2
2026-05-04 10:26:58,607 INFO pycloud_parallel.controlplane.infocenter_http [InfoCenter] GET /nodes healthy_only=True tags=[] limit=500 count=2
2026-05-04 10:26:58,608 INFO pycloud_parallel.controlplane.infocenter_http [InfoCenter] GET /nodes healthy_only=True tags=[] limit=500 count=2
2026-05-04 10:26:58,609 INFO pycloud_parallel.controlplane.infocenter_http [InfoCenter] GET /nodes healthy_only=True tags=[] limit=500 count=2
2026-05-04 10:26:58,610 INFO pycloud_parallel.controlplane.infocenter_http [InfoCenter] GET /nodes healthy_only=True tags=[] limit=500 count=2
2026-05-04 10:26:58,611 INFO pycloud_parallel.controlplane.infocenter_http [InfoCenter] GET /nodes healthy_only=True tags=[] limit=500 count=2
2026-05-04 10:26:58,612 INFO pycloud_parallel.controlplane.infocenter_http [InfoCenter] GET /nodes healthy_only=True tags=[] limit=500 count=2
2026-05-04 10:26:58,613 INFO pycloud_parallel.controlplane.infocenter_http [InfoCenter] GET /nodes healthy_only=True tags=[] limit=500 count=2
2026-05-04 10:26:58,614 INFO pycloud_parallel.controlplane.infocenter_http [InfoCenter] GET /nodes healthy_only=True tags=[] limit=500 count=2
2026-05-04 10:26:58,615 INFO pycloud_parallel.controlplane.infocenter_http [InfoCenter] GET /nodes healthy_only=True tags=[] limit=500 count=2
2026-05-04 10:26:58,616 INFO pycloud_parallel.controlplane.infocenter_http [InfoCenter] GET /nodes healthy_only=True tags=[] limit=500 count=2
2026-05-04 10:26:58,617 INFO pycloud_parallel.controlplane.infocenter_http [InfoCenter] GET /nodes healthy_only=True tags=[] limit=500 count=2
2026-05-04 10:26:58,618 INFO pycloud_parallel.controlplane.infocenter_http [InfoCenter] GET /nodes healthy_only=True tags=[] limit=500 count=2
2026-05-04 10:26:58,619 INFO pycloud_parallel.controlplane.infocenter_http [InfoCenter] GET /nodes healthy_only=True tags=[] limit=500 count=2
2026-05-04 10:26:58,620 INFO pycloud_parallel.controlplane.infocenter_http [InfoCenter] GET /nodes healthy_only=True tags=[] limit=500 count=2
2026-05-04 10:26:58,621 INFO pycloud_parallel.controlplane.infocenter_http [InfoCenter] GET /nodes healthy_only=True tags=[] limit=500 count=2
2026-05-04 10:26:58,622 INFO pycloud_parallel.controlplane.infocenter_http [InfoCenter] GET /nodes healthy_only=True tags=[] limit=500 count=2
2026-05-04 10:26:58,623 INFO pycloud_parallel.controlplane.infocenter_http [InfoCenter] GET /nodes healthy_only=True tags=[] limit=500 count=2
2026-05-04 10:26:58,624 INFO pycloud_parallel.controlplane.infocenter_http [InfoCenter] GET /nodes healthy_only=True tags=[] limit=500 count=2
2026-05-04 10:26:58,625 INFO pycloud_parallel.controlplane.infocenter_http [InfoCenter] GET /nodes healthy_only=True tags=[] limit=500 count=2
2026-05-04 10:26:58,626 INFO pycloud_parallel.controlplane.infocenter_http [InfoCenter] GET /nodes healthy_only=True tags=[] limit=500 count=2
2026-05-04 10:26:58,627 INFO pycloud_parallel.controlplane.infocenter_http [InfoCenter] GET /nodes healthy_only=True tags=[] limit=500 count=2
2026-05-04 10:26:58,628 INFO pycloud_parallel.controlplane.infocenter_http [InfoCenter] GET /nodes healthy_only=True tags=[] limit=500 count=2
2026-05-04 10:26:58,629 INFO pycloud_parallel.controlplane.infocenter_http [InfoCenter] GET /nodes healthy_only=True tags=[] limit=500 count=2
2026-05-04 10:26:58,630 INFO pycloud_parallel.controlplane.infocenter_http [InfoCenter] GET /nodes healthy_only=True tags=[] limit=500 count=2
2026-05-04 10:26:58,631 INFO pycloud_parallel.controlplane.infocenter_http [InfoCenter] GET /nodes healthy_only=True tags=[] limit=500 count=2
2026-05-04 10:26:58,632 INFO pycloud_parallel.controlplane.infocenter_http [InfoCenter] GET /nodes healthy_only=True tags=[] limit=500 count=2
2026-05-04 10:26:58,633 INFO pycloud_parallel.controlplane.infocenter_http [InfoCenter] GET /nodes healthy_only=True tags=[] limit=500 count=2
2026-05-04 10:26:58,634 INFO pycloud_parallel.controlplane.infocenter_http [InfoCenter] GET /nodes healthy_only=True tags=[] limit=500 count=2
2026-05-04 10:26:58,635 INFO pycloud_parallel.controlplane.infocenter_http [InfoCenter] GET /nodes healthy_only=True tags=[] limit=500 count=2
2026-05-04 10:26:58,636 INFO pycloud_parallel.controlplane.infocenter_http [InfoCenter] GET /nodes healthy_only=True tags=[] limit=500 count=2
2026-05-04 10:26:58,637 INFO pycloud_parallel.controlplane.infocenter_http [InfoCenter] GET /nodes healthy_only=True tags=[] limit=500 count=2
2026-05-04 10:26:58,638 INFO pycloud_parallel.controlplane.infocenter_http [InfoCenter] GET /nodes healthy_only=True tags=[] limit=500 count=2
2026-05-04 10:26:58,639 INFO pycloud_parallel.controlplane.infocenter_http [InfoCenter] GET /nodes healthy_only=True tags=[] limit=500 count=2
2026-05-04 10:26:58,640 INFO pycloud_parallel.controlplane.infocenter_http [InfoCenter] GET /nodes healthy_only=True tags=[] limit=500 count=2
2026-05-04 10:26:58,641 INFO pycloud_parallel.controlplane.infocenter_http [InfoCenter] GET /nodes healthy_only=True tags=[] limit=500 count=2
2026-05-04 10:26:58,642 INFO pycloud_parallel.controlplane.infocenter_http [InfoCenter] GET /nodes healthy_only=True tags=[] limit=500 count=2
2026-05-04 10:26:58,643 INFO pycloud_parallel.controlplane.infocenter_http [InfoCenter] GET /nodes healthy_only=True tags=[] limit=500 count=2
2026-05-04 10:26:58,644 INFO pycloud_parallel.controlplane.infocenter_http [InfoCenter] GET /nodes healthy_only=True tags=[] limit=500 count=2
2026-05-04 10:26:58,645 INFO pycloud_parallel.controlplane.infocenter_http [InfoCenter] GET /nodes healthy_only=True tags=[] limit=500 count=2
2026-05-04 10:26:58,646 INFO pycloud_parallel.controlplane.infocenter_http [InfoCenter] GET /nodes healthy_only=True tags=[] limit=500 count=2
2026-05-04 10:26:58,647 INFO pycloud_parallel.controlplane.infocenter_http [InfoCenter] GET /nodes healthy_only=True tags=[] limit=500 count=2
2026-05-04 10:26:58,648 INFO pycloud_parallel.controlplane.infocenter_http [InfoCenter] GET /nodes healthy_only=True tags=[] limit=500 count=2
2026-05-04 10:26:58,649 INFO pycloud_parallel.controlplane.infocenter_http [InfoCenter] GET /nodes healthy_only=True tags=[] limit=500 count=2
2026-05-04 10:26:58,650 INFO pycloud_parallel.controlplane.infocenter_http [InfoCenter] GET /nodes healthy_only=True tags=[] limit=500 count=2
2026-05-04 10:26:58,651 INFO pycloud_parallel.controlplane.infocenter_http [InfoCenter] GET /nodes healthy_only=True tags=[] limit=500 count=2
2026-05-04 10:26:58,652 INFO pycloud_parallel.controlplane.infocenter_http [InfoCenter] GET /nodes healthy_only=True tags=[] limit=500 count=2
2026-05-04 10:26:58,653 INFO pycloud_parallel.controlplane.infocenter_http [InfoCenter] GET /nodes healthy_only=True tags=[] limit=500 count=2
2026-05-04 10:26:58,654 INFO pycloud_parallel.controlplane.infocenter_http [InfoCenter] GET /nodes healthy_only=True tags=[] limit=500 count=2
2026-05-04 10:26:58,655 INFO pycloud_parallel.controlplane.infocenter_http [InfoCenter] GET /nodes healthy_only=True tags=[] limit=500 count=2
2026-05-04 10:26:58,656 INFO pycloud_parallel.controlplane.infocenter_http [InfoCenter] GET /nodes healthy_only=True tags=[] limit=500 count=2
2026-05-04 10:26:58,657 INFO pycloud_parallel.controlplane.infocenter_http [InfoCenter] GET /nodes healthy_only=True tags=[] limit=500 count=2
2026-05-04 10:26:58,658 INFO pycloud_parallel.controlplane.infocenter_http [InfoCenter] GET /nodes healthy_only=True tags=[] limit=500 count=2
2026-05-04 10:26:58,658 INFO pycloud_parallel.controlplane.infocenter_http [InfoCenter] GET /nodes healthy_only=True tags=[] limit=500 count=2
2026-05-04 10:26:58,659 INFO pycloud_parallel.controlplane.infocenter_http [InfoCenter] GET /nodes healthy_only=True tags=[] limit=500 count=2
2026-05-04 10:26:58,660 INFO pycloud_parallel.controlplane.infocenter_http [InfoCenter] GET /nodes healthy_only=True tags=[] limit=500 count=2
2026-05-04 10:26:58,661 INFO pycloud_parallel.controlplane.infocenter_http [InfoCenter] GET /nodes healthy_only=True tags=[] limit=500 count=2
2026-05-04 10:26:58,662 INFO pycloud_parallel.controlplane.infocenter_http [InfoCenter] GET /nodes healthy_only=True tags=[] limit=500 count=2
2026-05-04 10:26:58,663 INFO pycloud_parallel.controlplane.infocenter_http [InfoCenter] GET /nodes healthy_only=True tags=[] limit=500 count=2
2026-05-04 10:26:58,664 INFO pycloud_parallel.controlplane.infocenter_http [InfoCenter] GET /nodes healthy_only=True tags=[] limit=500 count=2
2026-05-04 10:26:58,665 INFO pycloud_parallel.controlplane.infocenter_http [InfoCenter] GET /nodes healthy_only=True tags=[] limit=500 count=2
2026-05-04 10:26:58,666 INFO pycloud_parallel.controlplane.infocenter_http [InfoCenter] GET /nodes healthy_only=True tags=[] limit=500 count=2
2026-05-04 10:26:58,667 INFO pycloud_parallel.controlplane.infocenter_http [InfoCenter] GET /nodes healthy_only=True tags=[] limit=500 count=2
2026-05-04 10:26:58,668 INFO pycloud_parallel.controlplane.infocenter_http [InfoCenter] GET /nodes healthy_only=True tags=[] limit=500 count=2
2026-05-04 10:26:58,669 INFO pycloud_parallel.controlplane.infocenter_http [InfoCenter] GET /nodes healthy_only=True tags=[] limit=500 count=2
2026-05-04 10:26:58,670 INFO pycloud_parallel.controlplane.infocenter_http [InfoCenter] GET /nodes healthy_only=True tags=[] limit=500 count=2
2026-05-04 10:26:58,671 INFO pycloud_parallel.controlplane.infocenter_http [InfoCenter] GET /nodes healthy_only=True tags=[] limit=500 count=2
2026-05-04 10:26:58,672 INFO pycloud_parallel.controlplane.infocenter_http [InfoCenter] GET /nodes healthy_only=True tags=[] limit=500 count=2
2026-05-04 10:26:58,673 INFO pycloud_parallel.controlplane.infocenter_http [InfoCenter] GET /nodes healthy_only=True tags=[] limit=500 count=2
2026-05-04 10:26:58,674 INFO pycloud_parallel.controlplane.infocenter_http [InfoCenter] GET /nodes healthy_only=True tags=[] limit=500 count=2
2026-05-04 10:26:58,675 INFO pycloud_parallel.controlplane.infocenter_http [InfoCenter] GET /nodes healthy_only=True tags=[] limit=500 count=2
2026-05-04 10:26:58,676 INFO pycloud_parallel.controlplane.infocenter_http [InfoCenter] GET /nodes healthy_only=True tags=[] limit=500 count=2
2026-05-04 10:26:58,677 INFO pycloud_parallel.controlplane.infocenter_http [InfoCenter] GET /nodes healthy_only=True tags=[] limit=500 count=2
2026-05-04 10:26:58,678 INFO pycloud_parallel.controlplane.infocenter_http [InfoCenter] GET /nodes healthy_only=True tags=[] limit=500 count=2
2026-05-04 10:26:58,679 INFO pycloud_parallel.controlplane.infocenter_http [InfoCenter] GET /nodes healthy_only=True tags=[] limit=500 count=2
2026-05-04 10:26:58,680 INFO pycloud_parallel.controlplane.infocenter_http [InfoCenter] GET /nodes healthy_only=True tags=[] limit=500 count=2
2026-05-04 10:26:58,681 INFO pycloud_parallel.controlplane.infocenter_http [InfoCenter] GET /nodes healthy_only=True tags=[] limit=500 count=2
2026-05-04 10:26:58,682 INFO pycloud_parallel.controlplane.infocenter_http [InfoCenter] GET /nodes healthy_only=True tags=[] limit=500 count=2
2026-05-04 10:26:58,683 INFO pycloud_parallel.controlplane.infocenter_http [InfoCenter] GET /nodes healthy_only=True tags=[] limit=500 count=2
2026-05-04 10:26:58,684 INFO pycloud_parallel.controlplane.infocenter_http [InfoCenter] GET /nodes healthy_only=True tags=[] limit=500 count=2
2026-05-04 10:26:58,685 INFO pycloud_parallel.controlplane.infocenter_http [InfoCenter] GET /nodes healthy_only=True tags=[] limit=500 count=2
2026-05-04 10:26:58,686 INFO pycloud_parallel.controlplane.infocenter_http [InfoCenter] GET /nodes healthy_only=True tags=[] limit=500 count=2
2026-05-04 10:26:58,687 INFO pycloud_parallel.controlplane.infocenter_http [InfoCenter] GET /nodes healthy_only=True tags=[] limit=500 count=2
2026-05-04 10:26:58,688 INFO pycloud_parallel.controlplane.infocenter_http [InfoCenter] GET /nodes healthy_only=True tags=[] limit=500 count=2
2026-05-04 10:26:58,689 INFO pycloud_parallel.controlplane.infocenter_http [InfoCenter] GET /nodes healthy_only=True tags=[] limit=500 count=2
2026-05-04 10:26:58,690 INFO pycloud_parallel.controlplane.infocenter_http [InfoCenter] GET /nodes healthy_only=True tags=[] limit=500 count=2
2026-05-04 10:26:58,691 INFO pycloud_parallel.controlplane.infocenter_http [InfoCenter] GET /nodes healthy_only=True tags=[] limit=500 count=2
2026-05-04 10:26:58,692 INFO pycloud_parallel.controlplane.infocenter_http [InfoCenter] GET /nodes healthy_only=True tags=[] limit=500 count=2
2026-05-04 10:26:58,693 INFO pycloud_parallel.controlplane.infocenter_http [InfoCenter] GET /nodes healthy_only=True tags=[] limit=500 count=2
2026-05-04 10:26:58,694 INFO pycloud_parallel.controlplane.infocenter_http [InfoCenter] GET /nodes healthy_only=True tags=[] limit=500 count=2
2026-05-04 10:26:58,695 INFO pycloud_parallel.controlplane.infocenter_http [InfoCenter] GET /nodes healthy_only=True tags=[] limit=500 count=2
2026-05-04 10:26:58,696 INFO pycloud_parallel.controlplane.infocenter_http [InfoCenter] GET /nodes healthy_only=True tags=[] limit=500 count=2
2026-05-04 10:26:58,697 INFO pycloud_parallel.controlplane.infocenter_http [InfoCenter] GET /nodes healthy_only=True tags=[] limit=500 count=2
2026-05-04 10:26:58,698 INFO pycloud_parallel.controlplane.infocenter_http [InfoCenter] GET /nodes healthy_only=True tags=[] limit=500 count=2
2026-05-04 10:26:58,699 INFO pycloud_parallel.controlplane.infocenter_http [InfoCenter] GET /nodes healthy_only=True tags=[] limit=500 count=2
2026-05-04 10:26:58,700 INFO pycloud_parallel.controlplane.infocenter_http [InfoCenter] GET /nodes healthy_only=True tags=[] limit=500 count=2
2026-05-04 10:26:58,701 INFO pycloud_parallel.controlplane.infocenter_http [InfoCenter] GET /nodes healthy_only=True tags=[] limit=500 count=2
2026-05-04 10:26:58,702 INFO pycloud_parallel.controlplane.infocenter_http [InfoCenter] GET /nodes healthy_only=True tags=[] limit=500 count=2
2026-05-04 10:26:58,702 INFO pycloud_parallel.controlplane.infocenter_http [InfoCenter] GET /nodes healthy_only=True tags=[] limit=500 count=2
2026-05-04 10:26:58,703 INFO pycloud_parallel.controlplane.infocenter_http [InfoCenter] GET /nodes healthy_only=True tags=[] limit=500 count=2
2026-05-04 10:26:58,704 INFO pycloud_parallel.controlplane.infocenter_http [InfoCenter] GET /nodes healthy_only=True tags=[] limit=500 count=2
2026-05-04 10:26:58,705 INFO pycloud_parallel.controlplane.infocenter_http [InfoCenter] GET /nodes healthy_only=True tags=[] limit=500 count=2
2026-05-04 10:26:58,706 INFO pycloud_parallel.controlplane.infocenter_http [InfoCenter] GET /nodes healthy_only=True tags=[] limit=500 count=2
2026-05-04 10:26:58,707 INFO pycloud_parallel.controlplane.infocenter_http [InfoCenter] GET /nodes healthy_only=True tags=[] limit=500 count=2
2026-05-04 10:26:58,708 INFO pycloud_parallel.controlplane.infocenter_http [InfoCenter] GET /nodes healthy_only=True tags=[] limit=500 count=2
2026-05-04 10:26:58,709 INFO pycloud_parallel.controlplane.infocenter_http [InfoCenter] GET /nodes healthy_only=True tags=[] limit=500 count=2
2026-05-04 10:26:58,710 INFO pycloud_parallel.controlplane.infocenter_http [InfoCenter] GET /nodes healthy_only=True tags=[] limit=500 count=2
2026-05-04 10:26:58,711 INFO pycloud_parallel.controlplane.infocenter_http [InfoCenter] GET /nodes healthy_only=True tags=[] limit=500 count=2
2026-05-04 10:26:58,712 INFO pycloud_parallel.controlplane.infocenter_http [InfoCenter] GET /nodes healthy_only=True tags=[] limit=500 count=2
2026-05-04 10:26:58,713 INFO pycloud_parallel.controlplane.infocenter_http [InfoCenter] GET /nodes healthy_only=True tags=[] limit=500 count=2
2026-05-04 10:26:58,714 INFO pycloud_parallel.controlplane.infocenter_http [InfoCenter] GET /nodes healthy_only=True tags=[] limit=500 count=2
2026-05-04 10:26:58,716 INFO pycloud_parallel.controlplane.infocenter_http [InfoCenter] GET /nodes healthy_only=True tags=[] limit=500 count=2
2026-05-04 10:26:58,717 INFO pycloud_parallel.controlplane.infocenter_http [InfoCenter] GET /nodes healthy_only=True tags=[] limit=500 count=2
2026-05-04 10:26:58,718 INFO pycloud_parallel.controlplane.infocenter_http [InfoCenter] GET /nodes healthy_only=True tags=[] limit=500 count=2
2026-05-04 10:26:58,719 INFO pycloud_parallel.controlplane.infocenter_http [InfoCenter] GET /nodes healthy_only=True tags=[] limit=500 count=2
2026-05-04 10:26:58,720 INFO pycloud_parallel.controlplane.infocenter_http [InfoCenter] GET /nodes healthy_only=True tags=[] limit=500 count=2
2026-05-04 10:26:58,721 INFO pycloud_parallel.controlplane.infocenter_http [InfoCenter] GET /nodes healthy_only=True tags=[] limit=500 count=2
2026-05-04 10:26:58,722 INFO pycloud_parallel.controlplane.infocenter_http [InfoCenter] GET /nodes healthy_only=True tags=[] limit=500 count=2
2026-05-04 10:26:58,723 INFO pycloud_parallel.controlplane.infocenter_http [InfoCenter] GET /nodes healthy_only=True tags=[] limit=500 count=2
2026-05-04 10:26:58,724 INFO pycloud_parallel.controlplane.infocenter_http [InfoCenter] GET /nodes healthy_only=True tags=[] limit=500 count=2
2026-05-04 10:26:58,725 INFO pycloud_parallel.controlplane.infocenter_http [InfoCenter] GET /nodes healthy_only=True tags=[] limit=500 count=2
2026-05-04 10:26:58,725 INFO pycloud_parallel.controlplane.infocenter_http [InfoCenter] GET /nodes healthy_only=True tags=[] limit=500 count=2
2026-05-04 10:26:58,726 INFO pycloud_parallel.controlplane.infocenter_http [InfoCenter] GET /nodes healthy_only=True tags=[] limit=500 count=2
2026-05-04 10:26:58,727 INFO pycloud_parallel.controlplane.infocenter_http [InfoCenter] GET /nodes healthy_only=True tags=[] limit=500 count=2
2026-05-04 10:26:58,728 INFO pycloud_parallel.controlplane.infocenter_http [InfoCenter] GET /nodes healthy_only=True tags=[] limit=500 count=2
2026-05-04 10:26:58,729 INFO pycloud_parallel.controlplane.infocenter_http [InfoCenter] GET /nodes healthy_only=True tags=[] limit=500 count=2
2026-05-04 10:26:58,730 INFO pycloud_parallel.controlplane.infocenter_http [InfoCenter] GET /nodes healthy_only=True tags=[] limit=500 count=2
2026-05-04 10:26:58,731 INFO pycloud_parallel.controlplane.infocenter_http [InfoCenter] GET /nodes healthy_only=True tags=[] limit=500 count=2
2026-05-04 10:26:58,732 INFO pycloud_parallel.controlplane.infocenter_http [InfoCenter] GET /nodes healthy_only=True tags=[] limit=500 count=2
2026-05-04 10:26:58,733 INFO pycloud_parallel.controlplane.infocenter_http [InfoCenter] GET /nodes healthy_only=True tags=[] limit=500 count=2
2026-05-04 10:26:58,734 INFO pycloud_parallel.controlplane.infocenter_http [InfoCenter] GET /nodes healthy_only=True tags=[] limit=500 count=2
2026-05-04 10:26:58,735 INFO pycloud_parallel.controlplane.infocenter_http [InfoCenter] GET /nodes healthy_only=True tags=[] limit=500 count=2
2026-05-04 10:26:58,736 INFO pycloud_parallel.controlplane.infocenter_http [InfoCenter] GET /nodes healthy_only=True tags=[] limit=500 count=2
2026-05-04 10:26:58,737 INFO pycloud_parallel.controlplane.infocenter_http [InfoCenter] GET /nodes healthy_only=True tags=[] limit=500 count=2
2026-05-04 10:26:58,738 INFO pycloud_parallel.controlplane.infocenter_http [InfoCenter] GET /nodes healthy_only=True tags=[] limit=500 count=2
2026-05-04 10:26:58,739 INFO pycloud_parallel.controlplane.infocenter_http [InfoCenter] GET /nodes healthy_only=True tags=[] limit=500 count=2
2026-05-04 10:26:58,740 INFO pycloud_parallel.controlplane.infocenter_http [InfoCenter] GET /nodes healthy_only=True tags=[] limit=500 count=2
2026-05-04 10:26:58,741 INFO pycloud_parallel.controlplane.infocenter_http [InfoCenter] GET /nodes healthy_only=True tags=[] limit=500 count=2
2026-05-04 10:26:58,742 INFO pycloud_parallel.controlplane.infocenter_http [InfoCenter] GET /nodes healthy_only=True tags=[] limit=500 count=2
2026-05-04 10:26:58,743 INFO pycloud_parallel.controlplane.infocenter_http [InfoCenter] GET /nodes healthy_only=True tags=[] limit=500 count=2
2026-05-04 10:26:58,744 INFO pycloud_parallel.controlplane.infocenter_http [InfoCenter] GET /nodes healthy_only=True tags=[] limit=500 count=2
2026-05-04 10:26:58,745 INFO pycloud_parallel.controlplane.infocenter_http [InfoCenter] GET /nodes healthy_only=True tags=[] limit=500 count=2
2026-05-04 10:26:58,746 INFO pycloud_parallel.controlplane.infocenter_http [InfoCenter] GET /nodes healthy_only=True tags=[] limit=500 count=2
2026-05-04 10:26:58,747 INFO pycloud_parallel.controlplane.infocenter_http [InfoCenter] GET /nodes healthy_only=True tags=[] limit=500 count=2
2026-05-04 10:26:58,748 INFO pycloud_parallel.controlplane.infocenter_http [InfoCenter] GET /nodes healthy_only=True tags=[] limit=500 count=2
2026-05-04 10:26:58,749 INFO pycloud_parallel.controlplane.infocenter_http [InfoCenter] GET /nodes healthy_only=True tags=[] limit=500 count=2
2026-05-04 10:26:58,750 INFO pycloud_parallel.controlplane.infocenter_http [InfoCenter] GET /nodes healthy_only=True tags=[] limit=500 count=2
2026-05-04 10:26:58,751 INFO pycloud_parallel.controlplane.infocenter_http [InfoCenter] GET /nodes healthy_only=True tags=[] limit=500 count=2
2026-05-04 10:26:58,752 INFO pycloud_parallel.controlplane.infocenter_http [InfoCenter] GET /nodes healthy_only=True tags=[] limit=500 count=2
2026-05-04 10:26:58,753 INFO pycloud_parallel.controlplane.infocenter_http [InfoCenter] GET /nodes healthy_only=True tags=[] limit=500 count=2
2026-05-04 10:26:58,754 INFO pycloud_parallel.controlplane.infocenter_http [InfoCenter] GET /nodes healthy_only=True tags=[] limit=500 count=2
2026-05-04 10:26:58,755 INFO pycloud_parallel.controlplane.infocenter_http [InfoCenter] GET /nodes healthy_only=True tags=[] limit=500 count=2
2026-05-04 10:26:58,756 INFO pycloud_parallel.controlplane.infocenter_http [InfoCenter] GET /nodes healthy_only=True tags=[] limit=500 count=2
2026-05-04 10:26:58,757 INFO pycloud_parallel.controlplane.infocenter_http [InfoCenter] GET /nodes healthy_only=True tags=[] limit=500 count=2
2026-05-04 10:26:58,758 INFO pycloud_parallel.controlplane.infocenter_http [InfoCenter] GET /nodes healthy_only=True tags=[] limit=500 count=2
2026-05-04 10:26:58,759 INFO pycloud_parallel.controlplane.infocenter_http [InfoCenter] GET /nodes healthy_only=True tags=[] limit=500 count=2
2026-05-04 10:26:58,760 INFO pycloud_parallel.controlplane.infocenter_http [InfoCenter] GET /nodes healthy_only=True tags=[] limit=500 count=2
2026-05-04 10:26:58,761 INFO pycloud_parallel.controlplane.infocenter_http [InfoCenter] GET /nodes healthy_only=True tags=[] limit=500 count=2
2026-05-04 10:26:58,762 INFO pycloud_parallel.controlplane.infocenter_http [InfoCenter] GET /nodes healthy_only=True tags=[] limit=500 count=2
2026-05-04 10:26:58,763 INFO pycloud_parallel.controlplane.infocenter_http [InfoCenter] GET /nodes healthy_only=True tags=[] limit=500 count=2
2026-05-04 10:26:58,764 INFO pycloud_parallel.controlplane.infocenter_http [InfoCenter] GET /nodes healthy_only=True tags=[] limit=500 count=2
2026-05-04 10:26:58,765 INFO pycloud_parallel.controlplane.infocenter_http [InfoCenter] GET /nodes healthy_only=True tags=[] limit=500 count=2
2026-05-04 10:26:58,766 INFO pycloud_parallel.controlplane.infocenter_http [InfoCenter] GET /nodes healthy_only=True tags=[] limit=500 count=2
2026-05-04 10:26:58,767 INFO pycloud_parallel.controlplane.infocenter_http [InfoCenter] GET /nodes healthy_only=True tags=[] limit=500 count=2
2026-05-04 10:26:58,768 INFO pycloud_parallel.controlplane.infocenter_http [InfoCenter] GET /nodes healthy_only=True tags=[] limit=500 count=2
2026-05-04 10:26:58,769 INFO pycloud_parallel.controlplane.infocenter_http [InfoCenter] GET /nodes healthy_only=True tags=[] limit=500 count=2
2026-05-04 10:26:58,770 INFO pycloud_parallel.controlplane.infocenter_http [InfoCenter] GET /nodes healthy_only=True tags=[] limit=500 count=2
2026-05-04 10:26:58,771 INFO pycloud_parallel.controlplane.infocenter_http [InfoCenter] GET /nodes healthy_only=True tags=[] limit=500 count=2
2026-05-04 10:26:58,772 INFO pycloud_parallel.controlplane.infocenter_http [InfoCenter] GET /nodes healthy_only=True tags=[] limit=500 count=2
2026-05-04 10:26:58,773 INFO pycloud_parallel.controlplane.infocenter_http [InfoCenter] GET /nodes healthy_only=True tags=[] limit=500 count=2
2026-05-04 10:26:58,774 INFO pycloud_parallel.controlplane.infocenter_http [InfoCenter] GET /nodes healthy_only=True tags=[] limit=500 count=2
2026-05-04 10:26:58,775 INFO pycloud_parallel.controlplane.infocenter_http [InfoCenter] GET /nodes healthy_only=True tags=[] limit=500 count=2
2026-05-04 10:26:58,776 INFO pycloud_parallel.controlplane.infocenter_http [InfoCenter] GET /nodes healthy_only=True tags=[] limit=500 count=2
2026-05-04 10:26:58,777 INFO pycloud_parallel.controlplane.infocenter_http [InfoCenter] GET /nodes healthy_only=True tags=[] limit=500 count=2
2026-05-04 10:26:58,778 INFO pycloud_parallel.controlplane.infocenter_http [InfoCenter] GET /nodes healthy_only=True tags=[] limit=500 count=2
2026-05-04 10:26:58,778 INFO pycloud_parallel.controlplane.infocenter_http [InfoCenter] GET /nodes healthy_only=True tags=[] limit=500 count=2
2026-05-04 10:26:58,779 INFO pycloud_parallel.controlplane.infocenter_http [InfoCenter] GET /nodes healthy_only=True tags=[] limit=500 count=2
2026-05-04 10:26:58,780 INFO pycloud_parallel.controlplane.infocenter_http [InfoCenter] GET /nodes healthy_only=True tags=[] limit=500 count=2
2026-05-04 10:26:58,781 INFO pycloud_parallel.controlplane.infocenter_http [InfoCenter] GET /nodes healthy_only=True tags=[] limit=500 count=2
2026-05-04 10:26:58,782 INFO pycloud_parallel.controlplane.infocenter_http [InfoCenter] GET /nodes healthy_only=True tags=[] limit=500 count=2
2026-05-04 10:26:58,783 INFO pycloud_parallel.controlplane.infocenter_http [InfoCenter] GET /nodes healthy_only=True tags=[] limit=500 count=2
2026-05-04 10:26:58,784 INFO pycloud_parallel.controlplane.infocenter_http [InfoCenter] GET /nodes healthy_only=True tags=[] limit=500 count=2
2026-05-04 10:26:58,785 INFO pycloud_parallel.controlplane.infocenter_http [InfoCenter] GET /nodes healthy_only=True tags=[] limit=500 count=2
2026-05-04 10:26:58,786 INFO pycloud_parallel.controlplane.infocenter_http [InfoCenter] GET /nodes healthy_only=True tags=[] limit=500 count=2
2026-05-04 10:26:58,787 INFO pycloud_parallel.controlplane.infocenter_http [InfoCenter] GET /nodes healthy_only=True tags=[] limit=500 count=2
2026-05-04 10:26:58,788 INFO pycloud_parallel.controlplane.infocenter_http [InfoCenter] GET /nodes healthy_only=True tags=[] limit=500 count=2
2026-05-04 10:26:58,789 INFO pycloud_parallel.controlplane.infocenter_http [InfoCenter] GET /nodes healthy_only=True tags=[] limit=500 count=2
2026-05-04 10:26:58,790 INFO pycloud_parallel.controlplane.infocenter_http [InfoCenter] GET /nodes healthy_only=True tags=[] limit=500 count=2
2026-05-04 10:26:58,791 INFO pycloud_parallel.controlplane.infocenter_http [InfoCenter] GET /nodes healthy_only=True tags=[] limit=500 count=2
2026-05-04 10:26:58,792 INFO pycloud_parallel.controlplane.infocenter_http [InfoCenter] GET /nodes healthy_only=True tags=[] limit=500 count=2
2026-05-04 10:26:58,793 INFO pycloud_parallel.controlplane.infocenter_http [InfoCenter] GET /nodes healthy_only=True tags=[] limit=500 count=2
2026-05-04 10:26:58,794 INFO pycloud_parallel.controlplane.infocenter_http [InfoCenter] GET /nodes healthy_only=True tags=[] limit=500 count=2
2026-05-04 10:26:58,795 INFO pycloud_parallel.controlplane.infocenter_http [InfoCenter] GET /nodes healthy_only=True tags=[] limit=500 count=2
2026-05-04 10:26:58,796 INFO pycloud_parallel.controlplane.infocenter_http [InfoCenter] GET /nodes healthy_only=True tags=[] limit=500 count=2
2026-05-04 10:26:58,797 INFO pycloud_parallel.controlplane.infocenter_http [InfoCenter] GET /nodes healthy_only=True tags=[] limit=500 count=2
2026-05-04 10:26:58,798 INFO pycloud_parallel.controlplane.infocenter_http [InfoCenter] GET /nodes healthy_only=True tags=[] limit=500 count=2
2026-05-04 10:26:58,799 INFO pycloud_parallel.controlplane.infocenter_http [InfoCenter] GET /nodes healthy_only=True tags=[] limit=500 count=2
2026-05-04 10:26:58,800 INFO pycloud_parallel.controlplane.infocenter_http [InfoCenter] GET /nodes healthy_only=True tags=[] limit=500 count=2
2026-05-04 10:26:58,801 INFO pycloud_parallel.controlplane.infocenter_http [InfoCenter] GET /nodes healthy_only=True tags=[] limit=500 count=2
2026-05-04 10:26:58,802 INFO pycloud_parallel.controlplane.infocenter_http [InfoCenter] GET /nodes healthy_only=True tags=[] limit=500 count=2
2026-05-04 10:26:58,803 INFO pycloud_parallel.controlplane.infocenter_http [InfoCenter] GET /nodes healthy_only=True tags=[] limit=500 count=2
2026-05-04 10:26:58,804 INFO pycloud_parallel.controlplane.infocenter_http [InfoCenter] GET /nodes healthy_only=True tags=[] limit=500 count=2
2026-05-04 10:26:58,805 INFO pycloud_parallel.controlplane.infocenter_http [InfoCenter] GET /nodes healthy_only=True tags=[] limit=500 count=2
2026-05-04 10:26:58,806 INFO pycloud_parallel.controlplane.infocenter_http [InfoCenter] GET /nodes healthy_only=True tags=[] limit=500 count=2
2026-05-04 10:26:58,807 INFO pycloud_parallel.controlplane.infocenter_http [InfoCenter] GET /nodes healthy_only=True tags=[] limit=500 count=2
2026-05-04 10:26:58,808 INFO pycloud_parallel.controlplane.infocenter_http [InfoCenter] GET /nodes healthy_only=True tags=[] limit=500 count=2
2026-05-04 10:26:58,809 INFO pycloud_parallel.controlplane.infocenter_http [InfoCenter] GET /nodes healthy_only=True tags=[] limit=500 count=2
2026-05-04 10:26:58,810 INFO pycloud_parallel.controlplane.infocenter_http [InfoCenter] GET /nodes healthy_only=True tags=[] limit=500 count=2
2026-05-04 10:26:58,811 INFO pycloud_parallel.controlplane.infocenter_http [InfoCenter] GET /nodes healthy_only=True tags=[] limit=500 count=2
2026-05-04 10:26:58,812 INFO pycloud_parallel.controlplane.infocenter_http [InfoCenter] GET /nodes healthy_only=True tags=[] limit=500 count=2
2026-05-04 10:26:58,813 INFO pycloud_parallel.controlplane.infocenter_http [InfoCenter] GET /nodes healthy_only=True tags=[] limit=500 count=2
2026-05-04 10:26:58,814 INFO pycloud_parallel.controlplane.infocenter_http [InfoCenter] GET /nodes healthy_only=True tags=[] limit=500 count=2
2026-05-04 10:26:58,815 INFO pycloud_parallel.controlplane.infocenter_http [InfoCenter] GET /nodes healthy_only=True tags=[] limit=500 count=2
2026-05-04 10:26:58,816 INFO pycloud_parallel.controlplane.infocenter_http [InfoCenter] GET /nodes healthy_only=True tags=[] limit=500 count=2
2026-05-04 10:26:58,817 INFO pycloud_parallel.controlplane.infocenter_http [InfoCenter] GET /nodes healthy_only=True tags=[] limit=500 count=2
2026-05-04 10:26:58,818 INFO pycloud_parallel.controlplane.infocenter_http [InfoCenter] GET /nodes healthy_only=True tags=[] limit=500 count=2
2026-05-04 10:26:58,819 INFO pycloud_parallel.controlplane.infocenter_http [InfoCenter] GET /nodes healthy_only=True tags=[] limit=500 count=2
2026-05-04 10:26:58,820 INFO pycloud_parallel.controlplane.infocenter_http [InfoCenter] GET /nodes healthy_only=True tags=[] limit=500 count=2
2026-05-04 10:26:58,822 INFO pycloud_parallel.controlplane.infocenter_http [InfoCenter] GET /nodes healthy_only=True tags=[] limit=500 count=2
2026-05-04 10:26:58,823 INFO pycloud_parallel.controlplane.infocenter_http [InfoCenter] GET /nodes healthy_only=True tags=[] limit=500 count=2
2026-05-04 10:26:58,824 INFO pycloud_parallel.controlplane.infocenter_http [InfoCenter] GET /nodes healthy_only=True tags=[] limit=500 count=2
2026-05-04 10:26:58,825 INFO pycloud_parallel.controlplane.infocenter_http [InfoCenter] GET /nodes healthy_only=True tags=[] limit=500 count=2
2026-05-04 10:26:58,826 INFO pycloud_parallel.controlplane.infocenter_http [InfoCenter] GET /nodes healthy_only=True tags=[] limit=500 count=2
2026-05-04 10:26:58,827 INFO pycloud_parallel.controlplane.infocenter_http [InfoCenter] GET /nodes healthy_only=True tags=[] limit=500 count=2
2026-05-04 10:26:58,828 INFO pycloud_parallel.controlplane.infocenter_http [InfoCenter] GET /nodes healthy_only=True tags=[] limit=500 count=2
2026-05-04 10:26:58,829 INFO pycloud_parallel.controlplane.infocenter_http [InfoCenter] GET /nodes healthy_only=True tags=[] limit=500 count=2
2026-05-04 10:26:58,830 INFO pycloud_parallel.controlplane.infocenter_http [InfoCenter] GET /nodes healthy_only=True tags=[] limit=500 count=2
2026-05-04 10:26:58,831 INFO pycloud_parallel.controlplane.infocenter_http [InfoCenter] GET /nodes healthy_only=True tags=[] limit=500 count=2
2026-05-04 10:26:58,832 INFO pycloud_parallel.controlplane.infocenter_http [InfoCenter] GET /nodes healthy_only=True tags=[] limit=500 count=2
2026-05-04 10:26:58,833 INFO pycloud_parallel.controlplane.infocenter_http [InfoCenter] GET /nodes healthy_only=True tags=[] limit=500 count=2
2026-05-04 10:26:58,834 INFO pycloud_parallel.controlplane.infocenter_http [InfoCenter] GET /nodes healthy_only=True tags=[] limit=500 count=2
2026-05-04 10:26:58,835 INFO pycloud_parallel.controlplane.infocenter_http [InfoCenter] GET /nodes healthy_only=True tags=[] limit=500 count=2
2026-05-04 10:26:58,836 INFO pycloud_parallel.controlplane.infocenter_http [InfoCenter] GET /nodes healthy_only=True tags=[] limit=500 count=2
2026-05-04 10:26:58,837 INFO pycloud_parallel.controlplane.infocenter_http [InfoCenter] GET /nodes healthy_only=True tags=[] limit=500 count=2
2026-05-04 10:26:58,838 INFO pycloud_parallel.controlplane.infocenter_http [InfoCenter] GET /nodes healthy_only=True tags=[] limit=500 count=2
2026-05-04 10:26:58,839 INFO pycloud_parallel.controlplane.infocenter_http [InfoCenter] GET /nodes healthy_only=True tags=[] limit=500 count=2
2026-05-04 10:26:58,840 INFO pycloud_parallel.controlplane.infocenter_http [InfoCenter] GET /nodes healthy_only=True tags=[] limit=500 count=2
2026-05-04 10:26:58,841 INFO pycloud_parallel.controlplane.infocenter_http [InfoCenter] GET /nodes healthy_only=True tags=[] limit=500 count=2
2026-05-04 10:26:58,842 INFO pycloud_parallel.controlplane.infocenter_http [InfoCenter] GET /nodes healthy_only=True tags=[] limit=500 count=2
2026-05-04 10:26:58,843 INFO pycloud_parallel.controlplane.infocenter_http [InfoCenter] GET /nodes healthy_only=True tags=[] limit=500 count=2
2026-05-04 10:26:58,844 INFO pycloud_parallel.controlplane.infocenter_http [InfoCenter] GET /nodes healthy_only=True tags=[] limit=500 count=2
2026-05-04 10:26:58,845 INFO pycloud_parallel.controlplane.infocenter_http [InfoCenter] GET /nodes healthy_only=True tags=[] limit=500 count=2
2026-05-04 10:26:58,846 INFO pycloud_parallel.controlplane.infocenter_http [InfoCenter] GET /nodes healthy_only=True tags=[] limit=500 count=2
2026-05-04 10:26:58,847 INFO pycloud_parallel.controlplane.infocenter_http [InfoCenter] GET /nodes healthy_only=True tags=[] limit=500 count=2
2026-05-04 10:26:58,848 INFO pycloud_parallel.controlplane.infocenter_http [InfoCenter] GET /nodes healthy_only=True tags=[] limit=500 count=2
2026-05-04 10:26:58,849 INFO pycloud_parallel.controlplane.infocenter_http [InfoCenter] GET /nodes healthy_only=True tags=[] limit=500 count=2
2026-05-04 10:26:58,850 INFO pycloud_parallel.controlplane.infocenter_http [InfoCenter] GET /nodes healthy_only=True tags=[] limit=500 count=2
2026-05-04 10:26:58,851 INFO pycloud_parallel.controlplane.infocenter_http [InfoCenter] GET /nodes healthy_only=True tags=[] limit=500 count=2
2026-05-04 10:26:58,852 INFO pycloud_parallel.controlplane.infocenter_http [InfoCenter] GET /nodes healthy_only=True tags=[] limit=500 count=2
2026-05-04 10:26:58,853 INFO pycloud_parallel.controlplane.infocenter_http [InfoCenter] GET /nodes healthy_only=True tags=[] limit=500 count=2
2026-05-04 10:26:58,854 INFO pycloud_parallel.controlplane.infocenter_http [InfoCenter] GET /nodes healthy_only=True tags=[] limit=500 count=2
2026-05-04 10:26:58,855 INFO pycloud_parallel.controlplane.infocenter_http [InfoCenter] GET /nodes healthy_only=True tags=[] limit=500 count=2
2026-05-04 10:26:58,856 INFO pycloud_parallel.controlplane.infocenter_http [InfoCenter] GET /nodes healthy_only=True tags=[] limit=500 count=2
2026-05-04 10:26:58,857 INFO pycloud_parallel.controlplane.infocenter_http [InfoCenter] GET /nodes healthy_only=True tags=[] limit=500 count=2
2026-05-04 10:26:58,858 INFO pycloud_parallel.controlplane.infocenter_http [InfoCenter] GET /nodes healthy_only=True tags=[] limit=500 count=2
2026-05-04 10:26:58,859 INFO pycloud_parallel.controlplane.infocenter_http [InfoCenter] GET /nodes healthy_only=True tags=[] limit=500 count=2
2026-05-04 10:26:58,860 INFO pycloud_parallel.controlplane.infocenter_http [InfoCenter] GET /nodes healthy_only=True tags=[] limit=500 count=2
2026-05-04 10:26:58,861 INFO pycloud_parallel.controlplane.infocenter_http [InfoCenter] GET /nodes healthy_only=True tags=[] limit=500 count=2
2026-05-04 10:26:58,862 INFO pycloud_parallel.controlplane.infocenter_http [InfoCenter] GET /nodes healthy_only=True tags=[] limit=500 count=2
2026-05-04 10:26:58,863 INFO pycloud_parallel.controlplane.infocenter_http [InfoCenter] GET /nodes healthy_only=True tags=[] limit=500 count=2
2026-05-04 10:26:58,864 INFO pycloud_parallel.controlplane.infocenter_http [InfoCenter] GET /nodes healthy_only=True tags=[] limit=500 count=2
2026-05-04 10:26:58,865 INFO pycloud_parallel.controlplane.infocenter_http [InfoCenter] GET /nodes healthy_only=True tags=[] limit=500 count=2
2026-05-04 10:26:58,866 INFO pycloud_parallel.controlplane.infocenter_http [InfoCenter] GET /nodes healthy_only=True tags=[] limit=500 count=2
2026-05-04 10:26:58,867 INFO pycloud_parallel.controlplane.infocenter_http [InfoCenter] GET /nodes healthy_only=True tags=[] limit=500 count=2
2026-05-04 10:26:58,868 INFO pycloud_parallel.controlplane.infocenter_http [InfoCenter] GET /nodes healthy_only=True tags=[] limit=500 count=2
2026-05-04 10:26:58,869 INFO pycloud_parallel.controlplane.infocenter_http [InfoCenter] GET /nodes healthy_only=True tags=[] limit=500 count=2
2026-05-04 10:26:58,870 INFO pycloud_parallel.controlplane.infocenter_http [InfoCenter] GET /nodes healthy_only=True tags=[] limit=500 count=2
2026-05-04 10:26:58,871 INFO pycloud_parallel.controlplane.infocenter_http [InfoCenter] GET /nodes healthy_only=True tags=[] limit=500 count=2
2026-05-04 10:26:58,872 INFO pycloud_parallel.controlplane.infocenter_http [InfoCenter] GET /nodes healthy_only=True tags=[] limit=500 count=2
2026-05-04 10:26:58,873 INFO pycloud_parallel.controlplane.infocenter_http [InfoCenter] GET /nodes healthy_only=True tags=[] limit=500 count=2
2026-05-04 10:26:58,874 INFO pycloud_parallel.controlplane.infocenter_http [InfoCenter] GET /nodes healthy_only=True tags=[] limit=500 count=2
2026-05-04 10:26:58,875 INFO pycloud_parallel.controlplane.infocenter_http [InfoCenter] GET /nodes healthy_only=True tags=[] limit=500 count=2
2026-05-04 10:26:58,876 INFO pycloud_parallel.controlplane.infocenter_http [InfoCenter] GET /nodes healthy_only=True tags=[] limit=500 count=2
2026-05-04 10:26:58,877 INFO pycloud_parallel.controlplane.infocenter_http [InfoCenter] GET /nodes healthy_only=True tags=[] limit=500 count=2
2026-05-04 10:26:58,878 INFO pycloud_parallel.controlplane.infocenter_http [InfoCenter] GET /nodes healthy_only=True tags=[] limit=500 count=2
2026-05-04 10:26:58,879 INFO pycloud_parallel.controlplane.infocenter_http [InfoCenter] GET /nodes healthy_only=True tags=[] limit=500 count=2
2026-05-04 10:26:58,880 INFO pycloud_parallel.controlplane.infocenter_http [InfoCenter] GET /nodes healthy_only=True tags=[] limit=500 count=2
2026-05-04 10:26:58,881 INFO pycloud_parallel.controlplane.infocenter_http [InfoCenter] GET /nodes healthy_only=True tags=[] limit=500 count=2
2026-05-04 10:26:58,882 INFO pycloud_parallel.controlplane.infocenter_http [InfoCenter] GET /nodes healthy_only=True tags=[] limit=500 count=2
2026-05-04 10:26:58,883 INFO pycloud_parallel.controlplane.infocenter_http [InfoCenter] GET /nodes healthy_only=True tags=[] limit=500 count=2
2026-05-04 10:26:58,883 INFO pycloud_parallel.controlplane.infocenter_http [InfoCenter] GET /nodes healthy_only=True tags=[] limit=500 count=2
2026-05-04 10:26:58,884 INFO pycloud_parallel.controlplane.infocenter_http [InfoCenter] GET /nodes healthy_only=True tags=[] limit=500 count=2
2026-05-04 10:26:58,885 INFO pycloud_parallel.controlplane.infocenter_http [InfoCenter] GET /nodes healthy_only=True tags=[] limit=500 count=2
2026-05-04 10:26:58,887 INFO pycloud_parallel.controlplane.infocenter_http [InfoCenter] GET /nodes healthy_only=True tags=[] limit=500 count=2
2026-05-04 10:26:58,888 INFO pycloud_parallel.controlplane.infocenter_http [InfoCenter] GET /nodes healthy_only=True tags=[] limit=500 count=2
2026-05-04 10:26:58,889 INFO pycloud_parallel.controlplane.infocenter_http [InfoCenter] GET /nodes healthy_only=True tags=[] limit=500 count=2
2026-05-04 10:26:58,890 INFO pycloud_parallel.controlplane.infocenter_http [InfoCenter] GET /nodes healthy_only=True tags=[] limit=500 count=2
2026-05-04 10:26:58,891 INFO pycloud_parallel.controlplane.infocenter_http [InfoCenter] GET /nodes healthy_only=True tags=[] limit=500 count=2
2026-05-04 10:26:58,892 INFO pycloud_parallel.controlplane.infocenter_http [InfoCenter] GET /nodes healthy_only=True tags=[] limit=500 count=2
2026-05-04 10:26:58,893 INFO pycloud_parallel.controlplane.infocenter_http [InfoCenter] GET /nodes healthy_only=True tags=[] limit=500 count=2
2026-05-04 10:26:58,895 INFO pycloud_parallel.controlplane.infocenter_http [InfoCenter] GET /nodes healthy_only=True tags=[] limit=500 count=2
2026-05-04 10:26:58,896 INFO pycloud_parallel.controlplane.infocenter_http [InfoCenter] GET /nodes healthy_only=True tags=[] limit=500 count=2
2026-05-04 10:26:58,897 INFO pycloud_parallel.controlplane.infocenter_http [InfoCenter] GET /nodes healthy_only=True tags=[] limit=500 count=2
2026-05-04 10:26:58,898 INFO pycloud_parallel.controlplane.infocenter_http [InfoCenter] GET /nodes healthy_only=True tags=[] limit=500 count=2
2026-05-04 10:26:58,899 INFO pycloud_parallel.controlplane.infocenter_http [InfoCenter] GET /nodes healthy_only=True tags=[] limit=500 count=2
2026-05-04 10:26:58,900 INFO pycloud_parallel.controlplane.infocenter_http [InfoCenter] GET /nodes healthy_only=True tags=[] limit=500 count=2
2026-05-04 10:26:58,901 INFO pycloud_parallel.controlplane.infocenter_http [InfoCenter] GET /nodes healthy_only=True tags=[] limit=500 count=2
2026-05-04 10:26:58,902 INFO pycloud_parallel.controlplane.infocenter_http [InfoCenter] GET /nodes healthy_only=True tags=[] limit=500 count=2
2026-05-04 10:26:58,903 INFO pycloud_parallel.controlplane.infocenter_http [InfoCenter] GET /nodes healthy_only=True tags=[] limit=500 count=2
2026-05-04 10:26:58,904 INFO pycloud_parallel.controlplane.infocenter_http [InfoCenter] GET /nodes healthy_only=True tags=[] limit=500 count=2
2026-05-04 10:26:58,905 INFO pycloud_parallel.controlplane.infocenter_http [InfoCenter] GET /nodes healthy_only=True tags=[] limit=500 count=2
2026-05-04 10:26:58,906 INFO pycloud_parallel.controlplane.infocenter_http [InfoCenter] GET /nodes healthy_only=True tags=[] limit=500 count=2
2026-05-04 10:26:58,907 INFO pycloud_parallel.controlplane.infocenter_http [InfoCenter] GET /nodes healthy_only=True tags=[] limit=500 count=2
2026-05-04 10:26:58,908 INFO pycloud_parallel.controlplane.infocenter_http [InfoCenter] GET /nodes healthy_only=True tags=[] limit=500 count=2
2026-05-04 10:26:58,909 INFO pycloud_parallel.controlplane.infocenter_http [InfoCenter] GET /nodes healthy_only=True tags=[] limit=500 count=2
2026-05-04 10:26:58,910 INFO pycloud_parallel.controlplane.infocenter_http [InfoCenter] GET /nodes healthy_only=True tags=[] limit=500 count=2
2026-05-04 10:26:58,911 INFO pycloud_parallel.controlplane.infocenter_http [InfoCenter] GET /nodes healthy_only=True tags=[] limit=500 count=2
2026-05-04 10:26:58,912 INFO pycloud_parallel.controlplane.infocenter_http [InfoCenter] GET /nodes healthy_only=True tags=[] limit=500 count=2
2026-05-04 10:26:58,913 INFO pycloud_parallel.controlplane.infocenter_http [InfoCenter] GET /nodes healthy_only=True tags=[] limit=500 count=2
2026-05-04 10:26:58,914 INFO pycloud_parallel.controlplane.infocenter_http [InfoCenter] GET /nodes healthy_only=True tags=[] limit=500 count=2
2026-05-04 10:26:58,915 INFO pycloud_parallel.controlplane.infocenter_http [InfoCenter] GET /nodes healthy_only=True tags=[] limit=500 count=2
2026-05-04 10:26:58,916 INFO pycloud_parallel.controlplane.infocenter_http [InfoCenter] GET /nodes healthy_only=True tags=[] limit=500 count=2
2026-05-04 10:26:58,917 INFO pycloud_parallel.controlplane.infocenter_http [InfoCenter] GET /nodes healthy_only=True tags=[] limit=500 count=2
2026-05-04 10:26:58,918 INFO pycloud_parallel.controlplane.infocenter_http [InfoCenter] GET /nodes healthy_only=True tags=[] limit=500 count=2
2026-05-04 10:26:58,919 INFO pycloud_parallel.controlplane.infocenter_http [InfoCenter] GET /nodes healthy_only=True tags=[] limit=500 count=2
2026-05-04 10:26:58,920 INFO pycloud_parallel.controlplane.infocenter_http [InfoCenter] GET /nodes healthy_only=True tags=[] limit=500 count=2
2026-05-04 10:26:58,921 INFO pycloud_parallel.controlplane.infocenter_http [InfoCenter] GET /nodes healthy_only=True tags=[] limit=500 count=2
2026-05-04 10:26:58,922 INFO pycloud_parallel.controlplane.infocenter_http [InfoCenter] GET /nodes healthy_only=True tags=[] limit=500 count=2
2026-05-04 10:26:58,923 INFO pycloud_parallel.controlplane.infocenter_http [InfoCenter] GET /nodes healthy_only=True tags=[] limit=500 count=2
2026-05-04 10:26:58,924 INFO pycloud_parallel.controlplane.infocenter_http [InfoCenter] GET /nodes healthy_only=True tags=[] limit=500 count=2
2026-05-04 10:26:58,925 INFO pycloud_parallel.controlplane.infocenter_http [InfoCenter] GET /nodes healthy_only=True tags=[] limit=500 count=2
2026-05-04 10:26:58,926 INFO pycloud_parallel.controlplane.infocenter_http [InfoCenter] GET /nodes healthy_only=True tags=[] limit=500 count=2
2026-05-04 10:26:58,927 INFO pycloud_parallel.controlplane.infocenter_http [InfoCenter] GET /nodes healthy_only=True tags=[] limit=500 count=2
2026-05-04 10:26:58,928 INFO pycloud_parallel.controlplane.infocenter_http [InfoCenter] GET /nodes healthy_only=True tags=[] limit=500 count=2
2026-05-04 10:26:58,929 INFO pycloud_parallel.controlplane.infocenter_http [InfoCenter] GET /nodes healthy_only=True tags=[] limit=500 count=2
2026-05-04 10:26:58,930 INFO pycloud_parallel.controlplane.infocenter_http [InfoCenter] GET /nodes healthy_only=True tags=[] limit=500 count=2
2026-05-04 10:26:58,931 INFO pycloud_parallel.controlplane.infocenter_http [InfoCenter] GET /nodes healthy_only=True tags=[] limit=500 count=2
2026-05-04 10:26:58,932 INFO pycloud_parallel.controlplane.infocenter_http [InfoCenter] GET /nodes healthy_only=True tags=[] limit=500 count=2
2026-05-04 10:26:58,933 INFO pycloud_parallel.controlplane.infocenter_http [InfoCenter] GET /nodes healthy_only=True tags=[] limit=500 count=2
2026-05-04 10:26:58,934 INFO pycloud_parallel.controlplane.infocenter_http [InfoCenter] GET /nodes healthy_only=True tags=[] limit=500 count=2
2026-05-04 10:26:58,935 INFO pycloud_parallel.controlplane.infocenter_http [InfoCenter] GET /nodes healthy_only=True tags=[] limit=500 count=2
2026-05-04 10:26:58,936 INFO pycloud_parallel.controlplane.infocenter_http [InfoCenter] GET /nodes healthy_only=True tags=[] limit=500 count=2
2026-05-04 10:26:58,937 INFO pycloud_parallel.controlplane.infocenter_http [InfoCenter] GET /nodes healthy_only=True tags=[] limit=500 count=2
2026-05-04 10:26:58,938 INFO pycloud_parallel.controlplane.infocenter_http [InfoCenter] GET /nodes healthy_only=True tags=[] limit=500 count=2
2026-05-04 10:26:58,939 INFO pycloud_parallel.controlplane.infocenter_http [InfoCenter] GET /nodes healthy_only=True tags=[] limit=500 count=2
2026-05-04 10:26:58,940 INFO pycloud_parallel.controlplane.infocenter_http [InfoCenter] GET /nodes healthy_only=True tags=[] limit=500 count=2
2026-05-04 10:26:58,941 INFO pycloud_parallel.controlplane.infocenter_http [InfoCenter] GET /nodes healthy_only=True tags=[] limit=500 count=2
2026-05-04 10:26:58,942 INFO pycloud_parallel.controlplane.infocenter_http [InfoCenter] GET /nodes healthy_only=True tags=[] limit=500 count=2
2026-05-04 10:26:58,943 INFO pycloud_parallel.controlplane.infocenter_http [InfoCenter] GET /nodes healthy_only=True tags=[] limit=500 count=2
2026-05-04 10:26:58,944 INFO pycloud_parallel.controlplane.infocenter_http [InfoCenter] GET /nodes healthy_only=True tags=[] limit=500 count=2
2026-05-04 10:26:58,945 INFO pycloud_parallel.controlplane.infocenter_http [InfoCenter] GET /nodes healthy_only=True tags=[] limit=500 count=2
2026-05-04 10:26:58,946 INFO pycloud_parallel.controlplane.infocenter_http [InfoCenter] GET /nodes healthy_only=True tags=[] limit=500 count=2
2026-05-04 10:26:58,947 INFO pycloud_parallel.controlplane.infocenter_http [InfoCenter] GET /nodes healthy_only=True tags=[] limit=500 count=2
2026-05-04 10:26:58,948 INFO pycloud_parallel.controlplane.infocenter_http [InfoCenter] GET /nodes healthy_only=True tags=[] limit=500 count=2
2026-05-04 10:26:58,949 INFO pycloud_parallel.controlplane.infocenter_http [InfoCenter] GET /nodes healthy_only=True tags=[] limit=500 count=2
2026-05-04 10:26:58,950 INFO pycloud_parallel.controlplane.infocenter_http [InfoCenter] GET /nodes healthy_only=True tags=[] limit=500 count=2
2026-05-04 10:26:58,951 INFO pycloud_parallel.controlplane.infocenter_http [InfoCenter] GET /nodes healthy_only=True tags=[] limit=500 count=2
2026-05-04 10:26:58,952 INFO pycloud_parallel.controlplane.infocenter_http [InfoCenter] GET /nodes healthy_only=True tags=[] limit=500 count=2
2026-05-04 10:26:58,953 INFO pycloud_parallel.controlplane.infocenter_http [InfoCenter] GET /nodes healthy_only=True tags=[] limit=500 count=2
2026-05-04 10:26:58,954 INFO pycloud_parallel.controlplane.infocenter_http [InfoCenter] GET /nodes healthy_only=True tags=[] limit=500 count=2
2026-05-04 10:26:58,955 INFO pycloud_parallel.controlplane.infocenter_http [InfoCenter] GET /nodes healthy_only=True tags=[] limit=500 count=2
2026-05-04 10:26:58,956 INFO pycloud_parallel.controlplane.infocenter_http [InfoCenter] GET /nodes healthy_only=True tags=[] limit=500 count=2
2026-05-04 10:26:58,957 INFO pycloud_parallel.controlplane.infocenter_http [InfoCenter] GET /nodes healthy_only=True tags=[] limit=500 count=2
2026-05-04 10:26:58,958 INFO pycloud_parallel.controlplane.infocenter_http [InfoCenter] GET /nodes healthy_only=True tags=[] limit=500 count=2
2026-05-04 10:26:58,959 INFO pycloud_parallel.controlplane.infocenter_http [InfoCenter] GET /nodes healthy_only=True tags=[] limit=500 count=2
2026-05-04 10:26:58,960 INFO pycloud_parallel.controlplane.infocenter_http [InfoCenter] GET /nodes healthy_only=True tags=[] limit=500 count=2
2026-05-04 10:26:58,961 INFO pycloud_parallel.controlplane.infocenter_http [InfoCenter] GET /nodes healthy_only=True tags=[] limit=500 count=2
2026-05-04 10:26:58,962 INFO pycloud_parallel.controlplane.infocenter_http [InfoCenter] GET /nodes healthy_only=True tags=[] limit=500 count=2
2026-05-04 10:26:58,963 INFO pycloud_parallel.controlplane.infocenter_http [InfoCenter] GET /nodes healthy_only=True tags=[] limit=500 count=2
2026-05-04 10:26:58,964 INFO pycloud_parallel.controlplane.infocenter_http [InfoCenter] GET /nodes healthy_only=True tags=[] limit=500 count=2
2026-05-04 10:26:58,965 INFO pycloud_parallel.controlplane.infocenter_http [InfoCenter] GET /nodes healthy_only=True tags=[] limit=500 count=2
2026-05-04 10:26:58,966 INFO pycloud_parallel.controlplane.infocenter_http [InfoCenter] GET /nodes healthy_only=True tags=[] limit=500 count=2
2026-05-04 10:26:58,967 INFO pycloud_parallel.controlplane.infocenter_http [InfoCenter] GET /nodes healthy_only=True tags=[] limit=500 count=2
2026-05-04 10:26:58,968 INFO pycloud_parallel.controlplane.infocenter_http [InfoCenter] GET /nodes healthy_only=True tags=[] limit=500 count=2
2026-05-04 10:26:58,969 INFO pycloud_parallel.controlplane.infocenter_http [InfoCenter] GET /nodes healthy_only=True tags=[] limit=500 count=2
2026-05-04 10:26:58,970 INFO pycloud_parallel.controlplane.infocenter_http [InfoCenter] GET /nodes healthy_only=True tags=[] limit=500 count=2
2026-05-04 10:26:58,971 INFO pycloud_parallel.controlplane.infocenter_http [InfoCenter] GET /nodes healthy_only=True tags=[] limit=500 count=2
2026-05-04 10:26:58,972 INFO pycloud_parallel.controlplane.infocenter_http [InfoCenter] GET /nodes healthy_only=True tags=[] limit=500 count=2
2026-05-04 10:26:58,973 INFO pycloud_parallel.controlplane.infocenter_http [InfoCenter] GET /nodes healthy_only=True tags=[] limit=500 count=2
2026-05-04 10:26:58,974 INFO pycloud_parallel.controlplane.infocenter_http [InfoCenter] GET /nodes healthy_only=True tags=[] limit=500 count=2
2026-05-04 10:26:58,975 INFO pycloud_parallel.controlplane.infocenter_http [InfoCenter] GET /nodes healthy_only=True tags=[] limit=500 count=2
2026-05-04 10:26:58,976 INFO pycloud_parallel.controlplane.infocenter_http [InfoCenter] GET /nodes healthy_only=True tags=[] limit=500 count=2
2026-05-04 10:26:58,977 INFO pycloud_parallel.controlplane.infocenter_http [InfoCenter] GET /nodes healthy_only=True tags=[] limit=500 count=2
2026-05-04 10:26:58,978 INFO pycloud_parallel.controlplane.infocenter_http [InfoCenter] GET /nodes healthy_only=True tags=[] limit=500 count=2
2026-05-04 10:26:58,979 INFO pycloud_parallel.controlplane.infocenter_http [InfoCenter] GET /nodes healthy_only=True tags=[] limit=500 count=2
2026-05-04 10:26:58,980 INFO pycloud_parallel.controlplane.infocenter_http [InfoCenter] GET /nodes healthy_only=True tags=[] limit=500 count=2
2026-05-04 10:26:58,981 INFO pycloud_parallel.controlplane.infocenter_http [InfoCenter] GET /nodes healthy_only=True tags=[] limit=500 count=2
2026-05-04 10:26:58,982 INFO pycloud_parallel.controlplane.infocenter_http [InfoCenter] GET /nodes healthy_only=True tags=[] limit=500 count=2
2026-05-04 10:26:58,983 INFO pycloud_parallel.controlplane.infocenter_http [InfoCenter] GET /nodes healthy_only=True tags=[] limit=500 count=2
2026-05-04 10:26:58,984 INFO pycloud_parallel.controlplane.infocenter_http [InfoCenter] GET /nodes healthy_only=True tags=[] limit=500 count=2
2026-05-04 10:26:58,985 INFO pycloud_parallel.controlplane.infocenter_http [InfoCenter] GET /nodes healthy_only=True tags=[] limit=500 count=2
2026-05-04 10:26:58,985 INFO pycloud_parallel.controlplane.infocenter_http [InfoCenter] GET /nodes healthy_only=True tags=[] limit=500 count=2
2026-05-04 10:26:58,986 INFO pycloud_parallel.controlplane.infocenter_http [InfoCenter] GET /nodes healthy_only=True tags=[] limit=500 count=2
2026-05-04 10:26:58,987 INFO pycloud_parallel.controlplane.infocenter_http [InfoCenter] GET /nodes healthy_only=True tags=[] limit=500 count=2
2026-05-04 10:26:58,988 INFO pycloud_parallel.controlplane.infocenter_http [InfoCenter] GET /nodes healthy_only=True tags=[] limit=500 count=2
2026-05-04 10:26:58,989 INFO pycloud_parallel.controlplane.infocenter_http [InfoCenter] GET /nodes healthy_only=True tags=[] limit=500 count=2
2026-05-04 10:26:58,991 INFO pycloud_parallel.controlplane.infocenter_http [InfoCenter] GET /nodes healthy_only=True tags=[] limit=500 count=2
2026-05-04 10:26:58,992 INFO pycloud_parallel.controlplane.infocenter_http [InfoCenter] GET /nodes healthy_only=True tags=[] limit=500 count=2
2026-05-04 10:26:58,993 INFO pycloud_parallel.controlplane.infocenter_http [InfoCenter] GET /nodes healthy_only=True tags=[] limit=500 count=2
2026-05-04 10:26:58,994 INFO pycloud_parallel.controlplane.infocenter_http [InfoCenter] GET /nodes healthy_only=True tags=[] limit=500 count=2
2026-05-04 10:26:58,995 INFO pycloud_parallel.controlplane.infocenter_http [InfoCenter] GET /nodes healthy_only=True tags=[] limit=500 count=2
2026-05-04 10:26:58,996 INFO pycloud_parallel.controlplane.infocenter_http [InfoCenter] GET /nodes healthy_only=True tags=[] limit=500 count=2
2026-05-04 10:26:58,997 INFO pycloud_parallel.controlplane.infocenter_http [InfoCenter] GET /nodes healthy_only=True tags=[] limit=500 count=2
2026-05-04 10:26:58,998 INFO pycloud_parallel.controlplane.infocenter_http [InfoCenter] GET /nodes healthy_only=True tags=[] limit=500 count=2
2026-05-04 10:26:58,999 INFO pycloud_parallel.controlplane.infocenter_http [InfoCenter] GET /nodes healthy_only=True tags=[] limit=500 count=2
2026-05-04 10:26:58,999 INFO pycloud_parallel.controlplane.infocenter_http [InfoCenter] GET /nodes healthy_only=True tags=[] limit=500 count=2
2026-05-04 10:26:59,000 INFO pycloud_parallel.controlplane.infocenter_http [InfoCenter] GET /nodes healthy_only=True tags=[] limit=500 count=2
2026-05-04 10:26:59,001 INFO pycloud_parallel.controlplane.infocenter_http [InfoCenter] GET /nodes healthy_only=True tags=[] limit=500 count=2
2026-05-04 10:26:59,002 INFO pycloud_parallel.controlplane.infocenter_http [InfoCenter] GET /nodes healthy_only=True tags=[] limit=500 count=2
2026-05-04 10:26:59,003 INFO pycloud_parallel.controlplane.infocenter_http [InfoCenter] GET /nodes healthy_only=True tags=[] limit=500 count=2
2026-05-04 10:26:59,005 INFO pycloud_parallel.controlplane.infocenter_http [InfoCenter] GET /nodes healthy_only=True tags=[] limit=500 count=2
2026-05-04 10:26:59,006 INFO pycloud_parallel.controlplane.infocenter_http [InfoCenter] GET /nodes healthy_only=True tags=[] limit=500 count=2
2026-05-04 10:26:59,006 INFO pycloud_parallel.controlplane.infocenter_http [InfoCenter] GET /nodes healthy_only=True tags=[] limit=500 count=2
2026-05-04 10:26:59,007 INFO pycloud_parallel.controlplane.infocenter_http [InfoCenter] GET /nodes healthy_only=True tags=[] limit=500 count=2
2026-05-04 10:26:59,008 INFO pycloud_parallel.controlplane.infocenter_http [InfoCenter] GET /nodes healthy_only=True tags=[] limit=500 count=2
2026-05-04 10:26:59,009 INFO pycloud_parallel.controlplane.infocenter_http [InfoCenter] GET /nodes healthy_only=True tags=[] limit=500 count=2
2026-05-04 10:26:59,010 INFO pycloud_parallel.controlplane.infocenter_http [InfoCenter] GET /nodes healthy_only=True tags=[] limit=500 count=2
2026-05-04 10:26:59,011 INFO pycloud_parallel.controlplane.infocenter_http [InfoCenter] GET /nodes healthy_only=True tags=[] limit=500 count=2
2026-05-04 10:26:59,012 INFO pycloud_parallel.controlplane.infocenter_http [InfoCenter] GET /nodes healthy_only=True tags=[] limit=500 count=2
2026-05-04 10:26:59,013 INFO pycloud_parallel.controlplane.infocenter_http [InfoCenter] GET /nodes healthy_only=True tags=[] limit=500 count=2
2026-05-04 10:26:59,014 INFO pycloud_parallel.controlplane.infocenter_http [InfoCenter] GET /nodes healthy_only=True tags=[] limit=500 count=2
2026-05-04 10:26:59,015 INFO pycloud_parallel.controlplane.infocenter_http [InfoCenter] GET /nodes healthy_only=True tags=[] limit=500 count=2
2026-05-04 10:26:59,016 INFO pycloud_parallel.controlplane.infocenter_http [InfoCenter] GET /nodes healthy_only=True tags=[] limit=500 count=2
2026-05-04 10:26:59,017 INFO pycloud_parallel.controlplane.infocenter_http [InfoCenter] GET /nodes healthy_only=True tags=[] limit=500 count=2
2026-05-04 10:26:59,018 INFO pycloud_parallel.controlplane.infocenter_http [InfoCenter] GET /nodes healthy_only=True tags=[] limit=500 count=2
2026-05-04 10:26:59,019 INFO pycloud_parallel.controlplane.infocenter_http [InfoCenter] GET /nodes healthy_only=True tags=[] limit=500 count=2
2026-05-04 10:26:59,020 INFO pycloud_parallel.controlplane.infocenter_http [InfoCenter] GET /nodes healthy_only=True tags=[] limit=500 count=2
2026-05-04 10:26:59,021 INFO pycloud_parallel.controlplane.infocenter_http [InfoCenter] GET /nodes healthy_only=True tags=[] limit=500 count=2
2026-05-04 10:26:59,022 INFO pycloud_parallel.controlplane.infocenter_http [InfoCenter] GET /nodes healthy_only=True tags=[] limit=500 count=2
2026-05-04 10:26:59,023 INFO pycloud_parallel.controlplane.infocenter_http [InfoCenter] GET /nodes healthy_only=True tags=[] limit=500 count=2
2026-05-04 10:26:59,024 INFO pycloud_parallel.controlplane.infocenter_http [InfoCenter] GET /nodes healthy_only=True tags=[] limit=500 count=2
2026-05-04 10:26:59,025 INFO pycloud_parallel.controlplane.infocenter_http [InfoCenter] GET /nodes healthy_only=True tags=[] limit=500 count=2
2026-05-04 10:26:59,026 INFO pycloud_parallel.controlplane.infocenter_http [InfoCenter] GET /nodes healthy_only=True tags=[] limit=500 count=2
2026-05-04 10:26:59,027 INFO pycloud_parallel.controlplane.infocenter_http [InfoCenter] GET /nodes healthy_only=True tags=[] limit=500 count=2
2026-05-04 10:26:59,028 INFO pycloud_parallel.controlplane.infocenter_http [InfoCenter] GET /nodes healthy_only=True tags=[] limit=500 count=2
2026-05-04 10:26:59,029 INFO pycloud_parallel.controlplane.infocenter_http [InfoCenter] GET /nodes healthy_only=True tags=[] limit=500 count=2
2026-05-04 10:26:59,030 INFO pycloud_parallel.controlplane.infocenter_http [InfoCenter] GET /nodes healthy_only=True tags=[] limit=500 count=2
2026-05-04 10:26:59,031 INFO pycloud_parallel.controlplane.infocenter_http [InfoCenter] GET /nodes healthy_only=True tags=[] limit=500 count=2
2026-05-04 10:26:59,032 INFO pycloud_parallel.controlplane.infocenter_http [InfoCenter] GET /nodes healthy_only=True tags=[] limit=500 count=2
2026-05-04 10:26:59,033 INFO pycloud_parallel.controlplane.infocenter_http [InfoCenter] GET /nodes healthy_only=True tags=[] limit=500 count=2
2026-05-04 10:26:59,034 INFO pycloud_parallel.controlplane.infocenter_http [InfoCenter] GET /nodes healthy_only=True tags=[] limit=500 count=2
2026-05-04 10:26:59,035 INFO pycloud_parallel.controlplane.infocenter_http [InfoCenter] GET /nodes healthy_only=True tags=[] limit=500 count=2
2026-05-04 10:26:59,036 INFO pycloud_parallel.controlplane.infocenter_http [InfoCenter] GET /nodes healthy_only=True tags=[] limit=500 count=2
2026-05-04 10:26:59,037 INFO pycloud_parallel.controlplane.infocenter_http [InfoCenter] GET /nodes healthy_only=True tags=[] limit=500 count=2
2026-05-04 10:26:59,038 INFO pycloud_parallel.controlplane.infocenter_http [InfoCenter] GET /nodes healthy_only=True tags=[] limit=500 count=2
2026-05-04 10:26:59,039 INFO pycloud_parallel.controlplane.infocenter_http [InfoCenter] GET /nodes healthy_only=True tags=[] limit=500 count=2
2026-05-04 10:26:59,041 INFO pycloud_parallel.controlplane.infocenter_http [InfoCenter] GET /nodes healthy_only=True tags=[] limit=500 count=2
2026-05-04 10:26:59,042 INFO pycloud_parallel.controlplane.infocenter_http [InfoCenter] GET /nodes healthy_only=True tags=[] limit=500 count=2
2026-05-04 10:26:59,043 INFO pycloud_parallel.controlplane.infocenter_http [InfoCenter] GET /nodes healthy_only=True tags=[] limit=500 count=2
2026-05-04 10:26:59,044 INFO pycloud_parallel.controlplane.infocenter_http [InfoCenter] GET /nodes healthy_only=True tags=[] limit=500 count=2
2026-05-04 10:26:59,045 INFO pycloud_parallel.controlplane.infocenter_http [InfoCenter] GET /nodes healthy_only=True tags=[] limit=500 count=2
2026-05-04 10:26:59,046 INFO pycloud_parallel.controlplane.infocenter_http [InfoCenter] GET /nodes healthy_only=True tags=[] limit=500 count=2
2026-05-04 10:26:59,047 INFO pycloud_parallel.controlplane.infocenter_http [InfoCenter] GET /nodes healthy_only=True tags=[] limit=500 count=2
2026-05-04 10:26:59,048 INFO pycloud_parallel.controlplane.infocenter_http [InfoCenter] GET /nodes healthy_only=True tags=[] limit=500 count=2
2026-05-04 10:26:59,048 INFO pycloud_parallel.controlplane.infocenter_http [InfoCenter] GET /nodes healthy_only=True tags=[] limit=500 count=2
2026-05-04 10:26:59,049 INFO pycloud_parallel.controlplane.infocenter_http [InfoCenter] GET /nodes healthy_only=True tags=[] limit=500 count=2
2026-05-04 10:26:59,050 INFO pycloud_parallel.controlplane.infocenter_http [InfoCenter] GET /nodes healthy_only=True tags=[] limit=500 count=2
2026-05-04 10:26:59,051 INFO pycloud_parallel.controlplane.infocenter_http [InfoCenter] GET /nodes healthy_only=True tags=[] limit=500 count=2
2026-05-04 10:26:59,052 INFO pycloud_parallel.controlplane.infocenter_http [InfoCenter] GET /nodes healthy_only=True tags=[] limit=500 count=2
2026-05-04 10:26:59,053 INFO pycloud_parallel.controlplane.infocenter_http [InfoCenter] GET /nodes healthy_only=True tags=[] limit=500 count=2
2026-05-04 10:26:59,054 INFO pycloud_parallel.controlplane.infocenter_http [InfoCenter] GET /nodes healthy_only=True tags=[] limit=500 count=2
2026-05-04 10:26:59,055 INFO pycloud_parallel.controlplane.infocenter_http [InfoCenter] GET /nodes healthy_only=True tags=[] limit=500 count=2
2026-05-04 10:26:59,056 INFO pycloud_parallel.controlplane.infocenter_http [InfoCenter] GET /nodes healthy_only=True tags=[] limit=500 count=2
2026-05-04 10:26:59,057 INFO pycloud_parallel.controlplane.infocenter_http [InfoCenter] GET /nodes healthy_only=True tags=[] limit=500 count=2
2026-05-04 10:26:59,058 INFO pycloud_parallel.controlplane.infocenter_http [InfoCenter] GET /nodes healthy_only=True tags=[] limit=500 count=2
2026-05-04 10:26:59,059 INFO pycloud_parallel.controlplane.infocenter_http [InfoCenter] GET /nodes healthy_only=True tags=[] limit=500 count=2
2026-05-04 10:26:59,060 INFO pycloud_parallel.controlplane.infocenter_http [InfoCenter] GET /nodes healthy_only=True tags=[] limit=500 count=2
2026-05-04 10:26:59,061 INFO pycloud_parallel.controlplane.infocenter_http [InfoCenter] GET /nodes healthy_only=True tags=[] limit=500 count=2
2026-05-04 10:26:59,062 INFO pycloud_parallel.controlplane.infocenter_http [InfoCenter] GET /nodes healthy_only=True tags=[] limit=500 count=2
2026-05-04 10:26:59,063 INFO pycloud_parallel.controlplane.infocenter_http [InfoCenter] GET /nodes healthy_only=True tags=[] limit=500 count=2
2026-05-04 10:26:59,064 INFO pycloud_parallel.controlplane.infocenter_http [InfoCenter] GET /nodes healthy_only=True tags=[] limit=500 count=2
2026-05-04 10:26:59,065 INFO pycloud_parallel.controlplane.infocenter_http [InfoCenter] GET /nodes healthy_only=True tags=[] limit=500 count=2
2026-05-04 10:26:59,066 INFO pycloud_parallel.controlplane.infocenter_http [InfoCenter] GET /nodes healthy_only=True tags=[] limit=500 count=2
2026-05-04 10:26:59,067 INFO pycloud_parallel.controlplane.infocenter_http [InfoCenter] GET /nodes healthy_only=True tags=[] limit=500 count=2
2026-05-04 10:26:59,068 INFO pycloud_parallel.controlplane.infocenter_http [InfoCenter] GET /nodes healthy_only=True tags=[] limit=500 count=2
2026-05-04 10:26:59,073 INFO pycloud_parallel.controlplane.infocenter_http [InfoCenter] GET /nodes healthy_only=True tags=[] limit=500 count=2
2026-05-04 10:26:59,074 INFO pycloud_parallel.controlplane.infocenter_http [InfoCenter] GET /nodes healthy_only=True tags=[] limit=500 count=2
2026-05-04 10:26:59,075 INFO pycloud_parallel.controlplane.infocenter_http [InfoCenter] GET /nodes healthy_only=True tags=[] limit=500 count=2
2026-05-04 10:26:59,076 INFO pycloud_parallel.controlplane.infocenter_http [InfoCenter] GET /nodes healthy_only=True tags=[] limit=500 count=2
2026-05-04 10:26:59,077 INFO pycloud_parallel.controlplane.infocenter_http [InfoCenter] GET /nodes healthy_only=True tags=[] limit=500 count=2
2026-05-04 10:26:59,078 INFO pycloud_parallel.controlplane.infocenter_http [InfoCenter] GET /nodes healthy_only=True tags=[] limit=500 count=2
2026-05-04 10:26:59,079 INFO pycloud_parallel.controlplane.infocenter_http [InfoCenter] GET /nodes healthy_only=True tags=[] limit=500 count=2
2026-05-04 10:26:59,080 INFO pycloud_parallel.controlplane.infocenter_http [InfoCenter] GET /nodes healthy_only=True tags=[] limit=500 count=2
2026-05-04 10:26:59,081 INFO pycloud_parallel.controlplane.infocenter_http [InfoCenter] GET /nodes healthy_only=True tags=[] limit=500 count=2
2026-05-04 10:26:59,082 INFO pycloud_parallel.controlplane.infocenter_http [InfoCenter] GET /nodes healthy_only=True tags=[] limit=500 count=2
2026-05-04 10:26:59,083 INFO pycloud_parallel.controlplane.infocenter_http [InfoCenter] GET /nodes healthy_only=True tags=[] limit=500 count=2
2026-05-04 10:26:59,084 INFO pycloud_parallel.controlplane.infocenter_http [InfoCenter] GET /nodes healthy_only=True tags=[] limit=500 count=2
2026-05-04 10:26:59,085 INFO pycloud_parallel.controlplane.infocenter_http [InfoCenter] GET /nodes healthy_only=True tags=[] limit=500 count=2
2026-05-04 10:26:59,086 INFO pycloud_parallel.controlplane.infocenter_http [InfoCenter] GET /nodes healthy_only=True tags=[] limit=500 count=2
2026-05-04 10:26:59,087 INFO pycloud_parallel.controlplane.infocenter_http [InfoCenter] GET /nodes healthy_only=True tags=[] limit=500 count=2
2026-05-04 10:26:59,088 INFO pycloud_parallel.controlplane.infocenter_http [InfoCenter] GET /nodes healthy_only=True tags=[] limit=500 count=2
2026-05-04 10:26:59,090 INFO pycloud_parallel.controlplane.infocenter_http [InfoCenter] GET /nodes healthy_only=True tags=[] limit=500 count=2
2026-05-04 10:26:59,090 INFO pycloud_parallel.controlplane.infocenter_http [InfoCenter] GET /nodes healthy_only=True tags=[] limit=500 count=2
2026-05-04 10:26:59,091 INFO pycloud_parallel.controlplane.infocenter_http [InfoCenter] GET /nodes healthy_only=True tags=[] limit=500 count=2
2026-05-04 10:26:59,092 INFO pycloud_parallel.controlplane.infocenter_http [InfoCenter] GET /nodes healthy_only=True tags=[] limit=500 count=2
2026-05-04 10:26:59,093 INFO pycloud_parallel.controlplane.infocenter_http [InfoCenter] GET /nodes healthy_only=True tags=[] limit=500 count=2
2026-05-04 10:26:59,094 INFO pycloud_parallel.controlplane.infocenter_http [InfoCenter] GET /nodes healthy_only=True tags=[] limit=500 count=2
2026-05-04 10:26:59,095 INFO pycloud_parallel.controlplane.infocenter_http [InfoCenter] GET /nodes healthy_only=True tags=[] limit=500 count=2
2026-05-04 10:26:59,096 INFO pycloud_parallel.controlplane.infocenter_http [InfoCenter] GET /nodes healthy_only=True tags=[] limit=500 count=2
2026-05-04 10:26:59,098 INFO pycloud_parallel.controlplane.infocenter_http [InfoCenter] GET /nodes healthy_only=True tags=[] limit=500 count=2
2026-05-04 10:26:59,099 INFO pycloud_parallel.controlplane.infocenter_http [InfoCenter] GET /nodes healthy_only=True tags=[] limit=500 count=2
2026-05-04 10:26:59,100 INFO pycloud_parallel.controlplane.infocenter_http [InfoCenter] GET /nodes healthy_only=True tags=[] limit=500 count=2
2026-05-04 10:26:59,101 INFO pycloud_parallel.controlplane.infocenter_http [InfoCenter] GET /nodes healthy_only=True tags=[] limit=500 count=2
2026-05-04 10:26:59,102 INFO pycloud_parallel.controlplane.infocenter_http [InfoCenter] GET /nodes healthy_only=True tags=[] limit=500 count=2
2026-05-04 10:26:59,103 INFO pycloud_parallel.controlplane.infocenter_http [InfoCenter] GET /nodes healthy_only=True tags=[] limit=500 count=2
2026-05-04 10:26:59,104 INFO pycloud_parallel.controlplane.infocenter_http [InfoCenter] GET /nodes healthy_only=True tags=[] limit=500 count=2
2026-05-04 10:26:59,105 INFO pycloud_parallel.controlplane.infocenter_http [InfoCenter] GET /nodes healthy_only=True tags=[] limit=500 count=2
2026-05-04 10:26:59,106 INFO pycloud_parallel.controlplane.infocenter_http [InfoCenter] GET /nodes healthy_only=True tags=[] limit=500 count=2
2026-05-04 10:26:59,107 INFO pycloud_parallel.controlplane.infocenter_http [InfoCenter] GET /nodes healthy_only=True tags=[] limit=500 count=2
2026-05-04 10:26:59,108 INFO pycloud_parallel.controlplane.infocenter_http [InfoCenter] GET /nodes healthy_only=True tags=[] limit=500 count=2
2026-05-04 10:26:59,109 INFO pycloud_parallel.controlplane.infocenter_http [InfoCenter] GET /nodes healthy_only=True tags=[] limit=500 count=2
2026-05-04 10:26:59,110 INFO pycloud_parallel.controlplane.infocenter_http [InfoCenter] GET /nodes healthy_only=True tags=[] limit=500 count=2
2026-05-04 10:26:59,111 INFO pycloud_parallel.controlplane.infocenter_http [InfoCenter] GET /nodes healthy_only=True tags=[] limit=500 count=2
2026-05-04 10:26:59,112 INFO pycloud_parallel.controlplane.infocenter_http [InfoCenter] GET /nodes healthy_only=True tags=[] limit=500 count=2
2026-05-04 10:26:59,113 INFO pycloud_parallel.controlplane.infocenter_http [InfoCenter] GET /nodes healthy_only=True tags=[] limit=500 count=2
2026-05-04 10:26:59,114 INFO pycloud_parallel.controlplane.infocenter_http [InfoCenter] GET /nodes healthy_only=True tags=[] limit=500 count=2
2026-05-04 10:26:59,115 INFO pycloud_parallel.controlplane.infocenter_http [InfoCenter] GET /nodes healthy_only=True tags=[] limit=500 count=2
2026-05-04 10:26:59,116 INFO pycloud_parallel.controlplane.infocenter_http [InfoCenter] GET /nodes healthy_only=True tags=[] limit=500 count=2
2026-05-04 10:26:59,117 INFO pycloud_parallel.controlplane.infocenter_http [InfoCenter] GET /nodes healthy_only=True tags=[] limit=500 count=2
2026-05-04 10:26:59,118 INFO pycloud_parallel.controlplane.infocenter_http [InfoCenter] GET /nodes healthy_only=True tags=[] limit=500 count=2
2026-05-04 10:26:59,119 INFO pycloud_parallel.controlplane.infocenter_http [InfoCenter] GET /nodes healthy_only=True tags=[] limit=500 count=2
2026-05-04 10:26:59,120 INFO pycloud_parallel.controlplane.infocenter_http [InfoCenter] GET /nodes healthy_only=True tags=[] limit=500 count=2
2026-05-04 10:26:59,121 INFO pycloud_parallel.controlplane.infocenter_http [InfoCenter] GET /nodes healthy_only=True tags=[] limit=500 count=2
2026-05-04 10:26:59,122 INFO pycloud_parallel.controlplane.infocenter_http [InfoCenter] GET /nodes healthy_only=True tags=[] limit=500 count=2
2026-05-04 10:26:59,123 INFO pycloud_parallel.controlplane.infocenter_http [InfoCenter] GET /nodes healthy_only=True tags=[] limit=500 count=2
2026-05-04 10:26:59,124 INFO pycloud_parallel.controlplane.infocenter_http [InfoCenter] GET /nodes healthy_only=True tags=[] limit=500 count=2
2026-05-04 10:26:59,125 INFO pycloud_parallel.controlplane.infocenter_http [InfoCenter] GET /nodes healthy_only=True tags=[] limit=500 count=2
2026-05-04 10:26:59,126 INFO pycloud_parallel.controlplane.infocenter_http [InfoCenter] GET /nodes healthy_only=True tags=[] limit=500 count=2
2026-05-04 10:26:59,127 INFO pycloud_parallel.controlplane.infocenter_http [InfoCenter] GET /nodes healthy_only=True tags=[] limit=500 count=2
2026-05-04 10:26:59,128 INFO pycloud_parallel.controlplane.infocenter_http [InfoCenter] GET /nodes healthy_only=True tags=[] limit=500 count=2
2026-05-04 10:26:59,129 INFO pycloud_parallel.controlplane.infocenter_http [InfoCenter] GET /nodes healthy_only=True tags=[] limit=500 count=2
2026-05-04 10:26:59,130 INFO pycloud_parallel.controlplane.infocenter_http [InfoCenter] GET /nodes healthy_only=True tags=[] limit=500 count=2
2026-05-04 10:26:59,131 INFO pycloud_parallel.controlplane.infocenter_http [InfoCenter] GET /nodes healthy_only=True tags=[] limit=500 count=2
2026-05-04 10:26:59,132 INFO pycloud_parallel.controlplane.infocenter_http [InfoCenter] GET /nodes healthy_only=True tags=[] limit=500 count=2
2026-05-04 10:26:59,133 INFO pycloud_parallel.controlplane.infocenter_http [InfoCenter] GET /nodes healthy_only=True tags=[] limit=500 count=2
2026-05-04 10:26:59,134 INFO pycloud_parallel.controlplane.infocenter_http [InfoCenter] GET /nodes healthy_only=True tags=[] limit=500 count=2
2026-05-04 10:26:59,135 INFO pycloud_parallel.controlplane.infocenter_http [InfoCenter] GET /nodes healthy_only=True tags=[] limit=500 count=2
2026-05-04 10:26:59,136 INFO pycloud_parallel.controlplane.infocenter_http [InfoCenter] GET /nodes healthy_only=True tags=[] limit=500 count=2
2026-05-04 10:26:59,137 INFO pycloud_parallel.controlplane.infocenter_http [InfoCenter] GET /nodes healthy_only=True tags=[] limit=500 count=2
2026-05-04 10:26:59,138 INFO pycloud_parallel.controlplane.infocenter_http [InfoCenter] GET /nodes healthy_only=True tags=[] limit=500 count=2
2026-05-04 10:26:59,139 INFO pycloud_parallel.controlplane.infocenter_http [InfoCenter] GET /nodes healthy_only=True tags=[] limit=500 count=2
2026-05-04 10:26:59,140 INFO pycloud_parallel.controlplane.infocenter_http [InfoCenter] GET /nodes healthy_only=True tags=[] limit=500 count=2
2026-05-04 10:26:59,141 INFO pycloud_parallel.controlplane.infocenter_http [InfoCenter] GET /nodes healthy_only=True tags=[] limit=500 count=2
2026-05-04 10:26:59,142 INFO pycloud_parallel.controlplane.infocenter_http [InfoCenter] GET /nodes healthy_only=True tags=[] limit=500 count=2
2026-05-04 10:26:59,143 INFO pycloud_parallel.controlplane.infocenter_http [InfoCenter] GET /nodes healthy_only=True tags=[] limit=500 count=2
2026-05-04 10:26:59,144 INFO pycloud_parallel.controlplane.infocenter_http [InfoCenter] GET /nodes healthy_only=True tags=[] limit=500 count=2
2026-05-04 10:26:59,146 INFO pycloud_parallel.controlplane.infocenter_http [InfoCenter] GET /nodes healthy_only=True tags=[] limit=500 count=2
2026-05-04 10:26:59,147 INFO pycloud_parallel.controlplane.infocenter_http [InfoCenter] GET /nodes healthy_only=True tags=[] limit=500 count=2
2026-05-04 10:26:59,148 INFO pycloud_parallel.controlplane.infocenter_http [InfoCenter] GET /nodes healthy_only=True tags=[] limit=500 count=2
2026-05-04 10:26:59,149 INFO pycloud_parallel.controlplane.infocenter_http [InfoCenter] GET /nodes healthy_only=True tags=[] limit=500 count=2
2026-05-04 10:26:59,150 INFO pycloud_parallel.controlplane.infocenter_http [InfoCenter] GET /nodes healthy_only=True tags=[] limit=500 count=2
2026-05-04 10:26:59,151 INFO pycloud_parallel.controlplane.infocenter_http [InfoCenter] GET /nodes healthy_only=True tags=[] limit=500 count=2
2026-05-04 10:26:59,152 INFO pycloud_parallel.controlplane.infocenter_http [InfoCenter] GET /nodes healthy_only=True tags=[] limit=500 count=2
2026-05-04 10:26:59,153 INFO pycloud_parallel.controlplane.infocenter_http [InfoCenter] GET /nodes healthy_only=True tags=[] limit=500 count=2
2026-05-04 10:26:59,154 INFO pycloud_parallel.controlplane.infocenter_http [InfoCenter] GET /nodes healthy_only=True tags=[] limit=500 count=2
2026-05-04 10:26:59,155 INFO pycloud_parallel.controlplane.infocenter_http [InfoCenter] GET /nodes healthy_only=True tags=[] limit=500 count=2
2026-05-04 10:26:59,156 INFO pycloud_parallel.controlplane.infocenter_http [InfoCenter] GET /nodes healthy_only=True tags=[] limit=500 count=2
2026-05-04 10:26:59,157 INFO pycloud_parallel.controlplane.infocenter_http [InfoCenter] GET /nodes healthy_only=True tags=[] limit=500 count=2
2026-05-04 10:26:59,159 INFO pycloud_parallel.controlplane.infocenter_http [InfoCenter] GET /nodes healthy_only=True tags=[] limit=500 count=2
2026-05-04 10:26:59,160 INFO pycloud_parallel.controlplane.infocenter_http [InfoCenter] GET /nodes healthy_only=True tags=[] limit=500 count=2
2026-05-04 10:26:59,161 INFO pycloud_parallel.controlplane.infocenter_http [InfoCenter] GET /nodes healthy_only=True tags=[] limit=500 count=2
2026-05-04 10:26:59,162 INFO pycloud_parallel.controlplane.infocenter_http [InfoCenter] GET /nodes healthy_only=True tags=[] limit=500 count=2
2026-05-04 10:26:59,163 INFO pycloud_parallel.controlplane.infocenter_http [InfoCenter] GET /nodes healthy_only=True tags=[] limit=500 count=2
2026-05-04 10:26:59,164 INFO pycloud_parallel.controlplane.infocenter_http [InfoCenter] GET /nodes healthy_only=True tags=[] limit=500 count=2
2026-05-04 10:26:59,165 INFO pycloud_parallel.controlplane.infocenter_http [InfoCenter] GET /nodes healthy_only=True tags=[] limit=500 count=2
2026-05-04 10:26:59,166 INFO pycloud_parallel.controlplane.infocenter_http [InfoCenter] GET /nodes healthy_only=True tags=[] limit=500 count=2
2026-05-04 10:26:59,167 INFO pycloud_parallel.controlplane.infocenter_http [InfoCenter] GET /nodes healthy_only=True tags=[] limit=500 count=2
2026-05-04 10:26:59,168 INFO pycloud_parallel.controlplane.infocenter_http [InfoCenter] GET /nodes healthy_only=True tags=[] limit=500 count=2
2026-05-04 10:26:59,169 INFO pycloud_parallel.controlplane.infocenter_http [InfoCenter] GET /nodes healthy_only=True tags=[] limit=500 count=2
2026-05-04 10:26:59,170 INFO pycloud_parallel.controlplane.infocenter_http [InfoCenter] GET /nodes healthy_only=True tags=[] limit=500 count=2
2026-05-04 10:26:59,171 INFO pycloud_parallel.controlplane.infocenter_http [InfoCenter] GET /nodes healthy_only=True tags=[] limit=500 count=2
2026-05-04 10:26:59,172 INFO pycloud_parallel.controlplane.infocenter_http [InfoCenter] GET /nodes healthy_only=True tags=[] limit=500 count=2
2026-05-04 10:26:59,173 INFO pycloud_parallel.controlplane.infocenter_http [InfoCenter] GET /nodes healthy_only=True tags=[] limit=500 count=2
2026-05-04 10:26:59,174 INFO pycloud_parallel.controlplane.infocenter_http [InfoCenter] GET /nodes healthy_only=True tags=[] limit=500 count=2
2026-05-04 10:26:59,175 INFO pycloud_parallel.controlplane.infocenter_http [InfoCenter] GET /nodes healthy_only=True tags=[] limit=500 count=2
2026-05-04 10:26:59,177 INFO pycloud_parallel.controlplane.infocenter_http [InfoCenter] GET /nodes healthy_only=True tags=[] limit=500 count=2
2026-05-04 10:26:59,178 INFO pycloud_parallel.controlplane.infocenter_http [InfoCenter] GET /nodes healthy_only=True tags=[] limit=500 count=2
2026-05-04 10:26:59,179 INFO pycloud_parallel.controlplane.infocenter_http [InfoCenter] GET /nodes healthy_only=True tags=[] limit=500 count=2
2026-05-04 10:26:59,180 INFO pycloud_parallel.controlplane.infocenter_http [InfoCenter] GET /nodes healthy_only=True tags=[] limit=500 count=2
2026-05-04 10:26:59,181 INFO pycloud_parallel.controlplane.infocenter_http [InfoCenter] GET /nodes healthy_only=True tags=[] limit=500 count=2
2026-05-04 10:26:59,182 INFO pycloud_parallel.controlplane.infocenter_http [InfoCenter] GET /nodes healthy_only=True tags=[] limit=500 count=2
2026-05-04 10:26:59,183 INFO pycloud_parallel.controlplane.infocenter_http [InfoCenter] GET /nodes healthy_only=True tags=[] limit=500 count=2
2026-05-04 10:26:59,184 INFO pycloud_parallel.controlplane.infocenter_http [InfoCenter] GET /nodes healthy_only=True tags=[] limit=500 count=2
2026-05-04 10:26:59,185 INFO pycloud_parallel.controlplane.infocenter_http [InfoCenter] GET /nodes healthy_only=True tags=[] limit=500 count=2
2026-05-04 10:26:59,186 INFO pycloud_parallel.controlplane.infocenter_http [InfoCenter] GET /nodes healthy_only=True tags=[] limit=500 count=2
2026-05-04 10:26:59,187 INFO pycloud_parallel.controlplane.infocenter_http [InfoCenter] GET /nodes healthy_only=True tags=[] limit=500 count=2
2026-05-04 10:26:59,188 INFO pycloud_parallel.controlplane.infocenter_http [InfoCenter] GET /nodes healthy_only=True tags=[] limit=500 count=2
2026-05-04 10:26:59,189 INFO pycloud_parallel.controlplane.infocenter_http [InfoCenter] GET /nodes healthy_only=True tags=[] limit=500 count=2
2026-05-04 10:26:59,190 INFO pycloud_parallel.controlplane.infocenter_http [InfoCenter] GET /nodes healthy_only=True tags=[] limit=500 count=2
2026-05-04 10:26:59,191 INFO pycloud_parallel.controlplane.infocenter_http [InfoCenter] GET /nodes healthy_only=True tags=[] limit=500 count=2
2026-05-04 10:26:59,192 INFO pycloud_parallel.controlplane.infocenter_http [InfoCenter] GET /nodes healthy_only=True tags=[] limit=500 count=2
2026-05-04 10:26:59,194 INFO pycloud_parallel.controlplane.infocenter_http [InfoCenter] GET /nodes healthy_only=True tags=[] limit=500 count=2
2026-05-04 10:26:59,195 INFO pycloud_parallel.controlplane.infocenter_http [InfoCenter] GET /nodes healthy_only=True tags=[] limit=500 count=2
2026-05-04 10:26:59,196 INFO pycloud_parallel.controlplane.infocenter_http [InfoCenter] GET /nodes healthy_only=True tags=[] limit=500 count=2
2026-05-04 10:26:59,197 INFO pycloud_parallel.controlplane.infocenter_http [InfoCenter] GET /nodes healthy_only=True tags=[] limit=500 count=2
2026-05-04 10:26:59,198 INFO pycloud_parallel.controlplane.infocenter_http [InfoCenter] GET /nodes healthy_only=True tags=[] limit=500 count=2
2026-05-04 10:26:59,199 INFO pycloud_parallel.controlplane.infocenter_http [InfoCenter] GET /nodes healthy_only=True tags=[] limit=500 count=2
2026-05-04 10:26:59,200 INFO pycloud_parallel.controlplane.infocenter_http [InfoCenter] GET /nodes healthy_only=True tags=[] limit=500 count=2
2026-05-04 10:26:59,201 INFO pycloud_parallel.controlplane.infocenter_http [InfoCenter] GET /nodes healthy_only=True tags=[] limit=500 count=2
2026-05-04 10:26:59,202 INFO pycloud_parallel.controlplane.infocenter_http [InfoCenter] GET /nodes healthy_only=True tags=[] limit=500 count=2
2026-05-04 10:26:59,203 INFO pycloud_parallel.controlplane.infocenter_http [InfoCenter] GET /nodes healthy_only=True tags=[] limit=500 count=2
2026-05-04 10:26:59,204 INFO pycloud_parallel.controlplane.infocenter_http [InfoCenter] GET /nodes healthy_only=True tags=[] limit=500 count=2
2026-05-04 10:26:59,205 INFO pycloud_parallel.controlplane.infocenter_http [InfoCenter] GET /nodes healthy_only=True tags=[] limit=500 count=2
2026-05-04 10:26:59,206 INFO pycloud_parallel.controlplane.infocenter_http [InfoCenter] GET /nodes healthy_only=True tags=[] limit=500 count=2
2026-05-04 10:26:59,207 INFO pycloud_parallel.controlplane.infocenter_http [InfoCenter] GET /nodes healthy_only=True tags=[] limit=500 count=2
2026-05-04 10:26:59,208 INFO pycloud_parallel.controlplane.infocenter_http [InfoCenter] GET /nodes healthy_only=True tags=[] limit=500 count=2
2026-05-04 10:26:59,209 INFO pycloud_parallel.controlplane.infocenter_http [InfoCenter] GET /nodes healthy_only=True tags=[] limit=500 count=2
2026-05-04 10:26:59,210 INFO pycloud_parallel.controlplane.infocenter_http [InfoCenter] GET /nodes healthy_only=True tags=[] limit=500 count=2
2026-05-04 10:26:59,211 INFO pycloud_parallel.controlplane.infocenter_http [InfoCenter] GET /nodes healthy_only=True tags=[] limit=500 count=2
2026-05-04 10:26:59,212 INFO pycloud_parallel.controlplane.infocenter_http [InfoCenter] GET /nodes healthy_only=True tags=[] limit=500 count=2
2026-05-04 10:26:59,213 INFO pycloud_parallel.controlplane.infocenter_http [InfoCenter] GET /nodes healthy_only=True tags=[] limit=500 count=2
2026-05-04 10:26:59,214 INFO pycloud_parallel.controlplane.infocenter_http [InfoCenter] GET /nodes healthy_only=True tags=[] limit=500 count=2
2026-05-04 10:26:59,215 INFO pycloud_parallel.controlplane.infocenter_http [InfoCenter] GET /nodes healthy_only=True tags=[] limit=500 count=2
2026-05-04 10:26:59,216 INFO pycloud_parallel.controlplane.infocenter_http [InfoCenter] GET /nodes healthy_only=True tags=[] limit=500 count=2
2026-05-04 10:26:59,217 INFO pycloud_parallel.controlplane.infocenter_http [InfoCenter] GET /nodes healthy_only=True tags=[] limit=500 count=2
2026-05-04 10:26:59,218 INFO pycloud_parallel.controlplane.infocenter_http [InfoCenter] GET /nodes healthy_only=True tags=[] limit=500 count=2
2026-05-04 10:26:59,219 INFO pycloud_parallel.controlplane.infocenter_http [InfoCenter] GET /nodes healthy_only=True tags=[] limit=500 count=2
2026-05-04 10:26:59,220 INFO pycloud_parallel.controlplane.infocenter_http [InfoCenter] GET /nodes healthy_only=True tags=[] limit=500 count=2
2026-05-04 10:26:59,221 INFO pycloud_parallel.controlplane.infocenter_http [InfoCenter] GET /nodes healthy_only=True tags=[] limit=500 count=2
2026-05-04 10:26:59,222 INFO pycloud_parallel.controlplane.infocenter_http [InfoCenter] GET /nodes healthy_only=True tags=[] limit=500 count=2
2026-05-04 10:26:59,223 INFO pycloud_parallel.controlplane.infocenter_http [InfoCenter] GET /nodes healthy_only=True tags=[] limit=500 count=2
2026-05-04 10:26:59,224 INFO pycloud_parallel.controlplane.infocenter_http [InfoCenter] GET /nodes healthy_only=True tags=[] limit=500 count=2
2026-05-04 10:26:59,225 INFO pycloud_parallel.controlplane.infocenter_http [InfoCenter] GET /nodes healthy_only=True tags=[] limit=500 count=2
2026-05-04 10:26:59,226 INFO pycloud_parallel.controlplane.infocenter_http [InfoCenter] GET /nodes healthy_only=True tags=[] limit=500 count=2
2026-05-04 10:26:59,227 INFO pycloud_parallel.controlplane.infocenter_http [InfoCenter] GET /nodes healthy_only=True tags=[] limit=500 count=2
2026-05-04 10:26:59,228 INFO pycloud_parallel.controlplane.infocenter_http [InfoCenter] GET /nodes healthy_only=True tags=[] limit=500 count=2
2026-05-04 10:26:59,229 INFO pycloud_parallel.controlplane.infocenter_http [InfoCenter] GET /nodes healthy_only=True tags=[] limit=500 count=2
2026-05-04 10:26:59,230 INFO pycloud_parallel.controlplane.infocenter_http [InfoCenter] GET /nodes healthy_only=True tags=[] limit=500 count=2
2026-05-04 10:26:59,231 INFO pycloud_parallel.controlplane.infocenter_http [InfoCenter] GET /nodes healthy_only=True tags=[] limit=500 count=2
2026-05-04 10:26:59,232 INFO pycloud_parallel.controlplane.infocenter_http [InfoCenter] GET /nodes healthy_only=True tags=[] limit=500 count=2
2026-05-04 10:26:59,233 INFO pycloud_parallel.controlplane.infocenter_http [InfoCenter] GET /nodes healthy_only=True tags=[] limit=500 count=2
2026-05-04 10:26:59,234 INFO pycloud_parallel.controlplane.infocenter_http [InfoCenter] GET /nodes healthy_only=True tags=[] limit=500 count=2
2026-05-04 10:26:59,235 INFO pycloud_parallel.controlplane.infocenter_http [InfoCenter] GET /nodes healthy_only=True tags=[] limit=500 count=2
2026-05-04 10:26:59,236 INFO pycloud_parallel.controlplane.infocenter_http [InfoCenter] GET /nodes healthy_only=True tags=[] limit=500 count=2
2026-05-04 10:26:59,237 INFO pycloud_parallel.controlplane.infocenter_http [InfoCenter] GET /nodes healthy_only=True tags=[] limit=500 count=2
2026-05-04 10:26:59,238 INFO pycloud_parallel.controlplane.infocenter_http [InfoCenter] GET /nodes healthy_only=True tags=[] limit=500 count=2
2026-05-04 10:26:59,239 INFO pycloud_parallel.controlplane.infocenter_http [InfoCenter] GET /nodes healthy_only=True tags=[] limit=500 count=2
2026-05-04 10:26:59,240 INFO pycloud_parallel.controlplane.infocenter_http [InfoCenter] GET /nodes healthy_only=True tags=[] limit=500 count=2
2026-05-04 10:26:59,241 INFO pycloud_parallel.controlplane.infocenter_http [InfoCenter] GET /nodes healthy_only=True tags=[] limit=500 count=2
2026-05-04 10:26:59,242 INFO pycloud_parallel.controlplane.infocenter_http [InfoCenter] GET /nodes healthy_only=True tags=[] limit=500 count=2
2026-05-04 10:26:59,243 INFO pycloud_parallel.controlplane.infocenter_http [InfoCenter] GET /nodes healthy_only=True tags=[] limit=500 count=2
2026-05-04 10:26:59,244 INFO pycloud_parallel.controlplane.infocenter_http [InfoCenter] GET /nodes healthy_only=True tags=[] limit=500 count=2
2026-05-04 10:26:59,245 INFO pycloud_parallel.controlplane.infocenter_http [InfoCenter] GET /nodes healthy_only=True tags=[] limit=500 count=2
2026-05-04 10:26:59,246 INFO pycloud_parallel.controlplane.infocenter_http [InfoCenter] GET /nodes healthy_only=True tags=[] limit=500 count=2
2026-05-04 10:26:59,247 INFO pycloud_parallel.controlplane.infocenter_http [InfoCenter] GET /nodes healthy_only=True tags=[] limit=500 count=2
2026-05-04 10:26:59,248 INFO pycloud_parallel.controlplane.infocenter_http [InfoCenter] GET /nodes healthy_only=True tags=[] limit=500 count=2
2026-05-04 10:26:59,249 INFO pycloud_parallel.controlplane.infocenter_http [InfoCenter] GET /nodes healthy_only=True tags=[] limit=500 count=2
2026-05-04 10:26:59,250 INFO pycloud_parallel.controlplane.infocenter_http [InfoCenter] GET /nodes healthy_only=True tags=[] limit=500 count=2
2026-05-04 10:26:59,251 INFO pycloud_parallel.controlplane.infocenter_http [InfoCenter] GET /nodes healthy_only=True tags=[] limit=500 count=2
2026-05-04 10:26:59,253 INFO pycloud_parallel.controlplane.infocenter_http [InfoCenter] GET /nodes healthy_only=True tags=[] limit=500 count=2
2026-05-04 10:26:59,254 INFO pycloud_parallel.controlplane.infocenter_http [InfoCenter] GET /nodes healthy_only=True tags=[] limit=500 count=2
2026-05-04 10:26:59,255 INFO pycloud_parallel.controlplane.infocenter_http [InfoCenter] GET /nodes healthy_only=True tags=[] limit=500 count=2
2026-05-04 10:26:59,256 INFO pycloud_parallel.controlplane.infocenter_http [InfoCenter] GET /nodes healthy_only=True tags=[] limit=500 count=2
2026-05-04 10:26:59,257 INFO pycloud_parallel.controlplane.infocenter_http [InfoCenter] GET /nodes healthy_only=True tags=[] limit=500 count=2
2026-05-04 10:26:59,258 INFO pycloud_parallel.controlplane.infocenter_http [InfoCenter] GET /nodes healthy_only=True tags=[] limit=500 count=2
2026-05-04 10:26:59,259 INFO pycloud_parallel.controlplane.infocenter_http [InfoCenter] GET /nodes healthy_only=True tags=[] limit=500 count=2
2026-05-04 10:26:59,260 INFO pycloud_parallel.controlplane.infocenter_http [InfoCenter] GET /nodes healthy_only=True tags=[] limit=500 count=2
2026-05-04 10:26:59,261 INFO pycloud_parallel.controlplane.infocenter_http [InfoCenter] GET /nodes healthy_only=True tags=[] limit=500 count=2
2026-05-04 10:26:59,262 INFO pycloud_parallel.controlplane.infocenter_http [InfoCenter] GET /nodes healthy_only=True tags=[] limit=500 count=2
2026-05-04 10:26:59,263 INFO pycloud_parallel.controlplane.infocenter_http [InfoCenter] GET /nodes healthy_only=True tags=[] limit=500 count=2
2026-05-04 10:26:59,264 INFO pycloud_parallel.controlplane.infocenter_http [InfoCenter] GET /nodes healthy_only=True tags=[] limit=500 count=2
2026-05-04 10:26:59,265 INFO pycloud_parallel.controlplane.infocenter_http [InfoCenter] GET /nodes healthy_only=True tags=[] limit=500 count=2
2026-05-04 10:26:59,267 INFO pycloud_parallel.controlplane.infocenter_http [InfoCenter] GET /nodes healthy_only=True tags=[] limit=500 count=2
2026-05-04 10:26:59,268 INFO pycloud_parallel.controlplane.infocenter_http [InfoCenter] GET /nodes healthy_only=True tags=[] limit=500 count=2
2026-05-04 10:26:59,269 INFO pycloud_parallel.controlplane.infocenter_http [InfoCenter] GET /nodes healthy_only=True tags=[] limit=500 count=2
2026-05-04 10:26:59,270 INFO pycloud_parallel.controlplane.infocenter_http [InfoCenter] GET /nodes healthy_only=True tags=[] limit=500 count=2
2026-05-04 10:26:59,271 INFO pycloud_parallel.controlplane.infocenter_http [InfoCenter] GET /nodes healthy_only=True tags=[] limit=500 count=2
2026-05-04 10:26:59,272 INFO pycloud_parallel.controlplane.infocenter_http [InfoCenter] GET /nodes healthy_only=True tags=[] limit=500 count=2
2026-05-04 10:26:59,273 INFO pycloud_parallel.controlplane.infocenter_http [InfoCenter] GET /nodes healthy_only=True tags=[] limit=500 count=2
2026-05-04 10:26:59,274 INFO pycloud_parallel.controlplane.infocenter_http [InfoCenter] GET /nodes healthy_only=True tags=[] limit=500 count=2
2026-05-04 10:26:59,275 INFO pycloud_parallel.controlplane.infocenter_http [InfoCenter] GET /nodes healthy_only=True tags=[] limit=500 count=2
2026-05-04 10:26:59,276 INFO pycloud_parallel.controlplane.infocenter_http [InfoCenter] GET /nodes healthy_only=True tags=[] limit=500 count=2
2026-05-04 10:26:59,277 INFO pycloud_parallel.controlplane.infocenter_http [InfoCenter] GET /nodes healthy_only=True tags=[] limit=500 count=2
2026-05-04 10:26:59,278 INFO pycloud_parallel.controlplane.infocenter_http [InfoCenter] GET /nodes healthy_only=True tags=[] limit=500 count=2
2026-05-04 10:26:59,279 INFO pycloud_parallel.controlplane.infocenter_http [InfoCenter] GET /nodes healthy_only=True tags=[] limit=500 count=2
2026-05-04 10:26:59,280 INFO pycloud_parallel.controlplane.infocenter_http [InfoCenter] GET /nodes healthy_only=True tags=[] limit=500 count=2
2026-05-04 10:26:59,281 INFO pycloud_parallel.controlplane.infocenter_http [InfoCenter] GET /nodes healthy_only=True tags=[] limit=500 count=2
2026-05-04 10:26:59,282 INFO pycloud_parallel.controlplane.infocenter_http [InfoCenter] GET /nodes healthy_only=True tags=[] limit=500 count=2
2026-05-04 10:26:59,283 INFO pycloud_parallel.controlplane.infocenter_http [InfoCenter] GET /nodes healthy_only=True tags=[] limit=500 count=2
2026-05-04 10:26:59,285 INFO pycloud_parallel.controlplane.infocenter_http [InfoCenter] GET /nodes healthy_only=True tags=[] limit=500 count=2
2026-05-04 10:26:59,286 INFO pycloud_parallel.controlplane.infocenter_http [InfoCenter] GET /nodes healthy_only=True tags=[] limit=500 count=2
2026-05-04 10:26:59,287 INFO pycloud_parallel.controlplane.infocenter_http [InfoCenter] GET /nodes healthy_only=True tags=[] limit=500 count=2
2026-05-04 10:26:59,288 INFO pycloud_parallel.controlplane.infocenter_http [InfoCenter] GET /nodes healthy_only=True tags=[] limit=500 count=2
2026-05-04 10:26:59,289 INFO pycloud_parallel.controlplane.infocenter_http [InfoCenter] GET /nodes healthy_only=True tags=[] limit=500 count=2
2026-05-04 10:26:59,290 INFO pycloud_parallel.controlplane.infocenter_http [InfoCenter] GET /nodes healthy_only=True tags=[] limit=500 count=2
2026-05-04 10:26:59,291 INFO pycloud_parallel.controlplane.infocenter_http [InfoCenter] GET /nodes healthy_only=True tags=[] limit=500 count=2
2026-05-04 10:26:59,292 INFO pycloud_parallel.controlplane.infocenter_http [InfoCenter] GET /nodes healthy_only=True tags=[] limit=500 count=2
2026-05-04 10:26:59,293 INFO pycloud_parallel.controlplane.infocenter_http [InfoCenter] GET /nodes healthy_only=True tags=[] limit=500 count=2
2026-05-04 10:26:59,294 INFO pycloud_parallel.controlplane.infocenter_http [InfoCenter] GET /nodes healthy_only=True tags=[] limit=500 count=2
2026-05-04 10:26:59,296 INFO pycloud_parallel.controlplane.infocenter_http [InfoCenter] GET /nodes healthy_only=True tags=[] limit=500 count=2
2026-05-04 10:26:59,297 INFO pycloud_parallel.controlplane.infocenter_http [InfoCenter] GET /nodes healthy_only=True tags=[] limit=500 count=2
2026-05-04 10:26:59,298 INFO pycloud_parallel.controlplane.infocenter_http [InfoCenter] GET /nodes healthy_only=True tags=[] limit=500 count=2
2026-05-04 10:26:59,299 INFO pycloud_parallel.controlplane.infocenter_http [InfoCenter] GET /nodes healthy_only=True tags=[] limit=500 count=2
2026-05-04 10:26:59,300 INFO pycloud_parallel.controlplane.infocenter_http [InfoCenter] GET /nodes healthy_only=True tags=[] limit=500 count=2
2026-05-04 10:26:59,301 INFO pycloud_parallel.controlplane.infocenter_http [InfoCenter] GET /nodes healthy_only=True tags=[] limit=500 count=2
2026-05-04 10:26:59,302 INFO pycloud_parallel.controlplane.infocenter_http [InfoCenter] GET /nodes healthy_only=True tags=[] limit=500 count=2
2026-05-04 10:26:59,303 INFO pycloud_parallel.controlplane.infocenter_http [InfoCenter] GET /nodes healthy_only=True tags=[] limit=500 count=2
2026-05-04 10:26:59,304 INFO pycloud_parallel.controlplane.infocenter_http [InfoCenter] GET /nodes healthy_only=True tags=[] limit=500 count=2
2026-05-04 10:26:59,305 INFO pycloud_parallel.controlplane.infocenter_http [InfoCenter] GET /nodes healthy_only=True tags=[] limit=500 count=2
2026-05-04 10:26:59,306 INFO pycloud_parallel.controlplane.infocenter_http [InfoCenter] GET /nodes healthy_only=True tags=[] limit=500 count=2
2026-05-04 10:26:59,307 INFO pycloud_parallel.controlplane.infocenter_http [InfoCenter] GET /nodes healthy_only=True tags=[] limit=500 count=2
2026-05-04 10:26:59,308 INFO pycloud_parallel.controlplane.infocenter_http [InfoCenter] GET /nodes healthy_only=True tags=[] limit=500 count=2
2026-05-04 10:26:59,309 INFO pycloud_parallel.controlplane.infocenter_http [InfoCenter] GET /nodes healthy_only=True tags=[] limit=500 count=2
2026-05-04 10:26:59,310 INFO pycloud_parallel.controlplane.infocenter_http [InfoCenter] GET /nodes healthy_only=True tags=[] limit=500 count=2
2026-05-04 10:26:59,311 INFO pycloud_parallel.controlplane.infocenter_http [InfoCenter] GET /nodes healthy_only=True tags=[] limit=500 count=2
2026-05-04 10:26:59,312 INFO pycloud_parallel.controlplane.infocenter_http [InfoCenter] GET /nodes healthy_only=True tags=[] limit=500 count=2
2026-05-04 10:26:59,313 INFO pycloud_parallel.controlplane.infocenter_http [InfoCenter] GET /nodes healthy_only=True tags=[] limit=500 count=2
2026-05-04 10:26:59,314 INFO pycloud_parallel.controlplane.infocenter_http [InfoCenter] GET /nodes healthy_only=True tags=[] limit=500 count=2
2026-05-04 10:26:59,315 INFO pycloud_parallel.controlplane.infocenter_http [InfoCenter] GET /nodes healthy_only=True tags=[] limit=500 count=2
2026-05-04 10:26:59,316 INFO pycloud_parallel.controlplane.infocenter_http [InfoCenter] GET /nodes healthy_only=True tags=[] limit=500 count=2
2026-05-04 10:26:59,317 INFO pycloud_parallel.controlplane.infocenter_http [InfoCenter] GET /nodes healthy_only=True tags=[] limit=500 count=2
2026-05-04 10:26:59,318 INFO pycloud_parallel.controlplane.infocenter_http [InfoCenter] GET /nodes healthy_only=True tags=[] limit=500 count=2
2026-05-04 10:26:59,319 INFO pycloud_parallel.controlplane.infocenter_http [InfoCenter] GET /nodes healthy_only=True tags=[] limit=500 count=2
2026-05-04 10:26:59,320 INFO pycloud_parallel.controlplane.infocenter_http [InfoCenter] GET /nodes healthy_only=True tags=[] limit=500 count=2
2026-05-04 10:26:59,322 INFO pycloud_parallel.controlplane.infocenter_http [InfoCenter] GET /nodes healthy_only=True tags=[] limit=500 count=2
2026-05-04 10:26:59,323 INFO pycloud_parallel.controlplane.infocenter_http [InfoCenter] GET /nodes healthy_only=True tags=[] limit=500 count=2
2026-05-04 10:26:59,324 INFO pycloud_parallel.controlplane.infocenter_http [InfoCenter] GET /nodes healthy_only=True tags=[] limit=500 count=2
2026-05-04 10:26:59,325 INFO pycloud_parallel.controlplane.infocenter_http [InfoCenter] GET /nodes healthy_only=True tags=[] limit=500 count=2
2026-05-04 10:26:59,326 INFO pycloud_parallel.controlplane.infocenter_http [InfoCenter] GET /nodes healthy_only=True tags=[] limit=500 count=2
2026-05-04 10:26:59,327 INFO pycloud_parallel.controlplane.infocenter_http [InfoCenter] GET /nodes healthy_only=True tags=[] limit=500 count=2
2026-05-04 10:26:59,328 INFO pycloud_parallel.controlplane.infocenter_http [InfoCenter] GET /nodes healthy_only=True tags=[] limit=500 count=2
2026-05-04 10:26:59,329 INFO pycloud_parallel.controlplane.infocenter_http [InfoCenter] GET /nodes healthy_only=True tags=[] limit=500 count=2
2026-05-04 10:26:59,330 INFO pycloud_parallel.controlplane.infocenter_http [InfoCenter] GET /nodes healthy_only=True tags=[] limit=500 count=2
2026-05-04 10:26:59,331 INFO pycloud_parallel.controlplane.infocenter_http [InfoCenter] GET /nodes healthy_only=True tags=[] limit=500 count=2
2026-05-04 10:26:59,332 INFO pycloud_parallel.controlplane.infocenter_http [InfoCenter] GET /nodes healthy_only=True tags=[] limit=500 count=2
2026-05-04 10:26:59,333 INFO pycloud_parallel.controlplane.infocenter_http [InfoCenter] GET /nodes healthy_only=True tags=[] limit=500 count=2
2026-05-04 10:26:59,335 INFO pycloud_parallel.controlplane.infocenter_http [InfoCenter] GET /nodes healthy_only=True tags=[] limit=500 count=2
2026-05-04 10:26:59,336 INFO pycloud_parallel.controlplane.infocenter_http [InfoCenter] GET /nodes healthy_only=True tags=[] limit=500 count=2
2026-05-04 10:26:59,337 INFO pycloud_parallel.controlplane.infocenter_http [InfoCenter] GET /nodes healthy_only=True tags=[] limit=500 count=2
2026-05-04 10:26:59,338 INFO pycloud_parallel.controlplane.infocenter_http [InfoCenter] GET /nodes healthy_only=True tags=[] limit=500 count=2
2026-05-04 10:26:59,339 INFO pycloud_parallel.controlplane.infocenter_http [InfoCenter] GET /nodes healthy_only=True tags=[] limit=500 count=2
2026-05-04 10:26:59,340 INFO pycloud_parallel.controlplane.infocenter_http [InfoCenter] GET /nodes healthy_only=True tags=[] limit=500 count=2
2026-05-04 10:26:59,341 INFO pycloud_parallel.controlplane.infocenter_http [InfoCenter] GET /nodes healthy_only=True tags=[] limit=500 count=2
2026-05-04 10:26:59,342 INFO pycloud_parallel.controlplane.infocenter_http [InfoCenter] GET /nodes healthy_only=True tags=[] limit=500 count=2
2026-05-04 10:26:59,343 INFO pycloud_parallel.controlplane.infocenter_http [InfoCenter] GET /nodes healthy_only=True tags=[] limit=500 count=2
2026-05-04 10:26:59,344 INFO pycloud_parallel.controlplane.infocenter_http [InfoCenter] GET /nodes healthy_only=True tags=[] limit=500 count=2
2026-05-04 10:26:59,345 INFO pycloud_parallel.controlplane.infocenter_http [InfoCenter] GET /nodes healthy_only=True tags=[] limit=500 count=2
2026-05-04 10:26:59,346 INFO pycloud_parallel.controlplane.infocenter_http [InfoCenter] GET /nodes healthy_only=True tags=[] limit=500 count=2
2026-05-04 10:26:59,347 INFO pycloud_parallel.controlplane.infocenter_http [InfoCenter] GET /nodes healthy_only=True tags=[] limit=500 count=2
2026-05-04 10:26:59,348 INFO pycloud_parallel.controlplane.infocenter_http [InfoCenter] GET /nodes healthy_only=True tags=[] limit=500 count=2
2026-05-04 10:26:59,349 INFO pycloud_parallel.controlplane.infocenter_http [InfoCenter] GET /nodes healthy_only=True tags=[] limit=500 count=2
2026-05-04 10:26:59,350 INFO pycloud_parallel.controlplane.infocenter_http [InfoCenter] GET /nodes healthy_only=True tags=[] limit=500 count=2
2026-05-04 10:26:59,351 INFO pycloud_parallel.controlplane.infocenter_http [InfoCenter] GET /nodes healthy_only=True tags=[] limit=500 count=2
2026-05-04 10:26:59,352 INFO pycloud_parallel.controlplane.infocenter_http [InfoCenter] GET /nodes healthy_only=True tags=[] limit=500 count=2
2026-05-04 10:26:59,353 INFO pycloud_parallel.controlplane.infocenter_http [InfoCenter] GET /nodes healthy_only=True tags=[] limit=500 count=2
2026-05-04 10:26:59,354 INFO pycloud_parallel.controlplane.infocenter_http [InfoCenter] GET /nodes healthy_only=True tags=[] limit=500 count=2
2026-05-04 10:26:59,355 INFO pycloud_parallel.controlplane.infocenter_http [InfoCenter] GET /nodes healthy_only=True tags=[] limit=500 count=2
2026-05-04 10:26:59,356 INFO pycloud_parallel.controlplane.infocenter_http [InfoCenter] GET /nodes healthy_only=True tags=[] limit=500 count=2
2026-05-04 10:26:59,357 INFO pycloud_parallel.controlplane.infocenter_http [InfoCenter] GET /nodes healthy_only=True tags=[] limit=500 count=2
2026-05-04 10:26:59,358 INFO pycloud_parallel.controlplane.infocenter_http [InfoCenter] GET /nodes healthy_only=True tags=[] limit=500 count=2
2026-05-04 10:26:59,359 INFO pycloud_parallel.controlplane.infocenter_http [InfoCenter] GET /nodes healthy_only=True tags=[] limit=500 count=2
2026-05-04 10:26:59,361 INFO pycloud_parallel.controlplane.infocenter_http [InfoCenter] GET /nodes healthy_only=True tags=[] limit=500 count=2
2026-05-04 10:26:59,362 INFO pycloud_parallel.controlplane.infocenter_http [InfoCenter] GET /nodes healthy_only=True tags=[] limit=500 count=2
2026-05-04 10:26:59,362 INFO pycloud_parallel.controlplane.infocenter_http [InfoCenter] GET /nodes healthy_only=True tags=[] limit=500 count=2
2026-05-04 10:26:59,363 INFO pycloud_parallel.controlplane.infocenter_http [InfoCenter] GET /nodes healthy_only=True tags=[] limit=500 count=2
2026-05-04 10:26:59,364 INFO pycloud_parallel.controlplane.infocenter_http [InfoCenter] GET /nodes healthy_only=True tags=[] limit=500 count=2
2026-05-04 10:26:59,365 INFO pycloud_parallel.controlplane.infocenter_http [InfoCenter] GET /nodes healthy_only=True tags=[] limit=500 count=2
2026-05-04 10:26:59,366 INFO pycloud_parallel.controlplane.infocenter_http [InfoCenter] GET /nodes healthy_only=True tags=[] limit=500 count=2
2026-05-04 10:26:59,367 INFO pycloud_parallel.controlplane.infocenter_http [InfoCenter] GET /nodes healthy_only=True tags=[] limit=500 count=2
2026-05-04 10:26:59,368 INFO pycloud_parallel.controlplane.infocenter_http [InfoCenter] GET /nodes healthy_only=True tags=[] limit=500 count=2
2026-05-04 10:26:59,369 INFO pycloud_parallel.controlplane.infocenter_http [InfoCenter] GET /nodes healthy_only=True tags=[] limit=500 count=2
2026-05-04 10:26:59,370 INFO pycloud_parallel.controlplane.infocenter_http [InfoCenter] GET /nodes healthy_only=True tags=[] limit=500 count=2
2026-05-04 10:26:59,372 INFO pycloud_parallel.controlplane.infocenter_http [InfoCenter] GET /nodes healthy_only=True tags=[] limit=500 count=2
2026-05-04 10:26:59,373 INFO pycloud_parallel.controlplane.infocenter_http [InfoCenter] GET /nodes healthy_only=True tags=[] limit=500 count=2
2026-05-04 10:26:59,374 INFO pycloud_parallel.controlplane.infocenter_http [InfoCenter] GET /nodes healthy_only=True tags=[] limit=500 count=2
2026-05-04 10:26:59,375 INFO pycloud_parallel.controlplane.infocenter_http [InfoCenter] GET /nodes healthy_only=True tags=[] limit=500 count=2
2026-05-04 10:26:59,375 INFO pycloud_parallel.controlplane.infocenter_http [InfoCenter] GET /nodes healthy_only=True tags=[] limit=500 count=2
2026-05-04 10:26:59,376 INFO pycloud_parallel.controlplane.infocenter_http [InfoCenter] GET /nodes healthy_only=True tags=[] limit=500 count=2
2026-05-04 10:26:59,377 INFO pycloud_parallel.controlplane.infocenter_http [InfoCenter] GET /nodes healthy_only=True tags=[] limit=500 count=2
2026-05-04 10:26:59,378 INFO pycloud_parallel.controlplane.infocenter_http [InfoCenter] GET /nodes healthy_only=True tags=[] limit=500 count=2
2026-05-04 10:26:59,379 INFO pycloud_parallel.controlplane.infocenter_http [InfoCenter] GET /nodes healthy_only=True tags=[] limit=500 count=2
2026-05-04 10:26:59,380 INFO pycloud_parallel.controlplane.infocenter_http [InfoCenter] GET /nodes healthy_only=True tags=[] limit=500 count=2
2026-05-04 10:26:59,381 INFO pycloud_parallel.controlplane.infocenter_http [InfoCenter] GET /nodes healthy_only=True tags=[] limit=500 count=2
2026-05-04 10:26:59,382 INFO pycloud_parallel.controlplane.infocenter_http [InfoCenter] GET /nodes healthy_only=True tags=[] limit=500 count=2
2026-05-04 10:26:59,383 INFO pycloud_parallel.controlplane.infocenter_http [InfoCenter] GET /nodes healthy_only=True tags=[] limit=500 count=2
2026-05-04 10:26:59,384 INFO pycloud_parallel.controlplane.infocenter_http [InfoCenter] GET /nodes healthy_only=True tags=[] limit=500 count=2
2026-05-04 10:26:59,386 INFO pycloud_parallel.controlplane.infocenter_http [InfoCenter] GET /nodes healthy_only=True tags=[] limit=500 count=2
2026-05-04 10:26:59,387 INFO pycloud_parallel.controlplane.infocenter_http [InfoCenter] GET /nodes healthy_only=True tags=[] limit=500 count=2
2026-05-04 10:26:59,388 INFO pycloud_parallel.controlplane.infocenter_http [InfoCenter] GET /nodes healthy_only=True tags=[] limit=500 count=2
2026-05-04 10:26:59,389 INFO pycloud_parallel.controlplane.infocenter_http [InfoCenter] GET /nodes healthy_only=True tags=[] limit=500 count=2
2026-05-04 10:26:59,390 INFO pycloud_parallel.controlplane.infocenter_http [InfoCenter] GET /nodes healthy_only=True tags=[] limit=500 count=2
2026-05-04 10:26:59,391 INFO pycloud_parallel.controlplane.infocenter_http [InfoCenter] GET /nodes healthy_only=True tags=[] limit=500 count=2
2026-05-04 10:26:59,392 INFO pycloud_parallel.controlplane.infocenter_http [InfoCenter] GET /nodes healthy_only=True tags=[] limit=500 count=2
2026-05-04 10:26:59,393 INFO pycloud_parallel.controlplane.infocenter_http [InfoCenter] GET /nodes healthy_only=True tags=[] limit=500 count=2
2026-05-04 10:26:59,394 INFO pycloud_parallel.controlplane.infocenter_http [InfoCenter] GET /nodes healthy_only=True tags=[] limit=500 count=2
2026-05-04 10:26:59,395 INFO pycloud_parallel.controlplane.infocenter_http [InfoCenter] GET /nodes healthy_only=True tags=[] limit=500 count=2
2026-05-04 10:26:59,396 INFO pycloud_parallel.controlplane.infocenter_http [InfoCenter] GET /nodes healthy_only=True tags=[] limit=500 count=2
2026-05-04 10:26:59,397 INFO pycloud_parallel.controlplane.infocenter_http [InfoCenter] GET /nodes healthy_only=True tags=[] limit=500 count=2
2026-05-04 10:26:59,398 INFO pycloud_parallel.controlplane.infocenter_http [InfoCenter] GET /nodes healthy_only=True tags=[] limit=500 count=2
2026-05-04 10:26:59,399 INFO pycloud_parallel.controlplane.infocenter_http [InfoCenter] GET /nodes healthy_only=True tags=[] limit=500 count=2
2026-05-04 10:26:59,400 INFO pycloud_parallel.controlplane.infocenter_http [InfoCenter] GET /nodes healthy_only=True tags=[] limit=500 count=2
2026-05-04 10:26:59,401 INFO pycloud_parallel.controlplane.infocenter_http [InfoCenter] GET /nodes healthy_only=True tags=[] limit=500 count=2
2026-05-04 10:26:59,402 INFO pycloud_parallel.controlplane.infocenter_http [InfoCenter] GET /nodes healthy_only=True tags=[] limit=500 count=2
2026-05-04 10:26:59,403 INFO pycloud_parallel.controlplane.infocenter_http [InfoCenter] GET /nodes healthy_only=True tags=[] limit=500 count=2
2026-05-04 10:26:59,404 INFO pycloud_parallel.controlplane.infocenter_http [InfoCenter] GET /nodes healthy_only=True tags=[] limit=500 count=2
2026-05-04 10:26:59,405 INFO pycloud_parallel.controlplane.infocenter_http [InfoCenter] GET /nodes healthy_only=True tags=[] limit=500 count=2
2026-05-04 10:26:59,406 INFO pycloud_parallel.controlplane.infocenter_http [InfoCenter] GET /nodes healthy_only=True tags=[] limit=500 count=2
2026-05-04 10:26:59,406 INFO pycloud_parallel.controlplane.infocenter_http [InfoCenter] GET /nodes healthy_only=True tags=[] limit=500 count=2
2026-05-04 10:26:59,407 INFO pycloud_parallel.controlplane.infocenter_http [InfoCenter] GET /nodes healthy_only=True tags=[] limit=500 count=2
2026-05-04 10:26:59,408 INFO pycloud_parallel.controlplane.infocenter_http [InfoCenter] GET /nodes healthy_only=True tags=[] limit=500 count=2
2026-05-04 10:26:59,409 INFO pycloud_parallel.controlplane.infocenter_http [InfoCenter] GET /nodes healthy_only=True tags=[] limit=500 count=2
2026-05-04 10:26:59,410 INFO pycloud_parallel.controlplane.infocenter_http [InfoCenter] GET /nodes healthy_only=True tags=[] limit=500 count=2
2026-05-04 10:26:59,411 INFO pycloud_parallel.controlplane.infocenter_http [InfoCenter] GET /nodes healthy_only=True tags=[] limit=500 count=2
2026-05-04 10:26:59,412 INFO pycloud_parallel.controlplane.infocenter_http [InfoCenter] GET /nodes healthy_only=True tags=[] limit=500 count=2
2026-05-04 10:26:59,413 INFO pycloud_parallel.controlplane.infocenter_http [InfoCenter] GET /nodes healthy_only=True tags=[] limit=500 count=2
2026-05-04 10:26:59,414 INFO pycloud_parallel.controlplane.infocenter_http [InfoCenter] GET /nodes healthy_only=True tags=[] limit=500 count=2
2026-05-04 10:26:59,415 INFO pycloud_parallel.controlplane.infocenter_http [InfoCenter] GET /nodes healthy_only=True tags=[] limit=500 count=2
2026-05-04 10:26:59,416 INFO pycloud_parallel.controlplane.infocenter_http [InfoCenter] GET /nodes healthy_only=True tags=[] limit=500 count=2
2026-05-04 10:26:59,417 INFO pycloud_parallel.controlplane.infocenter_http [InfoCenter] GET /nodes healthy_only=True tags=[] limit=500 count=2
2026-05-04 10:26:59,418 INFO pycloud_parallel.controlplane.infocenter_http [InfoCenter] GET /nodes healthy_only=True tags=[] limit=500 count=2
2026-05-04 10:26:59,419 INFO pycloud_parallel.controlplane.infocenter_http [InfoCenter] GET /nodes healthy_only=True tags=[] limit=500 count=2
2026-05-04 10:26:59,420 INFO pycloud_parallel.controlplane.infocenter_http [InfoCenter] GET /nodes healthy_only=True tags=[] limit=500 count=2
2026-05-04 10:26:59,421 INFO pycloud_parallel.controlplane.infocenter_http [InfoCenter] GET /nodes healthy_only=True tags=[] limit=500 count=2
2026-05-04 10:26:59,422 INFO pycloud_parallel.controlplane.infocenter_http [InfoCenter] GET /nodes healthy_only=True tags=[] limit=500 count=2
2026-05-04 10:26:59,423 INFO pycloud_parallel.controlplane.infocenter_http [InfoCenter] GET /nodes healthy_only=True tags=[] limit=500 count=2
2026-05-04 10:26:59,424 INFO pycloud_parallel.controlplane.infocenter_http [InfoCenter] GET /nodes healthy_only=True tags=[] limit=500 count=2
2026-05-04 10:26:59,425 INFO pycloud_parallel.controlplane.infocenter_http [InfoCenter] GET /nodes healthy_only=True tags=[] limit=500 count=2
2026-05-04 10:26:59,426 INFO pycloud_parallel.controlplane.infocenter_http [InfoCenter] GET /nodes healthy_only=True tags=[] limit=500 count=2
2026-05-04 10:26:59,427 INFO pycloud_parallel.controlplane.infocenter_http [InfoCenter] GET /nodes healthy_only=True tags=[] limit=500 count=2
2026-05-04 10:26:59,428 INFO pycloud_parallel.controlplane.infocenter_http [InfoCenter] GET /nodes healthy_only=True tags=[] limit=500 count=2
2026-05-04 10:26:59,429 INFO pycloud_parallel.controlplane.infocenter_http [InfoCenter] GET /nodes healthy_only=True tags=[] limit=500 count=2
2026-05-04 10:26:59,430 INFO pycloud_parallel.controlplane.infocenter_http [InfoCenter] GET /nodes healthy_only=True tags=[] limit=500 count=2
2026-05-04 10:26:59,431 INFO pycloud_parallel.controlplane.infocenter_http [InfoCenter] GET /nodes healthy_only=True tags=[] limit=500 count=2
2026-05-04 10:26:59,432 INFO pycloud_parallel.controlplane.infocenter_http [InfoCenter] GET /nodes healthy_only=True tags=[] limit=500 count=2
2026-05-04 10:26:59,433 INFO pycloud_parallel.controlplane.infocenter_http [InfoCenter] GET /nodes healthy_only=True tags=[] limit=500 count=2
2026-05-04 10:26:59,434 INFO pycloud_parallel.controlplane.infocenter_http [InfoCenter] GET /nodes healthy_only=True tags=[] limit=500 count=2
2026-05-04 10:26:59,435 INFO pycloud_parallel.controlplane.infocenter_http [InfoCenter] GET /nodes healthy_only=True tags=[] limit=500 count=2
2026-05-04 10:26:59,436 INFO pycloud_parallel.controlplane.infocenter_http [InfoCenter] GET /nodes healthy_only=True tags=[] limit=500 count=2
2026-05-04 10:26:59,438 INFO pycloud_parallel.controlplane.infocenter_http [InfoCenter] GET /nodes healthy_only=True tags=[] limit=500 count=2
2026-05-04 10:26:59,439 INFO pycloud_parallel.controlplane.infocenter_http [InfoCenter] GET /nodes healthy_only=True tags=[] limit=500 count=2
2026-05-04 10:26:59,439 INFO pycloud_parallel.controlplane.infocenter_http [InfoCenter] GET /nodes healthy_only=True tags=[] limit=500 count=2
2026-05-04 10:26:59,440 INFO pycloud_parallel.controlplane.infocenter_http [InfoCenter] GET /nodes healthy_only=True tags=[] limit=500 count=2
2026-05-04 10:26:59,441 INFO pycloud_parallel.controlplane.infocenter_http [InfoCenter] GET /nodes healthy_only=True tags=[] limit=500 count=2
2026-05-04 10:26:59,442 INFO pycloud_parallel.controlplane.infocenter_http [InfoCenter] GET /nodes healthy_only=True tags=[] limit=500 count=2
2026-05-04 10:26:59,443 INFO pycloud_parallel.controlplane.infocenter_http [InfoCenter] GET /nodes healthy_only=True tags=[] limit=500 count=2
2026-05-04 10:26:59,444 INFO pycloud_parallel.controlplane.infocenter_http [InfoCenter] GET /nodes healthy_only=True tags=[] limit=500 count=2
2026-05-04 10:26:59,445 INFO pycloud_parallel.controlplane.infocenter_http [InfoCenter] GET /nodes healthy_only=True tags=[] limit=500 count=2
2026-05-04 10:26:59,446 INFO pycloud_parallel.controlplane.infocenter_http [InfoCenter] GET /nodes healthy_only=True tags=[] limit=500 count=2
2026-05-04 10:26:59,447 INFO pycloud_parallel.controlplane.infocenter_http [InfoCenter] GET /nodes healthy_only=True tags=[] limit=500 count=2
2026-05-04 10:26:59,448 INFO pycloud_parallel.controlplane.infocenter_http [InfoCenter] GET /nodes healthy_only=True tags=[] limit=500 count=2
2026-05-04 10:26:59,449 INFO pycloud_parallel.controlplane.infocenter_http [InfoCenter] GET /nodes healthy_only=True tags=[] limit=500 count=2
2026-05-04 10:26:59,450 INFO pycloud_parallel.controlplane.infocenter_http [InfoCenter] GET /nodes healthy_only=True tags=[] limit=500 count=2
2026-05-04 10:26:59,451 INFO pycloud_parallel.controlplane.infocenter_http [InfoCenter] GET /nodes healthy_only=True tags=[] limit=500 count=2
2026-05-04 10:26:59,452 INFO pycloud_parallel.controlplane.infocenter_http [InfoCenter] GET /nodes healthy_only=True tags=[] limit=500 count=2
2026-05-04 10:26:59,453 INFO pycloud_parallel.controlplane.infocenter_http [InfoCenter] GET /nodes healthy_only=True tags=[] limit=500 count=2
2026-05-04 10:26:59,454 INFO pycloud_parallel.controlplane.infocenter_http [InfoCenter] GET /nodes healthy_only=True tags=[] limit=500 count=2
2026-05-04 10:26:59,455 INFO pycloud_parallel.controlplane.infocenter_http [InfoCenter] GET /nodes healthy_only=True tags=[] limit=500 count=2
2026-05-04 10:26:59,456 INFO pycloud_parallel.controlplane.infocenter_http [InfoCenter] GET /nodes healthy_only=True tags=[] limit=500 count=2
2026-05-04 10:26:59,457 INFO pycloud_parallel.controlplane.infocenter_http [InfoCenter] GET /nodes healthy_only=True tags=[] limit=500 count=2
2026-05-04 10:26:59,458 INFO pycloud_parallel.controlplane.infocenter_http [InfoCenter] GET /nodes healthy_only=True tags=[] limit=500 count=2
2026-05-04 10:26:59,459 INFO pycloud_parallel.controlplane.infocenter_http [InfoCenter] GET /nodes healthy_only=True tags=[] limit=500 count=2
2026-05-04 10:26:59,460 INFO pycloud_parallel.controlplane.infocenter_http [InfoCenter] GET /nodes healthy_only=True tags=[] limit=500 count=2
2026-05-04 10:26:59,461 INFO pycloud_parallel.controlplane.infocenter_http [InfoCenter] GET /nodes healthy_only=True tags=[] limit=500 count=2
2026-05-04 10:26:59,462 INFO pycloud_parallel.controlplane.infocenter_http [InfoCenter] GET /nodes healthy_only=True tags=[] limit=500 count=2
2026-05-04 10:26:59,463 INFO pycloud_parallel.controlplane.infocenter_http [InfoCenter] GET /nodes healthy_only=True tags=[] limit=500 count=2
2026-05-04 10:26:59,464 INFO pycloud_parallel.controlplane.infocenter_http [InfoCenter] GET /nodes healthy_only=True tags=[] limit=500 count=2
2026-05-04 10:26:59,465 INFO pycloud_parallel.controlplane.infocenter_http [InfoCenter] GET /nodes healthy_only=True tags=[] limit=500 count=2
2026-05-04 10:26:59,466 INFO pycloud_parallel.controlplane.infocenter_http [InfoCenter] GET /nodes healthy_only=True tags=[] limit=500 count=2
2026-05-04 10:26:59,467 INFO pycloud_parallel.controlplane.infocenter_http [InfoCenter] GET /nodes healthy_only=True tags=[] limit=500 count=2
2026-05-04 10:26:59,468 INFO pycloud_parallel.controlplane.infocenter_http [InfoCenter] GET /nodes healthy_only=True tags=[] limit=500 count=2
2026-05-04 10:26:59,469 INFO pycloud_parallel.controlplane.infocenter_http [InfoCenter] GET /nodes healthy_only=True tags=[] limit=500 count=2
2026-05-04 10:26:59,470 INFO pycloud_parallel.controlplane.infocenter_http [InfoCenter] GET /nodes healthy_only=True tags=[] limit=500 count=2
2026-05-04 10:26:59,471 INFO pycloud_parallel.controlplane.infocenter_http [InfoCenter] GET /nodes healthy_only=True tags=[] limit=500 count=2
2026-05-04 10:26:59,472 INFO pycloud_parallel.controlplane.infocenter_http [InfoCenter] GET /nodes healthy_only=True tags=[] limit=500 count=2
2026-05-04 10:26:59,473 INFO pycloud_parallel.controlplane.infocenter_http [InfoCenter] GET /nodes healthy_only=True tags=[] limit=500 count=2
2026-05-04 10:26:59,474 INFO pycloud_parallel.controlplane.infocenter_http [InfoCenter] GET /nodes healthy_only=True tags=[] limit=500 count=2
2026-05-04 10:26:59,475 INFO pycloud_parallel.controlplane.infocenter_http [InfoCenter] GET /nodes healthy_only=True tags=[] limit=500 count=2
2026-05-04 10:26:59,476 INFO pycloud_parallel.controlplane.infocenter_http [InfoCenter] GET /nodes healthy_only=True tags=[] limit=500 count=2
2026-05-04 10:26:59,477 INFO pycloud_parallel.controlplane.infocenter_http [InfoCenter] GET /nodes healthy_only=True tags=[] limit=500 count=2
2026-05-04 10:26:59,478 INFO pycloud_parallel.controlplane.infocenter_http [InfoCenter] GET /nodes healthy_only=True tags=[] limit=500 count=2
2026-05-04 10:26:59,479 INFO pycloud_parallel.controlplane.infocenter_http [InfoCenter] GET /nodes healthy_only=True tags=[] limit=500 count=2
2026-05-04 10:26:59,480 INFO pycloud_parallel.controlplane.infocenter_http [InfoCenter] GET /nodes healthy_only=True tags=[] limit=500 count=2
2026-05-04 10:26:59,481 INFO pycloud_parallel.controlplane.infocenter_http [InfoCenter] GET /nodes healthy_only=True tags=[] limit=500 count=2
2026-05-04 10:26:59,482 INFO pycloud_parallel.controlplane.infocenter_http [InfoCenter] GET /nodes healthy_only=True tags=[] limit=500 count=2
2026-05-04 10:26:59,483 INFO pycloud_parallel.controlplane.infocenter_http [InfoCenter] GET /nodes healthy_only=True tags=[] limit=500 count=2
2026-05-04 10:26:59,484 INFO pycloud_parallel.controlplane.infocenter_http [InfoCenter] GET /nodes healthy_only=True tags=[] limit=500 count=2
2026-05-04 10:26:59,485 INFO pycloud_parallel.controlplane.infocenter_http [InfoCenter] GET /nodes healthy_only=True tags=[] limit=500 count=2
2026-05-04 10:26:59,486 INFO pycloud_parallel.controlplane.infocenter_http [InfoCenter] GET /nodes healthy_only=True tags=[] limit=500 count=2
2026-05-04 10:26:59,487 INFO pycloud_parallel.controlplane.infocenter_http [InfoCenter] GET /nodes healthy_only=True tags=[] limit=500 count=2
2026-05-04 10:26:59,488 INFO pycloud_parallel.controlplane.infocenter_http [InfoCenter] GET /nodes healthy_only=True tags=[] limit=500 count=2
2026-05-04 10:26:59,489 INFO pycloud_parallel.controlplane.infocenter_http [InfoCenter] GET /nodes healthy_only=True tags=[] limit=500 count=2
2026-05-04 10:26:59,490 INFO pycloud_parallel.controlplane.infocenter_http [InfoCenter] GET /nodes healthy_only=True tags=[] limit=500 count=2
2026-05-04 10:26:59,491 INFO pycloud_parallel.controlplane.infocenter_http [InfoCenter] GET /nodes healthy_only=True tags=[] limit=500 count=2
2026-05-04 10:26:59,492 INFO pycloud_parallel.controlplane.infocenter_http [InfoCenter] GET /nodes healthy_only=True tags=[] limit=500 count=2
2026-05-04 10:26:59,493 INFO pycloud_parallel.controlplane.infocenter_http [InfoCenter] GET /nodes healthy_only=True tags=[] limit=500 count=2
2026-05-04 10:26:59,494 INFO pycloud_parallel.controlplane.infocenter_http [InfoCenter] GET /nodes healthy_only=True tags=[] limit=500 count=2
2026-05-04 10:26:59,495 INFO pycloud_parallel.controlplane.infocenter_http [InfoCenter] GET /nodes healthy_only=True tags=[] limit=500 count=2
2026-05-04 10:26:59,496 INFO pycloud_parallel.controlplane.infocenter_http [InfoCenter] GET /nodes healthy_only=True tags=[] limit=500 count=2
2026-05-04 10:26:59,497 INFO pycloud_parallel.controlplane.infocenter_http [InfoCenter] GET /nodes healthy_only=True tags=[] limit=500 count=2
2026-05-04 10:26:59,498 INFO pycloud_parallel.controlplane.infocenter_http [InfoCenter] GET /nodes healthy_only=True tags=[] limit=500 count=2
2026-05-04 10:26:59,499 INFO pycloud_parallel.controlplane.infocenter_http [InfoCenter] GET /nodes healthy_only=True tags=[] limit=500 count=2
2026-05-04 10:26:59,500 INFO pycloud_parallel.controlplane.infocenter_http [InfoCenter] GET /nodes healthy_only=True tags=[] limit=500 count=2
2026-05-04 10:26:59,501 INFO pycloud_parallel.controlplane.infocenter_http [InfoCenter] GET /nodes healthy_only=True tags=[] limit=500 count=2
2026-05-04 10:26:59,502 INFO pycloud_parallel.controlplane.infocenter_http [InfoCenter] GET /nodes healthy_only=True tags=[] limit=500 count=2
2026-05-04 10:26:59,503 INFO pycloud_parallel.controlplane.infocenter_http [InfoCenter] GET /nodes healthy_only=True tags=[] limit=500 count=2
2026-05-04 10:26:59,504 INFO pycloud_parallel.controlplane.infocenter_http [InfoCenter] GET /nodes healthy_only=True tags=[] limit=500 count=2
2026-05-04 10:26:59,505 INFO pycloud_parallel.controlplane.infocenter_http [InfoCenter] GET /nodes healthy_only=True tags=[] limit=500 count=2
2026-05-04 10:26:59,506 INFO pycloud_parallel.controlplane.infocenter_http [InfoCenter] GET /nodes healthy_only=True tags=[] limit=500 count=2
2026-05-04 10:26:59,507 INFO pycloud_parallel.controlplane.infocenter_http [InfoCenter] GET /nodes healthy_only=True tags=[] limit=500 count=2
2026-05-04 10:26:59,508 INFO pycloud_parallel.controlplane.infocenter_http [InfoCenter] GET /nodes healthy_only=True tags=[] limit=500 count=2
2026-05-04 10:26:59,509 INFO pycloud_parallel.controlplane.infocenter_http [InfoCenter] GET /nodes healthy_only=True tags=[] limit=500 count=2
2026-05-04 10:26:59,510 INFO pycloud_parallel.controlplane.infocenter_http [InfoCenter] GET /nodes healthy_only=True tags=[] limit=500 count=2
2026-05-04 10:26:59,511 INFO pycloud_parallel.controlplane.infocenter_http [InfoCenter] GET /nodes healthy_only=True tags=[] limit=500 count=2
2026-05-04 10:26:59,512 INFO pycloud_parallel.controlplane.infocenter_http [InfoCenter] GET /nodes healthy_only=True tags=[] limit=500 count=2
2026-05-04 10:26:59,513 INFO pycloud_parallel.controlplane.infocenter_http [InfoCenter] GET /nodes healthy_only=True tags=[] limit=500 count=2
2026-05-04 10:26:59,514 INFO pycloud_parallel.controlplane.infocenter_http [InfoCenter] GET /nodes healthy_only=True tags=[] limit=500 count=2
2026-05-04 10:26:59,514 INFO pycloud_parallel.controlplane.infocenter_http [InfoCenter] GET /nodes healthy_only=True tags=[] limit=500 count=2
2026-05-04 10:26:59,515 INFO pycloud_parallel.controlplane.infocenter_http [InfoCenter] GET /nodes healthy_only=True tags=[] limit=500 count=2
2026-05-04 10:26:59,516 INFO pycloud_parallel.controlplane.infocenter_http [InfoCenter] GET /nodes healthy_only=True tags=[] limit=500 count=2
2026-05-04 10:26:59,517 INFO pycloud_parallel.controlplane.infocenter_http [InfoCenter] GET /nodes healthy_only=True tags=[] limit=500 count=2
2026-05-04 10:26:59,518 INFO pycloud_parallel.controlplane.infocenter_http [InfoCenter] GET /nodes healthy_only=True tags=[] limit=500 count=2
2026-05-04 10:26:59,519 INFO pycloud_parallel.controlplane.infocenter_http [InfoCenter] GET /nodes healthy_only=True tags=[] limit=500 count=2
2026-05-04 10:26:59,520 INFO pycloud_parallel.controlplane.infocenter_http [InfoCenter] GET /nodes healthy_only=True tags=[] limit=500 count=2
2026-05-04 10:26:59,521 INFO pycloud_parallel.controlplane.infocenter_http [InfoCenter] GET /nodes healthy_only=True tags=[] limit=500 count=2
2026-05-04 10:26:59,523 INFO pycloud_parallel.controlplane.infocenter_http [InfoCenter] GET /nodes healthy_only=True tags=[] limit=500 count=2
2026-05-04 10:26:59,524 INFO pycloud_parallel.controlplane.infocenter_http [InfoCenter] GET /nodes healthy_only=True tags=[] limit=500 count=2
2026-05-04 10:26:59,525 INFO pycloud_parallel.controlplane.infocenter_http [InfoCenter] GET /nodes healthy_only=True tags=[] limit=500 count=2
2026-05-04 10:26:59,526 INFO pycloud_parallel.controlplane.infocenter_http [InfoCenter] GET /nodes healthy_only=True tags=[] limit=500 count=2
2026-05-04 10:26:59,527 INFO pycloud_parallel.controlplane.infocenter_http [InfoCenter] GET /nodes healthy_only=True tags=[] limit=500 count=2
2026-05-04 10:26:59,528 INFO pycloud_parallel.controlplane.infocenter_http [InfoCenter] GET /nodes healthy_only=True tags=[] limit=500 count=2
2026-05-04 10:26:59,529 INFO pycloud_parallel.controlplane.infocenter_http [InfoCenter] GET /nodes healthy_only=True tags=[] limit=500 count=2
2026-05-04 10:26:59,529 INFO pycloud_parallel.controlplane.infocenter_http [InfoCenter] GET /nodes healthy_only=True tags=[] limit=500 count=2
2026-05-04 10:26:59,530 INFO pycloud_parallel.controlplane.infocenter_http [InfoCenter] GET /nodes healthy_only=True tags=[] limit=500 count=2
2026-05-04 10:26:59,531 INFO pycloud_parallel.controlplane.infocenter_http [InfoCenter] GET /nodes healthy_only=True tags=[] limit=500 count=2
2026-05-04 10:26:59,532 INFO pycloud_parallel.controlplane.infocenter_http [InfoCenter] GET /nodes healthy_only=True tags=[] limit=500 count=2
2026-05-04 10:26:59,533 INFO pycloud_parallel.controlplane.infocenter_http [InfoCenter] GET /nodes healthy_only=True tags=[] limit=500 count=2
2026-05-04 10:26:59,534 INFO pycloud_parallel.controlplane.infocenter_http [InfoCenter] GET /nodes healthy_only=True tags=[] limit=500 count=2
2026-05-04 10:26:59,535 INFO pycloud_parallel.controlplane.infocenter_http [InfoCenter] GET /nodes healthy_only=True tags=[] limit=500 count=2
2026-05-04 10:26:59,536 INFO pycloud_parallel.controlplane.infocenter_http [InfoCenter] GET /nodes healthy_only=True tags=[] limit=500 count=2
2026-05-04 10:26:59,537 INFO pycloud_parallel.controlplane.infocenter_http [InfoCenter] GET /nodes healthy_only=True tags=[] limit=500 count=2
2026-05-04 10:26:59,538 INFO pycloud_parallel.controlplane.infocenter_http [InfoCenter] GET /nodes healthy_only=True tags=[] limit=500 count=2
2026-05-04 10:26:59,539 INFO pycloud_parallel.controlplane.infocenter_http [InfoCenter] GET /nodes healthy_only=True tags=[] limit=500 count=2
2026-05-04 10:26:59,540 INFO pycloud_parallel.controlplane.infocenter_http [InfoCenter] GET /nodes healthy_only=True tags=[] limit=500 count=2
2026-05-04 10:26:59,541 INFO pycloud_parallel.controlplane.infocenter_http [InfoCenter] GET /nodes healthy_only=True tags=[] limit=500 count=2
2026-05-04 10:26:59,542 INFO pycloud_parallel.controlplane.infocenter_http [InfoCenter] GET /nodes healthy_only=True tags=[] limit=500 count=2
2026-05-04 10:26:59,543 INFO pycloud_parallel.controlplane.infocenter_http [InfoCenter] GET /nodes healthy_only=True tags=[] limit=500 count=2
2026-05-04 10:26:59,544 INFO pycloud_parallel.controlplane.infocenter_http [InfoCenter] GET /nodes healthy_only=True tags=[] limit=500 count=2
2026-05-04 10:26:59,545 INFO pycloud_parallel.controlplane.infocenter_http [InfoCenter] GET /nodes healthy_only=True tags=[] limit=500 count=2
2026-05-04 10:26:59,546 INFO pycloud_parallel.controlplane.infocenter_http [InfoCenter] GET /nodes healthy_only=True tags=[] limit=500 count=2
2026-05-04 10:26:59,547 INFO pycloud_parallel.controlplane.infocenter_http [InfoCenter] GET /nodes healthy_only=True tags=[] limit=500 count=2
2026-05-04 10:26:59,548 INFO pycloud_parallel.controlplane.infocenter_http [InfoCenter] GET /nodes healthy_only=True tags=[] limit=500 count=2
2026-05-04 10:26:59,549 INFO pycloud_parallel.controlplane.infocenter_http [InfoCenter] GET /nodes healthy_only=True tags=[] limit=500 count=2
2026-05-04 10:26:59,550 INFO pycloud_parallel.controlplane.infocenter_http [InfoCenter] GET /nodes healthy_only=True tags=[] limit=500 count=2
2026-05-04 10:26:59,551 INFO pycloud_parallel.controlplane.infocenter_http [InfoCenter] GET /nodes healthy_only=True tags=[] limit=500 count=2
2026-05-04 10:26:59,552 INFO pycloud_parallel.controlplane.infocenter_http [InfoCenter] GET /nodes healthy_only=True tags=[] limit=500 count=2
2026-05-04 10:26:59,553 INFO pycloud_parallel.controlplane.infocenter_http [InfoCenter] GET /nodes healthy_only=True tags=[] limit=500 count=2
2026-05-04 10:26:59,554 INFO pycloud_parallel.controlplane.infocenter_http [InfoCenter] GET /nodes healthy_only=True tags=[] limit=500 count=2
2026-05-04 10:26:59,555 INFO pycloud_parallel.controlplane.infocenter_http [InfoCenter] GET /nodes healthy_only=True tags=[] limit=500 count=2
2026-05-04 10:26:59,556 INFO pycloud_parallel.controlplane.infocenter_http [InfoCenter] GET /nodes healthy_only=True tags=[] limit=500 count=2
2026-05-04 10:26:59,557 INFO pycloud_parallel.controlplane.infocenter_http [InfoCenter] GET /nodes healthy_only=True tags=[] limit=500 count=2
2026-05-04 10:26:59,558 INFO pycloud_parallel.controlplane.infocenter_http [InfoCenter] GET /nodes healthy_only=True tags=[] limit=500 count=2
2026-05-04 10:26:59,559 INFO pycloud_parallel.controlplane.infocenter_http [InfoCenter] GET /nodes healthy_only=True tags=[] limit=500 count=2
2026-05-04 10:26:59,560 INFO pycloud_parallel.controlplane.infocenter_http [InfoCenter] GET /nodes healthy_only=True tags=[] limit=500 count=2
2026-05-04 10:26:59,562 INFO pycloud_parallel.controlplane.infocenter_http [InfoCenter] GET /nodes healthy_only=True tags=[] limit=500 count=2
2026-05-04 10:26:59,563 INFO pycloud_parallel.controlplane.infocenter_http [InfoCenter] GET /nodes healthy_only=True tags=[] limit=500 count=2
2026-05-04 10:26:59,564 INFO pycloud_parallel.controlplane.infocenter_http [InfoCenter] GET /nodes healthy_only=True tags=[] limit=500 count=2
2026-05-04 10:26:59,565 INFO pycloud_parallel.controlplane.infocenter_http [InfoCenter] GET /nodes healthy_only=True tags=[] limit=500 count=2
2026-05-04 10:26:59,566 INFO pycloud_parallel.controlplane.infocenter_http [InfoCenter] GET /nodes healthy_only=True tags=[] limit=500 count=2
2026-05-04 10:26:59,567 INFO pycloud_parallel.controlplane.infocenter_http [InfoCenter] GET /nodes healthy_only=True tags=[] limit=500 count=2
2026-05-04 10:26:59,568 INFO pycloud_parallel.controlplane.infocenter_http [InfoCenter] GET /nodes healthy_only=True tags=[] limit=500 count=2
2026-05-04 10:26:59,569 INFO pycloud_parallel.controlplane.infocenter_http [InfoCenter] GET /nodes healthy_only=True tags=[] limit=500 count=2
2026-05-04 10:26:59,570 INFO pycloud_parallel.controlplane.infocenter_http [InfoCenter] GET /nodes healthy_only=True tags=[] limit=500 count=2
2026-05-04 10:26:59,572 INFO pycloud_parallel.controlplane.infocenter_http [InfoCenter] GET /nodes healthy_only=True tags=[] limit=500 count=2
2026-05-04 10:26:59,573 INFO pycloud_parallel.controlplane.infocenter_http [InfoCenter] GET /nodes healthy_only=True tags=[] limit=500 count=2
2026-05-04 10:26:59,574 INFO pycloud_parallel.controlplane.infocenter_http [InfoCenter] GET /nodes healthy_only=True tags=[] limit=500 count=2
2026-05-04 10:26:59,575 INFO pycloud_parallel.controlplane.infocenter_http [InfoCenter] GET /nodes healthy_only=True tags=[] limit=500 count=2
2026-05-04 10:26:59,576 INFO pycloud_parallel.controlplane.infocenter_http [InfoCenter] GET /nodes healthy_only=True tags=[] limit=500 count=2
2026-05-04 10:26:59,577 INFO pycloud_parallel.controlplane.infocenter_http [InfoCenter] GET /nodes healthy_only=True tags=[] limit=500 count=2
2026-05-04 10:26:59,578 INFO pycloud_parallel.controlplane.infocenter_http [InfoCenter] GET /nodes healthy_only=True tags=[] limit=500 count=2
2026-05-04 10:26:59,579 INFO pycloud_parallel.controlplane.infocenter_http [InfoCenter] GET /nodes healthy_only=True tags=[] limit=500 count=2
2026-05-04 10:26:59,580 INFO pycloud_parallel.controlplane.infocenter_http [InfoCenter] GET /nodes healthy_only=True tags=[] limit=500 count=2
2026-05-04 10:26:59,581 INFO pycloud_parallel.controlplane.infocenter_http [InfoCenter] GET /nodes healthy_only=True tags=[] limit=500 count=2
2026-05-04 10:26:59,582 INFO pycloud_parallel.controlplane.infocenter_http [InfoCenter] GET /nodes healthy_only=True tags=[] limit=500 count=2
2026-05-04 10:26:59,583 INFO pycloud_parallel.controlplane.infocenter_http [InfoCenter] GET /nodes healthy_only=True tags=[] limit=500 count=2
2026-05-04 10:26:59,584 INFO pycloud_parallel.controlplane.infocenter_http [InfoCenter] GET /nodes healthy_only=True tags=[] limit=500 count=2
2026-05-04 10:26:59,585 INFO pycloud_parallel.controlplane.infocenter_http [InfoCenter] GET /nodes healthy_only=True tags=[] limit=500 count=2
2026-05-04 10:26:59,586 INFO pycloud_parallel.controlplane.infocenter_http [InfoCenter] GET /nodes healthy_only=True tags=[] limit=500 count=2
2026-05-04 10:26:59,587 INFO pycloud_parallel.controlplane.infocenter_http [InfoCenter] GET /nodes healthy_only=True tags=[] limit=500 count=2
2026-05-04 10:26:59,588 INFO pycloud_parallel.controlplane.infocenter_http [InfoCenter] GET /nodes healthy_only=True tags=[] limit=500 count=2
2026-05-04 10:26:59,589 INFO pycloud_parallel.controlplane.infocenter_http [InfoCenter] GET /nodes healthy_only=True tags=[] limit=500 count=2
2026-05-04 10:26:59,590 INFO pycloud_parallel.controlplane.infocenter_http [InfoCenter] GET /nodes healthy_only=True tags=[] limit=500 count=2
2026-05-04 10:26:59,591 INFO pycloud_parallel.controlplane.infocenter_http [InfoCenter] GET /nodes healthy_only=True tags=[] limit=500 count=2
2026-05-04 10:26:59,592 INFO pycloud_parallel.controlplane.infocenter_http [InfoCenter] GET /nodes healthy_only=True tags=[] limit=500 count=2
2026-05-04 10:26:59,593 INFO pycloud_parallel.controlplane.infocenter_http [InfoCenter] GET /nodes healthy_only=True tags=[] limit=500 count=2
2026-05-04 10:26:59,594 INFO pycloud_parallel.controlplane.infocenter_http [InfoCenter] GET /nodes healthy_only=True tags=[] limit=500 count=2
2026-05-04 10:26:59,595 INFO pycloud_parallel.controlplane.infocenter_http [InfoCenter] GET /nodes healthy_only=True tags=[] limit=500 count=2
2026-05-04 10:26:59,596 INFO pycloud_parallel.controlplane.infocenter_http [InfoCenter] GET /nodes healthy_only=True tags=[] limit=500 count=2
2026-05-04 10:26:59,597 INFO pycloud_parallel.controlplane.infocenter_http [InfoCenter] GET /nodes healthy_only=True tags=[] limit=500 count=2
2026-05-04 10:26:59,598 INFO pycloud_parallel.controlplane.infocenter_http [InfoCenter] GET /nodes healthy_only=True tags=[] limit=500 count=2
2026-05-04 10:26:59,599 INFO pycloud_parallel.controlplane.infocenter_http [InfoCenter] GET /nodes healthy_only=True tags=[] limit=500 count=2
2026-05-04 10:26:59,600 INFO pycloud_parallel.controlplane.infocenter_http [InfoCenter] GET /nodes healthy_only=True tags=[] limit=500 count=2
2026-05-04 10:26:59,601 INFO pycloud_parallel.controlplane.infocenter_http [InfoCenter] GET /nodes healthy_only=True tags=[] limit=500 count=2
2026-05-04 10:26:59,602 INFO pycloud_parallel.controlplane.infocenter_http [InfoCenter] GET /nodes healthy_only=True tags=[] limit=500 count=2
2026-05-04 10:26:59,603 INFO pycloud_parallel.controlplane.infocenter_http [InfoCenter] GET /nodes healthy_only=True tags=[] limit=500 count=2
2026-05-04 10:26:59,604 INFO pycloud_parallel.controlplane.infocenter_http [InfoCenter] GET /nodes healthy_only=True tags=[] limit=500 count=2
2026-05-04 10:26:59,605 INFO pycloud_parallel.controlplane.infocenter_http [InfoCenter] GET /nodes healthy_only=True tags=[] limit=500 count=2
2026-05-04 10:26:59,606 INFO pycloud_parallel.controlplane.infocenter_http [InfoCenter] GET /nodes healthy_only=True tags=[] limit=500 count=2
2026-05-04 10:26:59,607 INFO pycloud_parallel.controlplane.infocenter_http [InfoCenter] GET /nodes healthy_only=True tags=[] limit=500 count=2
2026-05-04 10:26:59,608 INFO pycloud_parallel.controlplane.infocenter_http [InfoCenter] GET /nodes healthy_only=True tags=[] limit=500 count=2
2026-05-04 10:26:59,609 INFO pycloud_parallel.controlplane.infocenter_http [InfoCenter] GET /nodes healthy_only=True tags=[] limit=500 count=2
2026-05-04 10:26:59,610 INFO pycloud_parallel.controlplane.infocenter_http [InfoCenter] GET /nodes healthy_only=True tags=[] limit=500 count=2
2026-05-04 10:26:59,611 INFO pycloud_parallel.controlplane.infocenter_http [InfoCenter] GET /nodes healthy_only=True tags=[] limit=500 count=2
2026-05-04 10:26:59,612 INFO pycloud_parallel.controlplane.infocenter_http [InfoCenter] GET /nodes healthy_only=True tags=[] limit=500 count=2
2026-05-04 10:26:59,613 INFO pycloud_parallel.controlplane.infocenter_http [InfoCenter] GET /nodes healthy_only=True tags=[] limit=500 count=2
2026-05-04 10:26:59,614 INFO pycloud_parallel.controlplane.infocenter_http [InfoCenter] GET /nodes healthy_only=True tags=[] limit=500 count=2
2026-05-04 10:26:59,615 INFO pycloud_parallel.controlplane.infocenter_http [InfoCenter] GET /nodes healthy_only=True tags=[] limit=500 count=2
2026-05-04 10:26:59,616 INFO pycloud_parallel.controlplane.infocenter_http [InfoCenter] GET /nodes healthy_only=True tags=[] limit=500 count=2
2026-05-04 10:26:59,617 INFO pycloud_parallel.controlplane.infocenter_http [InfoCenter] GET /nodes healthy_only=True tags=[] limit=500 count=2
2026-05-04 10:26:59,618 INFO pycloud_parallel.controlplane.infocenter_http [InfoCenter] GET /nodes healthy_only=True tags=[] limit=500 count=2
2026-05-04 10:26:59,619 INFO pycloud_parallel.controlplane.infocenter_http [InfoCenter] GET /nodes healthy_only=True tags=[] limit=500 count=2
2026-05-04 10:26:59,620 INFO pycloud_parallel.controlplane.infocenter_http [InfoCenter] GET /nodes healthy_only=True tags=[] limit=500 count=2
2026-05-04 10:26:59,621 INFO pycloud_parallel.controlplane.infocenter_http [InfoCenter] GET /nodes healthy_only=True tags=[] limit=500 count=2
2026-05-04 10:26:59,622 INFO pycloud_parallel.controlplane.infocenter_http [InfoCenter] GET /nodes healthy_only=True tags=[] limit=500 count=2
2026-05-04 10:26:59,623 INFO pycloud_parallel.controlplane.infocenter_http [InfoCenter] GET /nodes healthy_only=True tags=[] limit=500 count=2
2026-05-04 10:26:59,624 INFO pycloud_parallel.controlplane.infocenter_http [InfoCenter] GET /nodes healthy_only=True tags=[] limit=500 count=2
2026-05-04 10:26:59,625 INFO pycloud_parallel.controlplane.infocenter_http [InfoCenter] GET /nodes healthy_only=True tags=[] limit=500 count=2
2026-05-04 10:26:59,626 INFO pycloud_parallel.controlplane.infocenter_http [InfoCenter] GET /nodes healthy_only=True tags=[] limit=500 count=2
2026-05-04 10:26:59,627 INFO pycloud_parallel.controlplane.infocenter_http [InfoCenter] GET /nodes healthy_only=True tags=[] limit=500 count=2
2026-05-04 10:26:59,628 INFO pycloud_parallel.controlplane.infocenter_http [InfoCenter] GET /nodes healthy_only=True tags=[] limit=500 count=2
2026-05-04 10:26:59,629 INFO pycloud_parallel.controlplane.infocenter_http [InfoCenter] GET /nodes healthy_only=True tags=[] limit=500 count=2
2026-05-04 10:26:59,630 INFO pycloud_parallel.controlplane.infocenter_http [InfoCenter] GET /nodes healthy_only=True tags=[] limit=500 count=2
2026-05-04 10:26:59,631 INFO pycloud_parallel.controlplane.infocenter_http [InfoCenter] GET /nodes healthy_only=True tags=[] limit=500 count=2
2026-05-04 10:26:59,633 INFO pycloud_parallel.controlplane.infocenter_http [InfoCenter] GET /nodes healthy_only=True tags=[] limit=500 count=2
2026-05-04 10:26:59,634 INFO pycloud_parallel.controlplane.infocenter_http [InfoCenter] GET /nodes healthy_only=True tags=[] limit=500 count=2
2026-05-04 10:26:59,635 INFO pycloud_parallel.controlplane.infocenter_http [InfoCenter] GET /nodes healthy_only=True tags=[] limit=500 count=2
2026-05-04 10:26:59,637 INFO pycloud_parallel.controlplane.infocenter_http [InfoCenter] GET /nodes healthy_only=True tags=[] limit=500 count=2
2026-05-04 10:26:59,638 INFO pycloud_parallel.controlplane.infocenter_http [InfoCenter] GET /nodes healthy_only=True tags=[] limit=500 count=2
2026-05-04 10:26:59,639 INFO pycloud_parallel.controlplane.infocenter_http [InfoCenter] GET /nodes healthy_only=True tags=[] limit=500 count=2
2026-05-04 10:26:59,640 INFO pycloud_parallel.controlplane.infocenter_http [InfoCenter] GET /nodes healthy_only=True tags=[] limit=500 count=2
2026-05-04 10:26:59,641 INFO pycloud_parallel.controlplane.infocenter_http [InfoCenter] GET /nodes healthy_only=True tags=[] limit=500 count=2
2026-05-04 10:26:59,642 INFO pycloud_parallel.controlplane.infocenter_http [InfoCenter] GET /nodes healthy_only=True tags=[] limit=500 count=2
2026-05-04 10:26:59,643 INFO pycloud_parallel.controlplane.infocenter_http [InfoCenter] GET /nodes healthy_only=True tags=[] limit=500 count=2
2026-05-04 10:26:59,644 INFO pycloud_parallel.controlplane.infocenter_http [InfoCenter] GET /nodes healthy_only=True tags=[] limit=500 count=2
2026-05-04 10:26:59,645 INFO pycloud_parallel.controlplane.infocenter_http [InfoCenter] GET /nodes healthy_only=True tags=[] limit=500 count=2
2026-05-04 10:26:59,646 INFO pycloud_parallel.controlplane.infocenter_http [InfoCenter] GET /nodes healthy_only=True tags=[] limit=500 count=2
2026-05-04 10:26:59,647 INFO pycloud_parallel.controlplane.infocenter_http [InfoCenter] GET /nodes healthy_only=True tags=[] limit=500 count=2
2026-05-04 10:26:59,648 INFO pycloud_parallel.controlplane.infocenter_http [InfoCenter] GET /nodes healthy_only=True tags=[] limit=500 count=2
2026-05-04 10:26:59,649 INFO pycloud_parallel.controlplane.infocenter_http [InfoCenter] GET /nodes healthy_only=True tags=[] limit=500 count=2
2026-05-04 10:26:59,650 INFO pycloud_parallel.controlplane.infocenter_http [InfoCenter] GET /nodes healthy_only=True tags=[] limit=500 count=2
2026-05-04 10:26:59,652 INFO pycloud_parallel.controlplane.infocenter_http [InfoCenter] GET /nodes healthy_only=True tags=[] limit=500 count=2
2026-05-04 10:26:59,652 INFO pycloud_parallel.controlplane.infocenter_http [InfoCenter] GET /nodes healthy_only=True tags=[] limit=500 count=2
2026-05-04 10:26:59,653 INFO pycloud_parallel.controlplane.infocenter_http [InfoCenter] GET /nodes healthy_only=True tags=[] limit=500 count=2
2026-05-04 10:26:59,654 INFO pycloud_parallel.controlplane.infocenter_http [InfoCenter] GET /nodes healthy_only=True tags=[] limit=500 count=2
2026-05-04 10:26:59,655 INFO pycloud_parallel.controlplane.infocenter_http [InfoCenter] GET /nodes healthy_only=True tags=[] limit=500 count=2
2026-05-04 10:26:59,656 INFO pycloud_parallel.controlplane.infocenter_http [InfoCenter] GET /nodes healthy_only=True tags=[] limit=500 count=2
2026-05-04 10:26:59,657 INFO pycloud_parallel.controlplane.infocenter_http [InfoCenter] GET /nodes healthy_only=True tags=[] limit=500 count=2
2026-05-04 10:26:59,658 INFO pycloud_parallel.controlplane.infocenter_http [InfoCenter] GET /nodes healthy_only=True tags=[] limit=500 count=2
2026-05-04 10:26:59,659 INFO pycloud_parallel.controlplane.infocenter_http [InfoCenter] GET /nodes healthy_only=True tags=[] limit=500 count=2
2026-05-04 10:26:59,660 INFO pycloud_parallel.controlplane.infocenter_http [InfoCenter] GET /nodes healthy_only=True tags=[] limit=500 count=2
2026-05-04 10:26:59,661 INFO pycloud_parallel.controlplane.infocenter_http [InfoCenter] GET /nodes healthy_only=True tags=[] limit=500 count=2
2026-05-04 10:26:59,662 INFO pycloud_parallel.controlplane.infocenter_http [InfoCenter] GET /nodes healthy_only=True tags=[] limit=500 count=2
2026-05-04 10:26:59,663 INFO pycloud_parallel.controlplane.infocenter_http [InfoCenter] GET /services/routes service_name=svc-demo healthy_only=True route_scope=call limit=500 count=0
2026-05-04 10:26:59,663 INFO pycloud_parallel.controlplane.infocenter_http [InfoCenter] GET /nodes healthy_only=True tags=[] limit=500 count=2
2026-05-04 10:26:59,664 INFO pycloud_parallel.controlplane.infocenter_http [InfoCenter] GET /nodes healthy_only=True tags=[] limit=500 count=2
2026-05-04 10:26:59,665 INFO pycloud_parallel.controlplane.infocenter_http [InfoCenter] GET /nodes healthy_only=True tags=[] limit=500 count=2
2026-05-04 10:26:59,666 INFO pycloud_parallel.controlplane.infocenter_http [InfoCenter] GET /nodes healthy_only=True tags=[] limit=500 count=2
2026-05-04 10:26:59,667 INFO pycloud_parallel.controlplane.infocenter_http [InfoCenter] GET /nodes healthy_only=True tags=[] limit=500 count=2
2026-05-04 10:26:59,668 INFO pycloud_parallel.controlplane.infocenter_http [InfoCenter] GET /nodes healthy_only=True tags=[] limit=500 count=2
2026-05-04 10:26:59,669 INFO pycloud_parallel.controlplane.infocenter_http [InfoCenter] GET /nodes healthy_only=True tags=[] limit=500 count=2
2026-05-04 10:26:59,670 INFO pycloud_parallel.controlplane.infocenter_http [InfoCenter] GET /nodes healthy_only=True tags=[] limit=500 count=2
2026-05-04 10:26:59,671 INFO pycloud_parallel.controlplane.infocenter_http [InfoCenter] GET /nodes healthy_only=True tags=[] limit=500 count=2
2026-05-04 10:26:59,672 INFO pycloud_parallel.controlplane.infocenter_http [InfoCenter] GET /nodes healthy_only=True tags=[] limit=500 count=2
2026-05-04 10:26:59,673 INFO pycloud_parallel.controlplane.infocenter_http [InfoCenter] GET /nodes healthy_only=True tags=[] limit=500 count=2
2026-05-04 10:26:59,674 INFO pycloud_parallel.controlplane.infocenter_http [InfoCenter] GET /nodes healthy_only=True tags=[] limit=500 count=2
2026-05-04 10:26:59,675 INFO pycloud_parallel.controlplane.infocenter_http [InfoCenter] GET /nodes healthy_only=True tags=[] limit=500 count=2
2026-05-04 10:26:59,676 INFO pycloud_parallel.controlplane.infocenter_http [InfoCenter] GET /nodes healthy_only=True tags=[] limit=500 count=2
2026-05-04 10:26:59,677 INFO pycloud_parallel.controlplane.infocenter_http [InfoCenter] GET /nodes healthy_only=True tags=[] limit=500 count=2
2026-05-04 10:26:59,678 INFO pycloud_parallel.controlplane.infocenter_http [InfoCenter] GET /nodes healthy_only=True tags=[] limit=500 count=2
2026-05-04 10:26:59,679 INFO pycloud_parallel.controlplane.infocenter_http [InfoCenter] GET /nodes healthy_only=True tags=[] limit=500 count=2
2026-05-04 10:26:59,680 INFO pycloud_parallel.controlplane.infocenter_http [InfoCenter] GET /nodes healthy_only=True tags=[] limit=500 count=2
2026-05-04 10:26:59,681 INFO pycloud_parallel.controlplane.infocenter_http [InfoCenter] GET /nodes healthy_only=True tags=[] limit=500 count=2
2026-05-04 10:26:59,682 INFO pycloud_parallel.controlplane.infocenter_http [InfoCenter] GET /nodes healthy_only=True tags=[] limit=500 count=2
2026-05-04 10:26:59,683 INFO pycloud_parallel.controlplane.infocenter_http [InfoCenter] GET /nodes healthy_only=True tags=[] limit=500 count=2
2026-05-04 10:26:59,684 INFO pycloud_parallel.controlplane.infocenter_http [InfoCenter] GET /nodes healthy_only=True tags=[] limit=500 count=2
2026-05-04 10:26:59,686 INFO pycloud_parallel.controlplane.infocenter_http [InfoCenter] GET /nodes healthy_only=True tags=[] limit=500 count=2
2026-05-04 10:26:59,687 INFO pycloud_parallel.controlplane.infocenter_http [InfoCenter] GET /nodes healthy_only=True tags=[] limit=500 count=2
2026-05-04 10:26:59,688 INFO pycloud_parallel.controlplane.infocenter_http [InfoCenter] GET /nodes healthy_only=True tags=[] limit=500 count=2
2026-05-04 10:26:59,689 INFO pycloud_parallel.controlplane.infocenter_http [InfoCenter] GET /nodes healthy_only=True tags=[] limit=500 count=2
2026-05-04 10:26:59,690 INFO pycloud_parallel.controlplane.infocenter_http [InfoCenter] GET /nodes healthy_only=True tags=[] limit=500 count=2
2026-05-04 10:26:59,691 INFO pycloud_parallel.controlplane.infocenter_http [InfoCenter] GET /nodes healthy_only=True tags=[] limit=500 count=2
2026-05-04 10:26:59,692 INFO pycloud_parallel.controlplane.infocenter_http [InfoCenter] GET /nodes healthy_only=True tags=[] limit=500 count=2
2026-05-04 10:26:59,693 INFO pycloud_parallel.controlplane.infocenter_http [InfoCenter] GET /nodes healthy_only=True tags=[] limit=500 count=2
2026-05-04 10:26:59,694 INFO pycloud_parallel.controlplane.infocenter_http [InfoCenter] GET /nodes healthy_only=True tags=[] limit=500 count=2
2026-05-04 10:26:59,695 INFO pycloud_parallel.controlplane.infocenter_http [InfoCenter] GET /nodes healthy_only=True tags=[] limit=500 count=2
2026-05-04 10:26:59,695 INFO pycloud_parallel.controlplane.infocenter_http [InfoCenter] GET /nodes healthy_only=True tags=[] limit=500 count=2
2026-05-04 10:26:59,696 INFO pycloud_parallel.controlplane.infocenter_http [InfoCenter] GET /nodes healthy_only=True tags=[] limit=500 count=2
2026-05-04 10:26:59,697 INFO pycloud_parallel.controlplane.infocenter_http [InfoCenter] GET /nodes healthy_only=True tags=[] limit=500 count=2
2026-05-04 10:26:59,698 INFO pycloud_parallel.controlplane.infocenter_http [InfoCenter] GET /nodes healthy_only=True tags=[] limit=500 count=2
2026-05-04 10:26:59,699 INFO pycloud_parallel.controlplane.infocenter_http [InfoCenter] GET /nodes healthy_only=True tags=[] limit=500 count=2
2026-05-04 10:26:59,700 INFO pycloud_parallel.controlplane.infocenter_http [InfoCenter] GET /nodes healthy_only=True tags=[] limit=500 count=2
2026-05-04 10:26:59,701 INFO pycloud_parallel.controlplane.infocenter_http [InfoCenter] GET /nodes healthy_only=True tags=[] limit=500 count=2
2026-05-04 10:26:59,702 INFO pycloud_parallel.controlplane.infocenter_http [InfoCenter] GET /nodes healthy_only=True tags=[] limit=500 count=2
2026-05-04 10:26:59,703 INFO pycloud_parallel.controlplane.infocenter_http [InfoCenter] GET /nodes healthy_only=True tags=[] limit=500 count=2
2026-05-04 10:26:59,704 INFO pycloud_parallel.controlplane.infocenter_http [InfoCenter] GET /nodes healthy_only=True tags=[] limit=500 count=2
2026-05-04 10:26:59,705 INFO pycloud_parallel.controlplane.infocenter_http [InfoCenter] GET /nodes healthy_only=True tags=[] limit=500 count=2
2026-05-04 10:26:59,706 INFO pycloud_parallel.controlplane.infocenter_http [InfoCenter] GET /nodes healthy_only=True tags=[] limit=500 count=2
2026-05-04 10:26:59,707 INFO pycloud_parallel.controlplane.infocenter_http [InfoCenter] GET /nodes healthy_only=True tags=[] limit=500 count=2
2026-05-04 10:26:59,708 INFO pycloud_parallel.controlplane.infocenter_http [InfoCenter] GET /nodes healthy_only=True tags=[] limit=500 count=2
2026-05-04 10:26:59,709 INFO pycloud_parallel.controlplane.infocenter_http [InfoCenter] GET /nodes healthy_only=True tags=[] limit=500 count=2
2026-05-04 10:26:59,710 INFO pycloud_parallel.controlplane.infocenter_http [InfoCenter] GET /nodes healthy_only=True tags=[] limit=500 count=2
2026-05-04 10:26:59,711 INFO pycloud_parallel.controlplane.infocenter_http [InfoCenter] GET /nodes healthy_only=True tags=[] limit=500 count=2
2026-05-04 10:26:59,712 INFO pycloud_parallel.controlplane.infocenter_http [InfoCenter] GET /nodes healthy_only=True tags=[] limit=500 count=2
2026-05-04 10:26:59,713 INFO pycloud_parallel.controlplane.infocenter_http [InfoCenter] GET /nodes healthy_only=True tags=[] limit=500 count=2
2026-05-04 10:26:59,714 INFO pycloud_parallel.controlplane.infocenter_http [InfoCenter] GET /nodes healthy_only=True tags=[] limit=500 count=2
2026-05-04 10:26:59,715 INFO pycloud_parallel.controlplane.infocenter_http [InfoCenter] GET /nodes healthy_only=True tags=[] limit=500 count=2
2026-05-04 10:26:59,716 INFO pycloud_parallel.controlplane.infocenter_http [InfoCenter] GET /nodes healthy_only=True tags=[] limit=500 count=2
2026-05-04 10:26:59,717 INFO pycloud_parallel.controlplane.infocenter_http [InfoCenter] GET /nodes healthy_only=True tags=[] limit=500 count=2
2026-05-04 10:26:59,717 INFO pycloud_parallel.controlplane.infocenter_http [InfoCenter] GET /nodes healthy_only=True tags=[] limit=500 count=2
2026-05-04 10:26:59,718 INFO pycloud_parallel.controlplane.infocenter_http [InfoCenter] GET /nodes healthy_only=True tags=[] limit=500 count=2
2026-05-04 10:26:59,719 INFO pycloud_parallel.controlplane.infocenter_http [InfoCenter] GET /nodes healthy_only=True tags=[] limit=500 count=2
2026-05-04 10:26:59,720 INFO pycloud_parallel.controlplane.infocenter_http [InfoCenter] GET /nodes healthy_only=True tags=[] limit=500 count=2
2026-05-04 10:26:59,721 INFO pycloud_parallel.controlplane.infocenter_http [InfoCenter] GET /nodes healthy_only=True tags=[] limit=500 count=2
2026-05-04 10:26:59,722 INFO pycloud_parallel.controlplane.infocenter_http [InfoCenter] GET /nodes healthy_only=True tags=[] limit=500 count=2
2026-05-04 10:26:59,723 INFO pycloud_parallel.controlplane.infocenter_http [InfoCenter] GET /nodes healthy_only=True tags=[] limit=500 count=2
2026-05-04 10:26:59,724 INFO pycloud_parallel.controlplane.infocenter_http [InfoCenter] GET /nodes healthy_only=True tags=[] limit=500 count=2
2026-05-04 10:26:59,725 INFO pycloud_parallel.controlplane.infocenter_http [InfoCenter] GET /nodes healthy_only=True tags=[] limit=500 count=2
2026-05-04 10:26:59,726 INFO pycloud_parallel.controlplane.infocenter_http [InfoCenter] GET /nodes healthy_only=True tags=[] limit=500 count=2
2026-05-04 10:26:59,727 INFO pycloud_parallel.controlplane.infocenter_http [InfoCenter] GET /nodes healthy_only=True tags=[] limit=500 count=2
2026-05-04 10:26:59,728 INFO pycloud_parallel.controlplane.infocenter_http [InfoCenter] GET /nodes healthy_only=True tags=[] limit=500 count=2
2026-05-04 10:26:59,729 INFO pycloud_parallel.controlplane.infocenter_http [InfoCenter] GET /nodes healthy_only=True tags=[] limit=500 count=2
2026-05-04 10:26:59,730 INFO pycloud_parallel.controlplane.infocenter_http [InfoCenter] GET /nodes healthy_only=True tags=[] limit=500 count=2
2026-05-04 10:26:59,731 INFO pycloud_parallel.controlplane.infocenter_http [InfoCenter] GET /nodes healthy_only=True tags=[] limit=500 count=2
2026-05-04 10:26:59,732 INFO pycloud_parallel.controlplane.infocenter_http [InfoCenter] GET /nodes healthy_only=True tags=[] limit=500 count=2
2026-05-04 10:26:59,733 INFO pycloud_parallel.controlplane.infocenter_http [InfoCenter] GET /nodes healthy_only=True tags=[] limit=500 count=2
2026-05-04 10:26:59,734 INFO pycloud_parallel.controlplane.infocenter_http [InfoCenter] GET /nodes healthy_only=True tags=[] limit=500 count=2
2026-05-04 10:26:59,736 INFO pycloud_parallel.controlplane.infocenter_http [InfoCenter] GET /nodes healthy_only=True tags=[] limit=500 count=2
2026-05-04 10:26:59,736 INFO pycloud_parallel.controlplane.infocenter_http [InfoCenter] GET /nodes healthy_only=True tags=[] limit=500 count=2
2026-05-04 10:26:59,737 INFO pycloud_parallel.controlplane.infocenter_http [InfoCenter] GET /nodes healthy_only=True tags=[] limit=500 count=2
2026-05-04 10:26:59,738 INFO pycloud_parallel.controlplane.infocenter_http [InfoCenter] GET /nodes healthy_only=True tags=[] limit=500 count=2
2026-05-04 10:26:59,739 INFO pycloud_parallel.controlplane.infocenter_http [InfoCenter] GET /nodes healthy_only=True tags=[] limit=500 count=2
2026-05-04 10:26:59,740 INFO pycloud_parallel.controlplane.infocenter_http [InfoCenter] GET /nodes healthy_only=True tags=[] limit=500 count=2
2026-05-04 10:26:59,741 INFO pycloud_parallel.controlplane.infocenter_http [InfoCenter] GET /nodes healthy_only=True tags=[] limit=500 count=2
2026-05-04 10:26:59,742 INFO pycloud_parallel.controlplane.infocenter_http [InfoCenter] GET /nodes healthy_only=True tags=[] limit=500 count=2
2026-05-04 10:26:59,743 INFO pycloud_parallel.controlplane.infocenter_http [InfoCenter] GET /nodes healthy_only=True tags=[] limit=500 count=2
2026-05-04 10:26:59,744 INFO pycloud_parallel.controlplane.infocenter_http [InfoCenter] GET /nodes healthy_only=True tags=[] limit=500 count=2
2026-05-04 10:26:59,745 INFO pycloud_parallel.controlplane.infocenter_http [InfoCenter] GET /nodes healthy_only=True tags=[] limit=500 count=2
2026-05-04 10:26:59,746 INFO pycloud_parallel.controlplane.infocenter_http [InfoCenter] GET /nodes healthy_only=True tags=[] limit=500 count=2
2026-05-04 10:26:59,747 INFO pycloud_parallel.controlplane.infocenter_http [InfoCenter] GET /nodes healthy_only=True tags=[] limit=500 count=2
2026-05-04 10:26:59,748 INFO pycloud_parallel.controlplane.infocenter_http [InfoCenter] GET /nodes healthy_only=True tags=[] limit=500 count=2
2026-05-04 10:26:59,749 INFO pycloud_parallel.controlplane.infocenter_http [InfoCenter] GET /nodes healthy_only=True tags=[] limit=500 count=2
2026-05-04 10:26:59,750 INFO pycloud_parallel.controlplane.infocenter_http [InfoCenter] GET /nodes healthy_only=True tags=[] limit=500 count=2
2026-05-04 10:26:59,751 INFO pycloud_parallel.controlplane.infocenter_http [InfoCenter] GET /nodes healthy_only=True tags=[] limit=500 count=2
2026-05-04 10:26:59,752 INFO pycloud_parallel.controlplane.infocenter_http [InfoCenter] GET /nodes healthy_only=True tags=[] limit=500 count=2
2026-05-04 10:26:59,753 INFO pycloud_parallel.controlplane.infocenter_http [InfoCenter] GET /nodes healthy_only=True tags=[] limit=500 count=2
2026-05-04 10:26:59,754 INFO pycloud_parallel.controlplane.infocenter_http [InfoCenter] GET /nodes healthy_only=True tags=[] limit=500 count=2
2026-05-04 10:26:59,755 INFO pycloud_parallel.controlplane.infocenter_http [InfoCenter] GET /nodes healthy_only=True tags=[] limit=500 count=2
2026-05-04 10:26:59,756 INFO pycloud_parallel.controlplane.infocenter_http [InfoCenter] GET /nodes healthy_only=True tags=[] limit=500 count=2
2026-05-04 10:26:59,757 INFO pycloud_parallel.controlplane.infocenter_http [InfoCenter] GET /nodes healthy_only=True tags=[] limit=500 count=2
2026-05-04 10:26:59,758 INFO pycloud_parallel.controlplane.infocenter_http [InfoCenter] GET /nodes healthy_only=True tags=[] limit=500 count=2
2026-05-04 10:26:59,759 INFO pycloud_parallel.controlplane.infocenter_http [InfoCenter] GET /nodes healthy_only=True tags=[] limit=500 count=2
2026-05-04 10:26:59,760 INFO pycloud_parallel.controlplane.infocenter_http [InfoCenter] GET /nodes healthy_only=True tags=[] limit=500 count=2
2026-05-04 10:26:59,761 INFO pycloud_parallel.controlplane.infocenter_http [InfoCenter] GET /nodes healthy_only=True tags=[] limit=500 count=2
2026-05-04 10:26:59,762 INFO pycloud_parallel.controlplane.infocenter_http [InfoCenter] GET /nodes healthy_only=True tags=[] limit=500 count=2
2026-05-04 10:26:59,763 INFO pycloud_parallel.controlplane.infocenter_http [InfoCenter] GET /nodes healthy_only=True tags=[] limit=500 count=2
2026-05-04 10:26:59,764 INFO pycloud_parallel.controlplane.infocenter_http [InfoCenter] GET /nodes healthy_only=True tags=[] limit=500 count=2
2026-05-04 10:26:59,765 INFO pycloud_parallel.controlplane.infocenter_http [InfoCenter] GET /nodes healthy_only=True tags=[] limit=500 count=2
2026-05-04 10:26:59,766 INFO pycloud_parallel.controlplane.infocenter_http [InfoCenter] GET /nodes healthy_only=True tags=[] limit=500 count=2
2026-05-04 10:26:59,767 INFO pycloud_parallel.controlplane.infocenter_http [InfoCenter] GET /nodes healthy_only=True tags=[] limit=500 count=2
2026-05-04 10:26:59,768 INFO pycloud_parallel.controlplane.infocenter_http [InfoCenter] GET /nodes healthy_only=True tags=[] limit=500 count=2
2026-05-04 10:26:59,769 INFO pycloud_parallel.controlplane.infocenter_http [InfoCenter] GET /nodes healthy_only=True tags=[] limit=500 count=2
2026-05-04 10:26:59,770 INFO pycloud_parallel.controlplane.infocenter_http [InfoCenter] GET /nodes healthy_only=True tags=[] limit=500 count=2
2026-05-04 10:26:59,771 INFO pycloud_parallel.controlplane.infocenter_http [InfoCenter] GET /nodes healthy_only=True tags=[] limit=500 count=2
2026-05-04 10:26:59,772 INFO pycloud_parallel.controlplane.infocenter_http [InfoCenter] GET /nodes healthy_only=True tags=[] limit=500 count=2
2026-05-04 10:26:59,773 INFO pycloud_parallel.controlplane.infocenter_http [InfoCenter] GET /nodes healthy_only=True tags=[] limit=500 count=2
2026-05-04 10:26:59,774 INFO pycloud_parallel.controlplane.infocenter_http [InfoCenter] GET /nodes healthy_only=True tags=[] limit=500 count=2
2026-05-04 10:26:59,775 INFO pycloud_parallel.controlplane.infocenter_http [InfoCenter] GET /nodes healthy_only=True tags=[] limit=500 count=2
2026-05-04 10:26:59,776 INFO pycloud_parallel.controlplane.infocenter_http [InfoCenter] GET /nodes healthy_only=True tags=[] limit=500 count=2
2026-05-04 10:26:59,777 INFO pycloud_parallel.controlplane.infocenter_http [InfoCenter] GET /nodes healthy_only=True tags=[] limit=500 count=2
2026-05-04 10:26:59,778 INFO pycloud_parallel.controlplane.infocenter_http [InfoCenter] GET /nodes healthy_only=True tags=[] limit=500 count=2
2026-05-04 10:26:59,779 INFO pycloud_parallel.controlplane.infocenter_http [InfoCenter] GET /nodes healthy_only=True tags=[] limit=500 count=2
2026-05-04 10:26:59,780 INFO pycloud_parallel.controlplane.infocenter_http [InfoCenter] GET /nodes healthy_only=True tags=[] limit=500 count=2
2026-05-04 10:26:59,781 INFO pycloud_parallel.controlplane.infocenter_http [InfoCenter] GET /nodes healthy_only=True tags=[] limit=500 count=2
2026-05-04 10:26:59,782 INFO pycloud_parallel.controlplane.infocenter_http [InfoCenter] GET /nodes healthy_only=True tags=[] limit=500 count=2
2026-05-04 10:26:59,783 INFO pycloud_parallel.controlplane.infocenter_http [InfoCenter] GET /nodes healthy_only=True tags=[] limit=500 count=2
2026-05-04 10:26:59,784 INFO pycloud_parallel.controlplane.infocenter_http [InfoCenter] GET /nodes healthy_only=True tags=[] limit=500 count=2
2026-05-04 10:26:59,785 INFO pycloud_parallel.controlplane.infocenter_http [InfoCenter] GET /nodes healthy_only=True tags=[] limit=500 count=2
2026-05-04 10:26:59,786 INFO pycloud_parallel.controlplane.infocenter_http [InfoCenter] GET /nodes healthy_only=True tags=[] limit=500 count=2
2026-05-04 10:26:59,786 INFO pycloud_parallel.controlplane.infocenter_http [InfoCenter] GET /nodes healthy_only=True tags=[] limit=500 count=2
2026-05-04 10:26:59,787 INFO pycloud_parallel.controlplane.infocenter_http [InfoCenter] GET /nodes healthy_only=True tags=[] limit=500 count=2
2026-05-04 10:26:59,788 INFO pycloud_parallel.controlplane.infocenter_http [InfoCenter] GET /nodes healthy_only=True tags=[] limit=500 count=2
2026-05-04 10:26:59,789 INFO pycloud_parallel.controlplane.infocenter_http [InfoCenter] GET /nodes healthy_only=True tags=[] limit=500 count=2
2026-05-04 10:26:59,790 INFO pycloud_parallel.controlplane.infocenter_http [InfoCenter] GET /nodes healthy_only=True tags=[] limit=500 count=2
2026-05-04 10:26:59,791 INFO pycloud_parallel.controlplane.infocenter_http [InfoCenter] GET /nodes healthy_only=True tags=[] limit=500 count=2
2026-05-04 10:26:59,792 INFO pycloud_parallel.controlplane.infocenter_http [InfoCenter] GET /nodes healthy_only=True tags=[] limit=500 count=2
2026-05-04 10:26:59,793 INFO pycloud_parallel.controlplane.infocenter_http [InfoCenter] GET /nodes healthy_only=True tags=[] limit=500 count=2
2026-05-04 10:26:59,794 INFO pycloud_parallel.controlplane.infocenter_http [InfoCenter] GET /nodes healthy_only=True tags=[] limit=500 count=2
2026-05-04 10:26:59,795 INFO pycloud_parallel.controlplane.infocenter_http [InfoCenter] GET /nodes healthy_only=True tags=[] limit=500 count=2
2026-05-04 10:26:59,796 INFO pycloud_parallel.controlplane.infocenter_http [InfoCenter] GET /nodes healthy_only=True tags=[] limit=500 count=2
2026-05-04 10:26:59,797 INFO pycloud_parallel.controlplane.infocenter_http [InfoCenter] GET /nodes healthy_only=True tags=[] limit=500 count=2
2026-05-04 10:26:59,798 INFO pycloud_parallel.controlplane.infocenter_http [InfoCenter] GET /nodes healthy_only=True tags=[] limit=500 count=2
2026-05-04 10:26:59,799 INFO pycloud_parallel.controlplane.infocenter_http [InfoCenter] GET /nodes healthy_only=True tags=[] limit=500 count=2
2026-05-04 10:26:59,800 INFO pycloud_parallel.controlplane.infocenter_http [InfoCenter] GET /nodes healthy_only=True tags=[] limit=500 count=2
2026-05-04 10:26:59,801 INFO pycloud_parallel.controlplane.infocenter_http [InfoCenter] GET /nodes healthy_only=True tags=[] limit=500 count=2
2026-05-04 10:26:59,802 INFO pycloud_parallel.controlplane.infocenter_http [InfoCenter] GET /nodes healthy_only=True tags=[] limit=500 count=2
2026-05-04 10:26:59,803 INFO pycloud_parallel.controlplane.infocenter_http [InfoCenter] GET /nodes healthy_only=True tags=[] limit=500 count=2
2026-05-04 10:26:59,804 INFO pycloud_parallel.controlplane.infocenter_http [InfoCenter] GET /nodes healthy_only=True tags=[] limit=500 count=2
2026-05-04 10:26:59,805 INFO pycloud_parallel.controlplane.infocenter_http [InfoCenter] GET /nodes healthy_only=True tags=[] limit=500 count=2
2026-05-04 10:26:59,806 INFO pycloud_parallel.controlplane.infocenter_http [InfoCenter] GET /nodes healthy_only=True tags=[] limit=500 count=2
2026-05-04 10:26:59,807 INFO pycloud_parallel.controlplane.infocenter_http [InfoCenter] GET /nodes healthy_only=True tags=[] limit=500 count=2
2026-05-04 10:26:59,807 INFO pycloud_parallel.controlplane.infocenter_http [InfoCenter] GET /nodes healthy_only=True tags=[] limit=500 count=2
2026-05-04 10:26:59,808 INFO pycloud_parallel.controlplane.infocenter_http [InfoCenter] GET /nodes healthy_only=True tags=[] limit=500 count=2
2026-05-04 10:26:59,809 INFO pycloud_parallel.controlplane.infocenter_http [InfoCenter] GET /nodes healthy_only=True tags=[] limit=500 count=2
2026-05-04 10:26:59,810 INFO pycloud_parallel.controlplane.infocenter_http [InfoCenter] GET /nodes healthy_only=True tags=[] limit=500 count=2
2026-05-04 10:26:59,811 INFO pycloud_parallel.controlplane.infocenter_http [InfoCenter] GET /nodes healthy_only=True tags=[] limit=500 count=2
2026-05-04 10:26:59,812 INFO pycloud_parallel.controlplane.infocenter_http [InfoCenter] GET /nodes healthy_only=True tags=[] limit=500 count=2
2026-05-04 10:26:59,814 INFO pycloud_parallel.controlplane.infocenter_http [InfoCenter] GET /nodes healthy_only=True tags=[] limit=500 count=2
2026-05-04 10:26:59,815 INFO pycloud_parallel.controlplane.infocenter_http [InfoCenter] GET /nodes healthy_only=True tags=[] limit=500 count=2
2026-05-04 10:26:59,816 INFO pycloud_parallel.controlplane.infocenter_http [InfoCenter] GET /nodes healthy_only=True tags=[] limit=500 count=2
2026-05-04 10:26:59,817 INFO pycloud_parallel.controlplane.infocenter_http [InfoCenter] GET /nodes healthy_only=True tags=[] limit=500 count=2
2026-05-04 10:26:59,818 INFO pycloud_parallel.controlplane.infocenter_http [InfoCenter] GET /nodes healthy_only=True tags=[] limit=500 count=2
2026-05-04 10:26:59,819 INFO pycloud_parallel.controlplane.infocenter_http [InfoCenter] GET /nodes healthy_only=True tags=[] limit=500 count=2
2026-05-04 10:26:59,820 INFO pycloud_parallel.controlplane.infocenter_http [InfoCenter] GET /nodes healthy_only=True tags=[] limit=500 count=2
2026-05-04 10:26:59,821 INFO pycloud_parallel.controlplane.infocenter_http [InfoCenter] GET /nodes healthy_only=True tags=[] limit=500 count=2
2026-05-04 10:26:59,822 INFO pycloud_parallel.controlplane.infocenter_http [InfoCenter] GET /nodes healthy_only=True tags=[] limit=500 count=2
2026-05-04 10:26:59,823 INFO pycloud_parallel.controlplane.infocenter_http [InfoCenter] GET /nodes healthy_only=True tags=[] limit=500 count=2
2026-05-04 10:26:59,824 INFO pycloud_parallel.controlplane.infocenter_http [InfoCenter] GET /nodes healthy_only=True tags=[] limit=500 count=2
2026-05-04 10:26:59,825 INFO pycloud_parallel.controlplane.infocenter_http [InfoCenter] GET /nodes healthy_only=True tags=[] limit=500 count=2
2026-05-04 10:26:59,827 INFO pycloud_parallel.controlplane.infocenter_http [InfoCenter] GET /nodes healthy_only=True tags=[] limit=500 count=2
2026-05-04 10:26:59,828 INFO pycloud_parallel.controlplane.infocenter_http [InfoCenter] GET /nodes healthy_only=True tags=[] limit=500 count=2
2026-05-04 10:26:59,829 INFO pycloud_parallel.controlplane.infocenter_http [InfoCenter] GET /nodes healthy_only=True tags=[] limit=500 count=2
2026-05-04 10:26:59,830 INFO pycloud_parallel.controlplane.infocenter_http [InfoCenter] GET /nodes healthy_only=True tags=[] limit=500 count=2
2026-05-04 10:26:59,831 INFO pycloud_parallel.controlplane.infocenter_http [InfoCenter] GET /nodes healthy_only=True tags=[] limit=500 count=2
2026-05-04 10:26:59,832 INFO pycloud_parallel.controlplane.infocenter_http [InfoCenter] GET /nodes healthy_only=True tags=[] limit=500 count=2
2026-05-04 10:26:59,833 INFO pycloud_parallel.controlplane.infocenter_http [InfoCenter] GET /nodes healthy_only=True tags=[] limit=500 count=2
2026-05-04 10:26:59,834 INFO pycloud_parallel.controlplane.infocenter_http [InfoCenter] GET /nodes healthy_only=True tags=[] limit=500 count=2
2026-05-04 10:26:59,834 INFO pycloud_parallel.controlplane.infocenter_http [InfoCenter] GET /nodes healthy_only=True tags=[] limit=500 count=2
2026-05-04 10:26:59,835 INFO pycloud_parallel.controlplane.infocenter_http [InfoCenter] GET /nodes healthy_only=True tags=[] limit=500 count=2
2026-05-04 10:26:59,837 INFO pycloud_parallel.controlplane.infocenter_http [InfoCenter] GET /nodes healthy_only=True tags=[] limit=500 count=2
2026-05-04 10:26:59,837 INFO pycloud_parallel.controlplane.infocenter_http [InfoCenter] GET /nodes healthy_only=True tags=[] limit=500 count=2
2026-05-04 10:26:59,839 INFO pycloud_parallel.controlplane.infocenter_http [InfoCenter] GET /nodes healthy_only=True tags=[] limit=500 count=2
2026-05-04 10:26:59,840 INFO pycloud_parallel.controlplane.infocenter_http [InfoCenter] GET /nodes healthy_only=True tags=[] limit=500 count=2
2026-05-04 10:26:59,841 INFO pycloud_parallel.controlplane.infocenter_http [InfoCenter] GET /nodes healthy_only=True tags=[] limit=500 count=2
2026-05-04 10:26:59,842 INFO pycloud_parallel.controlplane.infocenter_http [InfoCenter] GET /nodes healthy_only=True tags=[] limit=500 count=2
2026-05-04 10:26:59,843 INFO pycloud_parallel.controlplane.infocenter_http [InfoCenter] GET /nodes healthy_only=True tags=[] limit=500 count=2
2026-05-04 10:26:59,844 INFO pycloud_parallel.controlplane.infocenter_http [InfoCenter] GET /nodes healthy_only=True tags=[] limit=500 count=2
2026-05-04 10:26:59,845 INFO pycloud_parallel.controlplane.infocenter_http [InfoCenter] GET /nodes healthy_only=True tags=[] limit=500 count=2
2026-05-04 10:26:59,846 INFO pycloud_parallel.controlplane.infocenter_http [InfoCenter] GET /nodes healthy_only=True tags=[] limit=500 count=2
2026-05-04 10:26:59,847 INFO pycloud_parallel.controlplane.infocenter_http [InfoCenter] GET /nodes healthy_only=True tags=[] limit=500 count=2
2026-05-04 10:26:59,848 INFO pycloud_parallel.controlplane.infocenter_http [InfoCenter] GET /nodes healthy_only=True tags=[] limit=500 count=2
2026-05-04 10:26:59,849 INFO pycloud_parallel.controlplane.infocenter_http [InfoCenter] GET /nodes healthy_only=True tags=[] limit=500 count=2
2026-05-04 10:26:59,849 INFO pycloud_parallel.controlplane.infocenter_http [InfoCenter] GET /nodes healthy_only=True tags=[] limit=500 count=2
2026-05-04 10:26:59,850 INFO pycloud_parallel.controlplane.infocenter_http [InfoCenter] GET /nodes healthy_only=True tags=[] limit=500 count=2
2026-05-04 10:26:59,851 INFO pycloud_parallel.controlplane.infocenter_http [InfoCenter] GET /nodes healthy_only=True tags=[] limit=500 count=2
2026-05-04 10:26:59,852 INFO pycloud_parallel.controlplane.infocenter_http [InfoCenter] GET /nodes healthy_only=True tags=[] limit=500 count=2
2026-05-04 10:26:59,853 INFO pycloud_parallel.controlplane.infocenter_http [InfoCenter] GET /nodes healthy_only=True tags=[] limit=500 count=2
2026-05-04 10:26:59,854 INFO pycloud_parallel.controlplane.infocenter_http [InfoCenter] GET /nodes healthy_only=True tags=[] limit=500 count=2
2026-05-04 10:26:59,855 INFO pycloud_parallel.controlplane.infocenter_http [InfoCenter] GET /nodes healthy_only=True tags=[] limit=500 count=2
2026-05-04 10:26:59,856 INFO pycloud_parallel.controlplane.infocenter_http [InfoCenter] GET /nodes healthy_only=True tags=[] limit=500 count=2
2026-05-04 10:26:59,857 INFO pycloud_parallel.controlplane.infocenter_http [InfoCenter] GET /nodes healthy_only=True tags=[] limit=500 count=2
2026-05-04 10:26:59,858 INFO pycloud_parallel.controlplane.infocenter_http [InfoCenter] GET /nodes healthy_only=True tags=[] limit=500 count=2
2026-05-04 10:26:59,859 INFO pycloud_parallel.controlplane.infocenter_http [InfoCenter] GET /nodes healthy_only=True tags=[] limit=500 count=2
2026-05-04 10:26:59,861 INFO pycloud_parallel.controlplane.infocenter_http [InfoCenter] GET /nodes healthy_only=True tags=[] limit=500 count=2
2026-05-04 10:26:59,862 INFO pycloud_parallel.controlplane.infocenter_http [InfoCenter] GET /nodes healthy_only=True tags=[] limit=500 count=2
2026-05-04 10:26:59,863 INFO pycloud_parallel.controlplane.infocenter_http [InfoCenter] GET /nodes healthy_only=True tags=[] limit=500 count=2
2026-05-04 10:26:59,864 INFO pycloud_parallel.controlplane.infocenter_http [InfoCenter] GET /nodes healthy_only=True tags=[] limit=500 count=2
2026-05-04 10:26:59,865 INFO pycloud_parallel.controlplane.infocenter_http [InfoCenter] GET /nodes healthy_only=True tags=[] limit=500 count=2
2026-05-04 10:26:59,866 INFO pycloud_parallel.controlplane.infocenter_http [InfoCenter] GET /nodes healthy_only=True tags=[] limit=500 count=2
2026-05-04 10:26:59,867 INFO pycloud_parallel.controlplane.infocenter_http [InfoCenter] GET /nodes healthy_only=True tags=[] limit=500 count=2
2026-05-04 10:26:59,868 INFO pycloud_parallel.controlplane.infocenter_http [InfoCenter] GET /nodes healthy_only=True tags=[] limit=500 count=2
2026-05-04 10:26:59,869 INFO pycloud_parallel.controlplane.infocenter_http [InfoCenter] GET /nodes healthy_only=True tags=[] limit=500 count=2
2026-05-04 10:26:59,870 INFO pycloud_parallel.controlplane.infocenter_http [InfoCenter] GET /nodes healthy_only=True tags=[] limit=500 count=2
2026-05-04 10:26:59,871 INFO pycloud_parallel.controlplane.infocenter_http [InfoCenter] GET /nodes healthy_only=True tags=[] limit=500 count=2
2026-05-04 10:26:59,872 INFO pycloud_parallel.controlplane.infocenter_http [InfoCenter] GET /nodes healthy_only=True tags=[] limit=500 count=2
2026-05-04 10:26:59,873 INFO pycloud_parallel.controlplane.infocenter_http [InfoCenter] GET /nodes healthy_only=True tags=[] limit=500 count=2
2026-05-04 10:26:59,874 INFO pycloud_parallel.controlplane.infocenter_http [InfoCenter] GET /nodes healthy_only=True tags=[] limit=500 count=2
2026-05-04 10:26:59,875 INFO pycloud_parallel.controlplane.infocenter_http [InfoCenter] GET /nodes healthy_only=True tags=[] limit=500 count=2
2026-05-04 10:26:59,876 INFO pycloud_parallel.controlplane.infocenter_http [InfoCenter] GET /nodes healthy_only=True tags=[] limit=500 count=2
2026-05-04 10:26:59,877 INFO pycloud_parallel.controlplane.infocenter_http [InfoCenter] GET /nodes healthy_only=True tags=[] limit=500 count=2
2026-05-04 10:26:59,878 INFO pycloud_parallel.controlplane.infocenter_http [InfoCenter] GET /nodes healthy_only=True tags=[] limit=500 count=2
2026-05-04 10:26:59,879 INFO pycloud_parallel.controlplane.infocenter_http [InfoCenter] GET /nodes healthy_only=True tags=[] limit=500 count=2
2026-05-04 10:26:59,880 INFO pycloud_parallel.controlplane.infocenter_http [InfoCenter] GET /nodes healthy_only=True tags=[] limit=500 count=2
2026-05-04 10:26:59,881 INFO pycloud_parallel.controlplane.infocenter_http [InfoCenter] GET /nodes healthy_only=True tags=[] limit=500 count=2
2026-05-04 10:26:59,882 INFO pycloud_parallel.controlplane.infocenter_http [InfoCenter] GET /nodes healthy_only=True tags=[] limit=500 count=2
2026-05-04 10:26:59,882 INFO pycloud_parallel.controlplane.infocenter_http [InfoCenter] GET /nodes healthy_only=True tags=[] limit=500 count=2
2026-05-04 10:26:59,883 INFO pycloud_parallel.controlplane.infocenter_http [InfoCenter] GET /nodes healthy_only=True tags=[] limit=500 count=2
2026-05-04 10:26:59,884 INFO pycloud_parallel.controlplane.infocenter_http [InfoCenter] GET /nodes healthy_only=True tags=[] limit=500 count=2
2026-05-04 10:26:59,885 INFO pycloud_parallel.controlplane.infocenter_http [InfoCenter] GET /nodes healthy_only=True tags=[] limit=500 count=2
2026-05-04 10:26:59,886 INFO pycloud_parallel.controlplane.infocenter_http [InfoCenter] GET /nodes healthy_only=True tags=[] limit=500 count=2
2026-05-04 10:26:59,887 INFO pycloud_parallel.controlplane.infocenter_http [InfoCenter] GET /nodes healthy_only=True tags=[] limit=500 count=2
2026-05-04 10:26:59,888 INFO pycloud_parallel.controlplane.infocenter_http [InfoCenter] GET /nodes healthy_only=True tags=[] limit=500 count=2
2026-05-04 10:26:59,889 INFO pycloud_parallel.controlplane.infocenter_http [InfoCenter] GET /nodes healthy_only=True tags=[] limit=500 count=2
2026-05-04 10:26:59,890 INFO pycloud_parallel.controlplane.infocenter_http [InfoCenter] GET /nodes healthy_only=True tags=[] limit=500 count=2
2026-05-04 10:26:59,891 INFO pycloud_parallel.controlplane.infocenter_http [InfoCenter] GET /nodes healthy_only=True tags=[] limit=500 count=2
2026-05-04 10:26:59,892 INFO pycloud_parallel.controlplane.infocenter_http [InfoCenter] GET /nodes healthy_only=True tags=[] limit=500 count=2
2026-05-04 10:26:59,893 INFO pycloud_parallel.controlplane.infocenter_http [InfoCenter] GET /nodes healthy_only=True tags=[] limit=500 count=2
2026-05-04 10:26:59,894 INFO pycloud_parallel.controlplane.infocenter_http [InfoCenter] GET /nodes healthy_only=True tags=[] limit=500 count=2
2026-05-04 10:26:59,895 INFO pycloud_parallel.controlplane.infocenter_http [InfoCenter] GET /nodes healthy_only=True tags=[] limit=500 count=2
2026-05-04 10:26:59,896 INFO pycloud_parallel.controlplane.infocenter_http [InfoCenter] GET /nodes healthy_only=True tags=[] limit=500 count=2
2026-05-04 10:26:59,897 INFO pycloud_parallel.controlplane.infocenter_http [InfoCenter] GET /nodes healthy_only=True tags=[] limit=500 count=2
2026-05-04 10:26:59,898 INFO pycloud_parallel.controlplane.infocenter_http [InfoCenter] GET /nodes healthy_only=True tags=[] limit=500 count=2
2026-05-04 10:26:59,899 INFO pycloud_parallel.controlplane.infocenter_http [InfoCenter] GET /nodes healthy_only=True tags=[] limit=500 count=2
2026-05-04 10:26:59,900 INFO pycloud_parallel.controlplane.infocenter_http [InfoCenter] GET /nodes healthy_only=True tags=[] limit=500 count=2
2026-05-04 10:26:59,901 INFO pycloud_parallel.controlplane.infocenter_http [InfoCenter] GET /nodes healthy_only=True tags=[] limit=500 count=2
2026-05-04 10:26:59,902 INFO pycloud_parallel.controlplane.infocenter_http [InfoCenter] GET /nodes healthy_only=True tags=[] limit=500 count=2
2026-05-04 10:26:59,903 INFO pycloud_parallel.controlplane.infocenter_http [InfoCenter] GET /nodes healthy_only=True tags=[] limit=500 count=2
2026-05-04 10:26:59,904 INFO pycloud_parallel.controlplane.infocenter_http [InfoCenter] GET /nodes healthy_only=True tags=[] limit=500 count=2
2026-05-04 10:26:59,905 INFO pycloud_parallel.controlplane.infocenter_http [InfoCenter] GET /nodes healthy_only=True tags=[] limit=500 count=2
2026-05-04 10:26:59,906 INFO pycloud_parallel.controlplane.infocenter_http [InfoCenter] GET /nodes healthy_only=True tags=[] limit=500 count=2
2026-05-04 10:26:59,907 INFO pycloud_parallel.controlplane.infocenter_http [InfoCenter] GET /nodes healthy_only=True tags=[] limit=500 count=2
2026-05-04 10:26:59,908 INFO pycloud_parallel.controlplane.infocenter_http [InfoCenter] GET /nodes healthy_only=True tags=[] limit=500 count=2
2026-05-04 10:26:59,909 INFO pycloud_parallel.controlplane.infocenter_http [InfoCenter] GET /nodes healthy_only=True tags=[] limit=500 count=2
2026-05-04 10:26:59,910 INFO pycloud_parallel.controlplane.infocenter_http [InfoCenter] GET /nodes healthy_only=True tags=[] limit=500 count=2
2026-05-04 10:26:59,912 INFO pycloud_parallel.controlplane.infocenter_http [InfoCenter] GET /nodes healthy_only=True tags=[] limit=500 count=2
2026-05-04 10:26:59,913 INFO pycloud_parallel.controlplane.infocenter_http [InfoCenter] GET /nodes healthy_only=True tags=[] limit=500 count=2
2026-05-04 10:26:59,914 INFO pycloud_parallel.controlplane.infocenter_http [InfoCenter] GET /nodes healthy_only=True tags=[] limit=500 count=2
2026-05-04 10:26:59,915 INFO pycloud_parallel.controlplane.infocenter_http [InfoCenter] GET /nodes healthy_only=True tags=[] limit=500 count=2
2026-05-04 10:26:59,916 INFO pycloud_parallel.controlplane.infocenter_http [InfoCenter] GET /nodes healthy_only=True tags=[] limit=500 count=2
2026-05-04 10:26:59,917 INFO pycloud_parallel.controlplane.infocenter_http [InfoCenter] GET /nodes healthy_only=True tags=[] limit=500 count=2
2026-05-04 10:26:59,917 INFO pycloud_parallel.controlplane.infocenter_http [InfoCenter] GET /nodes healthy_only=True tags=[] limit=500 count=2
2026-05-04 10:26:59,918 INFO pycloud_parallel.controlplane.infocenter_http [InfoCenter] GET /nodes healthy_only=True tags=[] limit=500 count=2
2026-05-04 10:26:59,919 INFO pycloud_parallel.controlplane.infocenter_http [InfoCenter] GET /nodes healthy_only=True tags=[] limit=500 count=2
2026-05-04 10:26:59,921 INFO pycloud_parallel.controlplane.infocenter_http [InfoCenter] GET /nodes healthy_only=True tags=[] limit=500 count=2
2026-05-04 10:26:59,922 INFO pycloud_parallel.controlplane.infocenter_http [InfoCenter] GET /nodes healthy_only=True tags=[] limit=500 count=2
2026-05-04 10:26:59,923 INFO pycloud_parallel.controlplane.infocenter_http [InfoCenter] GET /nodes healthy_only=True tags=[] limit=500 count=2
2026-05-04 10:26:59,924 INFO pycloud_parallel.controlplane.infocenter_http [InfoCenter] GET /nodes healthy_only=True tags=[] limit=500 count=2
2026-05-04 10:26:59,925 INFO pycloud_parallel.controlplane.infocenter_http [InfoCenter] GET /nodes healthy_only=True tags=[] limit=500 count=2
2026-05-04 10:26:59,926 INFO pycloud_parallel.controlplane.infocenter_http [InfoCenter] GET /nodes healthy_only=True tags=[] limit=500 count=2
2026-05-04 10:26:59,927 INFO pycloud_parallel.controlplane.infocenter_http [InfoCenter] GET /nodes healthy_only=True tags=[] limit=500 count=2
2026-05-04 10:26:59,928 INFO pycloud_parallel.controlplane.infocenter_http [InfoCenter] GET /nodes healthy_only=True tags=[] limit=500 count=2
2026-05-04 10:26:59,929 INFO pycloud_parallel.controlplane.infocenter_http [InfoCenter] GET /nodes healthy_only=True tags=[] limit=500 count=2
2026-05-04 10:26:59,930 INFO pycloud_parallel.controlplane.infocenter_http [InfoCenter] GET /nodes healthy_only=True tags=[] limit=500 count=2
2026-05-04 10:26:59,931 INFO pycloud_parallel.controlplane.infocenter_http [InfoCenter] GET /nodes healthy_only=True tags=[] limit=500 count=2
2026-05-04 10:26:59,932 INFO pycloud_parallel.controlplane.infocenter_http [InfoCenter] GET /nodes healthy_only=True tags=[] limit=500 count=2
2026-05-04 10:26:59,933 INFO pycloud_parallel.controlplane.infocenter_http [InfoCenter] GET /nodes healthy_only=True tags=[] limit=500 count=2
2026-05-04 10:26:59,934 INFO pycloud_parallel.controlplane.infocenter_http [InfoCenter] GET /nodes healthy_only=True tags=[] limit=500 count=2
2026-05-04 10:26:59,935 INFO pycloud_parallel.controlplane.infocenter_http [InfoCenter] GET /nodes healthy_only=True tags=[] limit=500 count=2
2026-05-04 10:26:59,936 INFO pycloud_parallel.controlplane.infocenter_http [InfoCenter] GET /nodes healthy_only=True tags=[] limit=500 count=2
2026-05-04 10:26:59,937 INFO pycloud_parallel.controlplane.infocenter_http [InfoCenter] GET /nodes healthy_only=True tags=[] limit=500 count=2
2026-05-04 10:26:59,938 INFO pycloud_parallel.controlplane.infocenter_http [InfoCenter] GET /nodes healthy_only=True tags=[] limit=500 count=2
2026-05-04 10:26:59,939 INFO pycloud_parallel.controlplane.infocenter_http [InfoCenter] GET /nodes healthy_only=True tags=[] limit=500 count=2
2026-05-04 10:26:59,940 INFO pycloud_parallel.controlplane.infocenter_http [InfoCenter] GET /nodes healthy_only=True tags=[] limit=500 count=2
2026-05-04 10:26:59,941 INFO pycloud_parallel.controlplane.infocenter_http [InfoCenter] GET /nodes healthy_only=True tags=[] limit=500 count=2
2026-05-04 10:26:59,942 INFO pycloud_parallel.controlplane.infocenter_http [InfoCenter] GET /nodes healthy_only=True tags=[] limit=500 count=2
2026-05-04 10:26:59,943 INFO pycloud_parallel.controlplane.infocenter_http [InfoCenter] GET /nodes healthy_only=True tags=[] limit=500 count=2
2026-05-04 10:26:59,944 INFO pycloud_parallel.controlplane.infocenter_http [InfoCenter] GET /nodes healthy_only=True tags=[] limit=500 count=2
2026-05-04 10:26:59,945 INFO pycloud_parallel.controlplane.infocenter_http [InfoCenter] GET /nodes healthy_only=True tags=[] limit=500 count=2
2026-05-04 10:26:59,946 INFO pycloud_parallel.controlplane.infocenter_http [InfoCenter] GET /nodes healthy_only=True tags=[] limit=500 count=2
2026-05-04 10:26:59,947 INFO pycloud_parallel.controlplane.infocenter_http [InfoCenter] GET /nodes healthy_only=True tags=[] limit=500 count=2
2026-05-04 10:26:59,948 INFO pycloud_parallel.controlplane.infocenter_http [InfoCenter] GET /nodes healthy_only=True tags=[] limit=500 count=2
2026-05-04 10:26:59,949 INFO pycloud_parallel.controlplane.infocenter_http [InfoCenter] GET /nodes healthy_only=True tags=[] limit=500 count=2
2026-05-04 10:26:59,950 INFO pycloud_parallel.controlplane.infocenter_http [InfoCenter] GET /nodes healthy_only=True tags=[] limit=500 count=2
2026-05-04 10:26:59,951 INFO pycloud_parallel.controlplane.infocenter_http [InfoCenter] GET /nodes healthy_only=True tags=[] limit=500 count=2
2026-05-04 10:26:59,952 INFO pycloud_parallel.controlplane.infocenter_http [InfoCenter] GET /nodes healthy_only=True tags=[] limit=500 count=2
2026-05-04 10:26:59,953 INFO pycloud_parallel.controlplane.infocenter_http [InfoCenter] GET /nodes healthy_only=True tags=[] limit=500 count=2
2026-05-04 10:26:59,954 INFO pycloud_parallel.controlplane.infocenter_http [InfoCenter] GET /nodes healthy_only=True tags=[] limit=500 count=2
2026-05-04 10:26:59,955 INFO pycloud_parallel.controlplane.infocenter_http [InfoCenter] GET /nodes healthy_only=True tags=[] limit=500 count=2
2026-05-04 10:26:59,956 INFO pycloud_parallel.controlplane.infocenter_http [InfoCenter] GET /nodes healthy_only=True tags=[] limit=500 count=2
2026-05-04 10:26:59,957 INFO pycloud_parallel.controlplane.infocenter_http [InfoCenter] GET /nodes healthy_only=True tags=[] limit=500 count=2
2026-05-04 10:26:59,958 INFO pycloud_parallel.controlplane.infocenter_http [InfoCenter] GET /nodes healthy_only=True tags=[] limit=500 count=2
2026-05-04 10:26:59,959 INFO pycloud_parallel.controlplane.infocenter_http [InfoCenter] GET /nodes healthy_only=True tags=[] limit=500 count=2
2026-05-04 10:26:59,960 INFO pycloud_parallel.controlplane.infocenter_http [InfoCenter] GET /nodes healthy_only=True tags=[] limit=500 count=2
2026-05-04 10:26:59,961 INFO pycloud_parallel.controlplane.infocenter_http [InfoCenter] GET /nodes healthy_only=True tags=[] limit=500 count=2
2026-05-04 10:26:59,962 INFO pycloud_parallel.controlplane.infocenter_http [InfoCenter] GET /nodes healthy_only=True tags=[] limit=500 count=2
2026-05-04 10:26:59,963 INFO pycloud_parallel.controlplane.infocenter_http [InfoCenter] GET /nodes healthy_only=True tags=[] limit=500 count=2
2026-05-04 10:26:59,964 INFO pycloud_parallel.controlplane.infocenter_http [InfoCenter] GET /nodes healthy_only=True tags=[] limit=500 count=2
2026-05-04 10:26:59,965 INFO pycloud_parallel.controlplane.infocenter_http [InfoCenter] GET /nodes healthy_only=True tags=[] limit=500 count=2
2026-05-04 10:26:59,966 INFO pycloud_parallel.controlplane.infocenter_http [InfoCenter] GET /nodes healthy_only=True tags=[] limit=500 count=2
2026-05-04 10:26:59,967 INFO pycloud_parallel.controlplane.infocenter_http [InfoCenter] GET /nodes healthy_only=True tags=[] limit=500 count=2
2026-05-04 10:26:59,968 INFO pycloud_parallel.controlplane.infocenter_http [InfoCenter] GET /nodes healthy_only=True tags=[] limit=500 count=2
2026-05-04 10:26:59,969 INFO pycloud_parallel.controlplane.infocenter_http [InfoCenter] GET /nodes healthy_only=True tags=[] limit=500 count=2
2026-05-04 10:26:59,970 INFO pycloud_parallel.controlplane.infocenter_http [InfoCenter] GET /nodes healthy_only=True tags=[] limit=500 count=2
2026-05-04 10:26:59,971 INFO pycloud_parallel.controlplane.infocenter_http [InfoCenter] GET /nodes healthy_only=True tags=[] limit=500 count=2
2026-05-04 10:26:59,972 INFO pycloud_parallel.controlplane.infocenter_http [InfoCenter] GET /nodes healthy_only=True tags=[] limit=500 count=2
2026-05-04 10:26:59,973 INFO pycloud_parallel.controlplane.infocenter_http [InfoCenter] GET /nodes healthy_only=True tags=[] limit=500 count=2
2026-05-04 10:26:59,974 INFO pycloud_parallel.controlplane.infocenter_http [InfoCenter] GET /nodes healthy_only=True tags=[] limit=500 count=2
2026-05-04 10:26:59,975 INFO pycloud_parallel.controlplane.infocenter_http [InfoCenter] GET /nodes healthy_only=True tags=[] limit=500 count=2
2026-05-04 10:26:59,976 INFO pycloud_parallel.controlplane.infocenter_http [InfoCenter] GET /nodes healthy_only=True tags=[] limit=500 count=2
2026-05-04 10:26:59,977 INFO pycloud_parallel.controlplane.infocenter_http [InfoCenter] GET /nodes healthy_only=True tags=[] limit=500 count=2
2026-05-04 10:26:59,978 INFO pycloud_parallel.controlplane.infocenter_http [InfoCenter] GET /nodes healthy_only=True tags=[] limit=500 count=2
2026-05-04 10:26:59,979 INFO pycloud_parallel.controlplane.infocenter_http [InfoCenter] GET /nodes healthy_only=True tags=[] limit=500 count=2
2026-05-04 10:26:59,980 INFO pycloud_parallel.controlplane.infocenter_http [InfoCenter] GET /nodes healthy_only=True tags=[] limit=500 count=2
2026-05-04 10:26:59,980 INFO pycloud_parallel.controlplane.infocenter_http [InfoCenter] GET /nodes healthy_only=True tags=[] limit=500 count=2
2026-05-04 10:26:59,981 INFO pycloud_parallel.controlplane.infocenter_http [InfoCenter] GET /nodes healthy_only=True tags=[] limit=500 count=2
2026-05-04 10:26:59,982 INFO pycloud_parallel.controlplane.infocenter_http [InfoCenter] GET /nodes healthy_only=True tags=[] limit=500 count=2
2026-05-04 10:26:59,983 INFO pycloud_parallel.controlplane.infocenter_http [InfoCenter] GET /nodes healthy_only=True tags=[] limit=500 count=2
2026-05-04 10:26:59,984 INFO pycloud_parallel.controlplane.infocenter_http [InfoCenter] GET /nodes healthy_only=True tags=[] limit=500 count=2
2026-05-04 10:26:59,985 INFO pycloud_parallel.controlplane.infocenter_http [InfoCenter] GET /nodes healthy_only=True tags=[] limit=500 count=2
2026-05-04 10:26:59,986 INFO pycloud_parallel.controlplane.infocenter_http [InfoCenter] GET /nodes healthy_only=True tags=[] limit=500 count=2
2026-05-04 10:26:59,987 INFO pycloud_parallel.controlplane.infocenter_http [InfoCenter] GET /nodes healthy_only=True tags=[] limit=500 count=2
2026-05-04 10:26:59,988 INFO pycloud_parallel.controlplane.infocenter_http [InfoCenter] GET /nodes healthy_only=True tags=[] limit=500 count=2
2026-05-04 10:26:59,989 INFO pycloud_parallel.controlplane.infocenter_http [InfoCenter] GET /nodes healthy_only=True tags=[] limit=500 count=2
2026-05-04 10:26:59,990 INFO pycloud_parallel.controlplane.infocenter_http [InfoCenter] GET /nodes healthy_only=True tags=[] limit=500 count=2
2026-05-04 10:26:59,991 INFO pycloud_parallel.controlplane.infocenter_http [InfoCenter] GET /nodes healthy_only=True tags=[] limit=500 count=2
2026-05-04 10:26:59,992 INFO pycloud_parallel.controlplane.infocenter_http [InfoCenter] GET /nodes healthy_only=True tags=[] limit=500 count=2
2026-05-04 10:26:59,993 INFO pycloud_parallel.controlplane.infocenter_http [InfoCenter] GET /nodes healthy_only=True tags=[] limit=500 count=2
2026-05-04 10:26:59,994 INFO pycloud_parallel.controlplane.infocenter_http [InfoCenter] GET /nodes healthy_only=True tags=[] limit=500 count=2
2026-05-04 10:26:59,995 INFO pycloud_parallel.controlplane.infocenter_http [InfoCenter] GET /nodes healthy_only=True tags=[] limit=500 count=2
2026-05-04 10:26:59,996 INFO pycloud_parallel.controlplane.infocenter_http [InfoCenter] GET /nodes healthy_only=True tags=[] limit=500 count=2
2026-05-04 10:26:59,997 INFO pycloud_parallel.controlplane.infocenter_http [InfoCenter] GET /nodes healthy_only=True tags=[] limit=500 count=2
2026-05-04 10:26:59,998 INFO pycloud_parallel.controlplane.infocenter_http [InfoCenter] GET /nodes healthy_only=True tags=[] limit=500 count=2
2026-05-04 10:26:59,999 INFO pycloud_parallel.controlplane.infocenter_http [InfoCenter] GET /nodes healthy_only=True tags=[] limit=500 count=2
2026-05-04 10:27:00,000 INFO pycloud_parallel.controlplane.infocenter_http [InfoCenter] GET /nodes healthy_only=True tags=[] limit=500 count=2
2026-05-04 10:27:00,001 INFO pycloud_parallel.controlplane.infocenter_http [InfoCenter] GET /nodes healthy_only=True tags=[] limit=500 count=2
2026-05-04 10:27:00,002 INFO pycloud_parallel.controlplane.infocenter_http [InfoCenter] GET /nodes healthy_only=True tags=[] limit=500 count=2
2026-05-04 10:27:00,003 INFO pycloud_parallel.controlplane.infocenter_http [InfoCenter] GET /nodes healthy_only=True tags=[] limit=500 count=2
2026-05-04 10:27:00,004 INFO pycloud_parallel.controlplane.infocenter_http [InfoCenter] GET /nodes healthy_only=True tags=[] limit=500 count=2
2026-05-04 10:27:00,006 INFO pycloud_parallel.controlplane.infocenter_http [InfoCenter] GET /nodes healthy_only=True tags=[] limit=500 count=2
2026-05-04 10:27:00,007 INFO pycloud_parallel.controlplane.infocenter_http [InfoCenter] GET /nodes healthy_only=True tags=[] limit=500 count=2
2026-05-04 10:27:00,008 INFO pycloud_parallel.controlplane.infocenter_http [InfoCenter] GET /nodes healthy_only=True tags=[] limit=500 count=2
2026-05-04 10:27:00,008 INFO pycloud_parallel.controlplane.infocenter_http [InfoCenter] GET /nodes healthy_only=True tags=[] limit=500 count=2
2026-05-04 10:27:00,010 INFO pycloud_parallel.controlplane.infocenter_http [InfoCenter] GET /nodes healthy_only=True tags=[] limit=500 count=2
2026-05-04 10:27:00,011 INFO pycloud_parallel.controlplane.infocenter_http [InfoCenter] GET /nodes healthy_only=True tags=[] limit=500 count=2
2026-05-04 10:27:00,012 INFO pycloud_parallel.controlplane.infocenter_http [InfoCenter] GET /nodes healthy_only=True tags=[] limit=500 count=2
2026-05-04 10:27:00,013 INFO pycloud_parallel.controlplane.infocenter_http [InfoCenter] GET /nodes healthy_only=True tags=[] limit=500 count=2
2026-05-04 10:27:00,014 INFO pycloud_parallel.controlplane.infocenter_http [InfoCenter] GET /nodes healthy_only=True tags=[] limit=500 count=2
2026-05-04 10:27:00,015 INFO pycloud_parallel.controlplane.infocenter_http [InfoCenter] GET /nodes healthy_only=True tags=[] limit=500 count=2
2026-05-04 10:27:00,016 INFO pycloud_parallel.controlplane.infocenter_http [InfoCenter] GET /nodes healthy_only=True tags=[] limit=500 count=2
2026-05-04 10:27:00,017 INFO pycloud_parallel.controlplane.infocenter_http [InfoCenter] GET /nodes healthy_only=True tags=[] limit=500 count=2
2026-05-04 10:27:00,018 INFO pycloud_parallel.controlplane.infocenter_http [InfoCenter] GET /nodes healthy_only=True tags=[] limit=500 count=2
2026-05-04 10:27:00,019 INFO pycloud_parallel.controlplane.infocenter_http [InfoCenter] GET /nodes healthy_only=True tags=[] limit=500 count=2
2026-05-04 10:27:00,020 INFO pycloud_parallel.controlplane.infocenter_http [InfoCenter] GET /nodes healthy_only=True tags=[] limit=500 count=2
2026-05-04 10:27:00,021 INFO pycloud_parallel.controlplane.infocenter_http [InfoCenter] GET /nodes healthy_only=True tags=[] limit=500 count=2
2026-05-04 10:27:00,022 INFO pycloud_parallel.controlplane.infocenter_http [InfoCenter] GET /nodes healthy_only=True tags=[] limit=500 count=2
2026-05-04 10:27:00,023 INFO pycloud_parallel.controlplane.infocenter_http [InfoCenter] GET /nodes healthy_only=True tags=[] limit=500 count=2
2026-05-04 10:27:00,024 INFO pycloud_parallel.controlplane.infocenter_http [InfoCenter] GET /nodes healthy_only=True tags=[] limit=500 count=2
2026-05-04 10:27:00,025 INFO pycloud_parallel.controlplane.infocenter_http [InfoCenter] GET /nodes healthy_only=True tags=[] limit=500 count=2
2026-05-04 10:27:00,026 INFO pycloud_parallel.controlplane.infocenter_http [InfoCenter] GET /nodes healthy_only=True tags=[] limit=500 count=2
2026-05-04 10:27:00,027 INFO pycloud_parallel.controlplane.infocenter_http [InfoCenter] GET /nodes healthy_only=True tags=[] limit=500 count=2
2026-05-04 10:27:00,028 INFO pycloud_parallel.controlplane.infocenter_http [InfoCenter] GET /nodes healthy_only=True tags=[] limit=500 count=2
2026-05-04 10:27:00,028 INFO pycloud_parallel.controlplane.infocenter_http [InfoCenter] GET /nodes healthy_only=True tags=[] limit=500 count=2
2026-05-04 10:27:00,029 INFO pycloud_parallel.controlplane.infocenter_http [InfoCenter] GET /nodes healthy_only=True tags=[] limit=500 count=2
2026-05-04 10:27:00,030 INFO pycloud_parallel.controlplane.infocenter_http [InfoCenter] GET /nodes healthy_only=True tags=[] limit=500 count=2
2026-05-04 10:27:00,031 INFO pycloud_parallel.controlplane.infocenter_http [InfoCenter] GET /nodes healthy_only=True tags=[] limit=500 count=2
2026-05-04 10:27:00,032 INFO pycloud_parallel.controlplane.infocenter_http [InfoCenter] GET /nodes healthy_only=True tags=[] limit=500 count=2
2026-05-04 10:27:00,033 INFO pycloud_parallel.controlplane.infocenter_http [InfoCenter] GET /nodes healthy_only=True tags=[] limit=500 count=2
2026-05-04 10:27:00,034 INFO pycloud_parallel.controlplane.infocenter_http [InfoCenter] GET /nodes healthy_only=True tags=[] limit=500 count=2
2026-05-04 10:27:00,035 INFO pycloud_parallel.controlplane.infocenter_http [InfoCenter] GET /nodes healthy_only=True tags=[] limit=500 count=2
2026-05-04 10:27:00,036 INFO pycloud_parallel.controlplane.infocenter_http [InfoCenter] GET /nodes healthy_only=True tags=[] limit=500 count=2
2026-05-04 10:27:00,041 INFO pycloud_parallel.controlplane.infocenter_http [InfoCenter] GET /services/routes service_name=svc-demo healthy_only=True route_scope=call limit=500 count=0
2026-05-04 10:27:00,042 INFO pycloud_parallel.controlplane.infocenter_http [InfoCenter] GET /nodes healthy_only=True tags=[] limit=500 count=2
2026-05-04 10:27:00,043 INFO pycloud_parallel.controlplane.infocenter_http [InfoCenter] GET /nodes healthy_only=True tags=[] limit=500 count=2
2026-05-04 10:27:00,044 INFO pycloud_parallel.controlplane.infocenter_http [InfoCenter] GET /nodes healthy_only=True tags=[] limit=500 count=2
2026-05-04 10:27:00,045 INFO pycloud_parallel.controlplane.infocenter_http [InfoCenter] GET /nodes healthy_only=True tags=[] limit=500 count=2
2026-05-04 10:27:00,046 INFO pycloud_parallel.controlplane.infocenter_http [InfoCenter] GET /nodes healthy_only=True tags=[] limit=500 count=2
2026-05-04 10:27:00,047 INFO pycloud_parallel.controlplane.infocenter_http [InfoCenter] GET /nodes healthy_only=True tags=[] limit=500 count=2
2026-05-04 10:27:00,048 INFO pycloud_parallel.controlplane.infocenter_http [InfoCenter] GET /nodes healthy_only=True tags=[] limit=500 count=2
2026-05-04 10:27:00,049 INFO pycloud_parallel.controlplane.infocenter_http [InfoCenter] GET /nodes healthy_only=True tags=[] limit=500 count=2
2026-05-04 10:27:00,050 INFO pycloud_parallel.controlplane.infocenter_http [InfoCenter] GET /nodes healthy_only=True tags=[] limit=500 count=2
2026-05-04 10:27:00,051 INFO pycloud_parallel.controlplane.infocenter_http [InfoCenter] GET /nodes healthy_only=True tags=[] limit=500 count=2
2026-05-04 10:27:00,052 INFO pycloud_parallel.controlplane.infocenter_http [InfoCenter] GET /nodes healthy_only=True tags=[] limit=500 count=2
2026-05-04 10:27:00,053 INFO pycloud_parallel.controlplane.infocenter_http [InfoCenter] GET /nodes healthy_only=True tags=[] limit=500 count=2
2026-05-04 10:27:00,054 INFO pycloud_parallel.controlplane.infocenter_http [InfoCenter] GET /nodes healthy_only=True tags=[] limit=500 count=2
2026-05-04 10:27:00,055 INFO pycloud_parallel.controlplane.infocenter_http [InfoCenter] GET /nodes healthy_only=True tags=[] limit=500 count=2
2026-05-04 10:27:00,056 INFO pycloud_parallel.controlplane.infocenter_http [InfoCenter] GET /nodes healthy_only=True tags=[] limit=500 count=2
2026-05-04 10:27:00,057 INFO pycloud_parallel.controlplane.infocenter_http [InfoCenter] GET /nodes healthy_only=True tags=[] limit=500 count=2
2026-05-04 10:27:00,058 INFO pycloud_parallel.controlplane.infocenter_http [InfoCenter] GET /nodes healthy_only=True tags=[] limit=500 count=2
2026-05-04 10:27:00,059 INFO pycloud_parallel.controlplane.infocenter_http [InfoCenter] GET /nodes healthy_only=True tags=[] limit=500 count=2
2026-05-04 10:27:00,060 INFO pycloud_parallel.controlplane.infocenter_http [InfoCenter] GET /nodes healthy_only=True tags=[] limit=500 count=2
2026-05-04 10:27:00,061 INFO pycloud_parallel.controlplane.infocenter_http [InfoCenter] GET /nodes healthy_only=True tags=[] limit=500 count=2
2026-05-04 10:27:00,062 INFO pycloud_parallel.controlplane.infocenter_http [InfoCenter] GET /nodes healthy_only=True tags=[] limit=500 count=2
2026-05-04 10:27:00,063 INFO pycloud_parallel.controlplane.infocenter_http [InfoCenter] GET /nodes healthy_only=True tags=[] limit=500 count=2
2026-05-04 10:27:00,064 INFO pycloud_parallel.controlplane.infocenter_http [InfoCenter] GET /nodes healthy_only=True tags=[] limit=500 count=2
2026-05-04 10:27:00,065 INFO pycloud_parallel.controlplane.infocenter_http [InfoCenter] GET /nodes healthy_only=True tags=[] limit=500 count=2
2026-05-04 10:27:00,066 INFO pycloud_parallel.controlplane.infocenter_http [InfoCenter] GET /nodes healthy_only=True tags=[] limit=500 count=2
2026-05-04 10:27:00,067 INFO pycloud_parallel.controlplane.infocenter_http [InfoCenter] GET /nodes healthy_only=True tags=[] limit=500 count=2
2026-05-04 10:27:00,068 INFO pycloud_parallel.controlplane.infocenter_http [InfoCenter] GET /nodes healthy_only=True tags=[] limit=500 count=2
2026-05-04 10:27:00,069 INFO pycloud_parallel.controlplane.infocenter_http [InfoCenter] GET /nodes healthy_only=True tags=[] limit=500 count=2
2026-05-04 10:27:00,070 INFO pycloud_parallel.controlplane.infocenter_http [InfoCenter] GET /nodes healthy_only=True tags=[] limit=500 count=2
2026-05-04 10:27:00,071 INFO pycloud_parallel.controlplane.infocenter_http [InfoCenter] GET /nodes healthy_only=True tags=[] limit=500 count=2
2026-05-04 10:27:00,072 INFO pycloud_parallel.controlplane.infocenter_http [InfoCenter] GET /nodes healthy_only=True tags=[] limit=500 count=2
2026-05-04 10:27:00,077 INFO pycloud_parallel.controlplane.infocenter_http [InfoCenter] GET /nodes healthy_only=True tags=[] limit=500 count=2
2026-05-04 10:27:00,078 INFO pycloud_parallel.controlplane.infocenter_http [InfoCenter] GET /nodes healthy_only=True tags=[] limit=500 count=2
2026-05-04 10:27:00,079 INFO pycloud_parallel.controlplane.infocenter_http [InfoCenter] GET /nodes healthy_only=True tags=[] limit=500 count=2
2026-05-04 10:27:00,080 INFO pycloud_parallel.controlplane.infocenter_http [InfoCenter] GET /nodes healthy_only=True tags=[] limit=500 count=2
2026-05-04 10:27:00,081 INFO pycloud_parallel.controlplane.infocenter_http [InfoCenter] GET /nodes healthy_only=True tags=[] limit=500 count=2
2026-05-04 10:27:00,082 INFO pycloud_parallel.controlplane.infocenter_http [InfoCenter] GET /nodes healthy_only=True tags=[] limit=500 count=2
2026-05-04 10:27:00,083 INFO pycloud_parallel.controlplane.infocenter_http [InfoCenter] GET /nodes healthy_only=True tags=[] limit=500 count=2
2026-05-04 10:27:00,084 INFO pycloud_parallel.controlplane.infocenter_http [InfoCenter] GET /nodes healthy_only=True tags=[] limit=500 count=2
2026-05-04 10:27:00,085 INFO pycloud_parallel.controlplane.infocenter_http [InfoCenter] GET /nodes healthy_only=True tags=[] limit=500 count=2
2026-05-04 10:27:00,086 INFO pycloud_parallel.controlplane.infocenter_http [InfoCenter] GET /nodes healthy_only=True tags=[] limit=500 count=2
2026-05-04 10:27:00,087 INFO pycloud_parallel.controlplane.infocenter_http [InfoCenter] GET /nodes healthy_only=True tags=[] limit=500 count=2
2026-05-04 10:27:00,088 INFO pycloud_parallel.controlplane.infocenter_http [InfoCenter] GET /nodes healthy_only=True tags=[] limit=500 count=2
2026-05-04 10:27:00,089 INFO pycloud_parallel.controlplane.infocenter_http [InfoCenter] GET /nodes healthy_only=True tags=[] limit=500 count=2
2026-05-04 10:27:00,090 INFO pycloud_parallel.controlplane.infocenter_http [InfoCenter] GET /nodes healthy_only=True tags=[] limit=500 count=2
2026-05-04 10:27:00,091 INFO pycloud_parallel.controlplane.infocenter_http [InfoCenter] GET /nodes healthy_only=True tags=[] limit=500 count=2
2026-05-04 10:27:00,092 INFO pycloud_parallel.controlplane.infocenter_http [InfoCenter] GET /nodes healthy_only=True tags=[] limit=500 count=2
2026-05-04 10:27:00,093 INFO pycloud_parallel.controlplane.infocenter_http [InfoCenter] GET /nodes healthy_only=True tags=[] limit=500 count=2
2026-05-04 10:27:00,094 INFO pycloud_parallel.controlplane.infocenter_http [InfoCenter] GET /nodes healthy_only=True tags=[] limit=500 count=2
2026-05-04 10:27:00,095 INFO pycloud_parallel.controlplane.infocenter_http [InfoCenter] GET /nodes healthy_only=True tags=[] limit=500 count=2
2026-05-04 10:27:00,096 INFO pycloud_parallel.controlplane.infocenter_http [InfoCenter] GET /nodes healthy_only=True tags=[] limit=500 count=2
2026-05-04 10:27:00,097 INFO pycloud_parallel.controlplane.infocenter_http [InfoCenter] GET /nodes healthy_only=True tags=[] limit=500 count=2
2026-05-04 10:27:00,098 INFO pycloud_parallel.controlplane.infocenter_http [InfoCenter] GET /nodes healthy_only=True tags=[] limit=500 count=2
2026-05-04 10:27:00,099 INFO pycloud_parallel.controlplane.infocenter_http [InfoCenter] GET /nodes healthy_only=True tags=[] limit=500 count=2
2026-05-04 10:27:00,100 INFO pycloud_parallel.controlplane.infocenter_http [InfoCenter] GET /nodes healthy_only=True tags=[] limit=500 count=2
2026-05-04 10:27:00,101 INFO pycloud_parallel.controlplane.infocenter_http [InfoCenter] GET /nodes healthy_only=True tags=[] limit=500 count=2
2026-05-04 10:27:00,102 INFO pycloud_parallel.controlplane.infocenter_http [InfoCenter] GET /nodes healthy_only=True tags=[] limit=500 count=2
2026-05-04 10:27:00,103 INFO pycloud_parallel.controlplane.infocenter_http [InfoCenter] GET /nodes healthy_only=True tags=[] limit=500 count=2
2026-05-04 10:27:00,104 INFO pycloud_parallel.controlplane.infocenter_http [InfoCenter] GET /nodes healthy_only=True tags=[] limit=500 count=2
2026-05-04 10:27:00,105 INFO pycloud_parallel.controlplane.infocenter_http [InfoCenter] GET /nodes healthy_only=True tags=[] limit=500 count=2
2026-05-04 10:27:00,106 INFO pycloud_parallel.controlplane.infocenter_http [InfoCenter] GET /nodes healthy_only=True tags=[] limit=500 count=2
2026-05-04 10:27:00,107 INFO pycloud_parallel.controlplane.infocenter_http [InfoCenter] GET /nodes healthy_only=True tags=[] limit=500 count=2
2026-05-04 10:27:00,108 INFO pycloud_parallel.controlplane.infocenter_http [InfoCenter] GET /nodes healthy_only=True tags=[] limit=500 count=2
2026-05-04 10:27:00,109 INFO pycloud_parallel.controlplane.infocenter_http [InfoCenter] GET /nodes healthy_only=True tags=[] limit=500 count=2
2026-05-04 10:27:00,110 INFO pycloud_parallel.controlplane.infocenter_http [InfoCenter] GET /nodes healthy_only=True tags=[] limit=500 count=2
2026-05-04 10:27:00,111 INFO pycloud_parallel.controlplane.infocenter_http [InfoCenter] GET /nodes healthy_only=True tags=[] limit=500 count=2
2026-05-04 10:27:00,112 INFO pycloud_parallel.controlplane.infocenter_http [InfoCenter] GET /nodes healthy_only=True tags=[] limit=500 count=2
2026-05-04 10:27:00,113 INFO pycloud_parallel.controlplane.infocenter_http [InfoCenter] GET /nodes healthy_only=True tags=[] limit=500 count=2
2026-05-04 10:27:00,114 INFO pycloud_parallel.controlplane.infocenter_http [InfoCenter] GET /nodes healthy_only=True tags=[] limit=500 count=2
2026-05-04 10:27:00,115 INFO pycloud_parallel.controlplane.infocenter_http [InfoCenter] GET /nodes healthy_only=True tags=[] limit=500 count=2
2026-05-04 10:27:00,117 INFO pycloud_parallel.controlplane.infocenter_http [InfoCenter] GET /nodes healthy_only=True tags=[] limit=500 count=2
2026-05-04 10:27:00,118 INFO pycloud_parallel.controlplane.infocenter_http [InfoCenter] GET /nodes healthy_only=True tags=[] limit=500 count=2
2026-05-04 10:27:00,119 INFO pycloud_parallel.controlplane.infocenter_http [InfoCenter] GET /nodes healthy_only=True tags=[] limit=500 count=2
2026-05-04 10:27:00,120 INFO pycloud_parallel.controlplane.infocenter_http [InfoCenter] GET /nodes healthy_only=True tags=[] limit=500 count=2
2026-05-04 10:27:00,121 INFO pycloud_parallel.controlplane.infocenter_http [InfoCenter] GET /nodes healthy_only=True tags=[] limit=500 count=2
2026-05-04 10:27:00,122 INFO pycloud_parallel.controlplane.infocenter_http [InfoCenter] GET /nodes healthy_only=True tags=[] limit=500 count=2
2026-05-04 10:27:00,123 INFO pycloud_parallel.controlplane.infocenter_http [InfoCenter] GET /nodes healthy_only=True tags=[] limit=500 count=2
2026-05-04 10:27:00,124 INFO pycloud_parallel.controlplane.infocenter_http [InfoCenter] GET /nodes healthy_only=True tags=[] limit=500 count=2
2026-05-04 10:27:00,125 INFO pycloud_parallel.controlplane.infocenter_http [InfoCenter] GET /nodes healthy_only=True tags=[] limit=500 count=2
2026-05-04 10:27:00,126 INFO pycloud_parallel.controlplane.infocenter_http [InfoCenter] GET /nodes healthy_only=True tags=[] limit=500 count=2
2026-05-04 10:27:00,127 INFO pycloud_parallel.controlplane.infocenter_http [InfoCenter] GET /nodes healthy_only=True tags=[] limit=500 count=2
2026-05-04 10:27:00,128 INFO pycloud_parallel.controlplane.infocenter_http [InfoCenter] GET /nodes healthy_only=True tags=[] limit=500 count=2
2026-05-04 10:27:00,129 INFO pycloud_parallel.controlplane.infocenter_http [InfoCenter] GET /nodes healthy_only=True tags=[] limit=500 count=2
2026-05-04 10:27:00,130 INFO pycloud_parallel.controlplane.infocenter_http [InfoCenter] GET /nodes healthy_only=True tags=[] limit=500 count=2
2026-05-04 10:27:00,131 INFO pycloud_parallel.controlplane.infocenter_http [InfoCenter] GET /nodes healthy_only=True tags=[] limit=500 count=2
2026-05-04 10:27:00,132 INFO pycloud_parallel.controlplane.infocenter_http [InfoCenter] GET /nodes healthy_only=True tags=[] limit=500 count=2
2026-05-04 10:27:00,133 INFO pycloud_parallel.controlplane.infocenter_http [InfoCenter] GET /nodes healthy_only=True tags=[] limit=500 count=2
2026-05-04 10:27:00,134 INFO pycloud_parallel.controlplane.infocenter_http [InfoCenter] GET /nodes healthy_only=True tags=[] limit=500 count=2
2026-05-04 10:27:00,135 INFO pycloud_parallel.controlplane.infocenter_http [InfoCenter] GET /nodes healthy_only=True tags=[] limit=500 count=2
2026-05-04 10:27:00,136 INFO pycloud_parallel.controlplane.infocenter_http [InfoCenter] GET /nodes healthy_only=True tags=[] limit=500 count=2
2026-05-04 10:27:00,137 INFO pycloud_parallel.controlplane.infocenter_http [InfoCenter] GET /nodes healthy_only=True tags=[] limit=500 count=2
2026-05-04 10:27:00,138 INFO pycloud_parallel.controlplane.infocenter_http [InfoCenter] GET /nodes healthy_only=True tags=[] limit=500 count=2
2026-05-04 10:27:00,139 INFO pycloud_parallel.controlplane.infocenter_http [InfoCenter] GET /nodes healthy_only=True tags=[] limit=500 count=2
2026-05-04 10:27:00,140 INFO pycloud_parallel.controlplane.infocenter_http [InfoCenter] GET /nodes healthy_only=True tags=[] limit=500 count=2
2026-05-04 10:27:00,140 INFO pycloud_parallel.controlplane.infocenter_http [InfoCenter] GET /nodes healthy_only=True tags=[] limit=500 count=2
2026-05-04 10:27:00,141 INFO pycloud_parallel.controlplane.infocenter_http [InfoCenter] GET /nodes healthy_only=True tags=[] limit=500 count=2
2026-05-04 10:27:00,142 INFO pycloud_parallel.controlplane.infocenter_http [InfoCenter] GET /nodes healthy_only=True tags=[] limit=500 count=2
2026-05-04 10:27:00,143 INFO pycloud_parallel.controlplane.infocenter_http [InfoCenter] GET /nodes healthy_only=True tags=[] limit=500 count=2
2026-05-04 10:27:00,144 INFO pycloud_parallel.controlplane.infocenter_http [InfoCenter] GET /nodes healthy_only=True tags=[] limit=500 count=2
2026-05-04 10:27:00,145 INFO pycloud_parallel.controlplane.infocenter_http [InfoCenter] GET /nodes healthy_only=True tags=[] limit=500 count=2
2026-05-04 10:27:00,146 INFO pycloud_parallel.controlplane.infocenter_http [InfoCenter] GET /nodes healthy_only=True tags=[] limit=500 count=2
2026-05-04 10:27:00,147 INFO pycloud_parallel.controlplane.infocenter_http [InfoCenter] GET /nodes healthy_only=True tags=[] limit=500 count=2
2026-05-04 10:27:00,148 INFO pycloud_parallel.controlplane.infocenter_http [InfoCenter] GET /nodes healthy_only=True tags=[] limit=500 count=2
2026-05-04 10:27:00,149 INFO pycloud_parallel.controlplane.infocenter_http [InfoCenter] GET /nodes healthy_only=True tags=[] limit=500 count=2
2026-05-04 10:27:00,150 INFO pycloud_parallel.controlplane.infocenter_http [InfoCenter] GET /nodes healthy_only=True tags=[] limit=500 count=2
2026-05-04 10:27:00,151 INFO pycloud_parallel.controlplane.infocenter_http [InfoCenter] GET /nodes healthy_only=True tags=[] limit=500 count=2
2026-05-04 10:27:00,152 INFO pycloud_parallel.controlplane.infocenter_http [InfoCenter] GET /nodes healthy_only=True tags=[] limit=500 count=2
2026-05-04 10:27:00,153 INFO pycloud_parallel.controlplane.infocenter_http [InfoCenter] GET /nodes healthy_only=True tags=[] limit=500 count=2
2026-05-04 10:27:00,154 INFO pycloud_parallel.controlplane.infocenter_http [InfoCenter] GET /nodes healthy_only=True tags=[] limit=500 count=2
2026-05-04 10:27:00,155 INFO pycloud_parallel.controlplane.infocenter_http [InfoCenter] GET /nodes healthy_only=True tags=[] limit=500 count=2
2026-05-04 10:27:00,156 INFO pycloud_parallel.controlplane.infocenter_http [InfoCenter] GET /nodes healthy_only=True tags=[] limit=500 count=2
2026-05-04 10:27:00,158 INFO pycloud_parallel.controlplane.infocenter_http [InfoCenter] GET /nodes healthy_only=True tags=[] limit=500 count=2
2026-05-04 10:27:00,159 INFO pycloud_parallel.controlplane.infocenter_http [InfoCenter] GET /nodes healthy_only=True tags=[] limit=500 count=2
2026-05-04 10:27:00,160 INFO pycloud_parallel.controlplane.infocenter_http [InfoCenter] GET /nodes healthy_only=True tags=[] limit=500 count=2
2026-05-04 10:27:00,161 INFO pycloud_parallel.controlplane.infocenter_http [InfoCenter] GET /nodes healthy_only=True tags=[] limit=500 count=2
2026-05-04 10:27:00,162 INFO pycloud_parallel.controlplane.infocenter_http [InfoCenter] GET /nodes healthy_only=True tags=[] limit=500 count=2
2026-05-04 10:27:00,163 INFO pycloud_parallel.controlplane.infocenter_http [InfoCenter] GET /nodes healthy_only=True tags=[] limit=500 count=2
2026-05-04 10:27:00,164 INFO pycloud_parallel.controlplane.infocenter_http [InfoCenter] GET /nodes healthy_only=True tags=[] limit=500 count=2
2026-05-04 10:27:00,165 INFO pycloud_parallel.controlplane.infocenter_http [InfoCenter] GET /nodes healthy_only=True tags=[] limit=500 count=2
2026-05-04 10:27:00,166 INFO pycloud_parallel.controlplane.infocenter_http [InfoCenter] GET /nodes healthy_only=True tags=[] limit=500 count=2
2026-05-04 10:27:00,167 INFO pycloud_parallel.controlplane.infocenter_http [InfoCenter] GET /nodes healthy_only=True tags=[] limit=500 count=2
2026-05-04 10:27:00,168 INFO pycloud_parallel.controlplane.infocenter_http [InfoCenter] GET /nodes healthy_only=True tags=[] limit=500 count=2
2026-05-04 10:27:00,169 INFO pycloud_parallel.controlplane.infocenter_http [InfoCenter] GET /nodes healthy_only=True tags=[] limit=500 count=2
2026-05-04 10:27:00,170 INFO pycloud_parallel.controlplane.infocenter_http [InfoCenter] GET /nodes healthy_only=True tags=[] limit=500 count=2
2026-05-04 10:27:00,171 INFO pycloud_parallel.controlplane.infocenter_http [InfoCenter] GET /nodes healthy_only=True tags=[] limit=500 count=2
2026-05-04 10:27:00,171 INFO pycloud_parallel.controlplane.infocenter_http [InfoCenter] GET /nodes healthy_only=True tags=[] limit=500 count=2
2026-05-04 10:27:00,172 INFO pycloud_parallel.controlplane.infocenter_http [InfoCenter] GET /nodes healthy_only=True tags=[] limit=500 count=2
2026-05-04 10:27:00,173 INFO pycloud_parallel.controlplane.infocenter_http [InfoCenter] GET /nodes healthy_only=True tags=[] limit=500 count=2
2026-05-04 10:27:00,174 INFO pycloud_parallel.controlplane.infocenter_http [InfoCenter] GET /nodes healthy_only=True tags=[] limit=500 count=2
2026-05-04 10:27:00,175 INFO pycloud_parallel.controlplane.infocenter_http [InfoCenter] GET /nodes healthy_only=True tags=[] limit=500 count=2
2026-05-04 10:27:00,176 INFO pycloud_parallel.controlplane.infocenter_http [InfoCenter] GET /nodes healthy_only=True tags=[] limit=500 count=2
2026-05-04 10:27:00,177 INFO pycloud_parallel.controlplane.infocenter_http [InfoCenter] GET /nodes healthy_only=True tags=[] limit=500 count=2
2026-05-04 10:27:00,178 INFO pycloud_parallel.controlplane.infocenter_http [InfoCenter] GET /nodes healthy_only=True tags=[] limit=500 count=2
2026-05-04 10:27:00,179 INFO pycloud_parallel.controlplane.infocenter_http [InfoCenter] GET /nodes healthy_only=True tags=[] limit=500 count=2
2026-05-04 10:27:00,180 INFO pycloud_parallel.controlplane.infocenter_http [InfoCenter] GET /nodes healthy_only=True tags=[] limit=500 count=2
2026-05-04 10:27:00,181 INFO pycloud_parallel.controlplane.infocenter_http [InfoCenter] GET /nodes healthy_only=True tags=[] limit=500 count=2
2026-05-04 10:27:00,182 INFO pycloud_parallel.controlplane.infocenter_http [InfoCenter] GET /nodes healthy_only=True tags=[] limit=500 count=2
2026-05-04 10:27:00,183 INFO pycloud_parallel.controlplane.infocenter_http [InfoCenter] GET /nodes healthy_only=True tags=[] limit=500 count=2
2026-05-04 10:27:00,184 INFO pycloud_parallel.controlplane.infocenter_http [InfoCenter] GET /nodes healthy_only=True tags=[] limit=500 count=2
2026-05-04 10:27:00,185 INFO pycloud_parallel.controlplane.infocenter_http [InfoCenter] GET /nodes healthy_only=True tags=[] limit=500 count=2
2026-05-04 10:27:00,186 INFO pycloud_parallel.controlplane.infocenter_http [InfoCenter] GET /nodes healthy_only=True tags=[] limit=500 count=2
2026-05-04 10:27:00,187 INFO pycloud_parallel.controlplane.infocenter_http [InfoCenter] GET /nodes healthy_only=True tags=[] limit=500 count=2
2026-05-04 10:27:00,188 INFO pycloud_parallel.controlplane.infocenter_http [InfoCenter] GET /nodes healthy_only=True tags=[] limit=500 count=2
2026-05-04 10:27:00,189 INFO pycloud_parallel.controlplane.infocenter_http [InfoCenter] GET /nodes healthy_only=True tags=[] limit=500 count=2
2026-05-04 10:27:00,190 INFO pycloud_parallel.controlplane.infocenter_http [InfoCenter] GET /nodes healthy_only=True tags=[] limit=500 count=2
2026-05-04 10:27:00,191 INFO pycloud_parallel.controlplane.infocenter_http [InfoCenter] GET /nodes healthy_only=True tags=[] limit=500 count=2
2026-05-04 10:27:00,192 INFO pycloud_parallel.controlplane.infocenter_http [InfoCenter] GET /nodes healthy_only=True tags=[] limit=500 count=2
2026-05-04 10:27:00,193 INFO pycloud_parallel.controlplane.infocenter_http [InfoCenter] GET /nodes healthy_only=True tags=[] limit=500 count=2
2026-05-04 10:27:00,194 INFO pycloud_parallel.controlplane.infocenter_http [InfoCenter] GET /nodes healthy_only=True tags=[] limit=500 count=2
2026-05-04 10:27:00,195 INFO pycloud_parallel.controlplane.infocenter_http [InfoCenter] GET /nodes healthy_only=True tags=[] limit=500 count=2
2026-05-04 10:27:00,196 INFO pycloud_parallel.controlplane.infocenter_http [InfoCenter] GET /nodes healthy_only=True tags=[] limit=500 count=2
2026-05-04 10:27:00,197 INFO pycloud_parallel.controlplane.infocenter_http [InfoCenter] GET /nodes healthy_only=True tags=[] limit=500 count=2
2026-05-04 10:27:00,198 INFO pycloud_parallel.controlplane.infocenter_http [InfoCenter] GET /nodes healthy_only=True tags=[] limit=500 count=2
2026-05-04 10:27:00,199 INFO pycloud_parallel.controlplane.infocenter_http [InfoCenter] GET /nodes healthy_only=True tags=[] limit=500 count=2
2026-05-04 10:27:00,200 INFO pycloud_parallel.controlplane.infocenter_http [InfoCenter] GET /nodes healthy_only=True tags=[] limit=500 count=2
2026-05-04 10:27:00,201 INFO pycloud_parallel.controlplane.infocenter_http [InfoCenter] GET /nodes healthy_only=True tags=[] limit=500 count=2
2026-05-04 10:27:00,202 INFO pycloud_parallel.controlplane.infocenter_http [InfoCenter] GET /nodes healthy_only=True tags=[] limit=500 count=2
2026-05-04 10:27:00,203 INFO pycloud_parallel.controlplane.infocenter_http [InfoCenter] GET /nodes healthy_only=True tags=[] limit=500 count=2
2026-05-04 10:27:00,204 INFO pycloud_parallel.controlplane.infocenter_http [InfoCenter] GET /nodes healthy_only=True tags=[] limit=500 count=2
2026-05-04 10:27:00,205 INFO pycloud_parallel.controlplane.infocenter_http [InfoCenter] GET /nodes healthy_only=True tags=[] limit=500 count=2
2026-05-04 10:27:00,206 INFO pycloud_parallel.controlplane.infocenter_http [InfoCenter] GET /nodes healthy_only=True tags=[] limit=500 count=2
2026-05-04 10:27:00,207 INFO pycloud_parallel.controlplane.infocenter_http [InfoCenter] GET /nodes healthy_only=True tags=[] limit=500 count=2
2026-05-04 10:27:00,208 INFO pycloud_parallel.controlplane.infocenter_http [InfoCenter] GET /nodes healthy_only=True tags=[] limit=500 count=2
2026-05-04 10:27:00,209 INFO pycloud_parallel.controlplane.infocenter_http [InfoCenter] GET /nodes healthy_only=True tags=[] limit=500 count=2
2026-05-04 10:27:00,210 INFO pycloud_parallel.controlplane.infocenter_http [InfoCenter] GET /nodes healthy_only=True tags=[] limit=500 count=2
2026-05-04 10:27:00,211 INFO pycloud_parallel.controlplane.infocenter_http [InfoCenter] GET /nodes healthy_only=True tags=[] limit=500 count=2
2026-05-04 10:27:00,212 INFO pycloud_parallel.controlplane.infocenter_http [InfoCenter] GET /nodes healthy_only=True tags=[] limit=500 count=2
2026-05-04 10:27:00,213 INFO pycloud_parallel.controlplane.infocenter_http [InfoCenter] GET /nodes healthy_only=True tags=[] limit=500 count=2
2026-05-04 10:27:00,214 INFO pycloud_parallel.controlplane.infocenter_http [InfoCenter] GET /nodes healthy_only=True tags=[] limit=500 count=2
2026-05-04 10:27:00,215 INFO pycloud_parallel.controlplane.infocenter_http [InfoCenter] GET /nodes healthy_only=True tags=[] limit=500 count=2
2026-05-04 10:27:00,216 INFO pycloud_parallel.controlplane.infocenter_http [InfoCenter] GET /nodes healthy_only=True tags=[] limit=500 count=2
2026-05-04 10:27:00,217 INFO pycloud_parallel.controlplane.infocenter_http [InfoCenter] GET /nodes healthy_only=True tags=[] limit=500 count=2
2026-05-04 10:27:00,218 INFO pycloud_parallel.controlplane.infocenter_http [InfoCenter] GET /nodes healthy_only=True tags=[] limit=500 count=2
2026-05-04 10:27:00,219 INFO pycloud_parallel.controlplane.infocenter_http [InfoCenter] GET /nodes healthy_only=True tags=[] limit=500 count=2
2026-05-04 10:27:00,220 INFO pycloud_parallel.controlplane.infocenter_http [InfoCenter] GET /nodes healthy_only=True tags=[] limit=500 count=2
2026-05-04 10:27:00,221 INFO pycloud_parallel.controlplane.infocenter_http [InfoCenter] GET /nodes healthy_only=True tags=[] limit=500 count=2
2026-05-04 10:27:00,222 INFO pycloud_parallel.controlplane.infocenter_http [InfoCenter] GET /nodes healthy_only=True tags=[] limit=500 count=2
2026-05-04 10:27:00,223 INFO pycloud_parallel.controlplane.infocenter_http [InfoCenter] GET /nodes healthy_only=True tags=[] limit=500 count=2
2026-05-04 10:27:00,224 INFO pycloud_parallel.controlplane.infocenter_http [InfoCenter] GET /nodes healthy_only=True tags=[] limit=500 count=2
2026-05-04 10:27:00,225 INFO pycloud_parallel.controlplane.infocenter_http [InfoCenter] GET /nodes healthy_only=True tags=[] limit=500 count=2
2026-05-04 10:27:00,226 INFO pycloud_parallel.controlplane.infocenter_http [InfoCenter] GET /nodes healthy_only=True tags=[] limit=500 count=2
2026-05-04 10:27:00,226 INFO pycloud_parallel.controlplane.infocenter_http [InfoCenter] GET /nodes healthy_only=True tags=[] limit=500 count=2
2026-05-04 10:27:00,227 INFO pycloud_parallel.controlplane.infocenter_http [InfoCenter] GET /nodes healthy_only=True tags=[] limit=500 count=2
2026-05-04 10:27:00,228 INFO pycloud_parallel.controlplane.infocenter_http [InfoCenter] GET /nodes healthy_only=True tags=[] limit=500 count=2
2026-05-04 10:27:00,229 INFO pycloud_parallel.controlplane.infocenter_http [InfoCenter] GET /nodes healthy_only=True tags=[] limit=500 count=2
2026-05-04 10:27:00,230 INFO pycloud_parallel.controlplane.infocenter_http [InfoCenter] GET /nodes healthy_only=True tags=[] limit=500 count=2
2026-05-04 10:27:00,231 INFO pycloud_parallel.controlplane.infocenter_http [InfoCenter] GET /nodes healthy_only=True tags=[] limit=500 count=2
2026-05-04 10:27:00,232 INFO pycloud_parallel.controlplane.infocenter_http [InfoCenter] GET /nodes healthy_only=True tags=[] limit=500 count=2
2026-05-04 10:27:00,233 INFO pycloud_parallel.controlplane.infocenter_http [InfoCenter] GET /nodes healthy_only=True tags=[] limit=500 count=2
2026-05-04 10:27:00,234 INFO pycloud_parallel.controlplane.infocenter_http [InfoCenter] GET /nodes healthy_only=True tags=[] limit=500 count=2
2026-05-04 10:27:00,235 INFO pycloud_parallel.controlplane.infocenter_http [InfoCenter] GET /nodes healthy_only=True tags=[] limit=500 count=2
2026-05-04 10:27:00,236 INFO pycloud_parallel.controlplane.infocenter_http [InfoCenter] GET /nodes healthy_only=True tags=[] limit=500 count=2
2026-05-04 10:27:00,237 INFO pycloud_parallel.controlplane.infocenter_http [InfoCenter] GET /nodes healthy_only=True tags=[] limit=500 count=2
2026-05-04 10:27:00,238 INFO pycloud_parallel.controlplane.infocenter_http [InfoCenter] GET /nodes healthy_only=True tags=[] limit=500 count=2
2026-05-04 10:27:00,239 INFO pycloud_parallel.controlplane.infocenter_http [InfoCenter] GET /nodes healthy_only=True tags=[] limit=500 count=2
2026-05-04 10:27:00,240 INFO pycloud_parallel.controlplane.infocenter_http [InfoCenter] GET /nodes healthy_only=True tags=[] limit=500 count=2
2026-05-04 10:27:00,241 INFO pycloud_parallel.controlplane.infocenter_http [InfoCenter] GET /nodes healthy_only=True tags=[] limit=500 count=2
2026-05-04 10:27:00,242 INFO pycloud_parallel.controlplane.infocenter_http [InfoCenter] GET /nodes healthy_only=True tags=[] limit=500 count=2
2026-05-04 10:27:00,243 INFO pycloud_parallel.controlplane.infocenter_http [InfoCenter] GET /nodes healthy_only=True tags=[] limit=500 count=2
2026-05-04 10:27:00,244 INFO pycloud_parallel.controlplane.infocenter_http [InfoCenter] GET /nodes healthy_only=True tags=[] limit=500 count=2
2026-05-04 10:27:00,245 INFO pycloud_parallel.controlplane.infocenter_http [InfoCenter] GET /nodes healthy_only=True tags=[] limit=500 count=2
2026-05-04 10:27:00,246 INFO pycloud_parallel.controlplane.infocenter_http [InfoCenter] GET /nodes healthy_only=True tags=[] limit=500 count=2
2026-05-04 10:27:00,247 INFO pycloud_parallel.controlplane.infocenter_http [InfoCenter] GET /nodes healthy_only=True tags=[] limit=500 count=2
2026-05-04 10:27:00,248 INFO pycloud_parallel.controlplane.infocenter_http [InfoCenter] GET /nodes healthy_only=True tags=[] limit=500 count=2
2026-05-04 10:27:00,249 INFO pycloud_parallel.controlplane.infocenter_http [InfoCenter] GET /nodes healthy_only=True tags=[] limit=500 count=2
2026-05-04 10:27:00,250 INFO pycloud_parallel.controlplane.infocenter_http [InfoCenter] GET /nodes healthy_only=True tags=[] limit=500 count=2
2026-05-04 10:27:00,251 INFO pycloud_parallel.controlplane.infocenter_http [InfoCenter] GET /nodes healthy_only=True tags=[] limit=500 count=2
2026-05-04 10:27:00,252 INFO pycloud_parallel.controlplane.infocenter_http [InfoCenter] GET /nodes healthy_only=True tags=[] limit=500 count=2
2026-05-04 10:27:00,253 INFO pycloud_parallel.controlplane.infocenter_http [InfoCenter] GET /nodes healthy_only=True tags=[] limit=500 count=2
2026-05-04 10:27:00,254 INFO pycloud_parallel.controlplane.infocenter_http [InfoCenter] GET /nodes healthy_only=True tags=[] limit=500 count=2
2026-05-04 10:27:00,255 INFO pycloud_parallel.controlplane.infocenter_http [InfoCenter] GET /nodes healthy_only=True tags=[] limit=500 count=2
2026-05-04 10:27:00,256 INFO pycloud_parallel.controlplane.infocenter_http [InfoCenter] GET /nodes healthy_only=True tags=[] limit=500 count=2
2026-05-04 10:27:00,257 INFO pycloud_parallel.controlplane.infocenter_http [InfoCenter] GET /nodes healthy_only=True tags=[] limit=500 count=2
2026-05-04 10:27:00,258 INFO pycloud_parallel.controlplane.infocenter_http [InfoCenter] GET /nodes healthy_only=True tags=[] limit=500 count=2
2026-05-04 10:27:00,259 INFO pycloud_parallel.controlplane.infocenter_http [InfoCenter] GET /nodes healthy_only=True tags=[] limit=500 count=2
2026-05-04 10:27:00,260 INFO pycloud_parallel.controlplane.infocenter_http [InfoCenter] GET /nodes healthy_only=True tags=[] limit=500 count=2
2026-05-04 10:27:00,261 INFO pycloud_parallel.controlplane.infocenter_http [InfoCenter] GET /nodes healthy_only=True tags=[] limit=500 count=2
2026-05-04 10:27:00,262 INFO pycloud_parallel.controlplane.infocenter_http [InfoCenter] GET /nodes healthy_only=True tags=[] limit=500 count=2
2026-05-04 10:27:00,263 INFO pycloud_parallel.controlplane.infocenter_http [InfoCenter] GET /nodes healthy_only=True tags=[] limit=500 count=2
2026-05-04 10:27:00,264 INFO pycloud_parallel.controlplane.infocenter_http [InfoCenter] GET /nodes healthy_only=True tags=[] limit=500 count=2
2026-05-04 10:27:00,265 INFO pycloud_parallel.controlplane.infocenter_http [InfoCenter] GET /nodes healthy_only=True tags=[] limit=500 count=2
2026-05-04 10:27:00,266 INFO pycloud_parallel.controlplane.infocenter_http [InfoCenter] GET /nodes healthy_only=True tags=[] limit=500 count=2
2026-05-04 10:27:00,267 INFO pycloud_parallel.controlplane.infocenter_http [InfoCenter] GET /nodes healthy_only=True tags=[] limit=500 count=2
2026-05-04 10:27:00,268 INFO pycloud_parallel.controlplane.infocenter_http [InfoCenter] GET /nodes healthy_only=True tags=[] limit=500 count=2
2026-05-04 10:27:00,269 INFO pycloud_parallel.controlplane.infocenter_http [InfoCenter] GET /nodes healthy_only=True tags=[] limit=500 count=2
2026-05-04 10:27:00,270 INFO pycloud_parallel.controlplane.infocenter_http [InfoCenter] GET /nodes healthy_only=True tags=[] limit=500 count=2
2026-05-04 10:27:00,271 INFO pycloud_parallel.controlplane.infocenter_http [InfoCenter] GET /nodes healthy_only=True tags=[] limit=500 count=2
2026-05-04 10:27:00,272 INFO pycloud_parallel.controlplane.infocenter_http [InfoCenter] GET /nodes healthy_only=True tags=[] limit=500 count=2
2026-05-04 10:27:00,273 INFO pycloud_parallel.controlplane.infocenter_http [InfoCenter] GET /nodes healthy_only=True tags=[] limit=500 count=2
2026-05-04 10:27:00,274 INFO pycloud_parallel.controlplane.infocenter_http [InfoCenter] GET /nodes healthy_only=True tags=[] limit=500 count=2
2026-05-04 10:27:00,275 INFO pycloud_parallel.controlplane.infocenter_http [InfoCenter] GET /nodes healthy_only=True tags=[] limit=500 count=2
2026-05-04 10:27:00,276 INFO pycloud_parallel.controlplane.infocenter_http [InfoCenter] GET /nodes healthy_only=True tags=[] limit=500 count=2
2026-05-04 10:27:00,277 INFO pycloud_parallel.controlplane.infocenter_http [InfoCenter] GET /nodes healthy_only=True tags=[] limit=500 count=2
2026-05-04 10:27:00,278 INFO pycloud_parallel.controlplane.infocenter_http [InfoCenter] GET /nodes healthy_only=True tags=[] limit=500 count=2
2026-05-04 10:27:00,279 INFO pycloud_parallel.controlplane.infocenter_http [InfoCenter] GET /nodes healthy_only=True tags=[] limit=500 count=2
2026-05-04 10:27:00,280 INFO pycloud_parallel.controlplane.infocenter_http [InfoCenter] GET /nodes healthy_only=True tags=[] limit=500 count=2
2026-05-04 10:27:00,281 INFO pycloud_parallel.controlplane.infocenter_http [InfoCenter] GET /nodes healthy_only=True tags=[] limit=500 count=2
2026-05-04 10:27:00,282 INFO pycloud_parallel.controlplane.infocenter_http [InfoCenter] GET /nodes healthy_only=True tags=[] limit=500 count=2
2026-05-04 10:27:00,283 INFO pycloud_parallel.controlplane.infocenter_http [InfoCenter] GET /nodes healthy_only=True tags=[] limit=500 count=2
2026-05-04 10:27:00,284 INFO pycloud_parallel.controlplane.infocenter_http [InfoCenter] GET /nodes healthy_only=True tags=[] limit=500 count=2
2026-05-04 10:27:00,285 INFO pycloud_parallel.controlplane.infocenter_http [InfoCenter] GET /nodes healthy_only=True tags=[] limit=500 count=2
2026-05-04 10:27:00,286 INFO pycloud_parallel.controlplane.infocenter_http [InfoCenter] GET /nodes healthy_only=True tags=[] limit=500 count=2
2026-05-04 10:27:00,287 INFO pycloud_parallel.controlplane.infocenter_http [InfoCenter] GET /nodes healthy_only=True tags=[] limit=500 count=2
2026-05-04 10:27:00,288 INFO pycloud_parallel.controlplane.infocenter_http [InfoCenter] GET /nodes healthy_only=True tags=[] limit=500 count=2
2026-05-04 10:27:00,289 INFO pycloud_parallel.controlplane.infocenter_http [InfoCenter] GET /nodes healthy_only=True tags=[] limit=500 count=2
2026-05-04 10:27:00,290 INFO pycloud_parallel.controlplane.infocenter_http [InfoCenter] GET /nodes healthy_only=True tags=[] limit=500 count=2
2026-05-04 10:27:00,291 INFO pycloud_parallel.controlplane.infocenter_http [InfoCenter] GET /nodes healthy_only=True tags=[] limit=500 count=2
2026-05-04 10:27:00,292 INFO pycloud_parallel.controlplane.infocenter_http [InfoCenter] GET /nodes healthy_only=True tags=[] limit=500 count=2
2026-05-04 10:27:00,293 INFO pycloud_parallel.controlplane.infocenter_http [InfoCenter] GET /nodes healthy_only=True tags=[] limit=500 count=2
2026-05-04 10:27:00,294 INFO pycloud_parallel.controlplane.infocenter_http [InfoCenter] GET /nodes healthy_only=True tags=[] limit=500 count=2
2026-05-04 10:27:00,295 INFO pycloud_parallel.controlplane.infocenter_http [InfoCenter] GET /nodes healthy_only=True tags=[] limit=500 count=2
2026-05-04 10:27:00,296 INFO pycloud_parallel.controlplane.infocenter_http [InfoCenter] GET /nodes healthy_only=True tags=[] limit=500 count=2
2026-05-04 10:27:00,297 INFO pycloud_parallel.controlplane.infocenter_http [InfoCenter] GET /nodes healthy_only=True tags=[] limit=500 count=2
2026-05-04 10:27:00,298 INFO pycloud_parallel.controlplane.infocenter_http [InfoCenter] GET /nodes healthy_only=True tags=[] limit=500 count=2
2026-05-04 10:27:00,299 INFO pycloud_parallel.controlplane.infocenter_http [InfoCenter] GET /nodes healthy_only=True tags=[] limit=500 count=2
2026-05-04 10:27:00,300 INFO pycloud_parallel.controlplane.infocenter_http [InfoCenter] GET /nodes healthy_only=True tags=[] limit=500 count=2
2026-05-04 10:27:00,301 INFO pycloud_parallel.controlplane.infocenter_http [InfoCenter] GET /nodes healthy_only=True tags=[] limit=500 count=2
2026-05-04 10:27:00,302 INFO pycloud_parallel.controlplane.infocenter_http [InfoCenter] GET /nodes healthy_only=True tags=[] limit=500 count=2
2026-05-04 10:27:00,303 INFO pycloud_parallel.controlplane.infocenter_http [InfoCenter] GET /nodes healthy_only=True tags=[] limit=500 count=2
2026-05-04 10:27:00,304 INFO pycloud_parallel.controlplane.infocenter_http [InfoCenter] GET /nodes healthy_only=True tags=[] limit=500 count=2
2026-05-04 10:27:00,306 INFO pycloud_parallel.controlplane.infocenter_http [InfoCenter] GET /nodes healthy_only=True tags=[] limit=500 count=2
2026-05-04 10:27:00,307 INFO pycloud_parallel.controlplane.infocenter_http [InfoCenter] GET /nodes healthy_only=True tags=[] limit=500 count=2
2026-05-04 10:27:00,308 INFO pycloud_parallel.controlplane.infocenter_http [InfoCenter] GET /nodes healthy_only=True tags=[] limit=500 count=2
2026-05-04 10:27:00,309 INFO pycloud_parallel.controlplane.infocenter_http [InfoCenter] GET /nodes healthy_only=True tags=[] limit=500 count=2
2026-05-04 10:27:00,310 INFO pycloud_parallel.controlplane.infocenter_http [InfoCenter] GET /nodes healthy_only=True tags=[] limit=500 count=2
2026-05-04 10:27:00,310 INFO pycloud_parallel.controlplane.infocenter_http [InfoCenter] GET /nodes healthy_only=True tags=[] limit=500 count=2
2026-05-04 10:27:00,311 INFO pycloud_parallel.controlplane.infocenter_http [InfoCenter] GET /nodes healthy_only=True tags=[] limit=500 count=2
2026-05-04 10:27:00,313 INFO pycloud_parallel.controlplane.infocenter_http [InfoCenter] GET /nodes healthy_only=True tags=[] limit=500 count=2
2026-05-04 10:27:00,313 INFO pycloud_parallel.controlplane.infocenter_http [InfoCenter] GET /nodes healthy_only=True tags=[] limit=500 count=2
2026-05-04 10:27:00,314 INFO pycloud_parallel.controlplane.infocenter_http [InfoCenter] GET /nodes healthy_only=True tags=[] limit=500 count=2
2026-05-04 10:27:00,315 INFO pycloud_parallel.controlplane.infocenter_http [InfoCenter] GET /nodes healthy_only=True tags=[] limit=500 count=2
2026-05-04 10:27:00,316 INFO pycloud_parallel.controlplane.infocenter_http [InfoCenter] GET /nodes healthy_only=True tags=[] limit=500 count=2
2026-05-04 10:27:00,317 INFO pycloud_parallel.controlplane.infocenter_http [InfoCenter] GET /nodes healthy_only=True tags=[] limit=500 count=2
2026-05-04 10:27:00,319 INFO pycloud_parallel.controlplane.infocenter_http [InfoCenter] GET /nodes healthy_only=True tags=[] limit=500 count=2
2026-05-04 10:27:00,320 INFO pycloud_parallel.controlplane.infocenter_http [InfoCenter] GET /nodes healthy_only=True tags=[] limit=500 count=2
2026-05-04 10:27:00,321 INFO pycloud_parallel.controlplane.infocenter_http [InfoCenter] GET /nodes healthy_only=True tags=[] limit=500 count=2
2026-05-04 10:27:00,322 INFO pycloud_parallel.controlplane.infocenter_http [InfoCenter] GET /nodes healthy_only=True tags=[] limit=500 count=2
2026-05-04 10:27:00,323 INFO pycloud_parallel.controlplane.infocenter_http [InfoCenter] GET /nodes healthy_only=True tags=[] limit=500 count=2
2026-05-04 10:27:00,324 INFO pycloud_parallel.controlplane.infocenter_http [InfoCenter] GET /nodes healthy_only=True tags=[] limit=500 count=2
2026-05-04 10:27:00,325 INFO pycloud_parallel.controlplane.infocenter_http [InfoCenter] GET /nodes healthy_only=True tags=[] limit=500 count=2
2026-05-04 10:27:00,326 INFO pycloud_parallel.controlplane.infocenter_http [InfoCenter] GET /nodes healthy_only=True tags=[] limit=500 count=2
2026-05-04 10:27:00,327 INFO pycloud_parallel.controlplane.infocenter_http [InfoCenter] GET /nodes healthy_only=True tags=[] limit=500 count=2
2026-05-04 10:27:00,328 INFO pycloud_parallel.controlplane.infocenter_http [InfoCenter] GET /nodes healthy_only=True tags=[] limit=500 count=2
2026-05-04 10:27:00,329 INFO pycloud_parallel.controlplane.infocenter_http [InfoCenter] GET /nodes healthy_only=True tags=[] limit=500 count=2
2026-05-04 10:27:00,330 INFO pycloud_parallel.controlplane.infocenter_http [InfoCenter] GET /nodes healthy_only=True tags=[] limit=500 count=2
2026-05-04 10:27:00,331 INFO pycloud_parallel.controlplane.infocenter_http [InfoCenter] GET /nodes healthy_only=True tags=[] limit=500 count=2
2026-05-04 10:27:00,332 INFO pycloud_parallel.controlplane.infocenter_http [InfoCenter] GET /nodes healthy_only=True tags=[] limit=500 count=2
2026-05-04 10:27:00,333 INFO pycloud_parallel.controlplane.infocenter_http [InfoCenter] GET /nodes healthy_only=True tags=[] limit=500 count=2
2026-05-04 10:27:00,334 INFO pycloud_parallel.controlplane.infocenter_http [InfoCenter] GET /nodes healthy_only=True tags=[] limit=500 count=2
2026-05-04 10:27:00,335 INFO pycloud_parallel.controlplane.infocenter_http [InfoCenter] GET /nodes healthy_only=True tags=[] limit=500 count=2
2026-05-04 10:27:00,336 INFO pycloud_parallel.controlplane.infocenter_http [InfoCenter] GET /nodes healthy_only=True tags=[] limit=500 count=2
2026-05-04 10:27:00,337 INFO pycloud_parallel.controlplane.infocenter_http [InfoCenter] GET /nodes healthy_only=True tags=[] limit=500 count=2
2026-05-04 10:27:00,338 INFO pycloud_parallel.controlplane.infocenter_http [InfoCenter] GET /nodes healthy_only=True tags=[] limit=500 count=2
2026-05-04 10:27:00,339 INFO pycloud_parallel.controlplane.infocenter_http [InfoCenter] GET /nodes healthy_only=True tags=[] limit=500 count=2
2026-05-04 10:27:00,340 INFO pycloud_parallel.controlplane.infocenter_http [InfoCenter] GET /nodes healthy_only=True tags=[] limit=500 count=2
2026-05-04 10:27:00,342 INFO pycloud_parallel.controlplane.infocenter_http [InfoCenter] GET /nodes healthy_only=True tags=[] limit=500 count=2
2026-05-04 10:27:00,343 INFO pycloud_parallel.controlplane.infocenter_http [InfoCenter] GET /nodes healthy_only=True tags=[] limit=500 count=2
2026-05-04 10:27:00,344 INFO pycloud_parallel.controlplane.infocenter_http [InfoCenter] GET /nodes healthy_only=True tags=[] limit=500 count=2
2026-05-04 10:27:00,345 INFO pycloud_parallel.controlplane.infocenter_http [InfoCenter] GET /nodes healthy_only=True tags=[] limit=500 count=2
2026-05-04 10:27:00,346 INFO pycloud_parallel.controlplane.infocenter_http [InfoCenter] GET /nodes healthy_only=True tags=[] limit=500 count=2
2026-05-04 10:27:00,347 INFO pycloud_parallel.controlplane.infocenter_http [InfoCenter] GET /nodes healthy_only=True tags=[] limit=500 count=2
2026-05-04 10:27:00,348 INFO pycloud_parallel.controlplane.infocenter_http [InfoCenter] GET /nodes healthy_only=True tags=[] limit=500 count=2
2026-05-04 10:27:00,349 INFO pycloud_parallel.controlplane.infocenter_http [InfoCenter] GET /nodes healthy_only=True tags=[] limit=500 count=2
2026-05-04 10:27:00,350 INFO pycloud_parallel.controlplane.infocenter_http [InfoCenter] GET /nodes healthy_only=True tags=[] limit=500 count=2
2026-05-04 10:27:00,351 INFO pycloud_parallel.controlplane.infocenter_http [InfoCenter] GET /nodes healthy_only=True tags=[] limit=500 count=2
2026-05-04 10:27:00,352 INFO pycloud_parallel.controlplane.infocenter_http [InfoCenter] GET /nodes healthy_only=True tags=[] limit=500 count=2
2026-05-04 10:27:00,354 INFO pycloud_parallel.controlplane.infocenter_http [InfoCenter] GET /nodes healthy_only=True tags=[] limit=500 count=2
2026-05-04 10:27:00,355 INFO pycloud_parallel.controlplane.infocenter_http [InfoCenter] GET /nodes healthy_only=True tags=[] limit=500 count=2
2026-05-04 10:27:00,356 INFO pycloud_parallel.controlplane.infocenter_http [InfoCenter] GET /nodes healthy_only=True tags=[] limit=500 count=2
2026-05-04 10:27:00,357 INFO pycloud_parallel.controlplane.infocenter_http [InfoCenter] GET /nodes healthy_only=True tags=[] limit=500 count=2
2026-05-04 10:27:00,358 INFO pycloud_parallel.controlplane.infocenter_http [InfoCenter] GET /nodes healthy_only=True tags=[] limit=500 count=2
2026-05-04 10:27:00,359 INFO pycloud_parallel.controlplane.infocenter_http [InfoCenter] GET /nodes healthy_only=True tags=[] limit=500 count=2
2026-05-04 10:27:00,360 INFO pycloud_parallel.controlplane.infocenter_http [InfoCenter] GET /nodes healthy_only=True tags=[] limit=500 count=2
2026-05-04 10:27:00,361 INFO pycloud_parallel.controlplane.infocenter_http [InfoCenter] GET /nodes healthy_only=True tags=[] limit=500 count=2
2026-05-04 10:27:00,362 INFO pycloud_parallel.controlplane.infocenter_http [InfoCenter] GET /nodes healthy_only=True tags=[] limit=500 count=2
2026-05-04 10:27:00,363 INFO pycloud_parallel.controlplane.infocenter_http [InfoCenter] GET /nodes healthy_only=True tags=[] limit=500 count=2
2026-05-04 10:27:00,364 INFO pycloud_parallel.controlplane.infocenter_http [InfoCenter] GET /nodes healthy_only=True tags=[] limit=500 count=2
2026-05-04 10:27:00,365 INFO pycloud_parallel.controlplane.infocenter_http [InfoCenter] GET /nodes healthy_only=True tags=[] limit=500 count=2
2026-05-04 10:27:00,366 INFO pycloud_parallel.controlplane.infocenter_http [InfoCenter] GET /nodes healthy_only=True tags=[] limit=500 count=2
2026-05-04 10:27:00,367 INFO pycloud_parallel.controlplane.infocenter_http [InfoCenter] GET /nodes healthy_only=True tags=[] limit=500 count=2
2026-05-04 10:27:00,368 INFO pycloud_parallel.controlplane.infocenter_http [InfoCenter] GET /nodes healthy_only=True tags=[] limit=500 count=2
2026-05-04 10:27:00,369 INFO pycloud_parallel.controlplane.infocenter_http [InfoCenter] GET /nodes healthy_only=True tags=[] limit=500 count=2
2026-05-04 10:27:00,370 INFO pycloud_parallel.controlplane.infocenter_http [InfoCenter] GET /nodes healthy_only=True tags=[] limit=500 count=2
2026-05-04 10:27:00,371 INFO pycloud_parallel.controlplane.infocenter_http [InfoCenter] GET /nodes healthy_only=True tags=[] limit=500 count=2
2026-05-04 10:27:00,372 INFO pycloud_parallel.controlplane.infocenter_http [InfoCenter] GET /nodes healthy_only=True tags=[] limit=500 count=2
2026-05-04 10:27:00,373 INFO pycloud_parallel.controlplane.infocenter_http [InfoCenter] GET /nodes healthy_only=True tags=[] limit=500 count=2
2026-05-04 10:27:00,374 INFO pycloud_parallel.controlplane.infocenter_http [InfoCenter] GET /nodes healthy_only=True tags=[] limit=500 count=2
2026-05-04 10:27:00,375 INFO pycloud_parallel.controlplane.infocenter_http [InfoCenter] GET /nodes healthy_only=True tags=[] limit=500 count=2
2026-05-04 10:27:00,376 INFO pycloud_parallel.controlplane.infocenter_http [InfoCenter] GET /nodes healthy_only=True tags=[] limit=500 count=2
2026-05-04 10:27:00,377 INFO pycloud_parallel.controlplane.infocenter_http [InfoCenter] GET /nodes healthy_only=True tags=[] limit=500 count=2
2026-05-04 10:27:00,378 INFO pycloud_parallel.controlplane.infocenter_http [InfoCenter] GET /nodes healthy_only=True tags=[] limit=500 count=2
2026-05-04 10:27:00,379 INFO pycloud_parallel.controlplane.infocenter_http [InfoCenter] GET /nodes healthy_only=True tags=[] limit=500 count=2
2026-05-04 10:27:00,380 INFO pycloud_parallel.controlplane.infocenter_http [InfoCenter] GET /nodes healthy_only=True tags=[] limit=500 count=2
2026-05-04 10:27:00,381 INFO pycloud_parallel.controlplane.infocenter_http [InfoCenter] GET /nodes healthy_only=True tags=[] limit=500 count=2
2026-05-04 10:27:00,382 INFO pycloud_parallel.controlplane.infocenter_http [InfoCenter] GET /nodes healthy_only=True tags=[] limit=500 count=2
2026-05-04 10:27:00,383 INFO pycloud_parallel.controlplane.infocenter_http [InfoCenter] GET /nodes healthy_only=True tags=[] limit=500 count=2
2026-05-04 10:27:00,384 INFO pycloud_parallel.controlplane.infocenter_http [InfoCenter] GET /nodes healthy_only=True tags=[] limit=500 count=2
2026-05-04 10:27:00,385 INFO pycloud_parallel.controlplane.infocenter_http [InfoCenter] GET /nodes healthy_only=True tags=[] limit=500 count=2
2026-05-04 10:27:00,386 INFO pycloud_parallel.controlplane.infocenter_http [InfoCenter] GET /nodes healthy_only=True tags=[] limit=500 count=2
2026-05-04 10:27:00,387 INFO pycloud_parallel.controlplane.infocenter_http [InfoCenter] GET /nodes healthy_only=True tags=[] limit=500 count=2
2026-05-04 10:27:00,388 INFO pycloud_parallel.controlplane.infocenter_http [InfoCenter] GET /nodes healthy_only=True tags=[] limit=500 count=2
2026-05-04 10:27:00,389 INFO pycloud_parallel.controlplane.infocenter_http [InfoCenter] GET /nodes healthy_only=True tags=[] limit=500 count=2
2026-05-04 10:27:00,390 INFO pycloud_parallel.controlplane.infocenter_http [InfoCenter] GET /nodes healthy_only=True tags=[] limit=500 count=2
2026-05-04 10:27:00,391 INFO pycloud_parallel.controlplane.infocenter_http [InfoCenter] GET /nodes healthy_only=True tags=[] limit=500 count=2
2026-05-04 10:27:00,392 INFO pycloud_parallel.controlplane.infocenter_http [InfoCenter] GET /nodes healthy_only=True tags=[] limit=500 count=2
2026-05-04 10:27:00,393 INFO pycloud_parallel.controlplane.infocenter_http [InfoCenter] GET /nodes healthy_only=True tags=[] limit=500 count=2
2026-05-04 10:27:00,395 INFO pycloud_parallel.controlplane.infocenter_http [InfoCenter] GET /nodes healthy_only=True tags=[] limit=500 count=2
2026-05-04 10:27:00,396 INFO pycloud_parallel.controlplane.infocenter_http [InfoCenter] GET /nodes healthy_only=True tags=[] limit=500 count=2
2026-05-04 10:27:00,397 INFO pycloud_parallel.controlplane.infocenter_http [InfoCenter] GET /nodes healthy_only=True tags=[] limit=500 count=2
2026-05-04 10:27:00,398 INFO pycloud_parallel.controlplane.infocenter_http [InfoCenter] GET /nodes healthy_only=True tags=[] limit=500 count=2
2026-05-04 10:27:00,399 INFO pycloud_parallel.controlplane.infocenter_http [InfoCenter] GET /nodes healthy_only=True tags=[] limit=500 count=2
2026-05-04 10:27:00,400 INFO pycloud_parallel.controlplane.infocenter_http [InfoCenter] GET /nodes healthy_only=True tags=[] limit=500 count=2
2026-05-04 10:27:00,401 INFO pycloud_parallel.controlplane.infocenter_http [InfoCenter] GET /nodes healthy_only=True tags=[] limit=500 count=2
2026-05-04 10:27:00,402 INFO pycloud_parallel.controlplane.infocenter_http [InfoCenter] GET /nodes healthy_only=True tags=[] limit=500 count=2
2026-05-04 10:27:00,403 INFO pycloud_parallel.controlplane.infocenter_http [InfoCenter] GET /nodes healthy_only=True tags=[] limit=500 count=2
2026-05-04 10:27:00,404 INFO pycloud_parallel.controlplane.infocenter_http [InfoCenter] GET /nodes healthy_only=True tags=[] limit=500 count=2
2026-05-04 10:27:00,405 INFO pycloud_parallel.controlplane.infocenter_http [InfoCenter] GET /nodes healthy_only=True tags=[] limit=500 count=2
2026-05-04 10:27:00,406 INFO pycloud_parallel.controlplane.infocenter_http [InfoCenter] GET /nodes healthy_only=True tags=[] limit=500 count=2
2026-05-04 10:27:00,407 INFO pycloud_parallel.controlplane.infocenter_http [InfoCenter] GET /nodes healthy_only=True tags=[] limit=500 count=2
2026-05-04 10:27:00,408 INFO pycloud_parallel.controlplane.infocenter_http [InfoCenter] GET /nodes healthy_only=True tags=[] limit=500 count=2
2026-05-04 10:27:00,409 INFO pycloud_parallel.controlplane.infocenter_http [InfoCenter] GET /nodes healthy_only=True tags=[] limit=500 count=2
2026-05-04 10:27:00,410 INFO pycloud_parallel.controlplane.infocenter_http [InfoCenter] GET /nodes healthy_only=True tags=[] limit=500 count=2
2026-05-04 10:27:00,411 INFO pycloud_parallel.controlplane.infocenter_http [InfoCenter] GET /nodes healthy_only=True tags=[] limit=500 count=2
2026-05-04 10:27:00,412 INFO pycloud_parallel.controlplane.infocenter_http [InfoCenter] GET /nodes healthy_only=True tags=[] limit=500 count=2
2026-05-04 10:27:00,413 INFO pycloud_parallel.controlplane.infocenter_http [InfoCenter] GET /nodes healthy_only=True tags=[] limit=500 count=2
2026-05-04 10:27:00,414 INFO pycloud_parallel.controlplane.infocenter_http [InfoCenter] GET /nodes healthy_only=True tags=[] limit=500 count=2
2026-05-04 10:27:00,415 INFO pycloud_parallel.controlplane.infocenter_http [InfoCenter] GET /nodes healthy_only=True tags=[] limit=500 count=2
2026-05-04 10:27:00,416 INFO pycloud_parallel.controlplane.infocenter_http [InfoCenter] GET /nodes healthy_only=True tags=[] limit=500 count=2
2026-05-04 10:27:00,417 INFO pycloud_parallel.controlplane.infocenter_http [InfoCenter] GET /nodes healthy_only=True tags=[] limit=500 count=2
2026-05-04 10:27:00,418 INFO pycloud_parallel.controlplane.infocenter_http [InfoCenter] GET /nodes healthy_only=True tags=[] limit=500 count=2
2026-05-04 10:27:00,419 INFO pycloud_parallel.controlplane.infocenter_http [InfoCenter] GET /nodes healthy_only=True tags=[] limit=500 count=2
2026-05-04 10:27:00,420 INFO pycloud_parallel.controlplane.infocenter_http [InfoCenter] GET /nodes healthy_only=True tags=[] limit=500 count=2
2026-05-04 10:27:00,421 INFO pycloud_parallel.controlplane.infocenter_http [InfoCenter] GET /nodes healthy_only=True tags=[] limit=500 count=2
2026-05-04 10:27:00,422 INFO pycloud_parallel.controlplane.infocenter_http [InfoCenter] GET /nodes healthy_only=True tags=[] limit=500 count=2
2026-05-04 10:27:00,423 INFO pycloud_parallel.controlplane.infocenter_http [InfoCenter] GET /nodes healthy_only=True tags=[] limit=500 count=2
2026-05-04 10:27:00,424 INFO pycloud_parallel.controlplane.infocenter_http [InfoCenter] GET /nodes healthy_only=True tags=[] limit=500 count=2
2026-05-04 10:27:00,425 INFO pycloud_parallel.controlplane.infocenter_http [InfoCenter] GET /nodes healthy_only=True tags=[] limit=500 count=2
2026-05-04 10:27:00,426 INFO pycloud_parallel.controlplane.infocenter_http [InfoCenter] GET /nodes healthy_only=True tags=[] limit=500 count=2
2026-05-04 10:27:00,427 INFO pycloud_parallel.controlplane.infocenter_http [InfoCenter] GET /nodes healthy_only=True tags=[] limit=500 count=2
2026-05-04 10:27:00,428 INFO pycloud_parallel.controlplane.infocenter_http [InfoCenter] GET /nodes healthy_only=True tags=[] limit=500 count=2
2026-05-04 10:27:00,429 INFO pycloud_parallel.controlplane.infocenter_http [InfoCenter] GET /nodes healthy_only=True tags=[] limit=500 count=2
2026-05-04 10:27:00,430 INFO pycloud_parallel.controlplane.infocenter_http [InfoCenter] GET /nodes healthy_only=True tags=[] limit=500 count=2
2026-05-04 10:27:00,431 INFO pycloud_parallel.controlplane.infocenter_http [InfoCenter] GET /nodes healthy_only=True tags=[] limit=500 count=2
2026-05-04 10:27:00,432 INFO pycloud_parallel.controlplane.infocenter_http [InfoCenter] GET /nodes healthy_only=True tags=[] limit=500 count=2
2026-05-04 10:27:00,433 INFO pycloud_parallel.controlplane.infocenter_http [InfoCenter] GET /nodes healthy_only=True tags=[] limit=500 count=2
2026-05-04 10:27:00,434 INFO pycloud_parallel.controlplane.infocenter_http [InfoCenter] GET /nodes healthy_only=True tags=[] limit=500 count=2
2026-05-04 10:27:00,435 INFO pycloud_parallel.controlplane.infocenter_http [InfoCenter] GET /nodes healthy_only=True tags=[] limit=500 count=2
2026-05-04 10:27:00,436 INFO pycloud_parallel.controlplane.infocenter_http [InfoCenter] GET /nodes healthy_only=True tags=[] limit=500 count=2
2026-05-04 10:27:00,437 INFO pycloud_parallel.controlplane.infocenter_http [InfoCenter] GET /nodes healthy_only=True tags=[] limit=500 count=2
2026-05-04 10:27:00,439 INFO pycloud_parallel.controlplane.infocenter_http [InfoCenter] GET /nodes healthy_only=True tags=[] limit=500 count=2
2026-05-04 10:27:00,440 INFO pycloud_parallel.controlplane.infocenter_http [InfoCenter] GET /nodes healthy_only=True tags=[] limit=500 count=2
2026-05-04 10:27:00,441 INFO pycloud_parallel.controlplane.infocenter_http [InfoCenter] GET /nodes healthy_only=True tags=[] limit=500 count=2
2026-05-04 10:27:00,442 INFO pycloud_parallel.controlplane.infocenter_http [InfoCenter] GET /nodes healthy_only=True tags=[] limit=500 count=2
2026-05-04 10:27:00,443 INFO pycloud_parallel.controlplane.infocenter_http [InfoCenter] GET /nodes healthy_only=True tags=[] limit=500 count=2
2026-05-04 10:27:00,444 INFO pycloud_parallel.controlplane.infocenter_http [InfoCenter] GET /nodes healthy_only=True tags=[] limit=500 count=2
2026-05-04 10:27:00,445 INFO pycloud_parallel.controlplane.infocenter_http [InfoCenter] GET /nodes healthy_only=True tags=[] limit=500 count=2
2026-05-04 10:27:00,446 INFO pycloud_parallel.controlplane.infocenter_http [InfoCenter] GET /nodes healthy_only=True tags=[] limit=500 count=2
2026-05-04 10:27:00,446 INFO pycloud_parallel.controlplane.infocenter_http [InfoCenter] GET /nodes healthy_only=True tags=[] limit=500 count=2
2026-05-04 10:27:00,447 INFO pycloud_parallel.controlplane.infocenter_http [InfoCenter] GET /nodes healthy_only=True tags=[] limit=500 count=2
2026-05-04 10:27:00,448 INFO pycloud_parallel.controlplane.infocenter_http [InfoCenter] GET /nodes healthy_only=True tags=[] limit=500 count=2
2026-05-04 10:27:00,449 INFO pycloud_parallel.controlplane.infocenter_http [InfoCenter] GET /nodes healthy_only=True tags=[] limit=500 count=2
2026-05-04 10:27:00,450 INFO pycloud_parallel.controlplane.infocenter_http [InfoCenter] GET /nodes healthy_only=True tags=[] limit=500 count=2
2026-05-04 10:27:00,451 INFO pycloud_parallel.controlplane.infocenter_http [InfoCenter] GET /nodes healthy_only=True tags=[] limit=500 count=2
2026-05-04 10:27:00,452 INFO pycloud_parallel.controlplane.infocenter_http [InfoCenter] GET /nodes healthy_only=True tags=[] limit=500 count=2
2026-05-04 10:27:00,453 INFO pycloud_parallel.controlplane.infocenter_http [InfoCenter] GET /nodes healthy_only=True tags=[] limit=500 count=2
2026-05-04 10:27:00,454 INFO pycloud_parallel.controlplane.infocenter_http [InfoCenter] GET /nodes healthy_only=True tags=[] limit=500 count=2
2026-05-04 10:27:00,455 INFO pycloud_parallel.controlplane.infocenter_http [InfoCenter] GET /nodes healthy_only=True tags=[] limit=500 count=2
2026-05-04 10:27:00,456 INFO pycloud_parallel.controlplane.infocenter_http [InfoCenter] GET /nodes healthy_only=True tags=[] limit=500 count=2
2026-05-04 10:27:00,457 INFO pycloud_parallel.controlplane.infocenter_http [InfoCenter] GET /nodes healthy_only=True tags=[] limit=500 count=2
2026-05-04 10:27:00,459 INFO pycloud_parallel.controlplane.infocenter_http [InfoCenter] GET /nodes healthy_only=True tags=[] limit=500 count=2
2026-05-04 10:27:00,460 INFO pycloud_parallel.controlplane.infocenter_http [InfoCenter] GET /nodes healthy_only=True tags=[] limit=500 count=2
2026-05-04 10:27:00,461 INFO pycloud_parallel.controlplane.infocenter_http [InfoCenter] GET /nodes healthy_only=True tags=[] limit=500 count=2
2026-05-04 10:27:00,462 INFO pycloud_parallel.controlplane.infocenter_http [InfoCenter] GET /nodes healthy_only=True tags=[] limit=500 count=2
2026-05-04 10:27:00,463 INFO pycloud_parallel.controlplane.infocenter_http [InfoCenter] GET /nodes healthy_only=True tags=[] limit=500 count=2
2026-05-04 10:27:00,464 INFO pycloud_parallel.controlplane.infocenter_http [InfoCenter] GET /nodes healthy_only=True tags=[] limit=500 count=2
2026-05-04 10:27:00,465 INFO pycloud_parallel.controlplane.infocenter_http [InfoCenter] GET /nodes healthy_only=True tags=[] limit=500 count=2
2026-05-04 10:27:00,466 INFO pycloud_parallel.controlplane.infocenter_http [InfoCenter] GET /nodes healthy_only=True tags=[] limit=500 count=2
2026-05-04 10:27:00,467 INFO pycloud_parallel.controlplane.infocenter_http [InfoCenter] GET /nodes healthy_only=True tags=[] limit=500 count=2
2026-05-04 10:27:00,468 INFO pycloud_parallel.controlplane.infocenter_http [InfoCenter] GET /nodes healthy_only=True tags=[] limit=500 count=2
2026-05-04 10:27:00,469 INFO pycloud_parallel.controlplane.infocenter_http [InfoCenter] GET /nodes healthy_only=True tags=[] limit=500 count=2
2026-05-04 10:27:00,470 INFO pycloud_parallel.controlplane.infocenter_http [InfoCenter] GET /nodes healthy_only=True tags=[] limit=500 count=2
2026-05-04 10:27:00,471 INFO pycloud_parallel.controlplane.infocenter_http [InfoCenter] GET /nodes healthy_only=True tags=[] limit=500 count=2
2026-05-04 10:27:00,472 INFO pycloud_parallel.controlplane.infocenter_http [InfoCenter] GET /nodes healthy_only=True tags=[] limit=500 count=2
2026-05-04 10:27:00,473 INFO pycloud_parallel.controlplane.infocenter_http [InfoCenter] GET /nodes healthy_only=True tags=[] limit=500 count=2
2026-05-04 10:27:00,474 INFO pycloud_parallel.controlplane.infocenter_http [InfoCenter] GET /nodes healthy_only=True tags=[] limit=500 count=2
2026-05-04 10:27:00,475 INFO pycloud_parallel.controlplane.infocenter_http [InfoCenter] GET /nodes healthy_only=True tags=[] limit=500 count=2
2026-05-04 10:27:00,476 INFO pycloud_parallel.controlplane.infocenter_http [InfoCenter] GET /nodes healthy_only=True tags=[] limit=500 count=2
2026-05-04 10:27:00,477 INFO pycloud_parallel.controlplane.infocenter_http [InfoCenter] GET /nodes healthy_only=True tags=[] limit=500 count=2
2026-05-04 10:27:00,478 INFO pycloud_parallel.controlplane.infocenter_http [InfoCenter] GET /nodes healthy_only=True tags=[] limit=500 count=2
2026-05-04 10:27:00,479 INFO pycloud_parallel.controlplane.infocenter_http [InfoCenter] GET /nodes healthy_only=True tags=[] limit=500 count=2
2026-05-04 10:27:00,480 INFO pycloud_parallel.controlplane.infocenter_http [InfoCenter] GET /nodes healthy_only=True tags=[] limit=500 count=2
2026-05-04 10:27:00,481 INFO pycloud_parallel.controlplane.infocenter_http [InfoCenter] GET /nodes healthy_only=True tags=[] limit=500 count=2
2026-05-04 10:27:00,482 INFO pycloud_parallel.controlplane.infocenter_http [InfoCenter] GET /nodes healthy_only=True tags=[] limit=500 count=2
2026-05-04 10:27:00,483 INFO pycloud_parallel.controlplane.infocenter_http [InfoCenter] GET /nodes healthy_only=True tags=[] limit=500 count=2
2026-05-04 10:27:00,484 INFO pycloud_parallel.controlplane.infocenter_http [InfoCenter] GET /nodes healthy_only=True tags=[] limit=500 count=2
2026-05-04 10:27:00,485 INFO pycloud_parallel.controlplane.infocenter_http [InfoCenter] GET /nodes healthy_only=True tags=[] limit=500 count=2
2026-05-04 10:27:00,486 INFO pycloud_parallel.controlplane.infocenter_http [InfoCenter] GET /nodes healthy_only=True tags=[] limit=500 count=2
2026-05-04 10:27:00,487 INFO pycloud_parallel.controlplane.infocenter_http [InfoCenter] GET /nodes healthy_only=True tags=[] limit=500 count=2
2026-05-04 10:27:00,488 INFO pycloud_parallel.controlplane.infocenter_http [InfoCenter] GET /nodes healthy_only=True tags=[] limit=500 count=2
2026-05-04 10:27:00,489 INFO pycloud_parallel.controlplane.infocenter_http [InfoCenter] GET /nodes healthy_only=True tags=[] limit=500 count=2
2026-05-04 10:27:00,490 INFO pycloud_parallel.controlplane.infocenter_http [InfoCenter] GET /nodes healthy_only=True tags=[] limit=500 count=2
2026-05-04 10:27:00,491 INFO pycloud_parallel.controlplane.infocenter_http [InfoCenter] GET /nodes healthy_only=True tags=[] limit=500 count=2
2026-05-04 10:27:00,492 INFO pycloud_parallel.controlplane.infocenter_http [InfoCenter] GET /nodes healthy_only=True tags=[] limit=500 count=2
2026-05-04 10:27:00,493 INFO pycloud_parallel.controlplane.infocenter_http [InfoCenter] GET /nodes healthy_only=True tags=[] limit=500 count=2
2026-05-04 10:27:00,494 INFO pycloud_parallel.controlplane.infocenter_http [InfoCenter] GET /nodes healthy_only=True tags=[] limit=500 count=2
2026-05-04 10:27:00,495 INFO pycloud_parallel.controlplane.infocenter_http [InfoCenter] GET /nodes healthy_only=True tags=[] limit=500 count=2
2026-05-04 10:27:00,496 INFO pycloud_parallel.controlplane.infocenter_http [InfoCenter] GET /nodes healthy_only=True tags=[] limit=500 count=2
2026-05-04 10:27:00,497 INFO pycloud_parallel.controlplane.infocenter_http [InfoCenter] GET /nodes healthy_only=True tags=[] limit=500 count=2
2026-05-04 10:27:00,498 INFO pycloud_parallel.controlplane.infocenter_http [InfoCenter] GET /nodes healthy_only=True tags=[] limit=500 count=2
2026-05-04 10:27:00,499 INFO pycloud_parallel.controlplane.infocenter_http [InfoCenter] GET /nodes healthy_only=True tags=[] limit=500 count=2
2026-05-04 10:27:00,500 INFO pycloud_parallel.controlplane.infocenter_http [InfoCenter] GET /nodes healthy_only=True tags=[] limit=500 count=2
2026-05-04 10:27:00,501 INFO pycloud_parallel.controlplane.infocenter_http [InfoCenter] GET /nodes healthy_only=True tags=[] limit=500 count=2
2026-05-04 10:27:00,502 INFO pycloud_parallel.controlplane.infocenter_http [InfoCenter] GET /nodes healthy_only=True tags=[] limit=500 count=2
2026-05-04 10:27:00,503 INFO pycloud_parallel.controlplane.infocenter_http [InfoCenter] GET /nodes healthy_only=True tags=[] limit=500 count=2
2026-05-04 10:27:00,504 INFO pycloud_parallel.controlplane.infocenter_http [InfoCenter] GET /nodes healthy_only=True tags=[] limit=500 count=2
2026-05-04 10:27:00,505 INFO pycloud_parallel.controlplane.infocenter_http [InfoCenter] GET /nodes healthy_only=True tags=[] limit=500 count=2
2026-05-04 10:27:00,506 INFO pycloud_parallel.controlplane.infocenter_http [InfoCenter] GET /nodes healthy_only=True tags=[] limit=500 count=2
2026-05-04 10:27:00,507 INFO pycloud_parallel.controlplane.infocenter_http [InfoCenter] GET /nodes healthy_only=True tags=[] limit=500 count=2
2026-05-04 10:27:00,508 INFO pycloud_parallel.controlplane.infocenter_http [InfoCenter] GET /nodes healthy_only=True tags=[] limit=500 count=2
2026-05-04 10:27:00,509 INFO pycloud_parallel.controlplane.infocenter_http [InfoCenter] GET /nodes healthy_only=True tags=[] limit=500 count=2
2026-05-04 10:27:00,510 INFO pycloud_parallel.controlplane.infocenter_http [InfoCenter] GET /nodes healthy_only=True tags=[] limit=500 count=2
2026-05-04 10:27:00,512 INFO pycloud_parallel.controlplane.infocenter_http [InfoCenter] GET /nodes healthy_only=True tags=[] limit=500 count=2
2026-05-04 10:27:00,513 INFO pycloud_parallel.controlplane.infocenter_http [InfoCenter] GET /nodes healthy_only=True tags=[] limit=500 count=2
2026-05-04 10:27:00,514 INFO pycloud_parallel.controlplane.infocenter_http [InfoCenter] GET /nodes healthy_only=True tags=[] limit=500 count=2
2026-05-04 10:27:00,515 INFO pycloud_parallel.controlplane.infocenter_http [InfoCenter] GET /nodes healthy_only=True tags=[] limit=500 count=2
2026-05-04 10:27:00,516 INFO pycloud_parallel.controlplane.infocenter_http [InfoCenter] GET /nodes healthy_only=True tags=[] limit=500 count=2
2026-05-04 10:27:00,517 INFO pycloud_parallel.controlplane.infocenter_http [InfoCenter] GET /nodes healthy_only=True tags=[] limit=500 count=2
2026-05-04 10:27:00,518 INFO pycloud_parallel.controlplane.infocenter_http [InfoCenter] GET /nodes healthy_only=True tags=[] limit=500 count=2
2026-05-04 10:27:00,519 INFO pycloud_parallel.controlplane.infocenter_http [InfoCenter] GET /nodes healthy_only=True tags=[] limit=500 count=2
2026-05-04 10:27:00,520 INFO pycloud_parallel.controlplane.infocenter_http [InfoCenter] GET /nodes healthy_only=True tags=[] limit=500 count=2
2026-05-04 10:27:00,520 INFO pycloud_parallel.controlplane.infocenter_http [InfoCenter] GET /nodes healthy_only=True tags=[] limit=500 count=2
2026-05-04 10:27:00,522 INFO pycloud_parallel.controlplane.infocenter_http [InfoCenter] GET /nodes healthy_only=True tags=[] limit=500 count=2
2026-05-04 10:27:00,523 INFO pycloud_parallel.controlplane.infocenter_http [InfoCenter] GET /nodes healthy_only=True tags=[] limit=500 count=2
2026-05-04 10:27:00,524 INFO pycloud_parallel.controlplane.infocenter_http [InfoCenter] GET /nodes healthy_only=True tags=[] limit=500 count=2
2026-05-04 10:27:00,525 INFO pycloud_parallel.controlplane.infocenter_http [InfoCenter] GET /nodes healthy_only=True tags=[] limit=500 count=2
2026-05-04 10:27:00,526 INFO pycloud_parallel.controlplane.infocenter_http [InfoCenter] GET /nodes healthy_only=True tags=[] limit=500 count=2
2026-05-04 10:27:00,527 INFO pycloud_parallel.controlplane.infocenter_http [InfoCenter] GET /nodes healthy_only=True tags=[] limit=500 count=2
2026-05-04 10:27:00,528 INFO pycloud_parallel.controlplane.infocenter_http [InfoCenter] GET /nodes healthy_only=True tags=[] limit=500 count=2
2026-05-04 10:27:00,529 INFO pycloud_parallel.controlplane.infocenter_http [InfoCenter] GET /nodes healthy_only=True tags=[] limit=500 count=2
2026-05-04 10:27:00,530 INFO pycloud_parallel.controlplane.infocenter_http [InfoCenter] GET /nodes healthy_only=True tags=[] limit=500 count=2
2026-05-04 10:27:00,531 INFO pycloud_parallel.controlplane.infocenter_http [InfoCenter] GET /nodes healthy_only=True tags=[] limit=500 count=2
2026-05-04 10:27:00,532 INFO pycloud_parallel.controlplane.infocenter_http [InfoCenter] GET /nodes healthy_only=True tags=[] limit=500 count=2
2026-05-04 10:27:00,533 INFO pycloud_parallel.controlplane.infocenter_http [InfoCenter] GET /nodes healthy_only=True tags=[] limit=500 count=2
2026-05-04 10:27:00,534 INFO pycloud_parallel.controlplane.infocenter_http [InfoCenter] GET /nodes healthy_only=True tags=[] limit=500 count=2
2026-05-04 10:27:00,535 INFO pycloud_parallel.controlplane.infocenter_http [InfoCenter] GET /nodes healthy_only=True tags=[] limit=500 count=2
2026-05-04 10:27:00,536 INFO pycloud_parallel.controlplane.infocenter_http [InfoCenter] GET /nodes healthy_only=True tags=[] limit=500 count=2
2026-05-04 10:27:00,537 INFO pycloud_parallel.controlplane.infocenter_http [InfoCenter] GET /nodes healthy_only=True tags=[] limit=500 count=2
2026-05-04 10:27:00,538 INFO pycloud_parallel.controlplane.infocenter_http [InfoCenter] GET /nodes healthy_only=True tags=[] limit=500 count=2
2026-05-04 10:27:00,539 INFO pycloud_parallel.controlplane.infocenter_http [InfoCenter] GET /nodes healthy_only=True tags=[] limit=500 count=2
2026-05-04 10:27:00,540 INFO pycloud_parallel.controlplane.infocenter_http [InfoCenter] GET /nodes healthy_only=True tags=[] limit=500 count=2
2026-05-04 10:27:00,541 INFO pycloud_parallel.controlplane.infocenter_http [InfoCenter] GET /nodes healthy_only=True tags=[] limit=500 count=2
2026-05-04 10:27:00,542 INFO pycloud_parallel.controlplane.infocenter_http [InfoCenter] GET /nodes healthy_only=True tags=[] limit=500 count=2
2026-05-04 10:27:00,543 INFO pycloud_parallel.controlplane.infocenter_http [InfoCenter] GET /nodes healthy_only=True tags=[] limit=500 count=2
2026-05-04 10:27:00,544 INFO pycloud_parallel.controlplane.infocenter_http [InfoCenter] GET /nodes healthy_only=True tags=[] limit=500 count=2
2026-05-04 10:27:00,546 INFO pycloud_parallel.controlplane.infocenter_http [InfoCenter] GET /nodes healthy_only=True tags=[] limit=500 count=2
2026-05-04 10:27:00,547 INFO pycloud_parallel.controlplane.infocenter_http [InfoCenter] GET /nodes healthy_only=True tags=[] limit=500 count=2
2026-05-04 10:27:00,548 INFO pycloud_parallel.controlplane.infocenter_http [InfoCenter] GET /nodes healthy_only=True tags=[] limit=500 count=2
2026-05-04 10:27:00,549 INFO pycloud_parallel.controlplane.infocenter_http [InfoCenter] GET /nodes healthy_only=True tags=[] limit=500 count=2
2026-05-04 10:27:00,550 INFO pycloud_parallel.controlplane.infocenter_http [InfoCenter] GET /nodes healthy_only=True tags=[] limit=500 count=2
2026-05-04 10:27:00,551 INFO pycloud_parallel.controlplane.infocenter_http [InfoCenter] GET /nodes healthy_only=True tags=[] limit=500 count=2
2026-05-04 10:27:00,552 INFO pycloud_parallel.controlplane.infocenter_http [InfoCenter] GET /nodes healthy_only=True tags=[] limit=500 count=2
2026-05-04 10:27:00,553 INFO pycloud_parallel.controlplane.infocenter_http [InfoCenter] GET /nodes healthy_only=True tags=[] limit=500 count=2
2026-05-04 10:27:00,554 INFO pycloud_parallel.controlplane.infocenter_http [InfoCenter] GET /nodes healthy_only=True tags=[] limit=500 count=2
2026-05-04 10:27:00,555 INFO pycloud_parallel.controlplane.infocenter_http [InfoCenter] GET /nodes healthy_only=True tags=[] limit=500 count=2
2026-05-04 10:27:00,556 INFO pycloud_parallel.controlplane.infocenter_http [InfoCenter] GET /nodes healthy_only=True tags=[] limit=500 count=2
2026-05-04 10:27:00,557 INFO pycloud_parallel.controlplane.infocenter_http [InfoCenter] GET /nodes healthy_only=True tags=[] limit=500 count=2
2026-05-04 10:27:00,558 INFO pycloud_parallel.controlplane.infocenter_http [InfoCenter] GET /nodes healthy_only=True tags=[] limit=500 count=2
2026-05-04 10:27:00,559 INFO pycloud_parallel.controlplane.infocenter_http [InfoCenter] GET /nodes healthy_only=True tags=[] limit=500 count=2
2026-05-04 10:27:00,560 INFO pycloud_parallel.controlplane.infocenter_http [InfoCenter] GET /nodes healthy_only=True tags=[] limit=500 count=2
2026-05-04 10:27:00,561 INFO pycloud_parallel.controlplane.infocenter_http [InfoCenter] GET /nodes healthy_only=True tags=[] limit=500 count=2
2026-05-04 10:27:00,562 INFO pycloud_parallel.controlplane.infocenter_http [InfoCenter] GET /nodes healthy_only=True tags=[] limit=500 count=2
2026-05-04 10:27:00,563 INFO pycloud_parallel.controlplane.infocenter_http [InfoCenter] GET /nodes healthy_only=True tags=[] limit=500 count=2
2026-05-04 10:27:00,564 INFO pycloud_parallel.controlplane.infocenter_http [InfoCenter] GET /nodes healthy_only=True tags=[] limit=500 count=2
2026-05-04 10:27:00,565 INFO pycloud_parallel.controlplane.infocenter_http [InfoCenter] GET /nodes healthy_only=True tags=[] limit=500 count=2
2026-05-04 10:27:00,566 INFO pycloud_parallel.controlplane.infocenter_http [InfoCenter] GET /nodes healthy_only=True tags=[] limit=500 count=2
2026-05-04 10:27:00,567 INFO pycloud_parallel.controlplane.infocenter_http [InfoCenter] GET /nodes healthy_only=True tags=[] limit=500 count=2
2026-05-04 10:27:00,568 INFO pycloud_parallel.controlplane.infocenter_http [InfoCenter] GET /nodes healthy_only=True tags=[] limit=500 count=2
2026-05-04 10:27:00,568 INFO pycloud_parallel.controlplane.infocenter_http [InfoCenter] GET /nodes healthy_only=True tags=[] limit=500 count=2
2026-05-04 10:27:00,570 INFO pycloud_parallel.controlplane.infocenter_http [InfoCenter] GET /nodes healthy_only=True tags=[] limit=500 count=2
2026-05-04 10:27:00,571 INFO pycloud_parallel.controlplane.infocenter_http [InfoCenter] GET /nodes healthy_only=True tags=[] limit=500 count=2
2026-05-04 10:27:00,572 INFO pycloud_parallel.controlplane.infocenter_http [InfoCenter] GET /nodes healthy_only=True tags=[] limit=500 count=2
2026-05-04 10:27:00,573 INFO pycloud_parallel.controlplane.infocenter_http [InfoCenter] GET /nodes healthy_only=True tags=[] limit=500 count=2
2026-05-04 10:27:00,574 INFO pycloud_parallel.controlplane.infocenter_http [InfoCenter] GET /nodes healthy_only=True tags=[] limit=500 count=2
2026-05-04 10:27:00,574 INFO pycloud_parallel.controlplane.infocenter_http [InfoCenter] GET /nodes healthy_only=True tags=[] limit=500 count=2
2026-05-04 10:27:00,575 INFO pycloud_parallel.controlplane.infocenter_http [InfoCenter] GET /nodes healthy_only=True tags=[] limit=500 count=2
2026-05-04 10:27:00,576 INFO pycloud_parallel.controlplane.infocenter_http [InfoCenter] GET /nodes healthy_only=True tags=[] limit=500 count=2
2026-05-04 10:27:00,577 INFO pycloud_parallel.controlplane.infocenter_http [InfoCenter] GET /nodes healthy_only=True tags=[] limit=500 count=2
2026-05-04 10:27:00,578 INFO pycloud_parallel.controlplane.infocenter_http [InfoCenter] GET /nodes healthy_only=True tags=[] limit=500 count=2
2026-05-04 10:27:00,579 INFO pycloud_parallel.controlplane.infocenter_http [InfoCenter] GET /nodes healthy_only=True tags=[] limit=500 count=2
2026-05-04 10:27:00,580 INFO pycloud_parallel.controlplane.infocenter_http [InfoCenter] GET /nodes healthy_only=True tags=[] limit=500 count=2
2026-05-04 10:27:00,581 INFO pycloud_parallel.controlplane.infocenter_http [InfoCenter] GET /nodes healthy_only=True tags=[] limit=500 count=2
2026-05-04 10:27:00,582 INFO pycloud_parallel.controlplane.infocenter_http [InfoCenter] GET /nodes healthy_only=True tags=[] limit=500 count=2
2026-05-04 10:27:00,583 INFO pycloud_parallel.controlplane.infocenter_http [InfoCenter] GET /nodes healthy_only=True tags=[] limit=500 count=2
2026-05-04 10:27:00,584 INFO pycloud_parallel.controlplane.infocenter_http [InfoCenter] GET /nodes healthy_only=True tags=[] limit=500 count=2
2026-05-04 10:27:00,585 INFO pycloud_parallel.controlplane.infocenter_http [InfoCenter] GET /nodes healthy_only=True tags=[] limit=500 count=2
2026-05-04 10:27:00,586 INFO pycloud_parallel.controlplane.infocenter_http [InfoCenter] GET /nodes healthy_only=True tags=[] limit=500 count=2
2026-05-04 10:27:00,588 INFO pycloud_parallel.controlplane.infocenter_http [InfoCenter] GET /nodes healthy_only=True tags=[] limit=500 count=2
2026-05-04 10:27:00,589 INFO pycloud_parallel.controlplane.infocenter_http [InfoCenter] GET /nodes healthy_only=True tags=[] limit=500 count=2
2026-05-04 10:27:00,590 INFO pycloud_parallel.controlplane.infocenter_http [InfoCenter] GET /nodes healthy_only=True tags=[] limit=500 count=2
2026-05-04 10:27:00,591 INFO pycloud_parallel.controlplane.infocenter_http [InfoCenter] GET /nodes healthy_only=True tags=[] limit=500 count=2
2026-05-04 10:27:00,592 INFO pycloud_parallel.controlplane.infocenter_http [InfoCenter] GET /nodes healthy_only=True tags=[] limit=500 count=2
2026-05-04 10:27:00,593 INFO pycloud_parallel.controlplane.infocenter_http [InfoCenter] GET /nodes healthy_only=True tags=[] limit=500 count=2
2026-05-04 10:27:00,594 INFO pycloud_parallel.controlplane.infocenter_http [InfoCenter] GET /nodes healthy_only=True tags=[] limit=500 count=2
2026-05-04 10:27:00,595 INFO pycloud_parallel.controlplane.infocenter_http [InfoCenter] GET /nodes healthy_only=True tags=[] limit=500 count=2
2026-05-04 10:27:00,596 INFO pycloud_parallel.controlplane.infocenter_http [InfoCenter] GET /nodes healthy_only=True tags=[] limit=500 count=2
2026-05-04 10:27:00,597 INFO pycloud_parallel.controlplane.infocenter_http [InfoCenter] GET /nodes healthy_only=True tags=[] limit=500 count=2
2026-05-04 10:27:00,598 INFO pycloud_parallel.controlplane.infocenter_http [InfoCenter] GET /nodes healthy_only=True tags=[] limit=500 count=2
2026-05-04 10:27:00,599 INFO pycloud_parallel.controlplane.infocenter_http [InfoCenter] GET /nodes healthy_only=True tags=[] limit=500 count=2
2026-05-04 10:27:00,600 INFO pycloud_parallel.controlplane.infocenter_http [InfoCenter] GET /nodes healthy_only=True tags=[] limit=500 count=2
2026-05-04 10:27:00,601 INFO pycloud_parallel.controlplane.infocenter_http [InfoCenter] GET /nodes healthy_only=True tags=[] limit=500 count=2
2026-05-04 10:27:00,602 INFO pycloud_parallel.controlplane.infocenter_http [InfoCenter] GET /nodes healthy_only=True tags=[] limit=500 count=2
2026-05-04 10:27:00,603 INFO pycloud_parallel.controlplane.infocenter_http [InfoCenter] GET /nodes healthy_only=True tags=[] limit=500 count=2
2026-05-04 10:27:00,604 INFO pycloud_parallel.controlplane.infocenter_http [InfoCenter] GET /nodes healthy_only=True tags=[] limit=500 count=2
2026-05-04 10:27:00,605 INFO pycloud_parallel.controlplane.infocenter_http [InfoCenter] GET /nodes healthy_only=True tags=[] limit=500 count=2
2026-05-04 10:27:00,606 INFO pycloud_parallel.controlplane.infocenter_http [InfoCenter] GET /nodes healthy_only=True tags=[] limit=500 count=2
2026-05-04 10:27:00,607 INFO pycloud_parallel.controlplane.infocenter_http [InfoCenter] GET /nodes healthy_only=True tags=[] limit=500 count=2
2026-05-04 10:27:00,608 INFO pycloud_parallel.controlplane.infocenter_http [InfoCenter] GET /nodes healthy_only=True tags=[] limit=500 count=2
2026-05-04 10:27:00,609 INFO pycloud_parallel.controlplane.infocenter_http [InfoCenter] GET /nodes healthy_only=True tags=[] limit=500 count=2
2026-05-04 10:27:00,610 INFO pycloud_parallel.controlplane.infocenter_http [InfoCenter] GET /nodes healthy_only=True tags=[] limit=500 count=2
2026-05-04 10:27:00,611 INFO pycloud_parallel.controlplane.infocenter_http [InfoCenter] GET /nodes healthy_only=True tags=[] limit=500 count=2
2026-05-04 10:27:00,612 INFO pycloud_parallel.controlplane.infocenter_http [InfoCenter] GET /nodes healthy_only=True tags=[] limit=500 count=2
2026-05-04 10:27:00,613 INFO pycloud_parallel.controlplane.infocenter_http [InfoCenter] GET /nodes healthy_only=True tags=[] limit=500 count=2
2026-05-04 10:27:00,614 INFO pycloud_parallel.controlplane.infocenter_http [InfoCenter] GET /nodes healthy_only=True tags=[] limit=500 count=2
2026-05-04 10:27:00,615 INFO pycloud_parallel.controlplane.infocenter_http [InfoCenter] GET /nodes healthy_only=True tags=[] limit=500 count=2
2026-05-04 10:27:00,616 INFO pycloud_parallel.controlplane.infocenter_http [InfoCenter] GET /nodes healthy_only=True tags=[] limit=500 count=2
2026-05-04 10:27:00,617 INFO pycloud_parallel.controlplane.infocenter_http [InfoCenter] GET /nodes healthy_only=True tags=[] limit=500 count=2
2026-05-04 10:27:00,618 INFO pycloud_parallel.controlplane.infocenter_http [InfoCenter] GET /nodes healthy_only=True tags=[] limit=500 count=2
2026-05-04 10:27:00,619 INFO pycloud_parallel.controlplane.infocenter_http [InfoCenter] GET /nodes healthy_only=True tags=[] limit=500 count=2
2026-05-04 10:27:00,620 INFO pycloud_parallel.controlplane.infocenter_http [InfoCenter] GET /nodes healthy_only=True tags=[] limit=500 count=2
2026-05-04 10:27:00,621 INFO pycloud_parallel.controlplane.infocenter_http [InfoCenter] GET /nodes healthy_only=True tags=[] limit=500 count=2
2026-05-04 10:27:00,622 INFO pycloud_parallel.controlplane.infocenter_http [InfoCenter] GET /nodes healthy_only=True tags=[] limit=500 count=2
2026-05-04 10:27:00,623 INFO pycloud_parallel.controlplane.infocenter_http [InfoCenter] GET /nodes healthy_only=True tags=[] limit=500 count=2
2026-05-04 10:27:00,624 INFO pycloud_parallel.controlplane.infocenter_http [InfoCenter] GET /nodes healthy_only=True tags=[] limit=500 count=2
2026-05-04 10:27:00,625 INFO pycloud_parallel.controlplane.infocenter_http [InfoCenter] GET /nodes healthy_only=True tags=[] limit=500 count=2
2026-05-04 10:27:00,626 INFO pycloud_parallel.controlplane.infocenter_http [InfoCenter] GET /nodes healthy_only=True tags=[] limit=500 count=2
2026-05-04 10:27:00,627 INFO pycloud_parallel.controlplane.infocenter_http [InfoCenter] GET /nodes healthy_only=True tags=[] limit=500 count=2
2026-05-04 10:27:00,628 INFO pycloud_parallel.controlplane.infocenter_http [InfoCenter] GET /nodes healthy_only=True tags=[] limit=500 count=2
2026-05-04 10:27:00,629 INFO pycloud_parallel.controlplane.infocenter_http [InfoCenter] GET /nodes healthy_only=True tags=[] limit=500 count=2
2026-05-04 10:27:00,630 INFO pycloud_parallel.controlplane.infocenter_http [InfoCenter] GET /nodes healthy_only=True tags=[] limit=500 count=2
2026-05-04 10:27:00,631 INFO pycloud_parallel.controlplane.infocenter_http [InfoCenter] GET /nodes healthy_only=True tags=[] limit=500 count=2
2026-05-04 10:27:00,632 INFO pycloud_parallel.controlplane.infocenter_http [InfoCenter] GET /nodes healthy_only=True tags=[] limit=500 count=2
2026-05-04 10:27:00,633 INFO pycloud_parallel.controlplane.infocenter_http [InfoCenter] GET /nodes healthy_only=True tags=[] limit=500 count=2
2026-05-04 10:27:00,634 INFO pycloud_parallel.controlplane.infocenter_http [InfoCenter] GET /nodes healthy_only=True tags=[] limit=500 count=2
2026-05-04 10:27:00,635 INFO pycloud_parallel.controlplane.infocenter_http [InfoCenter] GET /nodes healthy_only=True tags=[] limit=500 count=2
2026-05-04 10:27:00,637 INFO pycloud_parallel.controlplane.infocenter_http [InfoCenter] GET /nodes healthy_only=True tags=[] limit=500 count=2
2026-05-04 10:27:00,638 INFO pycloud_parallel.controlplane.infocenter_http [InfoCenter] GET /nodes healthy_only=True tags=[] limit=500 count=2
2026-05-04 10:27:00,639 INFO pycloud_parallel.controlplane.infocenter_http [InfoCenter] GET /nodes healthy_only=True tags=[] limit=500 count=2
2026-05-04 10:27:00,640 INFO pycloud_parallel.controlplane.infocenter_http [InfoCenter] GET /nodes healthy_only=True tags=[] limit=500 count=2
2026-05-04 10:27:00,641 INFO pycloud_parallel.controlplane.infocenter_http [InfoCenter] GET /nodes healthy_only=True tags=[] limit=500 count=2
2026-05-04 10:27:00,642 INFO pycloud_parallel.controlplane.infocenter_http [InfoCenter] GET /nodes healthy_only=True tags=[] limit=500 count=2
2026-05-04 10:27:00,643 INFO pycloud_parallel.controlplane.infocenter_http [InfoCenter] GET /nodes healthy_only=True tags=[] limit=500 count=2
2026-05-04 10:27:00,644 INFO pycloud_parallel.controlplane.infocenter_http [InfoCenter] GET /nodes healthy_only=True tags=[] limit=500 count=2
2026-05-04 10:27:00,645 INFO pycloud_parallel.controlplane.infocenter_http [InfoCenter] GET /nodes healthy_only=True tags=[] limit=500 count=2
2026-05-04 10:27:00,646 INFO pycloud_parallel.controlplane.infocenter_http [InfoCenter] GET /nodes healthy_only=True tags=[] limit=500 count=2
2026-05-04 10:27:00,647 INFO pycloud_parallel.controlplane.infocenter_http [InfoCenter] GET /nodes healthy_only=True tags=[] limit=500 count=2
2026-05-04 10:27:00,648 INFO pycloud_parallel.controlplane.infocenter_http [InfoCenter] GET /nodes healthy_only=True tags=[] limit=500 count=2
2026-05-04 10:27:00,649 INFO pycloud_parallel.controlplane.infocenter_http [InfoCenter] GET /nodes healthy_only=True tags=[] limit=500 count=2
2026-05-04 10:27:00,650 INFO pycloud_parallel.controlplane.infocenter_http [InfoCenter] GET /nodes healthy_only=True tags=[] limit=500 count=2
2026-05-04 10:27:00,651 INFO pycloud_parallel.controlplane.infocenter_http [InfoCenter] GET /nodes healthy_only=True tags=[] limit=500 count=2
2026-05-04 10:27:00,652 INFO pycloud_parallel.controlplane.infocenter_http [InfoCenter] GET /nodes healthy_only=True tags=[] limit=500 count=2
2026-05-04 10:27:00,653 INFO pycloud_parallel.controlplane.infocenter_http [InfoCenter] GET /nodes healthy_only=True tags=[] limit=500 count=2
2026-05-04 10:27:00,654 INFO pycloud_parallel.controlplane.infocenter_http [InfoCenter] GET /nodes healthy_only=True tags=[] limit=500 count=2
2026-05-04 10:27:00,655 INFO pycloud_parallel.controlplane.infocenter_http [InfoCenter] GET /nodes healthy_only=True tags=[] limit=500 count=2
2026-05-04 10:27:00,656 INFO pycloud_parallel.controlplane.infocenter_http [InfoCenter] GET /nodes healthy_only=True tags=[] limit=500 count=2
2026-05-04 10:27:00,657 INFO pycloud_parallel.controlplane.infocenter_http [InfoCenter] GET /nodes healthy_only=True tags=[] limit=500 count=2
2026-05-04 10:27:00,658 INFO pycloud_parallel.controlplane.infocenter_http [InfoCenter] GET /nodes healthy_only=True tags=[] limit=500 count=2
2026-05-04 10:27:00,659 INFO pycloud_parallel.controlplane.infocenter_http [InfoCenter] GET /nodes healthy_only=True tags=[] limit=500 count=2
2026-05-04 10:27:00,660 INFO pycloud_parallel.controlplane.infocenter_http [InfoCenter] GET /nodes healthy_only=True tags=[] limit=500 count=2
2026-05-04 10:27:00,661 INFO pycloud_parallel.controlplane.infocenter_http [InfoCenter] GET /nodes healthy_only=True tags=[] limit=500 count=2
2026-05-04 10:27:00,662 INFO pycloud_parallel.controlplane.infocenter_http [InfoCenter] GET /nodes healthy_only=True tags=[] limit=500 count=2
2026-05-04 10:27:00,663 INFO pycloud_parallel.controlplane.infocenter_http [InfoCenter] GET /nodes healthy_only=True tags=[] limit=500 count=2
2026-05-04 10:27:00,664 INFO pycloud_parallel.controlplane.infocenter_http [InfoCenter] GET /nodes healthy_only=True tags=[] limit=500 count=2
2026-05-04 10:27:00,665 INFO pycloud_parallel.controlplane.infocenter_http [InfoCenter] GET /nodes healthy_only=True tags=[] limit=500 count=2
2026-05-04 10:27:00,666 INFO pycloud_parallel.controlplane.infocenter_http [InfoCenter] GET /nodes healthy_only=True tags=[] limit=500 count=2
2026-05-04 10:27:00,667 INFO pycloud_parallel.controlplane.infocenter_http [InfoCenter] GET /nodes healthy_only=True tags=[] limit=500 count=2
2026-05-04 10:27:00,668 INFO pycloud_parallel.controlplane.infocenter_http [InfoCenter] GET /nodes healthy_only=True tags=[] limit=500 count=2
2026-05-04 10:27:00,669 INFO pycloud_parallel.controlplane.infocenter_http [InfoCenter] GET /nodes healthy_only=True tags=[] limit=500 count=2
2026-05-04 10:27:00,670 INFO pycloud_parallel.controlplane.infocenter_http [InfoCenter] GET /nodes healthy_only=True tags=[] limit=500 count=2
2026-05-04 10:27:00,671 INFO pycloud_parallel.controlplane.infocenter_http [InfoCenter] GET /nodes healthy_only=True tags=[] limit=500 count=2
2026-05-04 10:27:00,672 INFO pycloud_parallel.controlplane.infocenter_http [InfoCenter] GET /nodes healthy_only=True tags=[] limit=500 count=2
2026-05-04 10:27:00,673 INFO pycloud_parallel.controlplane.infocenter_http [InfoCenter] GET /nodes healthy_only=True tags=[] limit=500 count=2
2026-05-04 10:27:00,674 INFO pycloud_parallel.controlplane.infocenter_http [InfoCenter] GET /nodes healthy_only=True tags=[] limit=500 count=2
2026-05-04 10:27:00,675 INFO pycloud_parallel.controlplane.infocenter_http [InfoCenter] GET /nodes healthy_only=True tags=[] limit=500 count=2
2026-05-04 10:27:00,676 INFO pycloud_parallel.controlplane.infocenter_http [InfoCenter] GET /nodes healthy_only=True tags=[] limit=500 count=2
2026-05-04 10:27:00,677 INFO pycloud_parallel.controlplane.infocenter_http [InfoCenter] GET /nodes healthy_only=True tags=[] limit=500 count=2
2026-05-04 10:27:00,677 INFO pycloud_parallel.controlplane.infocenter_http [InfoCenter] GET /nodes healthy_only=True tags=[] limit=500 count=2
2026-05-04 10:27:00,678 INFO pycloud_parallel.controlplane.infocenter_http [InfoCenter] GET /nodes healthy_only=True tags=[] limit=500 count=2
2026-05-04 10:27:00,679 INFO pycloud_parallel.controlplane.infocenter_http [InfoCenter] GET /nodes healthy_only=True tags=[] limit=500 count=2
2026-05-04 10:27:00,681 INFO pycloud_parallel.controlplane.infocenter_http [InfoCenter] GET /nodes healthy_only=True tags=[] limit=500 count=2
2026-05-04 10:27:00,682 INFO pycloud_parallel.controlplane.infocenter_http [InfoCenter] GET /nodes healthy_only=True tags=[] limit=500 count=2
2026-05-04 10:27:00,683 INFO pycloud_parallel.controlplane.infocenter_http [InfoCenter] GET /nodes healthy_only=True tags=[] limit=500 count=2
2026-05-04 10:27:00,684 INFO pycloud_parallel.controlplane.infocenter_http [InfoCenter] GET /nodes healthy_only=True tags=[] limit=500 count=2
2026-05-04 10:27:00,685 INFO pycloud_parallel.controlplane.infocenter_http [InfoCenter] GET /nodes healthy_only=True tags=[] limit=500 count=2
2026-05-04 10:27:00,686 INFO pycloud_parallel.controlplane.infocenter_http [InfoCenter] GET /nodes healthy_only=True tags=[] limit=500 count=2
2026-05-04 10:27:00,687 INFO pycloud_parallel.controlplane.infocenter_http [InfoCenter] GET /nodes healthy_only=True tags=[] limit=500 count=2
2026-05-04 10:27:00,688 INFO pycloud_parallel.controlplane.infocenter_http [InfoCenter] GET /nodes healthy_only=True tags=[] limit=500 count=2
2026-05-04 10:27:00,689 INFO pycloud_parallel.controlplane.infocenter_http [InfoCenter] GET /nodes healthy_only=True tags=[] limit=500 count=2
2026-05-04 10:27:00,690 INFO pycloud_parallel.controlplane.infocenter_http [InfoCenter] GET /nodes healthy_only=True tags=[] limit=500 count=2
2026-05-04 10:27:00,691 INFO pycloud_parallel.controlplane.infocenter_http [InfoCenter] GET /nodes healthy_only=True tags=[] limit=500 count=2
2026-05-04 10:27:00,692 INFO pycloud_parallel.controlplane.infocenter_http [InfoCenter] GET /nodes healthy_only=True tags=[] limit=500 count=2
2026-05-04 10:27:00,693 INFO pycloud_parallel.controlplane.infocenter_http [InfoCenter] GET /nodes healthy_only=True tags=[] limit=500 count=2
2026-05-04 10:27:00,694 INFO pycloud_parallel.controlplane.infocenter_http [InfoCenter] GET /nodes healthy_only=True tags=[] limit=500 count=2
2026-05-04 10:27:00,695 INFO pycloud_parallel.controlplane.infocenter_http [InfoCenter] GET /nodes healthy_only=True tags=[] limit=500 count=2
2026-05-04 10:27:00,696 INFO pycloud_parallel.controlplane.infocenter_http [InfoCenter] GET /nodes healthy_only=True tags=[] limit=500 count=2
2026-05-04 10:27:00,697 INFO pycloud_parallel.controlplane.infocenter_http [InfoCenter] GET /nodes healthy_only=True tags=[] limit=500 count=2
2026-05-04 10:27:00,698 INFO pycloud_parallel.controlplane.infocenter_http [InfoCenter] GET /nodes healthy_only=True tags=[] limit=500 count=2
2026-05-04 10:27:00,699 INFO pycloud_parallel.controlplane.infocenter_http [InfoCenter] GET /nodes healthy_only=True tags=[] limit=500 count=2
2026-05-04 10:27:00,700 INFO pycloud_parallel.controlplane.infocenter_http [InfoCenter] GET /nodes healthy_only=True tags=[] limit=500 count=2
2026-05-04 10:27:00,700 INFO pycloud_parallel.controlplane.infocenter_http [InfoCenter] GET /nodes healthy_only=True tags=[] limit=500 count=2
2026-05-04 10:27:00,701 INFO pycloud_parallel.controlplane.infocenter_http [InfoCenter] GET /nodes healthy_only=True tags=[] limit=500 count=2
2026-05-04 10:27:00,702 INFO pycloud_parallel.controlplane.infocenter_http [InfoCenter] GET /nodes healthy_only=True tags=[] limit=500 count=2
2026-05-04 10:27:00,703 INFO pycloud_parallel.controlplane.infocenter_http [InfoCenter] GET /nodes healthy_only=True tags=[] limit=500 count=2
2026-05-04 10:27:00,704 INFO pycloud_parallel.controlplane.infocenter_http [InfoCenter] GET /nodes healthy_only=True tags=[] limit=500 count=2
2026-05-04 10:27:00,705 INFO pycloud_parallel.controlplane.infocenter_http [InfoCenter] GET /nodes healthy_only=True tags=[] limit=500 count=2
2026-05-04 10:27:00,706 INFO pycloud_parallel.controlplane.infocenter_http [InfoCenter] GET /nodes healthy_only=True tags=[] limit=500 count=2
2026-05-04 10:27:00,707 INFO pycloud_parallel.controlplane.infocenter_http [InfoCenter] GET /nodes healthy_only=True tags=[] limit=500 count=2
2026-05-04 10:27:00,708 INFO pycloud_parallel.controlplane.infocenter_http [InfoCenter] GET /nodes healthy_only=True tags=[] limit=500 count=2
2026-05-04 10:27:00,709 INFO pycloud_parallel.controlplane.infocenter_http [InfoCenter] GET /nodes healthy_only=True tags=[] limit=500 count=2
2026-05-04 10:27:00,711 INFO pycloud_parallel.controlplane.infocenter_http [InfoCenter] GET /nodes healthy_only=True tags=[] limit=500 count=2
2026-05-04 10:27:00,711 INFO pycloud_parallel.controlplane.infocenter_http [InfoCenter] GET /nodes healthy_only=True tags=[] limit=500 count=2
2026-05-04 10:27:00,712 INFO pycloud_parallel.controlplane.infocenter_http [InfoCenter] GET /nodes healthy_only=True tags=[] limit=500 count=2
2026-05-04 10:27:00,713 INFO pycloud_parallel.controlplane.infocenter_http [InfoCenter] GET /nodes healthy_only=True tags=[] limit=500 count=2
2026-05-04 10:27:00,714 INFO pycloud_parallel.controlplane.infocenter_http [InfoCenter] GET /nodes healthy_only=True tags=[] limit=500 count=2
2026-05-04 10:27:00,715 INFO pycloud_parallel.controlplane.infocenter_http [InfoCenter] GET /nodes healthy_only=True tags=[] limit=500 count=2
2026-05-04 10:27:00,716 INFO pycloud_parallel.controlplane.infocenter_http [InfoCenter] GET /nodes healthy_only=True tags=[] limit=500 count=2
2026-05-04 10:27:00,717 INFO pycloud_parallel.controlplane.infocenter_http [InfoCenter] GET /nodes healthy_only=True tags=[] limit=500 count=2
2026-05-04 10:27:00,719 INFO pycloud_parallel.controlplane.infocenter_http [InfoCenter] GET /nodes healthy_only=True tags=[] limit=500 count=2
2026-05-04 10:27:00,720 INFO pycloud_parallel.controlplane.infocenter_http [InfoCenter] GET /nodes healthy_only=True tags=[] limit=500 count=2
2026-05-04 10:27:00,721 INFO pycloud_parallel.controlplane.infocenter_http [InfoCenter] GET /nodes healthy_only=True tags=[] limit=500 count=2
2026-05-04 10:27:00,722 INFO pycloud_parallel.controlplane.infocenter_http [InfoCenter] GET /nodes healthy_only=True tags=[] limit=500 count=2
2026-05-04 10:27:00,723 INFO pycloud_parallel.controlplane.infocenter_http [InfoCenter] GET /nodes healthy_only=True tags=[] limit=500 count=2
2026-05-04 10:27:00,724 INFO pycloud_parallel.controlplane.infocenter_http [InfoCenter] GET /nodes healthy_only=True tags=[] limit=500 count=2
2026-05-04 10:27:00,725 INFO pycloud_parallel.controlplane.infocenter_http [InfoCenter] GET /nodes healthy_only=True tags=[] limit=500 count=2
2026-05-04 10:27:00,726 INFO pycloud_parallel.controlplane.infocenter_http [InfoCenter] GET /nodes healthy_only=True tags=[] limit=500 count=2
2026-05-04 10:27:00,727 INFO pycloud_parallel.controlplane.infocenter_http [InfoCenter] GET /nodes healthy_only=True tags=[] limit=500 count=2
2026-05-04 10:27:00,728 INFO pycloud_parallel.controlplane.infocenter_http [InfoCenter] GET /nodes healthy_only=True tags=[] limit=500 count=2
2026-05-04 10:27:00,729 INFO pycloud_parallel.controlplane.infocenter_http [InfoCenter] GET /nodes healthy_only=True tags=[] limit=500 count=2
2026-05-04 10:27:00,730 INFO pycloud_parallel.controlplane.infocenter_http [InfoCenter] GET /nodes healthy_only=True tags=[] limit=500 count=2
2026-05-04 10:27:00,731 INFO pycloud_parallel.controlplane.infocenter_http [InfoCenter] GET /nodes healthy_only=True tags=[] limit=500 count=2
2026-05-04 10:27:00,732 INFO pycloud_parallel.controlplane.infocenter_http [InfoCenter] GET /nodes healthy_only=True tags=[] limit=500 count=2
2026-05-04 10:27:00,733 INFO pycloud_parallel.controlplane.infocenter_http [InfoCenter] GET /nodes healthy_only=True tags=[] limit=500 count=2
2026-05-04 10:27:00,734 INFO pycloud_parallel.controlplane.infocenter_http [InfoCenter] GET /nodes healthy_only=True tags=[] limit=500 count=2
2026-05-04 10:27:00,735 INFO pycloud_parallel.controlplane.infocenter_http [InfoCenter] GET /nodes healthy_only=True tags=[] limit=500 count=2
2026-05-04 10:27:00,736 INFO pycloud_parallel.controlplane.infocenter_http [InfoCenter] GET /nodes healthy_only=True tags=[] limit=500 count=2
2026-05-04 10:27:00,737 INFO pycloud_parallel.controlplane.infocenter_http [InfoCenter] GET /nodes healthy_only=True tags=[] limit=500 count=2
2026-05-04 10:27:00,738 INFO pycloud_parallel.controlplane.infocenter_http [InfoCenter] GET /nodes healthy_only=True tags=[] limit=500 count=2
2026-05-04 10:27:00,739 INFO pycloud_parallel.controlplane.infocenter_http [InfoCenter] GET /nodes healthy_only=True tags=[] limit=500 count=2
2026-05-04 10:27:00,740 INFO pycloud_parallel.controlplane.infocenter_http [InfoCenter] GET /nodes healthy_only=True tags=[] limit=500 count=2
2026-05-04 10:27:00,741 INFO pycloud_parallel.controlplane.infocenter_http [InfoCenter] GET /nodes healthy_only=True tags=[] limit=500 count=2
2026-05-04 10:27:00,742 INFO pycloud_parallel.controlplane.infocenter_http [InfoCenter] GET /nodes healthy_only=True tags=[] limit=500 count=2
2026-05-04 10:27:00,743 INFO pycloud_parallel.controlplane.infocenter_http [InfoCenter] GET /nodes healthy_only=True tags=[] limit=500 count=2
2026-05-04 10:27:00,744 INFO pycloud_parallel.controlplane.infocenter_http [InfoCenter] GET /nodes healthy_only=True tags=[] limit=500 count=2
2026-05-04 10:27:00,745 INFO pycloud_parallel.controlplane.infocenter_http [InfoCenter] GET /nodes healthy_only=True tags=[] limit=500 count=2
2026-05-04 10:27:00,746 INFO pycloud_parallel.controlplane.infocenter_http [InfoCenter] GET /nodes healthy_only=True tags=[] limit=500 count=2
2026-05-04 10:27:00,747 INFO pycloud_parallel.controlplane.infocenter_http [InfoCenter] GET /nodes healthy_only=True tags=[] limit=500 count=2
2026-05-04 10:27:00,748 INFO pycloud_parallel.controlplane.infocenter_http [InfoCenter] GET /nodes healthy_only=True tags=[] limit=500 count=2
2026-05-04 10:27:00,749 INFO pycloud_parallel.controlplane.infocenter_http [InfoCenter] GET /nodes healthy_only=True tags=[] limit=500 count=2
2026-05-04 10:27:00,750 INFO pycloud_parallel.controlplane.infocenter_http [InfoCenter] GET /nodes healthy_only=True tags=[] limit=500 count=2
2026-05-04 10:27:00,751 INFO pycloud_parallel.controlplane.infocenter_http [InfoCenter] GET /nodes healthy_only=True tags=[] limit=500 count=2
2026-05-04 10:27:00,752 INFO pycloud_parallel.controlplane.infocenter_http [InfoCenter] GET /nodes healthy_only=True tags=[] limit=500 count=2
2026-05-04 10:27:00,753 INFO pycloud_parallel.controlplane.infocenter_http [InfoCenter] GET /nodes healthy_only=True tags=[] limit=500 count=2
2026-05-04 10:27:00,754 INFO pycloud_parallel.controlplane.infocenter_http [InfoCenter] GET /nodes healthy_only=True tags=[] limit=500 count=2
2026-05-04 10:27:00,755 INFO pycloud_parallel.controlplane.infocenter_http [InfoCenter] GET /nodes healthy_only=True tags=[] limit=500 count=2
2026-05-04 10:27:00,755 INFO pycloud_parallel.controlplane.infocenter_http [InfoCenter] GET /nodes healthy_only=True tags=[] limit=500 count=2
2026-05-04 10:27:00,756 INFO pycloud_parallel.controlplane.infocenter_http [InfoCenter] GET /nodes healthy_only=True tags=[] limit=500 count=2
2026-05-04 10:27:00,757 INFO pycloud_parallel.controlplane.infocenter_http [InfoCenter] GET /nodes healthy_only=True tags=[] limit=500 count=2
2026-05-04 10:27:00,758 INFO pycloud_parallel.controlplane.infocenter_http [InfoCenter] GET /nodes healthy_only=True tags=[] limit=500 count=2
2026-05-04 10:27:00,759 INFO pycloud_parallel.controlplane.infocenter_http [InfoCenter] GET /nodes healthy_only=True tags=[] limit=500 count=2
2026-05-04 10:27:00,760 INFO pycloud_parallel.controlplane.infocenter_http [InfoCenter] GET /nodes healthy_only=True tags=[] limit=500 count=2
2026-05-04 10:27:00,761 INFO pycloud_parallel.controlplane.infocenter_http [InfoCenter] GET /nodes healthy_only=True tags=[] limit=500 count=2
2026-05-04 10:27:00,762 INFO pycloud_parallel.controlplane.infocenter_http [InfoCenter] GET /nodes healthy_only=True tags=[] limit=500 count=2
2026-05-04 10:27:00,763 INFO pycloud_parallel.controlplane.infocenter_http [InfoCenter] GET /nodes healthy_only=True tags=[] limit=500 count=2
2026-05-04 10:27:00,764 INFO pycloud_parallel.controlplane.infocenter_http [InfoCenter] GET /nodes healthy_only=True tags=[] limit=500 count=2
2026-05-04 10:27:00,765 INFO pycloud_parallel.controlplane.infocenter_http [InfoCenter] GET /nodes healthy_only=True tags=[] limit=500 count=2
2026-05-04 10:27:00,766 INFO pycloud_parallel.controlplane.infocenter_http [InfoCenter] GET /nodes healthy_only=True tags=[] limit=500 count=2
2026-05-04 10:27:00,767 INFO pycloud_parallel.controlplane.infocenter_http [InfoCenter] GET /nodes healthy_only=True tags=[] limit=500 count=2
2026-05-04 10:27:00,768 INFO pycloud_parallel.controlplane.infocenter_http [InfoCenter] GET /nodes healthy_only=True tags=[] limit=500 count=2
2026-05-04 10:27:00,769 INFO pycloud_parallel.controlplane.infocenter_http [InfoCenter] GET /nodes healthy_only=True tags=[] limit=500 count=2
2026-05-04 10:27:00,770 INFO pycloud_parallel.controlplane.infocenter_http [InfoCenter] GET /nodes healthy_only=True tags=[] limit=500 count=2
2026-05-04 10:27:00,771 INFO pycloud_parallel.controlplane.infocenter_http [InfoCenter] GET /nodes healthy_only=True tags=[] limit=500 count=2
2026-05-04 10:27:00,772 INFO pycloud_parallel.controlplane.infocenter_http [InfoCenter] GET /nodes healthy_only=True tags=[] limit=500 count=2
2026-05-04 10:27:00,773 INFO pycloud_parallel.controlplane.infocenter_http [InfoCenter] GET /nodes healthy_only=True tags=[] limit=500 count=2
2026-05-04 10:27:00,774 INFO pycloud_parallel.controlplane.infocenter_http [InfoCenter] GET /nodes healthy_only=True tags=[] limit=500 count=2
2026-05-04 10:27:00,775 INFO pycloud_parallel.controlplane.infocenter_http [InfoCenter] GET /nodes healthy_only=True tags=[] limit=500 count=2
2026-05-04 10:27:00,776 INFO pycloud_parallel.controlplane.infocenter_http [InfoCenter] GET /nodes healthy_only=True tags=[] limit=500 count=2
2026-05-04 10:27:00,777 INFO pycloud_parallel.controlplane.infocenter_http [InfoCenter] GET /nodes healthy_only=True tags=[] limit=500 count=2
2026-05-04 10:27:00,778 INFO pycloud_parallel.controlplane.infocenter_http [InfoCenter] GET /nodes healthy_only=True tags=[] limit=500 count=2
2026-05-04 10:27:00,779 INFO pycloud_parallel.controlplane.infocenter_http [InfoCenter] GET /nodes healthy_only=True tags=[] limit=500 count=2
2026-05-04 10:27:00,780 INFO pycloud_parallel.controlplane.infocenter_http [InfoCenter] GET /nodes healthy_only=True tags=[] limit=500 count=2
2026-05-04 10:27:00,781 INFO pycloud_parallel.controlplane.infocenter_http [InfoCenter] GET /nodes healthy_only=True tags=[] limit=500 count=2
2026-05-04 10:27:00,782 INFO pycloud_parallel.controlplane.infocenter_http [InfoCenter] GET /nodes healthy_only=True tags=[] limit=500 count=2
2026-05-04 10:27:00,783 INFO pycloud_parallel.controlplane.infocenter_http [InfoCenter] GET /nodes healthy_only=True tags=[] limit=500 count=2
2026-05-04 10:27:00,784 INFO pycloud_parallel.controlplane.infocenter_http [InfoCenter] GET /nodes healthy_only=True tags=[] limit=500 count=2
2026-05-04 10:27:00,785 INFO pycloud_parallel.controlplane.infocenter_http [InfoCenter] GET /nodes healthy_only=True tags=[] limit=500 count=2
2026-05-04 10:27:00,786 INFO pycloud_parallel.controlplane.infocenter_http [InfoCenter] GET /nodes healthy_only=True tags=[] limit=500 count=2
2026-05-04 10:27:00,787 INFO pycloud_parallel.controlplane.infocenter_http [InfoCenter] GET /nodes healthy_only=True tags=[] limit=500 count=2
2026-05-04 10:27:00,788 INFO pycloud_parallel.controlplane.infocenter_http [InfoCenter] GET /nodes healthy_only=True tags=[] limit=500 count=2
2026-05-04 10:27:00,789 INFO pycloud_parallel.controlplane.infocenter_http [InfoCenter] GET /nodes healthy_only=True tags=[] limit=500 count=2
2026-05-04 10:27:00,790 INFO pycloud_parallel.controlplane.infocenter_http [InfoCenter] GET /nodes healthy_only=True tags=[] limit=500 count=2
2026-05-04 10:27:00,791 INFO pycloud_parallel.controlplane.infocenter_http [InfoCenter] GET /nodes healthy_only=True tags=[] limit=500 count=2
2026-05-04 10:27:00,792 INFO pycloud_parallel.controlplane.infocenter_http [InfoCenter] GET /nodes healthy_only=True tags=[] limit=500 count=2
2026-05-04 10:27:00,793 INFO pycloud_parallel.controlplane.infocenter_http [InfoCenter] GET /nodes healthy_only=True tags=[] limit=500 count=2
2026-05-04 10:27:00,794 INFO pycloud_parallel.controlplane.infocenter_http [InfoCenter] GET /nodes healthy_only=True tags=[] limit=500 count=2
2026-05-04 10:27:00,794 INFO pycloud_parallel.controlplane.infocenter_http [InfoCenter] GET /nodes healthy_only=True tags=[] limit=500 count=2
2026-05-04 10:27:00,795 INFO pycloud_parallel.controlplane.infocenter_http [InfoCenter] GET /nodes healthy_only=True tags=[] limit=500 count=2
2026-05-04 10:27:00,796 INFO pycloud_parallel.controlplane.infocenter_http [InfoCenter] GET /nodes healthy_only=True tags=[] limit=500 count=2
2026-05-04 10:27:00,797 INFO pycloud_parallel.controlplane.infocenter_http [InfoCenter] GET /nodes healthy_only=True tags=[] limit=500 count=2
2026-05-04 10:27:00,798 INFO pycloud_parallel.controlplane.infocenter_http [InfoCenter] GET /nodes healthy_only=True tags=[] limit=500 count=2
2026-05-04 10:27:00,799 INFO pycloud_parallel.controlplane.infocenter_http [InfoCenter] GET /nodes healthy_only=True tags=[] limit=500 count=2
2026-05-04 10:27:00,800 INFO pycloud_parallel.controlplane.infocenter_http [InfoCenter] GET /nodes healthy_only=True tags=[] limit=500 count=2
2026-05-04 10:27:00,801 INFO pycloud_parallel.controlplane.infocenter_http [InfoCenter] GET /nodes healthy_only=True tags=[] limit=500 count=2
2026-05-04 10:27:00,802 INFO pycloud_parallel.controlplane.infocenter_http [InfoCenter] GET /nodes healthy_only=True tags=[] limit=500 count=2
2026-05-04 10:27:00,803 INFO pycloud_parallel.controlplane.infocenter_http [InfoCenter] GET /nodes healthy_only=True tags=[] limit=500 count=2
2026-05-04 10:27:00,804 INFO pycloud_parallel.controlplane.infocenter_http [InfoCenter] GET /nodes healthy_only=True tags=[] limit=500 count=2
2026-05-04 10:27:00,805 INFO pycloud_parallel.controlplane.infocenter_http [InfoCenter] GET /nodes healthy_only=True tags=[] limit=500 count=2
2026-05-04 10:27:00,806 INFO pycloud_parallel.controlplane.infocenter_http [InfoCenter] GET /nodes healthy_only=True tags=[] limit=500 count=2
2026-05-04 10:27:00,807 INFO pycloud_parallel.controlplane.infocenter_http [InfoCenter] GET /nodes healthy_only=True tags=[] limit=500 count=2
2026-05-04 10:27:00,808 INFO pycloud_parallel.controlplane.infocenter_http [InfoCenter] GET /nodes healthy_only=True tags=[] limit=500 count=2
2026-05-04 10:27:00,809 INFO pycloud_parallel.controlplane.infocenter_http [InfoCenter] GET /nodes healthy_only=True tags=[] limit=500 count=2
2026-05-04 10:27:00,810 INFO pycloud_parallel.controlplane.infocenter_http [InfoCenter] GET /nodes healthy_only=True tags=[] limit=500 count=2
2026-05-04 10:27:00,811 INFO pycloud_parallel.controlplane.infocenter_http [InfoCenter] GET /nodes healthy_only=True tags=[] limit=500 count=2
2026-05-04 10:27:00,812 INFO pycloud_parallel.controlplane.infocenter_http [InfoCenter] GET /nodes healthy_only=True tags=[] limit=500 count=2
2026-05-04 10:27:00,813 INFO pycloud_parallel.controlplane.infocenter_http [InfoCenter] GET /nodes healthy_only=True tags=[] limit=500 count=2
2026-05-04 10:27:00,814 INFO pycloud_parallel.controlplane.infocenter_http [InfoCenter] GET /nodes healthy_only=True tags=[] limit=500 count=2
2026-05-04 10:27:00,815 INFO pycloud_parallel.controlplane.infocenter_http [InfoCenter] GET /nodes healthy_only=True tags=[] limit=500 count=2
2026-05-04 10:27:00,816 INFO pycloud_parallel.controlplane.infocenter_http [InfoCenter] GET /nodes healthy_only=True tags=[] limit=500 count=2
2026-05-04 10:27:00,817 INFO pycloud_parallel.controlplane.infocenter_http [InfoCenter] GET /nodes healthy_only=True tags=[] limit=500 count=2
2026-05-04 10:27:00,818 INFO pycloud_parallel.controlplane.infocenter_http [InfoCenter] GET /nodes healthy_only=True tags=[] limit=500 count=2
2026-05-04 10:27:00,819 INFO pycloud_parallel.controlplane.infocenter_http [InfoCenter] GET /nodes healthy_only=True tags=[] limit=500 count=2
2026-05-04 10:27:00,820 INFO pycloud_parallel.controlplane.infocenter_http [InfoCenter] GET /nodes healthy_only=True tags=[] limit=500 count=2
2026-05-04 10:27:00,821 INFO pycloud_parallel.controlplane.infocenter_http [InfoCenter] GET /nodes healthy_only=True tags=[] limit=500 count=2
2026-05-04 10:27:00,822 INFO pycloud_parallel.controlplane.infocenter_http [InfoCenter] GET /nodes healthy_only=True tags=[] limit=500 count=2
2026-05-04 10:27:00,823 INFO pycloud_parallel.controlplane.infocenter_http [InfoCenter] GET /nodes healthy_only=True tags=[] limit=500 count=2
2026-05-04 10:27:00,825 INFO pycloud_parallel.controlplane.infocenter_http [InfoCenter] GET /nodes healthy_only=True tags=[] limit=500 count=2
2026-05-04 10:27:00,826 INFO pycloud_parallel.controlplane.infocenter_http [InfoCenter] GET /nodes healthy_only=True tags=[] limit=500 count=2
2026-05-04 10:27:00,827 INFO pycloud_parallel.controlplane.infocenter_http [InfoCenter] GET /nodes healthy_only=True tags=[] limit=500 count=2
2026-05-04 10:27:00,828 INFO pycloud_parallel.controlplane.infocenter_http [InfoCenter] GET /nodes healthy_only=True tags=[] limit=500 count=2
2026-05-04 10:27:00,829 INFO pycloud_parallel.controlplane.infocenter_http [InfoCenter] GET /nodes healthy_only=True tags=[] limit=500 count=2
2026-05-04 10:27:00,830 INFO pycloud_parallel.controlplane.infocenter_http [InfoCenter] GET /nodes healthy_only=True tags=[] limit=500 count=2
2026-05-04 10:27:00,831 INFO pycloud_parallel.controlplane.infocenter_http [InfoCenter] GET /nodes healthy_only=True tags=[] limit=500 count=2
2026-05-04 10:27:00,832 INFO pycloud_parallel.controlplane.infocenter_http [InfoCenter] GET /nodes healthy_only=True tags=[] limit=500 count=2
2026-05-04 10:27:00,833 INFO pycloud_parallel.controlplane.infocenter_http [InfoCenter] GET /nodes healthy_only=True tags=[] limit=500 count=2
2026-05-04 10:27:00,834 INFO pycloud_parallel.controlplane.infocenter_http [InfoCenter] GET /nodes healthy_only=True tags=[] limit=500 count=2
2026-05-04 10:27:00,835 INFO pycloud_parallel.controlplane.infocenter_http [InfoCenter] GET /nodes healthy_only=True tags=[] limit=500 count=2
2026-05-04 10:27:00,836 INFO pycloud_parallel.controlplane.infocenter_http [InfoCenter] GET /nodes healthy_only=True tags=[] limit=500 count=2
2026-05-04 10:27:00,837 INFO pycloud_parallel.controlplane.infocenter_http [InfoCenter] GET /nodes healthy_only=True tags=[] limit=500 count=2
2026-05-04 10:27:00,838 INFO pycloud_parallel.controlplane.infocenter_http [InfoCenter] GET /nodes healthy_only=True tags=[] limit=500 count=2
2026-05-04 10:27:00,839 INFO pycloud_parallel.controlplane.infocenter_http [InfoCenter] GET /nodes healthy_only=True tags=[] limit=500 count=2
2026-05-04 10:27:00,839 INFO pycloud_parallel.controlplane.infocenter_http [InfoCenter] GET /nodes healthy_only=True tags=[] limit=500 count=2
2026-05-04 10:27:00,840 INFO pycloud_parallel.controlplane.infocenter_http [InfoCenter] GET /nodes healthy_only=True tags=[] limit=500 count=2
2026-05-04 10:27:00,841 INFO pycloud_parallel.controlplane.infocenter_http [InfoCenter] GET /nodes healthy_only=True tags=[] limit=500 count=2
2026-05-04 10:27:00,842 INFO pycloud_parallel.controlplane.infocenter_http [InfoCenter] GET /nodes healthy_only=True tags=[] limit=500 count=2
2026-05-04 10:27:00,843 INFO pycloud_parallel.controlplane.infocenter_http [InfoCenter] GET /nodes healthy_only=True tags=[] limit=500 count=2
2026-05-04 10:27:00,844 INFO pycloud_parallel.controlplane.infocenter_http [InfoCenter] GET /nodes healthy_only=True tags=[] limit=500 count=2
2026-05-04 10:27:00,845 INFO pycloud_parallel.controlplane.infocenter_http [InfoCenter] GET /nodes healthy_only=True tags=[] limit=500 count=2
2026-05-04 10:27:00,846 INFO pycloud_parallel.controlplane.infocenter_http [InfoCenter] GET /nodes healthy_only=True tags=[] limit=500 count=2
2026-05-04 10:27:00,847 INFO pycloud_parallel.controlplane.infocenter_http [InfoCenter] GET /nodes healthy_only=True tags=[] limit=500 count=2
2026-05-04 10:27:00,848 INFO pycloud_parallel.controlplane.infocenter_http [InfoCenter] GET /nodes healthy_only=True tags=[] limit=500 count=2
2026-05-04 10:27:00,849 INFO pycloud_parallel.controlplane.infocenter_http [InfoCenter] GET /nodes healthy_only=True tags=[] limit=500 count=2
2026-05-04 10:27:00,850 INFO pycloud_parallel.controlplane.infocenter_http [InfoCenter] GET /nodes healthy_only=True tags=[] limit=500 count=2
2026-05-04 10:27:00,851 INFO pycloud_parallel.controlplane.infocenter_http [InfoCenter] GET /nodes healthy_only=True tags=[] limit=500 count=2
2026-05-04 10:27:00,852 INFO pycloud_parallel.controlplane.infocenter_http [InfoCenter] GET /nodes healthy_only=True tags=[] limit=500 count=2
2026-05-04 10:27:00,853 INFO pycloud_parallel.controlplane.infocenter_http [InfoCenter] GET /nodes healthy_only=True tags=[] limit=500 count=2
2026-05-04 10:27:00,854 INFO pycloud_parallel.controlplane.infocenter_http [InfoCenter] GET /nodes healthy_only=True tags=[] limit=500 count=2
2026-05-04 10:27:00,855 INFO pycloud_parallel.controlplane.infocenter_http [InfoCenter] GET /nodes healthy_only=True tags=[] limit=500 count=2
2026-05-04 10:27:00,856 INFO pycloud_parallel.controlplane.infocenter_http [InfoCenter] GET /nodes healthy_only=True tags=[] limit=500 count=2
2026-05-04 10:27:00,857 INFO pycloud_parallel.controlplane.infocenter_http [InfoCenter] GET /nodes healthy_only=True tags=[] limit=500 count=2
2026-05-04 10:27:00,858 INFO pycloud_parallel.controlplane.infocenter_http [InfoCenter] GET /nodes healthy_only=True tags=[] limit=500 count=2
2026-05-04 10:27:00,859 INFO pycloud_parallel.controlplane.infocenter_http [InfoCenter] GET /nodes healthy_only=True tags=[] limit=500 count=2
2026-05-04 10:27:00,860 INFO pycloud_parallel.controlplane.infocenter_http [InfoCenter] GET /nodes healthy_only=True tags=[] limit=500 count=2
2026-05-04 10:27:00,861 INFO pycloud_parallel.controlplane.infocenter_http [InfoCenter] GET /nodes healthy_only=True tags=[] limit=500 count=2
2026-05-04 10:27:00,862 INFO pycloud_parallel.controlplane.infocenter_http [InfoCenter] GET /nodes healthy_only=True tags=[] limit=500 count=2
2026-05-04 10:27:00,863 INFO pycloud_parallel.controlplane.infocenter_http [InfoCenter] GET /nodes healthy_only=True tags=[] limit=500 count=2
2026-05-04 10:27:00,864 INFO pycloud_parallel.controlplane.infocenter_http [InfoCenter] GET /nodes healthy_only=True tags=[] limit=500 count=2
2026-05-04 10:27:00,865 INFO pycloud_parallel.controlplane.infocenter_http [InfoCenter] GET /nodes healthy_only=True tags=[] limit=500 count=2
2026-05-04 10:27:00,866 INFO pycloud_parallel.controlplane.infocenter_http [InfoCenter] GET /nodes healthy_only=True tags=[] limit=500 count=2
2026-05-04 10:27:00,867 INFO pycloud_parallel.controlplane.infocenter_http [InfoCenter] GET /nodes healthy_only=True tags=[] limit=500 count=2
2026-05-04 10:27:00,868 INFO pycloud_parallel.controlplane.infocenter_http [InfoCenter] GET /nodes healthy_only=True tags=[] limit=500 count=2
2026-05-04 10:27:00,869 INFO pycloud_parallel.controlplane.infocenter_http [InfoCenter] GET /nodes healthy_only=True tags=[] limit=500 count=2
2026-05-04 10:27:00,870 INFO pycloud_parallel.controlplane.infocenter_http [InfoCenter] GET /nodes healthy_only=True tags=[] limit=500 count=2
2026-05-04 10:27:00,871 INFO pycloud_parallel.controlplane.infocenter_http [InfoCenter] GET /nodes healthy_only=True tags=[] limit=500 count=2
2026-05-04 10:27:00,872 INFO pycloud_parallel.controlplane.infocenter_http [InfoCenter] GET /nodes healthy_only=True tags=[] limit=500 count=2
2026-05-04 10:27:00,873 INFO pycloud_parallel.controlplane.infocenter_http [InfoCenter] GET /nodes healthy_only=True tags=[] limit=500 count=2
2026-05-04 10:27:00,874 INFO pycloud_parallel.controlplane.infocenter_http [InfoCenter] GET /nodes healthy_only=True tags=[] limit=500 count=2
2026-05-04 10:27:00,875 INFO pycloud_parallel.controlplane.infocenter_http [InfoCenter] GET /nodes healthy_only=True tags=[] limit=500 count=2
2026-05-04 10:27:00,876 INFO pycloud_parallel.controlplane.infocenter_http [InfoCenter] GET /nodes healthy_only=True tags=[] limit=500 count=2
2026-05-04 10:27:00,877 INFO pycloud_parallel.controlplane.infocenter_http [InfoCenter] GET /nodes healthy_only=True tags=[] limit=500 count=2
2026-05-04 10:27:00,878 INFO pycloud_parallel.controlplane.infocenter_http [InfoCenter] GET /nodes healthy_only=True tags=[] limit=500 count=2
2026-05-04 10:27:00,879 INFO pycloud_parallel.controlplane.infocenter_http [InfoCenter] GET /nodes healthy_only=True tags=[] limit=500 count=2
2026-05-04 10:27:00,880 INFO pycloud_parallel.controlplane.infocenter_http [InfoCenter] GET /nodes healthy_only=True tags=[] limit=500 count=2
2026-05-04 10:27:00,881 INFO pycloud_parallel.controlplane.infocenter_http [InfoCenter] GET /nodes healthy_only=True tags=[] limit=500 count=2
2026-05-04 10:27:00,882 INFO pycloud_parallel.controlplane.infocenter_http [InfoCenter] GET /nodes healthy_only=True tags=[] limit=500 count=2
2026-05-04 10:27:00,882 INFO pycloud_parallel.controlplane.infocenter_http [InfoCenter] GET /nodes healthy_only=True tags=[] limit=500 count=2
2026-05-04 10:27:00,883 INFO pycloud_parallel.controlplane.infocenter_http [InfoCenter] GET /nodes healthy_only=True tags=[] limit=500 count=2
2026-05-04 10:27:00,884 INFO pycloud_parallel.controlplane.infocenter_http [InfoCenter] GET /nodes healthy_only=True tags=[] limit=500 count=2
2026-05-04 10:27:00,885 INFO pycloud_parallel.controlplane.infocenter_http [InfoCenter] GET /nodes healthy_only=True tags=[] limit=500 count=2
2026-05-04 10:27:00,886 INFO pycloud_parallel.controlplane.infocenter_http [InfoCenter] GET /nodes healthy_only=True tags=[] limit=500 count=2
2026-05-04 10:27:00,887 INFO pycloud_parallel.controlplane.infocenter_http [InfoCenter] GET /nodes healthy_only=True tags=[] limit=500 count=2
2026-05-04 10:27:00,888 INFO pycloud_parallel.controlplane.infocenter_http [InfoCenter] GET /nodes healthy_only=True tags=[] limit=500 count=2
2026-05-04 10:27:00,889 INFO pycloud_parallel.controlplane.infocenter_http [InfoCenter] GET /nodes healthy_only=True tags=[] limit=500 count=2
2026-05-04 10:27:00,890 INFO pycloud_parallel.controlplane.infocenter_http [InfoCenter] GET /nodes healthy_only=True tags=[] limit=500 count=2
2026-05-04 10:27:00,891 INFO pycloud_parallel.controlplane.infocenter_http [InfoCenter] GET /nodes healthy_only=True tags=[] limit=500 count=2
2026-05-04 10:27:00,892 INFO pycloud_parallel.controlplane.infocenter_http [InfoCenter] GET /nodes healthy_only=True tags=[] limit=500 count=2
2026-05-04 10:27:00,893 INFO pycloud_parallel.controlplane.infocenter_http [InfoCenter] GET /nodes healthy_only=True tags=[] limit=500 count=2
2026-05-04 10:27:00,894 INFO pycloud_parallel.controlplane.infocenter_http [InfoCenter] GET /nodes healthy_only=True tags=[] limit=500 count=2
2026-05-04 10:27:00,895 INFO pycloud_parallel.controlplane.infocenter_http [InfoCenter] GET /nodes healthy_only=True tags=[] limit=500 count=2
2026-05-04 10:27:00,896 INFO pycloud_parallel.controlplane.infocenter_http [InfoCenter] GET /nodes healthy_only=True tags=[] limit=500 count=2
2026-05-04 10:27:00,897 INFO pycloud_parallel.controlplane.infocenter_http [InfoCenter] GET /nodes healthy_only=True tags=[] limit=500 count=2
2026-05-04 10:27:00,898 INFO pycloud_parallel.controlplane.infocenter_http [InfoCenter] GET /nodes healthy_only=True tags=[] limit=500 count=2
2026-05-04 10:27:00,899 INFO pycloud_parallel.controlplane.infocenter_http [InfoCenter] GET /nodes healthy_only=True tags=[] limit=500 count=2
2026-05-04 10:27:00,900 INFO pycloud_parallel.controlplane.infocenter_http [InfoCenter] GET /nodes healthy_only=True tags=[] limit=500 count=2
2026-05-04 10:27:00,901 INFO pycloud_parallel.controlplane.infocenter_http [InfoCenter] GET /nodes healthy_only=True tags=[] limit=500 count=2
2026-05-04 10:27:00,902 INFO pycloud_parallel.controlplane.infocenter_http [InfoCenter] GET /nodes healthy_only=True tags=[] limit=500 count=2
2026-05-04 10:27:00,903 INFO pycloud_parallel.controlplane.infocenter_http [InfoCenter] GET /nodes healthy_only=True tags=[] limit=500 count=2
2026-05-04 10:27:00,904 INFO pycloud_parallel.controlplane.infocenter_http [InfoCenter] GET /nodes healthy_only=True tags=[] limit=500 count=2
2026-05-04 10:27:00,905 INFO pycloud_parallel.controlplane.infocenter_http [InfoCenter] GET /nodes healthy_only=True tags=[] limit=500 count=2
2026-05-04 10:27:00,906 INFO pycloud_parallel.controlplane.infocenter_http [InfoCenter] GET /nodes healthy_only=True tags=[] limit=500 count=2
2026-05-04 10:27:00,907 INFO pycloud_parallel.controlplane.infocenter_http [InfoCenter] GET /nodes healthy_only=True tags=[] limit=500 count=2
2026-05-04 10:27:00,908 INFO pycloud_parallel.controlplane.infocenter_http [InfoCenter] GET /nodes healthy_only=True tags=[] limit=500 count=2
2026-05-04 10:27:00,909 INFO pycloud_parallel.controlplane.infocenter_http [InfoCenter] GET /nodes healthy_only=True tags=[] limit=500 count=2
2026-05-04 10:27:00,910 INFO pycloud_parallel.controlplane.infocenter_http [InfoCenter] GET /nodes healthy_only=True tags=[] limit=500 count=2
2026-05-04 10:27:00,911 INFO pycloud_parallel.controlplane.infocenter_http [InfoCenter] GET /nodes healthy_only=True tags=[] limit=500 count=2
2026-05-04 10:27:00,912 INFO pycloud_parallel.controlplane.infocenter_http [InfoCenter] GET /nodes healthy_only=True tags=[] limit=500 count=2
2026-05-04 10:27:00,913 INFO pycloud_parallel.controlplane.infocenter_http [InfoCenter] GET /nodes healthy_only=True tags=[] limit=500 count=2
2026-05-04 10:27:00,914 INFO pycloud_parallel.controlplane.infocenter_http [InfoCenter] GET /nodes healthy_only=True tags=[] limit=500 count=2
2026-05-04 10:27:00,915 INFO pycloud_parallel.controlplane.infocenter_http [InfoCenter] GET /nodes healthy_only=True tags=[] limit=500 count=2
2026-05-04 10:27:00,916 INFO pycloud_parallel.controlplane.infocenter_http [InfoCenter] GET /nodes healthy_only=True tags=[] limit=500 count=2
2026-05-04 10:27:00,917 INFO pycloud_parallel.controlplane.infocenter_http [InfoCenter] GET /nodes healthy_only=True tags=[] limit=500 count=2
2026-05-04 10:27:00,918 INFO pycloud_parallel.controlplane.infocenter_http [InfoCenter] GET /nodes healthy_only=True tags=[] limit=500 count=2
2026-05-04 10:27:00,919 INFO pycloud_parallel.controlplane.infocenter_http [InfoCenter] GET /nodes healthy_only=True tags=[] limit=500 count=2
2026-05-04 10:27:00,920 INFO pycloud_parallel.controlplane.infocenter_http [InfoCenter] GET /nodes healthy_only=True tags=[] limit=500 count=2
2026-05-04 10:27:00,921 INFO pycloud_parallel.controlplane.infocenter_http [InfoCenter] GET /nodes healthy_only=True tags=[] limit=500 count=2
2026-05-04 10:27:00,922 INFO pycloud_parallel.controlplane.infocenter_http [InfoCenter] GET /nodes healthy_only=True tags=[] limit=500 count=2
2026-05-04 10:27:00,923 INFO pycloud_parallel.controlplane.infocenter_http [InfoCenter] GET /nodes healthy_only=True tags=[] limit=500 count=2
2026-05-04 10:27:00,924 INFO pycloud_parallel.controlplane.infocenter_http [InfoCenter] GET /nodes healthy_only=True tags=[] limit=500 count=2
2026-05-04 10:27:00,925 INFO pycloud_parallel.controlplane.infocenter_http [InfoCenter] GET /nodes healthy_only=True tags=[] limit=500 count=2
2026-05-04 10:27:00,926 INFO pycloud_parallel.controlplane.infocenter_http [InfoCenter] GET /nodes healthy_only=True tags=[] limit=500 count=2
2026-05-04 10:27:00,927 INFO pycloud_parallel.controlplane.infocenter_http [InfoCenter] GET /nodes healthy_only=True tags=[] limit=500 count=2
2026-05-04 10:27:00,928 INFO pycloud_parallel.controlplane.infocenter_http [InfoCenter] GET /nodes healthy_only=True tags=[] limit=500 count=2
2026-05-04 10:27:00,929 INFO pycloud_parallel.controlplane.infocenter_http [InfoCenter] GET /nodes healthy_only=True tags=[] limit=500 count=2
2026-05-04 10:27:00,930 INFO pycloud_parallel.controlplane.infocenter_http [InfoCenter] GET /nodes healthy_only=True tags=[] limit=500 count=2
2026-05-04 10:27:00,931 INFO pycloud_parallel.controlplane.infocenter_http [InfoCenter] GET /nodes healthy_only=True tags=[] limit=500 count=2
2026-05-04 10:27:00,932 INFO pycloud_parallel.controlplane.infocenter_http [InfoCenter] GET /nodes healthy_only=True tags=[] limit=500 count=2
2026-05-04 10:27:00,933 INFO pycloud_parallel.controlplane.infocenter_http [InfoCenter] GET /nodes healthy_only=True tags=[] limit=500 count=2
2026-05-04 10:27:00,934 INFO pycloud_parallel.controlplane.infocenter_http [InfoCenter] GET /nodes healthy_only=True tags=[] limit=500 count=2
2026-05-04 10:27:00,935 INFO pycloud_parallel.controlplane.infocenter_http [InfoCenter] GET /nodes healthy_only=True tags=[] limit=500 count=2
2026-05-04 10:27:00,936 INFO pycloud_parallel.controlplane.infocenter_http [InfoCenter] GET /nodes healthy_only=True tags=[] limit=500 count=2
2026-05-04 10:27:00,937 INFO pycloud_parallel.controlplane.infocenter_http [InfoCenter] GET /nodes healthy_only=True tags=[] limit=500 count=2
2026-05-04 10:27:00,938 INFO pycloud_parallel.controlplane.infocenter_http [InfoCenter] GET /nodes healthy_only=True tags=[] limit=500 count=2
2026-05-04 10:27:00,939 INFO pycloud_parallel.controlplane.infocenter_http [InfoCenter] GET /nodes healthy_only=True tags=[] limit=500 count=2
2026-05-04 10:27:00,940 INFO pycloud_parallel.controlplane.infocenter_http [InfoCenter] GET /nodes healthy_only=True tags=[] limit=500 count=2
2026-05-04 10:27:00,941 INFO pycloud_parallel.controlplane.infocenter_http [InfoCenter] GET /nodes healthy_only=True tags=[] limit=500 count=2
2026-05-04 10:27:00,942 INFO pycloud_parallel.controlplane.infocenter_http [InfoCenter] GET /nodes healthy_only=True tags=[] limit=500 count=2
2026-05-04 10:27:00,943 INFO pycloud_parallel.controlplane.infocenter_http [InfoCenter] GET /nodes healthy_only=True tags=[] limit=500 count=2
2026-05-04 10:27:00,944 INFO pycloud_parallel.controlplane.infocenter_http [InfoCenter] GET /nodes healthy_only=True tags=[] limit=500 count=2
2026-05-04 10:27:00,945 INFO pycloud_parallel.controlplane.infocenter_http [InfoCenter] GET /nodes healthy_only=True tags=[] limit=500 count=2
2026-05-04 10:27:00,946 INFO pycloud_parallel.controlplane.infocenter_http [InfoCenter] GET /nodes healthy_only=True tags=[] limit=500 count=2
2026-05-04 10:27:00,947 INFO pycloud_parallel.controlplane.infocenter_http [InfoCenter] GET /nodes healthy_only=True tags=[] limit=500 count=2
2026-05-04 10:27:00,948 INFO pycloud_parallel.controlplane.infocenter_http [InfoCenter] GET /nodes healthy_only=True tags=[] limit=500 count=2
2026-05-04 10:27:00,949 INFO pycloud_parallel.controlplane.infocenter_http [InfoCenter] GET /nodes healthy_only=True tags=[] limit=500 count=2
2026-05-04 10:27:00,950 INFO pycloud_parallel.controlplane.infocenter_http [InfoCenter] GET /nodes healthy_only=True tags=[] limit=500 count=2
2026-05-04 10:27:00,951 INFO pycloud_parallel.controlplane.infocenter_http [InfoCenter] GET /nodes healthy_only=True tags=[] limit=500 count=2
2026-05-04 10:27:00,952 INFO pycloud_parallel.controlplane.infocenter_http [InfoCenter] GET /nodes healthy_only=True tags=[] limit=500 count=2
2026-05-04 10:27:00,953 INFO pycloud_parallel.controlplane.infocenter_http [InfoCenter] GET /nodes healthy_only=True tags=[] limit=500 count=2
2026-05-04 10:27:00,954 INFO pycloud_parallel.controlplane.infocenter_http [InfoCenter] GET /nodes healthy_only=True tags=[] limit=500 count=2
2026-05-04 10:27:00,955 INFO pycloud_parallel.controlplane.infocenter_http [InfoCenter] GET /nodes healthy_only=True tags=[] limit=500 count=2
2026-05-04 10:27:00,956 INFO pycloud_parallel.controlplane.infocenter_http [InfoCenter] GET /nodes healthy_only=True tags=[] limit=500 count=2
2026-05-04 10:27:00,957 INFO pycloud_parallel.controlplane.infocenter_http [InfoCenter] GET /nodes healthy_only=True tags=[] limit=500 count=2
2026-05-04 10:27:00,958 INFO pycloud_parallel.controlplane.infocenter_http [InfoCenter] GET /nodes healthy_only=True tags=[] limit=500 count=2
2026-05-04 10:27:00,959 INFO pycloud_parallel.controlplane.infocenter_http [InfoCenter] GET /nodes healthy_only=True tags=[] limit=500 count=2
2026-05-04 10:27:00,960 INFO pycloud_parallel.controlplane.infocenter_http [InfoCenter] GET /nodes healthy_only=True tags=[] limit=500 count=2
2026-05-04 10:27:00,961 INFO pycloud_parallel.controlplane.infocenter_http [InfoCenter] GET /nodes healthy_only=True tags=[] limit=500 count=2
2026-05-04 10:27:00,962 INFO pycloud_parallel.controlplane.infocenter_http [InfoCenter] GET /nodes healthy_only=True tags=[] limit=500 count=2
2026-05-04 10:27:00,963 INFO pycloud_parallel.controlplane.infocenter_http [InfoCenter] GET /nodes healthy_only=True tags=[] limit=500 count=2
2026-05-04 10:27:00,964 INFO pycloud_parallel.controlplane.infocenter_http [InfoCenter] GET /nodes healthy_only=True tags=[] limit=500 count=2
2026-05-04 10:27:00,965 INFO pycloud_parallel.controlplane.infocenter_http [InfoCenter] GET /nodes healthy_only=True tags=[] limit=500 count=2
2026-05-04 10:27:00,966 INFO pycloud_parallel.controlplane.infocenter_http [InfoCenter] GET /nodes healthy_only=True tags=[] limit=500 count=2
2026-05-04 10:27:00,967 INFO pycloud_parallel.controlplane.infocenter_http [InfoCenter] GET /nodes healthy_only=True tags=[] limit=500 count=2
2026-05-04 10:27:00,968 INFO pycloud_parallel.controlplane.infocenter_http [InfoCenter] GET /nodes healthy_only=True tags=[] limit=500 count=2
2026-05-04 10:27:00,969 INFO pycloud_parallel.controlplane.infocenter_http [InfoCenter] GET /nodes healthy_only=True tags=[] limit=500 count=2
2026-05-04 10:27:00,969 INFO pycloud_parallel.controlplane.infocenter_http [InfoCenter] GET /nodes healthy_only=True tags=[] limit=500 count=2
2026-05-04 10:27:00,970 INFO pycloud_parallel.controlplane.infocenter_http [InfoCenter] GET /nodes healthy_only=True tags=[] limit=500 count=2
2026-05-04 10:27:00,971 INFO pycloud_parallel.controlplane.infocenter_http [InfoCenter] GET /nodes healthy_only=True tags=[] limit=500 count=2
2026-05-04 10:27:00,972 INFO pycloud_parallel.controlplane.infocenter_http [InfoCenter] GET /nodes healthy_only=True tags=[] limit=500 count=2
2026-05-04 10:27:00,973 INFO pycloud_parallel.controlplane.infocenter_http [InfoCenter] GET /nodes healthy_only=True tags=[] limit=500 count=2
2026-05-04 10:27:00,974 INFO pycloud_parallel.controlplane.infocenter_http [InfoCenter] GET /nodes healthy_only=True tags=[] limit=500 count=2
2026-05-04 10:27:00,975 INFO pycloud_parallel.controlplane.infocenter_http [InfoCenter] GET /nodes healthy_only=True tags=[] limit=500 count=2
2026-05-04 10:27:00,976 INFO pycloud_parallel.controlplane.infocenter_http [InfoCenter] GET /nodes healthy_only=True tags=[] limit=500 count=2
2026-05-04 10:27:00,977 INFO pycloud_parallel.controlplane.infocenter_http [InfoCenter] GET /nodes healthy_only=True tags=[] limit=500 count=2
2026-05-04 10:27:00,978 INFO pycloud_parallel.controlplane.infocenter_http [InfoCenter] GET /nodes healthy_only=True tags=[] limit=500 count=2
2026-05-04 10:27:00,979 INFO pycloud_parallel.controlplane.infocenter_http [InfoCenter] GET /nodes healthy_only=True tags=[] limit=500 count=2
2026-05-04 10:27:00,980 INFO pycloud_parallel.controlplane.infocenter_http [InfoCenter] GET /nodes healthy_only=True tags=[] limit=500 count=2
2026-05-04 10:27:00,981 INFO pycloud_parallel.controlplane.infocenter_http [InfoCenter] GET /nodes healthy_only=True tags=[] limit=500 count=2
2026-05-04 10:27:00,982 INFO pycloud_parallel.controlplane.infocenter_http [InfoCenter] GET /nodes healthy_only=True tags=[] limit=500 count=2
2026-05-04 10:27:00,983 INFO pycloud_parallel.controlplane.infocenter_http [InfoCenter] GET /nodes healthy_only=True tags=[] limit=500 count=2
2026-05-04 10:27:00,984 INFO pycloud_parallel.controlplane.infocenter_http [InfoCenter] GET /nodes healthy_only=True tags=[] limit=500 count=2
2026-05-04 10:27:00,985 INFO pycloud_parallel.controlplane.infocenter_http [InfoCenter] GET /nodes healthy_only=True tags=[] limit=500 count=2
2026-05-04 10:27:00,986 INFO pycloud_parallel.controlplane.infocenter_http [InfoCenter] GET /nodes healthy_only=True tags=[] limit=500 count=2
2026-05-04 10:27:00,987 INFO pycloud_parallel.controlplane.infocenter_http [InfoCenter] GET /nodes healthy_only=True tags=[] limit=500 count=2
2026-05-04 10:27:00,988 INFO pycloud_parallel.controlplane.infocenter_http [InfoCenter] GET /nodes healthy_only=True tags=[] limit=500 count=2
2026-05-04 10:27:00,989 INFO pycloud_parallel.controlplane.infocenter_http [InfoCenter] GET /nodes healthy_only=True tags=[] limit=500 count=2
2026-05-04 10:27:00,990 INFO pycloud_parallel.controlplane.infocenter_http [InfoCenter] GET /nodes healthy_only=True tags=[] limit=500 count=2
2026-05-04 10:27:00,991 INFO pycloud_parallel.controlplane.infocenter_http [InfoCenter] GET /nodes healthy_only=True tags=[] limit=500 count=2
2026-05-04 10:27:00,991 INFO pycloud_parallel.controlplane.infocenter_http [InfoCenter] GET /nodes healthy_only=True tags=[] limit=500 count=2
2026-05-04 10:27:00,994 INFO pycloud_parallel.controlplane.infocenter_http [InfoCenter] GET /nodes healthy_only=True tags=[] limit=500 count=2
2026-05-04 10:27:00,995 INFO pycloud_parallel.controlplane.infocenter_http [InfoCenter] GET /nodes healthy_only=True tags=[] limit=500 count=2
2026-05-04 10:27:00,996 INFO pycloud_parallel.controlplane.infocenter_http [InfoCenter] GET /nodes healthy_only=True tags=[] limit=500 count=2
2026-05-04 10:27:00,997 INFO pycloud_parallel.controlplane.infocenter_http [InfoCenter] GET /nodes healthy_only=True tags=[] limit=500 count=2
2026-05-04 10:27:00,998 INFO pycloud_parallel.controlplane.infocenter_http [InfoCenter] GET /nodes healthy_only=True tags=[] limit=500 count=2
2026-05-04 10:27:00,999 INFO pycloud_parallel.controlplane.infocenter_http [InfoCenter] GET /nodes healthy_only=True tags=[] limit=500 count=2
2026-05-04 10:27:01,000 INFO pycloud_parallel.controlplane.infocenter_http [InfoCenter] GET /nodes healthy_only=True tags=[] limit=500 count=2
2026-05-04 10:27:01,001 INFO pycloud_parallel.controlplane.infocenter_http [InfoCenter] GET /nodes healthy_only=True tags=[] limit=500 count=2
2026-05-04 10:27:01,002 INFO pycloud_parallel.controlplane.infocenter_http [InfoCenter] GET /nodes healthy_only=True tags=[] limit=500 count=2
2026-05-04 10:27:01,003 INFO pycloud_parallel.controlplane.infocenter_http [InfoCenter] GET /nodes healthy_only=True tags=[] limit=500 count=2
2026-05-04 10:27:01,004 INFO pycloud_parallel.controlplane.infocenter_http [InfoCenter] GET /nodes healthy_only=True tags=[] limit=500 count=2
2026-05-04 10:27:01,005 INFO pycloud_parallel.controlplane.infocenter_http [InfoCenter] GET /nodes healthy_only=True tags=[] limit=500 count=2
2026-05-04 10:27:01,006 INFO pycloud_parallel.controlplane.infocenter_http [InfoCenter] GET /nodes healthy_only=True tags=[] limit=500 count=2
2026-05-04 10:27:01,007 INFO pycloud_parallel.controlplane.infocenter_http [InfoCenter] GET /nodes healthy_only=True tags=[] limit=500 count=2
2026-05-04 10:27:01,008 INFO pycloud_parallel.controlplane.infocenter_http [InfoCenter] GET /nodes healthy_only=True tags=[] limit=500 count=2
2026-05-04 10:27:01,009 INFO pycloud_parallel.controlplane.infocenter_http [InfoCenter] GET /nodes healthy_only=True tags=[] limit=500 count=2
2026-05-04 10:27:01,011 INFO pycloud_parallel.controlplane.infocenter_http [InfoCenter] GET /nodes healthy_only=True tags=[] limit=500 count=2
2026-05-04 10:27:01,012 INFO pycloud_parallel.controlplane.infocenter_http [InfoCenter] GET /nodes healthy_only=True tags=[] limit=500 count=2
2026-05-04 10:27:01,013 INFO pycloud_parallel.controlplane.infocenter_http [InfoCenter] GET /nodes healthy_only=True tags=[] limit=500 count=2
2026-05-04 10:27:01,014 INFO pycloud_parallel.controlplane.infocenter_http [InfoCenter] GET /nodes healthy_only=True tags=[] limit=500 count=2
2026-05-04 10:27:01,015 INFO pycloud_parallel.controlplane.infocenter_http [InfoCenter] GET /nodes healthy_only=True tags=[] limit=500 count=2
2026-05-04 10:27:01,016 INFO pycloud_parallel.controlplane.infocenter_http [InfoCenter] GET /nodes healthy_only=True tags=[] limit=500 count=2
2026-05-04 10:27:01,017 INFO pycloud_parallel.controlplane.infocenter_http [InfoCenter] GET /nodes healthy_only=True tags=[] limit=500 count=2
2026-05-04 10:27:01,018 INFO pycloud_parallel.controlplane.infocenter_http [InfoCenter] GET /nodes healthy_only=True tags=[] limit=500 count=2
2026-05-04 10:27:01,019 INFO pycloud_parallel.controlplane.infocenter_http [InfoCenter] GET /nodes healthy_only=True tags=[] limit=500 count=2
2026-05-04 10:27:01,020 INFO pycloud_parallel.controlplane.infocenter_http [InfoCenter] GET /nodes healthy_only=True tags=[] limit=500 count=2
2026-05-04 10:27:01,021 INFO pycloud_parallel.controlplane.infocenter_http [InfoCenter] GET /nodes healthy_only=True tags=[] limit=500 count=2
2026-05-04 10:27:01,022 INFO pycloud_parallel.controlplane.infocenter_http [InfoCenter] GET /nodes healthy_only=True tags=[] limit=500 count=2
2026-05-04 10:27:01,023 INFO pycloud_parallel.controlplane.infocenter_http [InfoCenter] GET /nodes healthy_only=True tags=[] limit=500 count=2
2026-05-04 10:27:01,024 INFO pycloud_parallel.controlplane.infocenter_http [InfoCenter] GET /nodes healthy_only=True tags=[] limit=500 count=2
2026-05-04 10:27:01,025 INFO pycloud_parallel.controlplane.infocenter_http [InfoCenter] GET /nodes healthy_only=True tags=[] limit=500 count=2
2026-05-04 10:27:01,026 INFO pycloud_parallel.controlplane.infocenter_http [InfoCenter] GET /nodes healthy_only=True tags=[] limit=500 count=2
2026-05-04 10:27:01,027 INFO pycloud_parallel.controlplane.infocenter_http [InfoCenter] GET /nodes healthy_only=True tags=[] limit=500 count=2
2026-05-04 10:27:01,028 INFO pycloud_parallel.controlplane.infocenter_http [InfoCenter] GET /nodes healthy_only=True tags=[] limit=500 count=2
2026-05-04 10:27:01,029 INFO pycloud_parallel.controlplane.infocenter_http [InfoCenter] GET /nodes healthy_only=True tags=[] limit=500 count=2
2026-05-04 10:27:01,030 INFO pycloud_parallel.controlplane.infocenter_http [InfoCenter] GET /nodes healthy_only=True tags=[] limit=500 count=2
2026-05-04 10:27:01,031 INFO pycloud_parallel.controlplane.infocenter_http [InfoCenter] GET /nodes healthy_only=True tags=[] limit=500 count=2
2026-05-04 10:27:01,032 INFO pycloud_parallel.controlplane.infocenter_http [InfoCenter] GET /nodes healthy_only=True tags=[] limit=500 count=2
2026-05-04 10:27:01,033 INFO pycloud_parallel.controlplane.infocenter_http [InfoCenter] GET /nodes healthy_only=True tags=[] limit=500 count=2
2026-05-04 10:27:01,034 INFO pycloud_parallel.controlplane.infocenter_http [InfoCenter] GET /nodes healthy_only=True tags=[] limit=500 count=2
2026-05-04 10:27:01,035 INFO pycloud_parallel.controlplane.infocenter_http [InfoCenter] GET /nodes healthy_only=True tags=[] limit=500 count=2
2026-05-04 10:27:01,036 INFO pycloud_parallel.controlplane.infocenter_http [InfoCenter] GET /nodes healthy_only=True tags=[] limit=500 count=2
2026-05-04 10:27:01,037 INFO pycloud_parallel.controlplane.infocenter_http [InfoCenter] GET /nodes healthy_only=True tags=[] limit=500 count=2
2026-05-04 10:27:01,038 INFO pycloud_parallel.controlplane.infocenter_http [InfoCenter] GET /nodes healthy_only=True tags=[] limit=500 count=2
2026-05-04 10:27:01,039 INFO pycloud_parallel.controlplane.infocenter_http [InfoCenter] GET /nodes healthy_only=True tags=[] limit=500 count=2
2026-05-04 10:27:01,040 INFO pycloud_parallel.controlplane.infocenter_http [InfoCenter] GET /nodes healthy_only=True tags=[] limit=500 count=2
2026-05-04 10:27:01,041 INFO pycloud_parallel.controlplane.infocenter_http [InfoCenter] GET /nodes healthy_only=True tags=[] limit=500 count=2
2026-05-04 10:27:01,042 INFO pycloud_parallel.controlplane.infocenter_http [InfoCenter] GET /nodes healthy_only=True tags=[] limit=500 count=2
2026-05-04 10:27:01,043 INFO pycloud_parallel.controlplane.infocenter_http [InfoCenter] GET /nodes healthy_only=True tags=[] limit=500 count=2
2026-05-04 10:27:01,044 INFO pycloud_parallel.controlplane.infocenter_http [InfoCenter] GET /nodes healthy_only=True tags=[] limit=500 count=2
2026-05-04 10:27:01,045 INFO pycloud_parallel.controlplane.infocenter_http [InfoCenter] GET /nodes healthy_only=True tags=[] limit=500 count=2
2026-05-04 10:27:01,046 INFO pycloud_parallel.controlplane.infocenter_http [InfoCenter] GET /nodes healthy_only=True tags=[] limit=500 count=2
2026-05-04 10:27:01,047 INFO pycloud_parallel.controlplane.infocenter_http [InfoCenter] GET /nodes healthy_only=True tags=[] limit=500 count=2
2026-05-04 10:27:01,048 INFO pycloud_parallel.controlplane.infocenter_http [InfoCenter] GET /nodes healthy_only=True tags=[] limit=500 count=2
2026-05-04 10:27:01,049 INFO pycloud_parallel.controlplane.infocenter_http [InfoCenter] GET /nodes healthy_only=True tags=[] limit=500 count=2
2026-05-04 10:27:01,050 INFO pycloud_parallel.controlplane.infocenter_http [InfoCenter] GET /nodes healthy_only=True tags=[] limit=500 count=2
2026-05-04 10:27:01,051 INFO pycloud_parallel.controlplane.infocenter_http [InfoCenter] GET /nodes healthy_only=True tags=[] limit=500 count=2
2026-05-04 10:27:01,052 INFO pycloud_parallel.controlplane.infocenter_http [InfoCenter] GET /nodes healthy_only=True tags=[] limit=500 count=2
2026-05-04 10:27:01,053 INFO pycloud_parallel.controlplane.infocenter_http [InfoCenter] GET /nodes healthy_only=True tags=[] limit=500 count=2
2026-05-04 10:27:01,054 INFO pycloud_parallel.controlplane.infocenter_http [InfoCenter] GET /nodes healthy_only=True tags=[] limit=500 count=2
2026-05-04 10:27:01,055 INFO pycloud_parallel.controlplane.infocenter_http [InfoCenter] GET /nodes healthy_only=True tags=[] limit=500 count=2
2026-05-04 10:27:01,056 INFO pycloud_parallel.controlplane.infocenter_http [InfoCenter] GET /nodes healthy_only=True tags=[] limit=500 count=2
2026-05-04 10:27:01,057 INFO pycloud_parallel.controlplane.infocenter_http [InfoCenter] GET /nodes healthy_only=True tags=[] limit=500 count=2
2026-05-04 10:27:01,058 INFO pycloud_parallel.controlplane.infocenter_http [InfoCenter] GET /nodes healthy_only=True tags=[] limit=500 count=2
2026-05-04 10:27:01,059 INFO pycloud_parallel.controlplane.infocenter_http [InfoCenter] GET /nodes healthy_only=True tags=[] limit=500 count=2
2026-05-04 10:27:01,060 INFO pycloud_parallel.controlplane.infocenter_http [InfoCenter] GET /nodes healthy_only=True tags=[] limit=500 count=2
2026-05-04 10:27:01,061 INFO pycloud_parallel.controlplane.infocenter_http [InfoCenter] GET /nodes healthy_only=True tags=[] limit=500 count=2
2026-05-04 10:27:01,062 INFO pycloud_parallel.controlplane.infocenter_http [InfoCenter] GET /nodes healthy_only=True tags=[] limit=500 count=2
2026-05-04 10:27:01,063 INFO pycloud_parallel.controlplane.infocenter_http [InfoCenter] GET /nodes healthy_only=True tags=[] limit=500 count=2
2026-05-04 10:27:01,064 INFO pycloud_parallel.controlplane.infocenter_http [InfoCenter] GET /nodes healthy_only=True tags=[] limit=500 count=2
2026-05-04 10:27:01,065 INFO pycloud_parallel.controlplane.infocenter_http [InfoCenter] GET /nodes healthy_only=True tags=[] limit=500 count=2
2026-05-04 10:27:01,066 INFO pycloud_parallel.controlplane.infocenter_http [InfoCenter] GET /nodes healthy_only=True tags=[] limit=500 count=2
2026-05-04 10:27:01,067 INFO pycloud_parallel.controlplane.infocenter_http [InfoCenter] GET /nodes healthy_only=True tags=[] limit=500 count=2
2026-05-04 10:27:01,068 INFO pycloud_parallel.controlplane.infocenter_http [InfoCenter] GET /nodes healthy_only=True tags=[] limit=500 count=2
2026-05-04 10:27:01,069 INFO pycloud_parallel.controlplane.infocenter_http [InfoCenter] GET /nodes healthy_only=True tags=[] limit=500 count=2
2026-05-04 10:27:01,070 INFO pycloud_parallel.controlplane.infocenter_http [InfoCenter] GET /nodes healthy_only=True tags=[] limit=500 count=2
2026-05-04 10:27:01,072 INFO pycloud_parallel.controlplane.infocenter_http [InfoCenter] GET /nodes healthy_only=True tags=[] limit=500 count=2
2026-05-04 10:27:01,073 INFO pycloud_parallel.controlplane.infocenter_http [InfoCenter] GET /nodes healthy_only=True tags=[] limit=500 count=2
2026-05-04 10:27:01,074 INFO pycloud_parallel.controlplane.infocenter_http [InfoCenter] GET /nodes healthy_only=True tags=[] limit=500 count=2
2026-05-04 10:27:01,075 INFO pycloud_parallel.controlplane.infocenter_http [InfoCenter] GET /nodes healthy_only=True tags=[] limit=500 count=2
2026-05-04 10:27:01,076 INFO pycloud_parallel.controlplane.infocenter_http [InfoCenter] GET /nodes healthy_only=True tags=[] limit=500 count=2
2026-05-04 10:27:01,077 INFO pycloud_parallel.controlplane.infocenter_http [InfoCenter] GET /nodes healthy_only=True tags=[] limit=500 count=2
2026-05-04 10:27:01,081 INFO pycloud_parallel.controlplane.infocenter_http [InfoCenter] GET /nodes healthy_only=True tags=[] limit=500 count=2
2026-05-04 10:27:01,082 INFO pycloud_parallel.controlplane.infocenter_http [InfoCenter] GET /nodes healthy_only=True tags=[] limit=500 count=2
2026-05-04 10:27:01,083 INFO pycloud_parallel.controlplane.infocenter_http [InfoCenter] GET /nodes healthy_only=True tags=[] limit=500 count=2
2026-05-04 10:27:01,084 INFO pycloud_parallel.controlplane.infocenter_http [InfoCenter] GET /nodes healthy_only=True tags=[] limit=500 count=2
2026-05-04 10:27:01,085 INFO pycloud_parallel.controlplane.infocenter_http [InfoCenter] GET /nodes healthy_only=True tags=[] limit=500 count=2
2026-05-04 10:27:01,086 INFO pycloud_parallel.controlplane.infocenter_http [InfoCenter] GET /nodes healthy_only=True tags=[] limit=500 count=2
2026-05-04 10:27:01,087 INFO pycloud_parallel.controlplane.infocenter_http [InfoCenter] GET /nodes healthy_only=True tags=[] limit=500 count=2
2026-05-04 10:27:01,088 INFO pycloud_parallel.controlplane.infocenter_http [InfoCenter] GET /nodes healthy_only=True tags=[] limit=500 count=2
2026-05-04 10:27:01,088 INFO pycloud_parallel.controlplane.infocenter_http [InfoCenter] GET /nodes healthy_only=True tags=[] limit=500 count=2
2026-05-04 10:27:01,089 INFO pycloud_parallel.controlplane.infocenter_http [InfoCenter] GET /nodes healthy_only=True tags=[] limit=500 count=2
2026-05-04 10:27:01,090 INFO pycloud_parallel.controlplane.infocenter_http [InfoCenter] GET /nodes healthy_only=True tags=[] limit=500 count=2
2026-05-04 10:27:01,091 INFO pycloud_parallel.controlplane.infocenter_http [InfoCenter] GET /nodes healthy_only=True tags=[] limit=500 count=2
2026-05-04 10:27:01,092 INFO pycloud_parallel.controlplane.infocenter_http [InfoCenter] GET /nodes healthy_only=True tags=[] limit=500 count=2
2026-05-04 10:27:01,093 INFO pycloud_parallel.controlplane.infocenter_http [InfoCenter] GET /nodes healthy_only=True tags=[] limit=500 count=2
2026-05-04 10:27:01,094 INFO pycloud_parallel.controlplane.infocenter_http [InfoCenter] GET /nodes healthy_only=True tags=[] limit=500 count=2
2026-05-04 10:27:01,095 INFO pycloud_parallel.controlplane.infocenter_http [InfoCenter] GET /nodes healthy_only=True tags=[] limit=500 count=2
2026-05-04 10:27:01,096 INFO pycloud_parallel.controlplane.infocenter_http [InfoCenter] GET /nodes healthy_only=True tags=[] limit=500 count=2
2026-05-04 10:27:01,097 INFO pycloud_parallel.controlplane.infocenter_http [InfoCenter] GET /nodes healthy_only=True tags=[] limit=500 count=2
2026-05-04 10:27:01,098 INFO pycloud_parallel.controlplane.infocenter_http [InfoCenter] GET /nodes healthy_only=True tags=[] limit=500 count=2
2026-05-04 10:27:01,099 INFO pycloud_parallel.controlplane.infocenter_http [InfoCenter] GET /nodes healthy_only=True tags=[] limit=500 count=2
2026-05-04 10:27:01,100 INFO pycloud_parallel.controlplane.infocenter_http [InfoCenter] GET /nodes healthy_only=True tags=[] limit=500 count=2
2026-05-04 10:27:01,101 INFO pycloud_parallel.controlplane.infocenter_http [InfoCenter] GET /nodes healthy_only=True tags=[] limit=500 count=2
2026-05-04 10:27:01,102 INFO pycloud_parallel.controlplane.infocenter_http [InfoCenter] GET /nodes healthy_only=True tags=[] limit=500 count=2
2026-05-04 10:27:01,103 INFO pycloud_parallel.controlplane.infocenter_http [InfoCenter] GET /nodes healthy_only=True tags=[] limit=500 count=2
2026-05-04 10:27:01,104 INFO pycloud_parallel.controlplane.infocenter_http [InfoCenter] GET /nodes healthy_only=True tags=[] limit=500 count=2
2026-05-04 10:27:01,105 INFO pycloud_parallel.controlplane.infocenter_http [InfoCenter] GET /nodes healthy_only=True tags=[] limit=500 count=2
2026-05-04 10:27:01,106 INFO pycloud_parallel.controlplane.infocenter_http [InfoCenter] GET /nodes healthy_only=True tags=[] limit=500 count=2
2026-05-04 10:27:01,107 INFO pycloud_parallel.controlplane.infocenter_http [InfoCenter] GET /nodes healthy_only=True tags=[] limit=500 count=2
2026-05-04 10:27:01,108 INFO pycloud_parallel.controlplane.infocenter_http [InfoCenter] GET /nodes healthy_only=True tags=[] limit=500 count=2
2026-05-04 10:27:01,109 INFO pycloud_parallel.controlplane.infocenter_http [InfoCenter] GET /nodes healthy_only=True tags=[] limit=500 count=2
2026-05-04 10:27:01,110 INFO pycloud_parallel.controlplane.infocenter_http [InfoCenter] GET /nodes healthy_only=True tags=[] limit=500 count=2
2026-05-04 10:27:01,111 INFO pycloud_parallel.controlplane.infocenter_http [InfoCenter] GET /nodes healthy_only=True tags=[] limit=500 count=2
2026-05-04 10:27:01,112 INFO pycloud_parallel.controlplane.infocenter_http [InfoCenter] GET /nodes healthy_only=True tags=[] limit=500 count=2
2026-05-04 10:27:01,113 INFO pycloud_parallel.controlplane.infocenter_http [InfoCenter] GET /nodes healthy_only=True tags=[] limit=500 count=2
2026-05-04 10:27:01,114 INFO pycloud_parallel.controlplane.infocenter_http [InfoCenter] GET /nodes healthy_only=True tags=[] limit=500 count=2
2026-05-04 10:27:01,115 INFO pycloud_parallel.controlplane.infocenter_http [InfoCenter] GET /nodes healthy_only=True tags=[] limit=500 count=2
2026-05-04 10:27:01,116 INFO pycloud_parallel.controlplane.infocenter_http [InfoCenter] GET /nodes healthy_only=True tags=[] limit=500 count=2
2026-05-04 10:27:01,117 INFO pycloud_parallel.controlplane.infocenter_http [InfoCenter] GET /nodes healthy_only=True tags=[] limit=500 count=2
2026-05-04 10:27:01,118 INFO pycloud_parallel.controlplane.infocenter_http [InfoCenter] GET /nodes healthy_only=True tags=[] limit=500 count=2
2026-05-04 10:27:01,119 INFO pycloud_parallel.controlplane.infocenter_http [InfoCenter] GET /nodes healthy_only=True tags=[] limit=500 count=2
2026-05-04 10:27:01,120 INFO pycloud_parallel.controlplane.infocenter_http [InfoCenter] GET /nodes healthy_only=True tags=[] limit=500 count=2
2026-05-04 10:27:01,121 INFO pycloud_parallel.controlplane.infocenter_http [InfoCenter] GET /nodes healthy_only=True tags=[] limit=500 count=2
2026-05-04 10:27:01,122 INFO pycloud_parallel.controlplane.infocenter_http [InfoCenter] GET /nodes healthy_only=True tags=[] limit=500 count=2
2026-05-04 10:27:01,123 INFO pycloud_parallel.controlplane.infocenter_http [InfoCenter] GET /nodes healthy_only=True tags=[] limit=500 count=2
2026-05-04 10:27:01,124 INFO pycloud_parallel.controlplane.infocenter_http [InfoCenter] GET /nodes healthy_only=True tags=[] limit=500 count=2
2026-05-04 10:27:01,125 INFO pycloud_parallel.controlplane.infocenter_http [InfoCenter] GET /nodes healthy_only=True tags=[] limit=500 count=2
2026-05-04 10:27:01,126 INFO pycloud_parallel.controlplane.infocenter_http [InfoCenter] GET /nodes healthy_only=True tags=[] limit=500 count=2
2026-05-04 10:27:01,127 INFO pycloud_parallel.controlplane.infocenter_http [InfoCenter] GET /nodes healthy_only=True tags=[] limit=500 count=2
2026-05-04 10:27:01,128 INFO pycloud_parallel.controlplane.infocenter_http [InfoCenter] GET /nodes healthy_only=True tags=[] limit=500 count=2
2026-05-04 10:27:01,129 INFO pycloud_parallel.controlplane.infocenter_http [InfoCenter] GET /nodes healthy_only=True tags=[] limit=500 count=2
2026-05-04 10:27:01,130 INFO pycloud_parallel.controlplane.infocenter_http [InfoCenter] GET /nodes healthy_only=True tags=[] limit=500 count=2
2026-05-04 10:27:01,131 INFO pycloud_parallel.controlplane.infocenter_http [InfoCenter] GET /nodes healthy_only=True tags=[] limit=500 count=2
2026-05-04 10:27:01,132 INFO pycloud_parallel.controlplane.infocenter_http [InfoCenter] GET /nodes healthy_only=True tags=[] limit=500 count=2
2026-05-04 10:27:01,133 INFO pycloud_parallel.controlplane.infocenter_http [InfoCenter] GET /nodes healthy_only=True tags=[] limit=500 count=2
2026-05-04 10:27:01,134 INFO pycloud_parallel.controlplane.infocenter_http [InfoCenter] GET /nodes healthy_only=True tags=[] limit=500 count=2
2026-05-04 10:27:01,135 INFO pycloud_parallel.controlplane.infocenter_http [InfoCenter] GET /nodes healthy_only=True tags=[] limit=500 count=2
2026-05-04 10:27:01,136 INFO pycloud_parallel.controlplane.infocenter_http [InfoCenter] GET /nodes healthy_only=True tags=[] limit=500 count=2
2026-05-04 10:27:01,137 INFO pycloud_parallel.controlplane.infocenter_http [InfoCenter] GET /nodes healthy_only=True tags=[] limit=500 count=2
2026-05-04 10:27:01,138 INFO pycloud_parallel.controlplane.infocenter_http [InfoCenter] GET /nodes healthy_only=True tags=[] limit=500 count=2
2026-05-04 10:27:01,138 INFO pycloud_parallel.controlplane.infocenter_http [InfoCenter] GET /nodes healthy_only=True tags=[] limit=500 count=2
2026-05-04 10:27:01,139 INFO pycloud_parallel.controlplane.infocenter_http [InfoCenter] GET /nodes healthy_only=True tags=[] limit=500 count=2
2026-05-04 10:27:01,140 INFO pycloud_parallel.controlplane.infocenter_http [InfoCenter] GET /nodes healthy_only=True tags=[] limit=500 count=2
2026-05-04 10:27:01,141 INFO pycloud_parallel.controlplane.infocenter_http [InfoCenter] GET /nodes healthy_only=True tags=[] limit=500 count=2
2026-05-04 10:27:01,142 INFO pycloud_parallel.controlplane.infocenter_http [InfoCenter] GET /nodes healthy_only=True tags=[] limit=500 count=2
2026-05-04 10:27:01,143 INFO pycloud_parallel.controlplane.infocenter_http [InfoCenter] GET /nodes healthy_only=True tags=[] limit=500 count=2
2026-05-04 10:27:01,144 INFO pycloud_parallel.controlplane.infocenter_http [InfoCenter] GET /nodes healthy_only=True tags=[] limit=500 count=2
2026-05-04 10:27:01,145 INFO pycloud_parallel.controlplane.infocenter_http [InfoCenter] GET /nodes healthy_only=True tags=[] limit=500 count=2
2026-05-04 10:27:01,146 INFO pycloud_parallel.controlplane.infocenter_http [InfoCenter] GET /nodes healthy_only=True tags=[] limit=500 count=2
2026-05-04 10:27:01,147 INFO pycloud_parallel.controlplane.infocenter_http [InfoCenter] GET /nodes healthy_only=True tags=[] limit=500 count=2
2026-05-04 10:27:01,148 INFO pycloud_parallel.controlplane.infocenter_http [InfoCenter] GET /nodes healthy_only=True tags=[] limit=500 count=2
2026-05-04 10:27:01,149 INFO pycloud_parallel.controlplane.infocenter_http [InfoCenter] GET /nodes healthy_only=True tags=[] limit=500 count=2
2026-05-04 10:27:01,150 INFO pycloud_parallel.controlplane.infocenter_http [InfoCenter] GET /nodes healthy_only=True tags=[] limit=500 count=2
2026-05-04 10:27:01,151 INFO pycloud_parallel.controlplane.infocenter_http [InfoCenter] GET /nodes healthy_only=True tags=[] limit=500 count=2
2026-05-04 10:27:01,152 INFO pycloud_parallel.controlplane.infocenter_http [InfoCenter] GET /nodes healthy_only=True tags=[] limit=500 count=2
2026-05-04 10:27:01,153 INFO pycloud_parallel.controlplane.infocenter_http [InfoCenter] GET /nodes healthy_only=True tags=[] limit=500 count=2
2026-05-04 10:27:01,154 INFO pycloud_parallel.controlplane.infocenter_http [InfoCenter] GET /nodes healthy_only=True tags=[] limit=500 count=2
2026-05-04 10:27:01,155 INFO pycloud_parallel.controlplane.infocenter_http [InfoCenter] GET /nodes healthy_only=True tags=[] limit=500 count=2
2026-05-04 10:27:01,156 INFO pycloud_parallel.controlplane.infocenter_http [InfoCenter] GET /nodes healthy_only=True tags=[] limit=500 count=2
2026-05-04 10:27:01,157 INFO pycloud_parallel.controlplane.infocenter_http [InfoCenter] GET /nodes healthy_only=True tags=[] limit=500 count=2
2026-05-04 10:27:01,158 INFO pycloud_parallel.controlplane.infocenter_http [InfoCenter] GET /nodes healthy_only=True tags=[] limit=500 count=2
2026-05-04 10:27:01,159 INFO pycloud_parallel.controlplane.infocenter_http [InfoCenter] GET /nodes healthy_only=True tags=[] limit=500 count=2
2026-05-04 10:27:01,160 INFO pycloud_parallel.controlplane.infocenter_http [InfoCenter] GET /nodes healthy_only=True tags=[] limit=500 count=2
2026-05-04 10:27:01,161 INFO pycloud_parallel.controlplane.infocenter_http [InfoCenter] GET /nodes healthy_only=True tags=[] limit=500 count=2
2026-05-04 10:27:01,162 INFO pycloud_parallel.controlplane.infocenter_http [InfoCenter] GET /nodes healthy_only=True tags=[] limit=500 count=2
2026-05-04 10:27:01,163 INFO pycloud_parallel.controlplane.infocenter_http [InfoCenter] GET /nodes healthy_only=True tags=[] limit=500 count=2
2026-05-04 10:27:01,164 INFO pycloud_parallel.controlplane.infocenter_http [InfoCenter] GET /nodes healthy_only=True tags=[] limit=500 count=2
2026-05-04 10:27:01,165 INFO pycloud_parallel.controlplane.infocenter_http [InfoCenter] GET /nodes healthy_only=True tags=[] limit=500 count=2
2026-05-04 10:27:01,166 INFO pycloud_parallel.controlplane.infocenter_http [InfoCenter] GET /nodes healthy_only=True tags=[] limit=500 count=2
2026-05-04 10:27:01,167 INFO pycloud_parallel.controlplane.infocenter_http [InfoCenter] GET /nodes healthy_only=True tags=[] limit=500 count=2
2026-05-04 10:27:01,168 INFO pycloud_parallel.controlplane.infocenter_http [InfoCenter] GET /nodes healthy_only=True tags=[] limit=500 count=2
2026-05-04 10:27:01,169 INFO pycloud_parallel.controlplane.infocenter_http [InfoCenter] GET /nodes healthy_only=True tags=[] limit=500 count=2
2026-05-04 10:27:01,170 INFO pycloud_parallel.controlplane.infocenter_http [InfoCenter] GET /nodes healthy_only=True tags=[] limit=500 count=2
2026-05-04 10:27:01,171 INFO pycloud_parallel.controlplane.infocenter_http [InfoCenter] GET /nodes healthy_only=True tags=[] limit=500 count=2
2026-05-04 10:27:01,172 INFO pycloud_parallel.controlplane.infocenter_http [InfoCenter] GET /nodes healthy_only=True tags=[] limit=500 count=2
2026-05-04 10:27:01,173 INFO pycloud_parallel.controlplane.infocenter_http [InfoCenter] GET /nodes healthy_only=True tags=[] limit=500 count=2
2026-05-04 10:27:01,174 INFO pycloud_parallel.controlplane.infocenter_http [InfoCenter] GET /nodes healthy_only=True tags=[] limit=500 count=2
2026-05-04 10:27:01,175 INFO pycloud_parallel.controlplane.infocenter_http [InfoCenter] GET /nodes healthy_only=True tags=[] limit=500 count=2
2026-05-04 10:27:01,176 INFO pycloud_parallel.controlplane.infocenter_http [InfoCenter] GET /nodes healthy_only=True tags=[] limit=500 count=2
2026-05-04 10:27:01,177 INFO pycloud_parallel.controlplane.infocenter_http [InfoCenter] GET /nodes healthy_only=True tags=[] limit=500 count=2
2026-05-04 10:27:01,178 INFO pycloud_parallel.controlplane.infocenter_http [InfoCenter] GET /nodes healthy_only=True tags=[] limit=500 count=2
2026-05-04 10:27:01,179 INFO pycloud_parallel.controlplane.infocenter_http [InfoCenter] GET /nodes healthy_only=True tags=[] limit=500 count=2
2026-05-04 10:27:01,180 INFO pycloud_parallel.controlplane.infocenter_http [InfoCenter] GET /nodes healthy_only=True tags=[] limit=500 count=2
2026-05-04 10:27:01,181 INFO pycloud_parallel.controlplane.infocenter_http [InfoCenter] GET /nodes healthy_only=True tags=[] limit=500 count=2
2026-05-04 10:27:01,181 INFO pycloud_parallel.controlplane.infocenter_http [InfoCenter] GET /nodes healthy_only=True tags=[] limit=500 count=2
2026-05-04 10:27:01,182 INFO pycloud_parallel.controlplane.infocenter_http [InfoCenter] GET /nodes healthy_only=True tags=[] limit=500 count=2
2026-05-04 10:27:01,183 INFO pycloud_parallel.controlplane.infocenter_http [InfoCenter] GET /nodes healthy_only=True tags=[] limit=500 count=2
2026-05-04 10:27:01,184 INFO pycloud_parallel.controlplane.infocenter_http [InfoCenter] GET /nodes healthy_only=True tags=[] limit=500 count=2
2026-05-04 10:27:01,185 INFO pycloud_parallel.controlplane.infocenter_http [InfoCenter] GET /nodes healthy_only=True tags=[] limit=500 count=2
2026-05-04 10:27:01,187 INFO pycloud_parallel.controlplane.infocenter_http [InfoCenter] GET /nodes healthy_only=True tags=[] limit=500 count=2
2026-05-04 10:27:01,187 INFO pycloud_parallel.controlplane.infocenter_http [InfoCenter] GET /nodes healthy_only=True tags=[] limit=500 count=2
2026-05-04 10:27:01,189 INFO pycloud_parallel.controlplane.infocenter_http [InfoCenter] GET /nodes healthy_only=True tags=[] limit=500 count=2
2026-05-04 10:27:01,190 INFO pycloud_parallel.controlplane.infocenter_http [InfoCenter] GET /nodes healthy_only=True tags=[] limit=500 count=2
2026-05-04 10:27:01,191 INFO pycloud_parallel.controlplane.infocenter_http [InfoCenter] GET /nodes healthy_only=True tags=[] limit=500 count=2
2026-05-04 10:27:01,192 INFO pycloud_parallel.controlplane.infocenter_http [InfoCenter] GET /nodes healthy_only=True tags=[] limit=500 count=2
2026-05-04 10:27:01,193 INFO pycloud_parallel.controlplane.infocenter_http [InfoCenter] GET /nodes healthy_only=True tags=[] limit=500 count=2
2026-05-04 10:27:01,194 INFO pycloud_parallel.controlplane.infocenter_http [InfoCenter] GET /nodes healthy_only=True tags=[] limit=500 count=2
2026-05-04 10:27:01,195 INFO pycloud_parallel.controlplane.infocenter_http [InfoCenter] GET /nodes healthy_only=True tags=[] limit=500 count=2
2026-05-04 10:27:01,195 INFO pycloud_parallel.controlplane.infocenter_http [InfoCenter] GET /nodes healthy_only=True tags=[] limit=500 count=2
2026-05-04 10:27:01,196 INFO pycloud_parallel.controlplane.infocenter_http [InfoCenter] GET /nodes healthy_only=True tags=[] limit=500 count=2
2026-05-04 10:27:01,197 INFO pycloud_parallel.controlplane.infocenter_http [InfoCenter] GET /nodes healthy_only=True tags=[] limit=500 count=2
2026-05-04 10:27:01,198 INFO pycloud_parallel.controlplane.infocenter_http [InfoCenter] GET /nodes healthy_only=True tags=[] limit=500 count=2
2026-05-04 10:27:01,200 INFO pycloud_parallel.controlplane.infocenter_http [InfoCenter] GET /nodes healthy_only=True tags=[] limit=500 count=2
2026-05-04 10:27:01,201 INFO pycloud_parallel.controlplane.infocenter_http [InfoCenter] GET /nodes healthy_only=True tags=[] limit=500 count=2
2026-05-04 10:27:01,202 INFO pycloud_parallel.controlplane.infocenter_http [InfoCenter] GET /nodes healthy_only=True tags=[] limit=500 count=2
2026-05-04 10:27:01,203 INFO pycloud_parallel.controlplane.infocenter_http [InfoCenter] GET /nodes healthy_only=True tags=[] limit=500 count=2
2026-05-04 10:27:01,204 INFO pycloud_parallel.controlplane.infocenter_http [InfoCenter] GET /nodes healthy_only=True tags=[] limit=500 count=2
2026-05-04 10:27:01,205 INFO pycloud_parallel.controlplane.infocenter_http [InfoCenter] GET /nodes healthy_only=True tags=[] limit=500 count=2
2026-05-04 10:27:01,206 INFO pycloud_parallel.controlplane.infocenter_http [InfoCenter] GET /nodes healthy_only=True tags=[] limit=500 count=2
2026-05-04 10:27:01,207 INFO pycloud_parallel.controlplane.infocenter_http [InfoCenter] GET /nodes healthy_only=True tags=[] limit=500 count=2
2026-05-04 10:27:01,208 INFO pycloud_parallel.controlplane.infocenter_http [InfoCenter] GET /nodes healthy_only=True tags=[] limit=500 count=2
2026-05-04 10:27:01,209 INFO pycloud_parallel.controlplane.infocenter_http [InfoCenter] GET /nodes healthy_only=True tags=[] limit=500 count=2
2026-05-04 10:27:01,210 INFO pycloud_parallel.controlplane.infocenter_http [InfoCenter] GET /nodes healthy_only=True tags=[] limit=500 count=2
2026-05-04 10:27:01,211 INFO pycloud_parallel.controlplane.infocenter_http [InfoCenter] GET /nodes healthy_only=True tags=[] limit=500 count=2
2026-05-04 10:27:01,212 INFO pycloud_parallel.controlplane.infocenter_http [InfoCenter] GET /nodes healthy_only=True tags=[] limit=500 count=2
2026-05-04 10:27:01,213 INFO pycloud_parallel.controlplane.infocenter_http [InfoCenter] GET /nodes healthy_only=True tags=[] limit=500 count=2
2026-05-04 10:27:01,214 INFO pycloud_parallel.controlplane.infocenter_http [InfoCenter] GET /nodes healthy_only=True tags=[] limit=500 count=2
2026-05-04 10:27:01,215 INFO pycloud_parallel.controlplane.infocenter_http [InfoCenter] GET /nodes healthy_only=True tags=[] limit=500 count=2
2026-05-04 10:27:01,216 INFO pycloud_parallel.controlplane.infocenter_http [InfoCenter] GET /nodes healthy_only=True tags=[] limit=500 count=2
2026-05-04 10:27:01,217 INFO pycloud_parallel.controlplane.infocenter_http [InfoCenter] GET /nodes healthy_only=True tags=[] limit=500 count=2
2026-05-04 10:27:01,218 INFO pycloud_parallel.controlplane.infocenter_http [InfoCenter] GET /nodes healthy_only=True tags=[] limit=500 count=2
2026-05-04 10:27:01,219 INFO pycloud_parallel.controlplane.infocenter_http [InfoCenter] GET /nodes healthy_only=True tags=[] limit=500 count=2
2026-05-04 10:27:01,220 INFO pycloud_parallel.controlplane.infocenter_http [InfoCenter] GET /nodes healthy_only=True tags=[] limit=500 count=2
2026-05-04 10:27:01,221 INFO pycloud_parallel.controlplane.infocenter_http [InfoCenter] GET /nodes healthy_only=True tags=[] limit=500 count=2
2026-05-04 10:27:01,222 INFO pycloud_parallel.controlplane.infocenter_http [InfoCenter] GET /nodes healthy_only=True tags=[] limit=500 count=2
2026-05-04 10:27:01,223 INFO pycloud_parallel.controlplane.infocenter_http [InfoCenter] GET /nodes healthy_only=True tags=[] limit=500 count=2
2026-05-04 10:27:01,224 INFO pycloud_parallel.controlplane.infocenter_http [InfoCenter] GET /nodes healthy_only=True tags=[] limit=500 count=2
2026-05-04 10:27:01,225 INFO pycloud_parallel.controlplane.infocenter_http [InfoCenter] GET /nodes healthy_only=True tags=[] limit=500 count=2
2026-05-04 10:27:01,226 INFO pycloud_parallel.controlplane.infocenter_http [InfoCenter] GET /nodes healthy_only=True tags=[] limit=500 count=2
2026-05-04 10:27:01,227 INFO pycloud_parallel.controlplane.infocenter_http [InfoCenter] GET /nodes healthy_only=True tags=[] limit=500 count=2
2026-05-04 10:27:01,228 INFO pycloud_parallel.controlplane.infocenter_http [InfoCenter] GET /nodes healthy_only=True tags=[] limit=500 count=2
2026-05-04 10:27:01,229 INFO pycloud_parallel.controlplane.infocenter_http [InfoCenter] GET /nodes healthy_only=True tags=[] limit=500 count=2
2026-05-04 10:27:01,230 INFO pycloud_parallel.controlplane.infocenter_http [InfoCenter] GET /nodes healthy_only=True tags=[] limit=500 count=2
2026-05-04 10:27:01,231 INFO pycloud_parallel.controlplane.infocenter_http [InfoCenter] GET /nodes healthy_only=True tags=[] limit=500 count=2
2026-05-04 10:27:01,232 INFO pycloud_parallel.controlplane.infocenter_http [InfoCenter] GET /nodes healthy_only=True tags=[] limit=500 count=2
2026-05-04 10:27:01,233 INFO pycloud_parallel.controlplane.infocenter_http [InfoCenter] GET /nodes healthy_only=True tags=[] limit=500 count=2
2026-05-04 10:27:01,234 INFO pycloud_parallel.controlplane.infocenter_http [InfoCenter] GET /nodes healthy_only=True tags=[] limit=500 count=2
2026-05-04 10:27:01,235 INFO pycloud_parallel.controlplane.infocenter_http [InfoCenter] GET /nodes healthy_only=True tags=[] limit=500 count=2
2026-05-04 10:27:01,236 INFO pycloud_parallel.controlplane.infocenter_http [InfoCenter] GET /nodes healthy_only=True tags=[] limit=500 count=2
2026-05-04 10:27:01,237 INFO pycloud_parallel.controlplane.infocenter_http [InfoCenter] GET /nodes healthy_only=True tags=[] limit=500 count=2
2026-05-04 10:27:01,239 INFO pycloud_parallel.controlplane.infocenter_http [InfoCenter] GET /nodes healthy_only=True tags=[] limit=500 count=2
2026-05-04 10:27:01,240 INFO pycloud_parallel.controlplane.infocenter_http [InfoCenter] GET /nodes healthy_only=True tags=[] limit=500 count=2
2026-05-04 10:27:01,241 INFO pycloud_parallel.controlplane.infocenter_http [InfoCenter] GET /nodes healthy_only=True tags=[] limit=500 count=2
2026-05-04 10:27:01,242 INFO pycloud_parallel.controlplane.infocenter_http [InfoCenter] GET /nodes healthy_only=True tags=[] limit=500 count=2
2026-05-04 10:27:01,243 INFO pycloud_parallel.controlplane.infocenter_http [InfoCenter] GET /nodes healthy_only=True tags=[] limit=500 count=2
2026-05-04 10:27:01,244 INFO pycloud_parallel.controlplane.infocenter_http [InfoCenter] GET /nodes healthy_only=True tags=[] limit=500 count=2
2026-05-04 10:27:01,244 INFO pycloud_parallel.controlplane.infocenter_http [InfoCenter] GET /nodes healthy_only=True tags=[] limit=500 count=2
2026-05-04 10:27:01,246 INFO pycloud_parallel.controlplane.infocenter_http [InfoCenter] GET /nodes healthy_only=True tags=[] limit=500 count=2
2026-05-04 10:27:01,247 INFO pycloud_parallel.controlplane.infocenter_http [InfoCenter] GET /nodes healthy_only=True tags=[] limit=500 count=2
2026-05-04 10:27:01,248 INFO pycloud_parallel.controlplane.infocenter_http [InfoCenter] GET /nodes healthy_only=True tags=[] limit=500 count=2
2026-05-04 10:27:01,249 INFO pycloud_parallel.controlplane.infocenter_http [InfoCenter] GET /nodes healthy_only=True tags=[] limit=500 count=2
2026-05-04 10:27:01,250 INFO pycloud_parallel.controlplane.infocenter_http [InfoCenter] GET /nodes healthy_only=True tags=[] limit=500 count=2
2026-05-04 10:27:01,251 INFO pycloud_parallel.controlplane.infocenter_http [InfoCenter] GET /nodes healthy_only=True tags=[] limit=500 count=2
2026-05-04 10:27:01,252 INFO pycloud_parallel.controlplane.infocenter_http [InfoCenter] GET /nodes healthy_only=True tags=[] limit=500 count=2
2026-05-04 10:27:01,253 INFO pycloud_parallel.controlplane.infocenter_http [InfoCenter] GET /nodes healthy_only=True tags=[] limit=500 count=2
2026-05-04 10:27:01,254 INFO pycloud_parallel.controlplane.infocenter_http [InfoCenter] GET /nodes healthy_only=True tags=[] limit=500 count=2
2026-05-04 10:27:01,255 INFO pycloud_parallel.controlplane.infocenter_http [InfoCenter] GET /nodes healthy_only=True tags=[] limit=500 count=2
2026-05-04 10:27:01,256 INFO pycloud_parallel.controlplane.infocenter_http [InfoCenter] GET /nodes healthy_only=True tags=[] limit=500 count=2
2026-05-04 10:27:01,257 INFO pycloud_parallel.controlplane.infocenter_http [InfoCenter] GET /nodes healthy_only=True tags=[] limit=500 count=2
2026-05-04 10:27:01,258 INFO pycloud_parallel.controlplane.infocenter_http [InfoCenter] GET /nodes healthy_only=True tags=[] limit=500 count=2
2026-05-04 10:27:01,259 INFO pycloud_parallel.controlplane.infocenter_http [InfoCenter] GET /nodes healthy_only=True tags=[] limit=500 count=2
2026-05-04 10:27:01,260 INFO pycloud_parallel.controlplane.infocenter_http [InfoCenter] GET /nodes healthy_only=True tags=[] limit=500 count=2
2026-05-04 10:27:01,261 INFO pycloud_parallel.controlplane.infocenter_http [InfoCenter] GET /nodes healthy_only=True tags=[] limit=500 count=2
2026-05-04 10:27:01,262 INFO pycloud_parallel.controlplane.infocenter_http [InfoCenter] GET /nodes healthy_only=True tags=[] limit=500 count=2
2026-05-04 10:27:01,263 INFO pycloud_parallel.controlplane.infocenter_http [InfoCenter] GET /nodes healthy_only=True tags=[] limit=500 count=2
2026-05-04 10:27:01,264 INFO pycloud_parallel.controlplane.infocenter_http [InfoCenter] GET /nodes healthy_only=True tags=[] limit=500 count=2
2026-05-04 10:27:01,265 INFO pycloud_parallel.controlplane.infocenter_http [InfoCenter] GET /nodes healthy_only=True tags=[] limit=500 count=2
2026-05-04 10:27:01,266 INFO pycloud_parallel.controlplane.infocenter_http [InfoCenter] GET /nodes healthy_only=True tags=[] limit=500 count=2
2026-05-04 10:27:01,267 INFO pycloud_parallel.controlplane.infocenter_http [InfoCenter] GET /nodes healthy_only=True tags=[] limit=500 count=2
2026-05-04 10:27:01,267 INFO pycloud_parallel.controlplane.infocenter_http [InfoCenter] GET /nodes healthy_only=True tags=[] limit=500 count=2
2026-05-04 10:27:01,268 INFO pycloud_parallel.controlplane.infocenter_http [InfoCenter] GET /nodes healthy_only=True tags=[] limit=500 count=2
2026-05-04 10:27:01,269 INFO pycloud_parallel.controlplane.infocenter_http [InfoCenter] GET /nodes healthy_only=True tags=[] limit=500 count=2
2026-05-04 10:27:01,270 INFO pycloud_parallel.controlplane.infocenter_http [InfoCenter] GET /nodes healthy_only=True tags=[] limit=500 count=2
2026-05-04 10:27:01,271 INFO pycloud_parallel.controlplane.infocenter_http [InfoCenter] GET /nodes healthy_only=True tags=[] limit=500 count=2
2026-05-04 10:27:01,272 INFO pycloud_parallel.controlplane.infocenter_http [InfoCenter] GET /nodes healthy_only=True tags=[] limit=500 count=2
2026-05-04 10:27:01,273 INFO pycloud_parallel.controlplane.infocenter_http [InfoCenter] GET /nodes healthy_only=True tags=[] limit=500 count=2
2026-05-04 10:27:01,275 INFO pycloud_parallel.controlplane.infocenter_http [InfoCenter] GET /nodes healthy_only=True tags=[] limit=500 count=2
2026-05-04 10:27:01,275 INFO pycloud_parallel.controlplane.infocenter_http [InfoCenter] GET /nodes healthy_only=True tags=[] limit=500 count=2
2026-05-04 10:27:01,276 INFO pycloud_parallel.controlplane.infocenter_http [InfoCenter] GET /nodes healthy_only=True tags=[] limit=500 count=2
2026-05-04 10:27:01,277 INFO pycloud_parallel.controlplane.infocenter_http [InfoCenter] GET /nodes healthy_only=True tags=[] limit=500 count=2
2026-05-04 10:27:01,278 INFO pycloud_parallel.controlplane.infocenter_http [InfoCenter] GET /nodes healthy_only=True tags=[] limit=500 count=2
2026-05-04 10:27:01,279 INFO pycloud_parallel.controlplane.infocenter_http [InfoCenter] GET /nodes healthy_only=True tags=[] limit=500 count=2
2026-05-04 10:27:01,280 INFO pycloud_parallel.controlplane.infocenter_http [InfoCenter] GET /nodes healthy_only=True tags=[] limit=500 count=2
2026-05-04 10:27:01,281 INFO pycloud_parallel.controlplane.infocenter_http [InfoCenter] GET /nodes healthy_only=True tags=[] limit=500 count=2
2026-05-04 10:27:01,282 INFO pycloud_parallel.controlplane.infocenter_http [InfoCenter] GET /nodes healthy_only=True tags=[] limit=500 count=2
2026-05-04 10:27:01,283 INFO pycloud_parallel.controlplane.infocenter_http [InfoCenter] GET /nodes healthy_only=True tags=[] limit=500 count=2
2026-05-04 10:27:01,284 INFO pycloud_parallel.controlplane.infocenter_http [InfoCenter] GET /nodes healthy_only=True tags=[] limit=500 count=2
2026-05-04 10:27:01,285 INFO pycloud_parallel.controlplane.infocenter_http [InfoCenter] GET /nodes healthy_only=True tags=[] limit=500 count=2
2026-05-04 10:27:01,286 INFO pycloud_parallel.controlplane.infocenter_http [InfoCenter] GET /nodes healthy_only=True tags=[] limit=500 count=2
2026-05-04 10:27:01,287 INFO pycloud_parallel.controlplane.infocenter_http [InfoCenter] GET /nodes healthy_only=True tags=[] limit=500 count=2
2026-05-04 10:27:01,288 INFO pycloud_parallel.controlplane.infocenter_http [InfoCenter] GET /nodes healthy_only=True tags=[] limit=500 count=2
2026-05-04 10:27:01,289 INFO pycloud_parallel.controlplane.infocenter_http [InfoCenter] GET /nodes healthy_only=True tags=[] limit=500 count=2
2026-05-04 10:27:01,290 INFO pycloud_parallel.controlplane.infocenter_http [InfoCenter] GET /nodes healthy_only=True tags=[] limit=500 count=2
2026-05-04 10:27:01,291 INFO pycloud_parallel.controlplane.infocenter_http [InfoCenter] GET /nodes healthy_only=True tags=[] limit=500 count=2
2026-05-04 10:27:01,292 INFO pycloud_parallel.controlplane.infocenter_http [InfoCenter] GET /nodes healthy_only=True tags=[] limit=500 count=2
2026-05-04 10:27:01,293 INFO pycloud_parallel.controlplane.infocenter_http [InfoCenter] GET /nodes healthy_only=True tags=[] limit=500 count=2
2026-05-04 10:27:01,294 INFO pycloud_parallel.controlplane.infocenter_http [InfoCenter] GET /nodes healthy_only=True tags=[] limit=500 count=2
2026-05-04 10:27:01,295 INFO pycloud_parallel.controlplane.infocenter_http [InfoCenter] GET /nodes healthy_only=True tags=[] limit=500 count=2
2026-05-04 10:27:01,296 INFO pycloud_parallel.controlplane.infocenter_http [InfoCenter] GET /nodes healthy_only=True tags=[] limit=500 count=2
2026-05-04 10:27:01,297 INFO pycloud_parallel.controlplane.infocenter_http [InfoCenter] GET /nodes healthy_only=True tags=[] limit=500 count=2
2026-05-04 10:27:01,298 INFO pycloud_parallel.controlplane.infocenter_http [InfoCenter] GET /nodes healthy_only=True tags=[] limit=500 count=2
2026-05-04 10:27:01,299 INFO pycloud_parallel.controlplane.infocenter_http [InfoCenter] GET /nodes healthy_only=True tags=[] limit=500 count=2
2026-05-04 10:27:01,300 INFO pycloud_parallel.controlplane.infocenter_http [InfoCenter] GET /nodes healthy_only=True tags=[] limit=500 count=2
2026-05-04 10:27:01,301 INFO pycloud_parallel.controlplane.infocenter_http [InfoCenter] GET /nodes healthy_only=True tags=[] limit=500 count=2
2026-05-04 10:27:01,302 INFO pycloud_parallel.controlplane.infocenter_http [InfoCenter] GET /nodes healthy_only=True tags=[] limit=500 count=2
2026-05-04 10:27:01,303 INFO pycloud_parallel.controlplane.infocenter_http [InfoCenter] GET /nodes healthy_only=True tags=[] limit=500 count=2
2026-05-04 10:27:01,304 INFO pycloud_parallel.controlplane.infocenter_http [InfoCenter] GET /nodes healthy_only=True tags=[] limit=500 count=2
2026-05-04 10:27:01,305 INFO pycloud_parallel.controlplane.infocenter_http [InfoCenter] GET /nodes healthy_only=True tags=[] limit=500 count=2
2026-05-04 10:27:01,306 INFO pycloud_parallel.controlplane.infocenter_http [InfoCenter] GET /nodes healthy_only=True tags=[] limit=500 count=2
2026-05-04 10:27:01,307 INFO pycloud_parallel.controlplane.infocenter_http [InfoCenter] GET /nodes healthy_only=True tags=[] limit=500 count=2
2026-05-04 10:27:01,308 INFO pycloud_parallel.controlplane.infocenter_http [InfoCenter] GET /nodes healthy_only=True tags=[] limit=500 count=2
2026-05-04 10:27:01,309 INFO pycloud_parallel.controlplane.infocenter_http [InfoCenter] GET /nodes healthy_only=True tags=[] limit=500 count=2
2026-05-04 10:27:01,310 INFO pycloud_parallel.controlplane.infocenter_http [InfoCenter] GET /nodes healthy_only=True tags=[] limit=500 count=2
2026-05-04 10:27:01,311 INFO pycloud_parallel.controlplane.infocenter_http [InfoCenter] GET /nodes healthy_only=True tags=[] limit=500 count=2
2026-05-04 10:27:01,312 INFO pycloud_parallel.controlplane.infocenter_http [InfoCenter] GET /nodes healthy_only=True tags=[] limit=500 count=2
2026-05-04 10:27:01,313 INFO pycloud_parallel.controlplane.infocenter_http [InfoCenter] GET /nodes healthy_only=True tags=[] limit=500 count=2
2026-05-04 10:27:01,314 INFO pycloud_parallel.controlplane.infocenter_http [InfoCenter] GET /nodes healthy_only=True tags=[] limit=500 count=2
2026-05-04 10:27:01,315 INFO pycloud_parallel.controlplane.infocenter_http [InfoCenter] GET /nodes healthy_only=True tags=[] limit=500 count=2
2026-05-04 10:27:01,316 INFO pycloud_parallel.controlplane.infocenter_http [InfoCenter] GET /nodes healthy_only=True tags=[] limit=500 count=2
2026-05-04 10:27:01,317 INFO pycloud_parallel.controlplane.infocenter_http [InfoCenter] GET /nodes healthy_only=True tags=[] limit=500 count=2
2026-05-04 10:27:01,318 INFO pycloud_parallel.controlplane.infocenter_http [InfoCenter] GET /nodes healthy_only=True tags=[] limit=500 count=2
2026-05-04 10:27:01,319 INFO pycloud_parallel.controlplane.infocenter_http [InfoCenter] GET /nodes healthy_only=True tags=[] limit=500 count=2
2026-05-04 10:27:01,320 INFO pycloud_parallel.controlplane.infocenter_http [InfoCenter] GET /nodes healthy_only=True tags=[] limit=500 count=2
2026-05-04 10:27:01,322 INFO pycloud_parallel.controlplane.infocenter_http [InfoCenter] GET /nodes healthy_only=True tags=[] limit=500 count=2
2026-05-04 10:27:01,323 INFO pycloud_parallel.controlplane.infocenter_http [InfoCenter] GET /nodes healthy_only=True tags=[] limit=500 count=2
2026-05-04 10:27:01,324 INFO pycloud_parallel.controlplane.infocenter_http [InfoCenter] GET /nodes healthy_only=True tags=[] limit=500 count=2
2026-05-04 10:27:01,325 INFO pycloud_parallel.controlplane.infocenter_http [InfoCenter] GET /nodes healthy_only=True tags=[] limit=500 count=2
2026-05-04 10:27:01,325 INFO pycloud_parallel.controlplane.infocenter_http [InfoCenter] GET /nodes healthy_only=True tags=[] limit=500 count=2
2026-05-04 10:27:01,327 INFO pycloud_parallel.controlplane.infocenter_http [InfoCenter] GET /nodes healthy_only=True tags=[] limit=500 count=2
2026-05-04 10:27:01,328 INFO pycloud_parallel.controlplane.infocenter_http [InfoCenter] GET /nodes healthy_only=True tags=[] limit=500 count=2
2026-05-04 10:27:01,329 INFO pycloud_parallel.controlplane.infocenter_http [InfoCenter] GET /nodes healthy_only=True tags=[] limit=500 count=2
2026-05-04 10:27:01,330 INFO pycloud_parallel.controlplane.infocenter_http [InfoCenter] GET /nodes healthy_only=True tags=[] limit=500 count=2
2026-05-04 10:27:01,331 INFO pycloud_parallel.controlplane.infocenter_http [InfoCenter] GET /nodes healthy_only=True tags=[] limit=500 count=2
2026-05-04 10:27:01,332 INFO pycloud_parallel.controlplane.infocenter_http [InfoCenter] GET /nodes healthy_only=True tags=[] limit=500 count=2
2026-05-04 10:27:01,333 INFO pycloud_parallel.controlplane.infocenter_http [InfoCenter] GET /nodes healthy_only=True tags=[] limit=500 count=2
2026-05-04 10:27:01,334 INFO pycloud_parallel.controlplane.infocenter_http [InfoCenter] GET /nodes healthy_only=True tags=[] limit=500 count=2
2026-05-04 10:27:01,335 INFO pycloud_parallel.controlplane.infocenter_http [InfoCenter] GET /nodes healthy_only=True tags=[] limit=500 count=2
2026-05-04 10:27:01,336 INFO pycloud_parallel.controlplane.infocenter_http [InfoCenter] GET /nodes healthy_only=True tags=[] limit=500 count=2
2026-05-04 10:27:01,337 INFO pycloud_parallel.controlplane.infocenter_http [InfoCenter] GET /nodes healthy_only=True tags=[] limit=500 count=2
2026-05-04 10:27:01,338 INFO pycloud_parallel.controlplane.infocenter_http [InfoCenter] GET /nodes healthy_only=True tags=[] limit=500 count=2
2026-05-04 10:27:01,339 INFO pycloud_parallel.controlplane.infocenter_http [InfoCenter] GET /nodes healthy_only=True tags=[] limit=500 count=2
2026-05-04 10:27:01,340 INFO pycloud_parallel.controlplane.infocenter_http [InfoCenter] GET /nodes healthy_only=True tags=[] limit=500 count=2
2026-05-04 10:27:01,341 INFO pycloud_parallel.controlplane.infocenter_http [InfoCenter] GET /nodes healthy_only=True tags=[] limit=500 count=2
2026-05-04 10:27:01,342 INFO pycloud_parallel.controlplane.infocenter_http [InfoCenter] GET /nodes healthy_only=True tags=[] limit=500 count=2
2026-05-04 10:27:01,343 INFO pycloud_parallel.controlplane.infocenter_http [InfoCenter] GET /nodes healthy_only=True tags=[] limit=500 count=2
2026-05-04 10:27:01,344 INFO pycloud_parallel.controlplane.infocenter_http [InfoCenter] GET /nodes healthy_only=True tags=[] limit=500 count=2
2026-05-04 10:27:01,346 INFO pycloud_parallel.controlplane.infocenter_http [InfoCenter] GET /nodes healthy_only=True tags=[] limit=500 count=2
2026-05-04 10:27:01,347 INFO pycloud_parallel.controlplane.infocenter_http [InfoCenter] GET /nodes healthy_only=True tags=[] limit=500 count=2
2026-05-04 10:27:01,348 INFO pycloud_parallel.controlplane.infocenter_http [InfoCenter] GET /nodes healthy_only=True tags=[] limit=500 count=2
2026-05-04 10:27:01,349 INFO pycloud_parallel.controlplane.infocenter_http [InfoCenter] GET /nodes healthy_only=True tags=[] limit=500 count=2
2026-05-04 10:27:01,350 INFO pycloud_parallel.controlplane.infocenter_http [InfoCenter] GET /nodes healthy_only=True tags=[] limit=500 count=2
2026-05-04 10:27:01,350 INFO pycloud_parallel.controlplane.infocenter_http [InfoCenter] GET /nodes healthy_only=True tags=[] limit=500 count=2
2026-05-04 10:27:01,351 INFO pycloud_parallel.controlplane.infocenter_http [InfoCenter] GET /nodes healthy_only=True tags=[] limit=500 count=2
2026-05-04 10:27:01,352 INFO pycloud_parallel.controlplane.infocenter_http [InfoCenter] GET /nodes healthy_only=True tags=[] limit=500 count=2
2026-05-04 10:27:01,353 INFO pycloud_parallel.controlplane.infocenter_http [InfoCenter] GET /nodes healthy_only=True tags=[] limit=500 count=2
2026-05-04 10:27:01,354 INFO pycloud_parallel.controlplane.infocenter_http [InfoCenter] GET /nodes healthy_only=True tags=[] limit=500 count=2
2026-05-04 10:27:01,355 INFO pycloud_parallel.controlplane.infocenter_http [InfoCenter] GET /nodes healthy_only=True tags=[] limit=500 count=2
2026-05-04 10:27:01,356 INFO pycloud_parallel.controlplane.infocenter_http [InfoCenter] GET /nodes healthy_only=True tags=[] limit=500 count=2
2026-05-04 10:27:01,357 INFO pycloud_parallel.controlplane.infocenter_http [InfoCenter] GET /nodes healthy_only=True tags=[] limit=500 count=2
2026-05-04 10:27:01,358 INFO pycloud_parallel.controlplane.infocenter_http [InfoCenter] GET /nodes healthy_only=True tags=[] limit=500 count=2
2026-05-04 10:27:01,359 INFO pycloud_parallel.controlplane.infocenter_http [InfoCenter] GET /nodes healthy_only=True tags=[] limit=500 count=2
2026-05-04 10:27:01,360 INFO pycloud_parallel.controlplane.infocenter_http [InfoCenter] GET /nodes healthy_only=True tags=[] limit=500 count=2
2026-05-04 10:27:01,361 INFO pycloud_parallel.controlplane.infocenter_http [InfoCenter] GET /nodes healthy_only=True tags=[] limit=500 count=2
2026-05-04 10:27:01,362 INFO pycloud_parallel.controlplane.infocenter_http [InfoCenter] GET /nodes healthy_only=True tags=[] limit=500 count=2
2026-05-04 10:27:01,363 INFO pycloud_parallel.controlplane.infocenter_http [InfoCenter] GET /nodes healthy_only=True tags=[] limit=500 count=2
2026-05-04 10:27:01,364 INFO pycloud_parallel.controlplane.infocenter_http [InfoCenter] GET /nodes healthy_only=True tags=[] limit=500 count=2
2026-05-04 10:27:01,365 INFO pycloud_parallel.controlplane.infocenter_http [InfoCenter] GET /nodes healthy_only=True tags=[] limit=500 count=2
2026-05-04 10:27:01,366 INFO pycloud_parallel.controlplane.infocenter_http [InfoCenter] GET /nodes healthy_only=True tags=[] limit=500 count=2
2026-05-04 10:27:01,367 INFO pycloud_parallel.controlplane.infocenter_http [InfoCenter] GET /nodes healthy_only=True tags=[] limit=500 count=2
2026-05-04 10:27:01,368 INFO pycloud_parallel.controlplane.infocenter_http [InfoCenter] GET /nodes healthy_only=True tags=[] limit=500 count=2
2026-05-04 10:27:01,369 INFO pycloud_parallel.controlplane.infocenter_http [InfoCenter] GET /nodes healthy_only=True tags=[] limit=500 count=2
2026-05-04 10:27:01,370 INFO pycloud_parallel.controlplane.infocenter_http [InfoCenter] GET /nodes healthy_only=True tags=[] limit=500 count=2
2026-05-04 10:27:01,371 INFO pycloud_parallel.controlplane.infocenter_http [InfoCenter] GET /nodes healthy_only=True tags=[] limit=500 count=2
2026-05-04 10:27:01,372 INFO pycloud_parallel.controlplane.infocenter_http [InfoCenter] GET /nodes healthy_only=True tags=[] limit=500 count=2
2026-05-04 10:27:01,373 INFO pycloud_parallel.controlplane.infocenter_http [InfoCenter] GET /nodes healthy_only=True tags=[] limit=500 count=2
2026-05-04 10:27:01,374 INFO pycloud_parallel.controlplane.infocenter_http [InfoCenter] GET /nodes healthy_only=True tags=[] limit=500 count=2
2026-05-04 10:27:01,375 INFO pycloud_parallel.controlplane.infocenter_http [InfoCenter] GET /nodes healthy_only=True tags=[] limit=500 count=2
2026-05-04 10:27:01,376 INFO pycloud_parallel.controlplane.infocenter_http [InfoCenter] GET /nodes healthy_only=True tags=[] limit=500 count=2
2026-05-04 10:27:01,377 INFO pycloud_parallel.controlplane.infocenter_http [InfoCenter] GET /nodes healthy_only=True tags=[] limit=500 count=2
2026-05-04 10:27:01,378 INFO pycloud_parallel.controlplane.infocenter_http [InfoCenter] GET /nodes healthy_only=True tags=[] limit=500 count=2
2026-05-04 10:27:01,379 INFO pycloud_parallel.controlplane.infocenter_http [InfoCenter] GET /nodes healthy_only=True tags=[] limit=500 count=2
2026-05-04 10:27:01,380 INFO pycloud_parallel.controlplane.infocenter_http [InfoCenter] GET /nodes healthy_only=True tags=[] limit=500 count=2
2026-05-04 10:27:01,381 INFO pycloud_parallel.controlplane.infocenter_http [InfoCenter] GET /nodes healthy_only=True tags=[] limit=500 count=2
2026-05-04 10:27:01,382 INFO pycloud_parallel.controlplane.infocenter_http [InfoCenter] GET /nodes healthy_only=True tags=[] limit=500 count=2
2026-05-04 10:27:01,383 INFO pycloud_parallel.controlplane.infocenter_http [InfoCenter] GET /nodes healthy_only=True tags=[] limit=500 count=2
2026-05-04 10:27:01,384 INFO pycloud_parallel.controlplane.infocenter_http [InfoCenter] GET /nodes healthy_only=True tags=[] limit=500 count=2
2026-05-04 10:27:01,385 INFO pycloud_parallel.controlplane.infocenter_http [InfoCenter] GET /nodes healthy_only=True tags=[] limit=500 count=2
2026-05-04 10:27:01,386 INFO pycloud_parallel.controlplane.infocenter_http [InfoCenter] GET /nodes healthy_only=True tags=[] limit=500 count=2
2026-05-04 10:27:01,387 INFO pycloud_parallel.controlplane.infocenter_http [InfoCenter] GET /nodes healthy_only=True tags=[] limit=500 count=2
2026-05-04 10:27:01,388 INFO pycloud_parallel.controlplane.infocenter_http [InfoCenter] GET /nodes healthy_only=True tags=[] limit=500 count=2
2026-05-04 10:27:01,389 INFO pycloud_parallel.controlplane.infocenter_http [InfoCenter] GET /nodes healthy_only=True tags=[] limit=500 count=2
2026-05-04 10:27:01,390 INFO pycloud_parallel.controlplane.infocenter_http [InfoCenter] GET /nodes healthy_only=True tags=[] limit=500 count=2
2026-05-04 10:27:01,391 INFO pycloud_parallel.controlplane.infocenter_http [InfoCenter] GET /nodes healthy_only=True tags=[] limit=500 count=2
2026-05-04 10:27:01,392 INFO pycloud_parallel.controlplane.infocenter_http [InfoCenter] GET /nodes healthy_only=True tags=[] limit=500 count=2
2026-05-04 10:27:01,393 INFO pycloud_parallel.controlplane.infocenter_http [InfoCenter] GET /nodes healthy_only=True tags=[] limit=500 count=2
2026-05-04 10:27:01,394 INFO pycloud_parallel.controlplane.infocenter_http [InfoCenter] GET /nodes healthy_only=True tags=[] limit=500 count=2
2026-05-04 10:27:01,395 INFO pycloud_parallel.controlplane.infocenter_http [InfoCenter] GET /nodes healthy_only=True tags=[] limit=500 count=2
2026-05-04 10:27:01,396 INFO pycloud_parallel.controlplane.infocenter_http [InfoCenter] GET /nodes healthy_only=True tags=[] limit=500 count=2
2026-05-04 10:27:01,397 INFO pycloud_parallel.controlplane.infocenter_http [InfoCenter] GET /nodes healthy_only=True tags=[] limit=500 count=2
2026-05-04 10:27:01,398 INFO pycloud_parallel.controlplane.infocenter_http [InfoCenter] GET /nodes healthy_only=True tags=[] limit=500 count=2
2026-05-04 10:27:01,399 INFO pycloud_parallel.controlplane.infocenter_http [InfoCenter] GET /nodes healthy_only=True tags=[] limit=500 count=2
2026-05-04 10:27:01,400 INFO pycloud_parallel.controlplane.infocenter_http [InfoCenter] GET /nodes healthy_only=True tags=[] limit=500 count=2
2026-05-04 10:27:01,401 INFO pycloud_parallel.controlplane.infocenter_http [InfoCenter] GET /nodes healthy_only=True tags=[] limit=500 count=2
2026-05-04 10:27:01,402 INFO pycloud_parallel.controlplane.infocenter_http [InfoCenter] GET /nodes healthy_only=True tags=[] limit=500 count=2
2026-05-04 10:27:01,403 INFO pycloud_parallel.controlplane.infocenter_http [InfoCenter] GET /nodes healthy_only=True tags=[] limit=500 count=2
2026-05-04 10:27:01,404 INFO pycloud_parallel.controlplane.infocenter_http [InfoCenter] GET /nodes healthy_only=True tags=[] limit=500 count=2
2026-05-04 10:27:01,405 INFO pycloud_parallel.controlplane.infocenter_http [InfoCenter] GET /nodes healthy_only=True tags=[] limit=500 count=2
2026-05-04 10:27:01,406 INFO pycloud_parallel.controlplane.infocenter_http [InfoCenter] GET /nodes healthy_only=True tags=[] limit=500 count=2
2026-05-04 10:27:01,407 INFO pycloud_parallel.controlplane.infocenter_http [InfoCenter] GET /nodes healthy_only=True tags=[] limit=500 count=2
2026-05-04 10:27:01,408 INFO pycloud_parallel.controlplane.infocenter_http [InfoCenter] GET /nodes healthy_only=True tags=[] limit=500 count=2
2026-05-04 10:27:01,409 INFO pycloud_parallel.controlplane.infocenter_http [InfoCenter] GET /nodes healthy_only=True tags=[] limit=500 count=2
2026-05-04 10:27:01,410 INFO pycloud_parallel.controlplane.infocenter_http [InfoCenter] GET /nodes healthy_only=True tags=[] limit=500 count=2
2026-05-04 10:27:01,411 INFO pycloud_parallel.controlplane.infocenter_http [InfoCenter] GET /nodes healthy_only=True tags=[] limit=500 count=2
2026-05-04 10:27:01,412 INFO pycloud_parallel.controlplane.infocenter_http [InfoCenter] GET /nodes healthy_only=True tags=[] limit=500 count=2
2026-05-04 10:27:01,413 INFO pycloud_parallel.controlplane.infocenter_http [InfoCenter] GET /nodes healthy_only=True tags=[] limit=500 count=2
2026-05-04 10:27:01,414 INFO pycloud_parallel.controlplane.infocenter_http [InfoCenter] GET /nodes healthy_only=True tags=[] limit=500 count=2
2026-05-04 10:27:01,415 INFO pycloud_parallel.controlplane.infocenter_http [InfoCenter] GET /nodes healthy_only=True tags=[] limit=500 count=2
2026-05-04 10:27:01,416 INFO pycloud_parallel.controlplane.infocenter_http [InfoCenter] GET /nodes healthy_only=True tags=[] limit=500 count=2
2026-05-04 10:27:01,417 INFO pycloud_parallel.controlplane.infocenter_http [InfoCenter] GET /nodes healthy_only=True tags=[] limit=500 count=2
2026-05-04 10:27:01,418 INFO pycloud_parallel.controlplane.infocenter_http [InfoCenter] GET /nodes healthy_only=True tags=[] limit=500 count=2
2026-05-04 10:27:01,419 INFO pycloud_parallel.controlplane.infocenter_http [InfoCenter] GET /nodes healthy_only=True tags=[] limit=500 count=2
2026-05-04 10:27:01,420 INFO pycloud_parallel.controlplane.infocenter_http [InfoCenter] GET /nodes healthy_only=True tags=[] limit=500 count=2
2026-05-04 10:27:01,421 INFO pycloud_parallel.controlplane.infocenter_http [InfoCenter] GET /nodes healthy_only=True tags=[] limit=500 count=2
2026-05-04 10:27:01,422 INFO pycloud_parallel.controlplane.infocenter_http [InfoCenter] GET /nodes healthy_only=True tags=[] limit=500 count=2
2026-05-04 10:27:01,423 INFO pycloud_parallel.controlplane.infocenter_http [InfoCenter] GET /nodes healthy_only=True tags=[] limit=500 count=2
2026-05-04 10:27:01,424 INFO pycloud_parallel.controlplane.infocenter_http [InfoCenter] GET /nodes healthy_only=True tags=[] limit=500 count=2
2026-05-04 10:27:01,425 INFO pycloud_parallel.controlplane.infocenter_http [InfoCenter] GET /nodes healthy_only=True tags=[] limit=500 count=2
2026-05-04 10:27:01,426 INFO pycloud_parallel.controlplane.infocenter_http [InfoCenter] GET /nodes healthy_only=True tags=[] limit=500 count=2
2026-05-04 10:27:01,427 INFO pycloud_parallel.controlplane.infocenter_http [InfoCenter] GET /nodes healthy_only=True tags=[] limit=500 count=2
2026-05-04 10:27:01,428 INFO pycloud_parallel.controlplane.infocenter_http [InfoCenter] GET /nodes healthy_only=True tags=[] limit=500 count=2
2026-05-04 10:27:01,429 INFO pycloud_parallel.controlplane.infocenter_http [InfoCenter] GET /nodes healthy_only=True tags=[] limit=500 count=2
2026-05-04 10:27:01,430 INFO pycloud_parallel.controlplane.infocenter_http [InfoCenter] GET /nodes healthy_only=True tags=[] limit=500 count=2
2026-05-04 10:27:01,431 INFO pycloud_parallel.controlplane.infocenter_http [InfoCenter] GET /nodes healthy_only=True tags=[] limit=500 count=2
2026-05-04 10:27:01,432 INFO pycloud_parallel.controlplane.infocenter_http [InfoCenter] GET /nodes healthy_only=True tags=[] limit=500 count=2
2026-05-04 10:27:01,433 INFO pycloud_parallel.controlplane.infocenter_http [InfoCenter] GET /nodes healthy_only=True tags=[] limit=500 count=2
2026-05-04 10:27:01,434 INFO pycloud_parallel.controlplane.infocenter_http [InfoCenter] GET /nodes healthy_only=True tags=[] limit=500 count=2
2026-05-04 10:27:01,436 INFO pycloud_parallel.controlplane.infocenter_http [InfoCenter] GET /nodes healthy_only=True tags=[] limit=500 count=2
2026-05-04 10:27:01,437 INFO pycloud_parallel.controlplane.infocenter_http [InfoCenter] GET /nodes healthy_only=True tags=[] limit=500 count=2
2026-05-04 10:27:01,438 INFO pycloud_parallel.controlplane.infocenter_http [InfoCenter] GET /nodes healthy_only=True tags=[] limit=500 count=2
2026-05-04 10:27:01,439 INFO pycloud_parallel.controlplane.infocenter_http [InfoCenter] GET /nodes healthy_only=True tags=[] limit=500 count=2
2026-05-04 10:27:01,440 INFO pycloud_parallel.controlplane.infocenter_http [InfoCenter] GET /nodes healthy_only=True tags=[] limit=500 count=2
2026-05-04 10:27:01,441 INFO pycloud_parallel.controlplane.infocenter_http [InfoCenter] GET /nodes healthy_only=True tags=[] limit=500 count=2
2026-05-04 10:27:01,442 INFO pycloud_parallel.controlplane.infocenter_http [InfoCenter] GET /nodes healthy_only=True tags=[] limit=500 count=2
2026-05-04 10:27:01,443 INFO pycloud_parallel.controlplane.infocenter_http [InfoCenter] GET /nodes healthy_only=True tags=[] limit=500 count=2
2026-05-04 10:27:01,444 INFO pycloud_parallel.controlplane.infocenter_http [InfoCenter] GET /nodes healthy_only=True tags=[] limit=500 count=2
2026-05-04 10:27:01,445 INFO pycloud_parallel.controlplane.infocenter_http [InfoCenter] GET /nodes healthy_only=True tags=[] limit=500 count=2
2026-05-04 10:27:01,446 INFO pycloud_parallel.controlplane.infocenter_http [InfoCenter] GET /nodes healthy_only=True tags=[] limit=500 count=2
2026-05-04 10:27:01,447 INFO pycloud_parallel.controlplane.infocenter_http [InfoCenter] GET /nodes healthy_only=True tags=[] limit=500 count=2
2026-05-04 10:27:01,448 INFO pycloud_parallel.controlplane.infocenter_http [InfoCenter] GET /nodes healthy_only=True tags=[] limit=500 count=2
2026-05-04 10:27:01,449 INFO pycloud_parallel.controlplane.infocenter_http [InfoCenter] GET /nodes healthy_only=True tags=[] limit=500 count=2
2026-05-04 10:27:01,450 INFO pycloud_parallel.controlplane.infocenter_http [InfoCenter] GET /nodes healthy_only=True tags=[] limit=500 count=2
2026-05-04 10:27:01,451 INFO pycloud_parallel.controlplane.infocenter_http [InfoCenter] GET /nodes healthy_only=True tags=[] limit=500 count=2
2026-05-04 10:27:01,452 INFO pycloud_parallel.controlplane.infocenter_http [InfoCenter] GET /nodes healthy_only=True tags=[] limit=500 count=2
2026-05-04 10:27:01,453 INFO pycloud_parallel.controlplane.infocenter_http [InfoCenter] GET /nodes healthy_only=True tags=[] limit=500 count=2
2026-05-04 10:27:01,454 INFO pycloud_parallel.controlplane.infocenter_http [InfoCenter] GET /nodes healthy_only=True tags=[] limit=500 count=2
2026-05-04 10:27:01,455 INFO pycloud_parallel.controlplane.infocenter_http [InfoCenter] GET /nodes healthy_only=True tags=[] limit=500 count=2
2026-05-04 10:27:01,456 INFO pycloud_parallel.controlplane.infocenter_http [InfoCenter] GET /nodes healthy_only=True tags=[] limit=500 count=2
2026-05-04 10:27:01,457 INFO pycloud_parallel.controlplane.infocenter_http [InfoCenter] GET /nodes healthy_only=True tags=[] limit=500 count=2
2026-05-04 10:27:01,458 INFO pycloud_parallel.controlplane.infocenter_http [InfoCenter] GET /nodes healthy_only=True tags=[] limit=500 count=2
2026-05-04 10:27:01,459 INFO pycloud_parallel.controlplane.infocenter_http [InfoCenter] GET /nodes healthy_only=True tags=[] limit=500 count=2
2026-05-04 10:27:01,460 INFO pycloud_parallel.controlplane.infocenter_http [InfoCenter] GET /nodes healthy_only=True tags=[] limit=500 count=2
2026-05-04 10:27:01,461 INFO pycloud_parallel.controlplane.infocenter_http [InfoCenter] GET /nodes healthy_only=True tags=[] limit=500 count=2
2026-05-04 10:27:01,463 INFO pycloud_parallel.controlplane.infocenter_http [InfoCenter] GET /nodes healthy_only=True tags=[] limit=500 count=2
2026-05-04 10:27:01,464 INFO pycloud_parallel.controlplane.infocenter_http [InfoCenter] GET /nodes healthy_only=True tags=[] limit=500 count=2
2026-05-04 10:27:01,465 INFO pycloud_parallel.controlplane.infocenter_http [InfoCenter] GET /nodes healthy_only=True tags=[] limit=500 count=2
2026-05-04 10:27:01,465 INFO pycloud_parallel.controlplane.infocenter_http [InfoCenter] GET /nodes healthy_only=True tags=[] limit=500 count=2
2026-05-04 10:27:01,466 INFO pycloud_parallel.controlplane.infocenter_http [InfoCenter] GET /nodes healthy_only=True tags=[] limit=500 count=2
2026-05-04 10:27:01,467 INFO pycloud_parallel.controlplane.infocenter_http [InfoCenter] GET /nodes healthy_only=True tags=[] limit=500 count=2
2026-05-04 10:27:01,469 INFO pycloud_parallel.controlplane.infocenter_http [InfoCenter] GET /nodes healthy_only=True tags=[] limit=500 count=2
2026-05-04 10:27:01,470 INFO pycloud_parallel.controlplane.infocenter_http [InfoCenter] GET /nodes healthy_only=True tags=[] limit=500 count=2
2026-05-04 10:27:01,471 INFO pycloud_parallel.controlplane.infocenter_http [InfoCenter] GET /nodes healthy_only=True tags=[] limit=500 count=2
2026-05-04 10:27:01,471 INFO pycloud_parallel.controlplane.infocenter_http [InfoCenter] GET /nodes healthy_only=True tags=[] limit=500 count=2
