usage: server.py [-h] --role ROLE [--bind BIND] [--node-id NODE_ID]
                 [--artifact-dir ARTIFACT_DIR] [--service-name SERVICE_NAME]
                 [--queue-capacity QUEUE_CAPACITY]
                 [--worker-capacity WORKER_CAPACITY]
                 [--max-workers MAX_WORKERS]
                 [--service-http-bind SERVICE_HTTP_BIND]
                 [--service-http-base-url SERVICE_HTTP_BASE_URL]
                 [--executor-backend {subprocess_host}]
                 [--service-default-workers SERVICE_DEFAULT_WORKERS]
                 [--service-heartbeat-timeout-sec SERVICE_HEARTBEAT_TIMEOUT_SEC]
                 [--infocenter-addr INFOCENTER_ADDR]
                 [--advertise-addr ADVERTISE_ADDR] [--node-tags NODE_TAGS]
                 [--node-version NODE_VERSION]
                 [--taskpool-policy-id TASKPOOL_POLICY_ID]
                 [--gateway-refresh-interval-sec GATEWAY_REFRESH_INTERVAL_SEC]
                 [--gateway-failure-threshold GATEWAY_FAILURE_THRESHOLD]
                 [--gateway-open-sec GATEWAY_OPEN_SEC] [--log-level LOG_LEVEL]
server.py: error: unrecognized arguments: --service-default-heartbeat-timeout-sec 30 --node-http-bind 127.0.0.1:52182
2026-05-04 09:03:22,754 INFO __main__ [Server] starting NodeControl bind=127.0.0.1:50062 node_id=node-2 infocenter=127.0.0.1:50051 advertise=127.0.0.1:50062 node_http=http://127.0.0.1:19082 log_level=INFO
2026-05-04 09:03:22,770 INFO __main__ [Server] HTTP NodeControl started base_url=http://127.0.0.1:19082
2026-05-04 09:03:22,771 INFO __main__ [Server] NodeControl registrar start node_id=node-2 infocenter=127.0.0.1:50051 advertise=127.0.0.1:50062
2026-05-04 09:03:22,788 INFO pycloud_parallel.controlplane.registrar [Registrar] node register node_id=node-2 node_instance_id=node-2-572b81625460 control_addr=127.0.0.1:50062 hb=5 service_count=0 task_pool_count=0
I0504 09:04:17.421535 7520103 fork_posix.cc:71] Other threads are currently calling into gRPC, skipping fork() handlers
I0504 09:04:17.424338 7520138 ev_poll_posix.cc:593] FD from fork parent still in poll list: fd(13, generation: 1)
I0504 09:04:17.424421 7520138 ev_poll_posix.cc:593] FD from fork parent still in poll list: fd(6, generation: 1)
I0504 09:04:17.426635 7520103 fork_posix.cc:71] Other threads are currently calling into gRPC, skipping fork() handlers
I0504 09:04:17.428663 7520191 ev_poll_posix.cc:593] FD from fork parent still in poll list: fd(13, generation: 1)
I0504 09:04:17.428712 7520191 ev_poll_posix.cc:593] FD from fork parent still in poll list: fd(6, generation: 1)
2026-05-04 09:04:20,376 INFO pycloud_parallel.controlplane.services [NodeControl] UpdateRuntimeGlobals peer=ipv4:127.0.0.1:50723 client_id=2892838951c84294bb6f18ae8c2a1bce code_version=sha256:aa95aad4481684160695f22f301d2d55c94c2f06460a5c521fd1712cd234ad4e.ef3a391391da0f75 runtime_key=2892838951c84294bb6f18ae8c2a1bce
2026-05-04 09:04:20,654 INFO numexpr.utils NumExpr defaulting to 10 threads.
2026-05-04 09:04:20,876 INFO pycloud_parallel.controlplane.services [NodeControl] UpdateRuntimeGlobals timing client_id=2892838951c84294bb6f18ae8c2a1bce runtime_key=2892838951c84294bb6f18ae8c2a1bce keys=['bench_mark_closeprice_df', 'bench_mark_yield_df', 'bench_mark_yield_df_weekly'] decode_ms=467.330 state_ms=32.148 total_ms=499.744
/opt/anaconda3/lib/python3.13/site-packages/flare_cores/cores.py:2508: FutureWarning: Series.__getitem__ treating keys as positions is deprecated. In a future version, integer keys will always be treated as labels (consistent with DataFrame behavior). To access a value by position, use `ser.iloc[pos]`
  if len(a) > 0 and np.isnan(a[0]):
/opt/anaconda3/lib/python3.13/site-packages/flare_cores/cores.py:2508: FutureWarning: Series.__getitem__ treating keys as positions is deprecated. In a future version, integer keys will always be treated as labels (consistent with DataFrame behavior). To access a value by position, use `ser.iloc[pos]`
  if len(a) > 0 and np.isnan(a[0]):
/opt/anaconda3/lib/python3.13/site-packages/flare_cores/cores.py:2508: FutureWarning: Series.__getitem__ treating keys as positions is deprecated. In a future version, integer keys will always be treated as labels (consistent with DataFrame behavior). To access a value by position, use `ser.iloc[pos]`
  if len(a) > 0 and np.isnan(a[0]):
/opt/anaconda3/lib/python3.13/site-packages/flare_cores/cores.py:2508: FutureWarning: Series.__getitem__ treating keys as positions is deprecated. In a future version, integer keys will always be treated as labels (consistent with DataFrame behavior). To access a value by position, use `ser.iloc[pos]`
  if len(a) > 0 and np.isnan(a[0]):
/opt/anaconda3/lib/python3.13/site-packages/flare_cores/cores.py:2508: FutureWarning: Series.__getitem__ treating keys as positions is deprecated. In a future version, integer keys will always be treated as labels (consistent with DataFrame behavior). To access a value by position, use `ser.iloc[pos]`
  if len(a) > 0 and np.isnan(a[0]):
/opt/anaconda3/lib/python3.13/site-packages/flare_cores/cores.py:2508: FutureWarning: Series.__getitem__ treating keys as positions is deprecated. In a future version, integer keys will always be treated as labels (consistent with DataFrame behavior). To access a value by position, use `ser.iloc[pos]`
  if len(a) > 0 and np.isnan(a[0]):
/opt/anaconda3/lib/python3.13/site-packages/flare_cores/cores.py:2508: FutureWarning: Series.__getitem__ treating keys as positions is deprecated. In a future version, integer keys will always be treated as labels (consistent with DataFrame behavior). To access a value by position, use `ser.iloc[pos]`
  if len(a) > 0 and np.isnan(a[0]):
/opt/anaconda3/lib/python3.13/site-packages/flare_cores/cores.py:2508: FutureWarning: Series.__getitem__ treating keys as positions is deprecated. In a future version, integer keys will always be treated as labels (consistent with DataFrame behavior). To access a value by position, use `ser.iloc[pos]`
  if len(a) > 0 and np.isnan(a[0]):
/opt/anaconda3/lib/python3.13/site-packages/flare_cores/cores.py:2508: FutureWarning: Series.__getitem__ treating keys as positions is deprecated. In a future version, integer keys will always be treated as labels (consistent with DataFrame behavior). To access a value by position, use `ser.iloc[pos]`
  if len(a) > 0 and np.isnan(a[0]):
/opt/anaconda3/lib/python3.13/site-packages/flare_cores/cores.py:2508: FutureWarning: Series.__getitem__ treating keys as positions is deprecated. In a future version, integer keys will always be treated as labels (consistent with DataFrame behavior). To access a value by position, use `ser.iloc[pos]`
  if len(a) > 0 and np.isnan(a[0]):
2026-05-04 09:04:32,152 INFO pycloud_parallel.service_timing {"event": "task_pool_timing", "pool_id": "2892838951c84294bb6f18ae8c2a1bce", "pool_name": "task-pool-33d82d4a27", "method": "get_fund_asset_ratio", "ok": true, "setup_ms": 0.0, "build_execute_spec_ms": 0.024, "executor_ms": 10651.948, "finalize_ms": 0.0, "total_ms": 10651.972, "error_type": "", "error_message": "", "subprocess": {"decode_ms": 1.063, "worker_decode_ms": 1.063, "invoke_ms": 10616.709, "invoke_wrapper_ms": 0.306, "user_fn_ms": 10616.358, "encode_ms": 1.612, "worker_encode_result_ms": 1.612, "managed_globals_cache_hit": true, "managed_globals_ms": 0.012}, "queue_wait_ms": 32.564}
2026-05-04 09:04:33,752 INFO pycloud_parallel.service_timing {"event": "task_pool_timing", "pool_id": "2892838951c84294bb6f18ae8c2a1bce", "pool_name": "task-pool-33d82d4a27", "method": "get_fund_asset_ratio", "ok": true, "setup_ms": 0.0, "build_execute_spec_ms": 0.014, "executor_ms": 12253.596, "finalize_ms": 0.0, "total_ms": 12253.61, "error_type": "", "error_message": "", "subprocess": {"decode_ms": 1.035, "worker_decode_ms": 1.035, "invoke_ms": 12183.503, "invoke_wrapper_ms": 0.249, "user_fn_ms": 12183.207, "encode_ms": 2.382, "worker_encode_result_ms": 2.382, "managed_globals_cache_hit": true, "managed_globals_ms": 0.013}, "queue_wait_ms": 66.676}
2026-05-04 09:04:34,776 INFO pycloud_parallel.service_timing {"event": "task_pool_timing", "pool_id": "2892838951c84294bb6f18ae8c2a1bce", "pool_name": "task-pool-33d82d4a27", "method": "get_fund_asset_ratio", "ok": true, "setup_ms": 0.0, "build_execute_spec_ms": 0.014, "executor_ms": 13278.915, "finalize_ms": 0.0, "total_ms": 13278.929, "error_type": "", "error_message": "", "subprocess": {"decode_ms": 1.013, "worker_decode_ms": 1.013, "invoke_ms": 13254.732, "invoke_wrapper_ms": 0.357, "user_fn_ms": 13254.34, "encode_ms": 2.024, "worker_encode_result_ms": 2.024, "managed_globals_cache_hit": true, "managed_globals_ms": 0.014}, "queue_wait_ms": 21.146}
/opt/anaconda3/lib/python3.13/site-packages/flare_cores/cores.py:2508: FutureWarning: Series.__getitem__ treating keys as positions is deprecated. In a future version, integer keys will always be treated as labels (consistent with DataFrame behavior). To access a value by position, use `ser.iloc[pos]`
  if len(a) > 0 and np.isnan(a[0]):
/opt/anaconda3/lib/python3.13/site-packages/flare_cores/cores.py:2508: FutureWarning: Series.__getitem__ treating keys as positions is deprecated. In a future version, integer keys will always be treated as labels (consistent with DataFrame behavior). To access a value by position, use `ser.iloc[pos]`
  if len(a) > 0 and np.isnan(a[0]):
2026-05-04 09:04:36,602 INFO pycloud_parallel.service_timing {"event": "task_pool_timing", "pool_id": "2892838951c84294bb6f18ae8c2a1bce", "pool_name": "task-pool-33d82d4a27", "method": "get_fund_asset_ratio", "ok": true, "setup_ms": 0.0, "build_execute_spec_ms": 0.017, "executor_ms": 15104.715, "finalize_ms": 0.0, "total_ms": 15104.732, "error_type": "", "error_message": "", "subprocess": {"decode_ms": 0.894, "worker_decode_ms": 0.894, "invoke_ms": 15047.36, "invoke_wrapper_ms": 0.249, "user_fn_ms": 15047.074, "encode_ms": 1.362, "worker_encode_result_ms": 1.362, "managed_globals_cache_hit": true, "managed_globals_ms": 0.011}, "queue_wait_ms": 55.099}
2026-05-04 09:04:36,970 INFO pycloud_parallel.service_timing {"event": "task_pool_timing", "pool_id": "2892838951c84294bb6f18ae8c2a1bce", "pool_name": "task-pool-33d82d4a27", "method": "get_fund_asset_ratio", "ok": true, "setup_ms": 0.0, "build_execute_spec_ms": 0.027, "executor_ms": 15473.123, "finalize_ms": 0.0, "total_ms": 15473.15, "error_type": "", "error_message": "", "subprocess": {"decode_ms": 0.931, "worker_decode_ms": 0.931, "invoke_ms": 15434.97, "invoke_wrapper_ms": 0.244, "user_fn_ms": 15434.694, "encode_ms": 1.484, "worker_encode_result_ms": 1.484, "managed_globals_cache_hit": true, "managed_globals_ms": 0.012}, "queue_wait_ms": 35.738}
/opt/anaconda3/lib/python3.13/site-packages/flare_cores/cores.py:2508: FutureWarning: Series.__getitem__ treating keys as positions is deprecated. In a future version, integer keys will always be treated as labels (consistent with DataFrame behavior). To access a value by position, use `ser.iloc[pos]`
  if len(a) > 0 and np.isnan(a[0]):
2026-05-04 09:04:38,423 INFO pycloud_parallel.service_timing {"event": "task_pool_timing", "pool_id": "2892838951c84294bb6f18ae8c2a1bce", "pool_name": "task-pool-33d82d4a27", "method": "get_fund_asset_ratio", "ok": true, "setup_ms": 0.0, "build_execute_spec_ms": 0.027, "executor_ms": 16955.024, "finalize_ms": 0.0, "total_ms": 16955.051, "error_type": "", "error_message": "", "subprocess": {"decode_ms": 0.943, "worker_decode_ms": 0.943, "invoke_ms": 16879.877, "invoke_wrapper_ms": 0.259, "user_fn_ms": 16879.573, "encode_ms": 1.996, "worker_encode_result_ms": 1.996, "managed_globals_cache_hit": true, "managed_globals_ms": 0.012}, "queue_wait_ms": 72.208}
2026-05-04 09:04:39,063 INFO pycloud_parallel.service_timing {"event": "task_pool_timing", "pool_id": "2892838951c84294bb6f18ae8c2a1bce", "pool_name": "task-pool-33d82d4a27", "method": "get_fund_asset_ratio", "ok": true, "setup_ms": 0.0, "build_execute_spec_ms": 0.024, "executor_ms": 17574.59, "finalize_ms": 0.0, "total_ms": 17574.614, "error_type": "", "error_message": "", "subprocess": {"decode_ms": 0.978, "worker_decode_ms": 0.978, "invoke_ms": 17530.235, "invoke_wrapper_ms": 0.381, "user_fn_ms": 17529.82, "encode_ms": 1.538, "worker_encode_result_ms": 1.538, "managed_globals_cache_hit": true, "managed_globals_ms": 0.013}, "queue_wait_ms": 41.839}
/opt/anaconda3/lib/python3.13/site-packages/flare_cores/cores.py:2508: FutureWarning: Series.__getitem__ treating keys as positions is deprecated. In a future version, integer keys will always be treated as labels (consistent with DataFrame behavior). To access a value by position, use `ser.iloc[pos]`
  if len(a) > 0 and np.isnan(a[0]):
/opt/anaconda3/lib/python3.13/site-packages/flare_cores/cores.py:2508: FutureWarning: Series.__getitem__ treating keys as positions is deprecated. In a future version, integer keys will always be treated as labels (consistent with DataFrame behavior). To access a value by position, use `ser.iloc[pos]`
  if len(a) > 0 and np.isnan(a[0]):
2026-05-04 09:04:40,354 INFO pycloud_parallel.service_timing {"event": "task_pool_timing", "pool_id": "2892838951c84294bb6f18ae8c2a1bce", "pool_name": "task-pool-33d82d4a27", "method": "get_fund_asset_ratio", "ok": true, "setup_ms": 0.0, "build_execute_spec_ms": 0.025, "executor_ms": 18896.296, "finalize_ms": 0.0, "total_ms": 18896.321, "error_type": "", "error_message": "", "subprocess": {"decode_ms": 1.042, "worker_decode_ms": 1.042, "invoke_ms": 18790.927, "invoke_wrapper_ms": 0.283, "user_fn_ms": 18790.607, "encode_ms": 1.618, "worker_encode_result_ms": 1.618, "managed_globals_cache_hit": true, "managed_globals_ms": 0.014}, "queue_wait_ms": 102.709}
2026-05-04 09:04:40,518 INFO pycloud_parallel.service_timing {"event": "task_pool_timing", "pool_id": "2892838951c84294bb6f18ae8c2a1bce", "pool_name": "task-pool-33d82d4a27", "method": "get_fund_asset_ratio", "ok": true, "setup_ms": 0.0, "build_execute_spec_ms": 0.024, "executor_ms": 19067.915, "finalize_ms": 0.0, "total_ms": 19067.939, "error_type": "", "error_message": "", "subprocess": {"decode_ms": 0.974, "worker_decode_ms": 0.974, "invoke_ms": 19034.737, "invoke_wrapper_ms": 0.24, "user_fn_ms": 19034.464, "encode_ms": 1.666, "worker_encode_result_ms": 1.666, "managed_globals_cache_hit": true, "managed_globals_ms": 0.012}, "queue_wait_ms": 30.538}
/opt/anaconda3/lib/python3.13/site-packages/flare_cores/cores.py:2508: FutureWarning: Series.__getitem__ treating keys as positions is deprecated. In a future version, integer keys will always be treated as labels (consistent with DataFrame behavior). To access a value by position, use `ser.iloc[pos]`
  if len(a) > 0 and np.isnan(a[0]):
/opt/anaconda3/lib/python3.13/site-packages/flare_cores/cores.py:2508: FutureWarning: Series.__getitem__ treating keys as positions is deprecated. In a future version, integer keys will always be treated as labels (consistent with DataFrame behavior). To access a value by position, use `ser.iloc[pos]`
  if len(a) > 0 and np.isnan(a[0]):
/opt/anaconda3/lib/python3.13/site-packages/flare_cores/cores.py:2508: FutureWarning: Series.__getitem__ treating keys as positions is deprecated. In a future version, integer keys will always be treated as labels (consistent with DataFrame behavior). To access a value by position, use `ser.iloc[pos]`
  if len(a) > 0 and np.isnan(a[0]):
/opt/anaconda3/lib/python3.13/site-packages/flare_cores/cores.py:2508: FutureWarning: Series.__getitem__ treating keys as positions is deprecated. In a future version, integer keys will always be treated as labels (consistent with DataFrame behavior). To access a value by position, use `ser.iloc[pos]`
  if len(a) > 0 and np.isnan(a[0]):
2026-05-04 09:04:43,790 INFO pycloud_parallel.service_timing {"event": "task_pool_timing", "pool_id": "2892838951c84294bb6f18ae8c2a1bce", "pool_name": "task-pool-33d82d4a27", "method": "get_fund_asset_ratio", "ok": true, "setup_ms": 0.0, "build_execute_spec_ms": 0.023, "executor_ms": 22288.296, "finalize_ms": 0.0, "total_ms": 22288.319, "error_type": "", "error_message": "", "subprocess": {"decode_ms": 1.002, "worker_decode_ms": 1.002, "invoke_ms": 11623.427, "invoke_wrapper_ms": 0.082, "user_fn_ms": 11623.328, "encode_ms": 1.203, "worker_encode_result_ms": 1.203, "managed_globals_cache_hit": true, "managed_globals_ms": 0.011}, "queue_wait_ms": 10662.664}
2026-05-04 09:04:44,425 INFO pycloud_parallel.service_timing {"event": "task_pool_timing", "pool_id": "2892838951c84294bb6f18ae8c2a1bce", "pool_name": "task-pool-33d82d4a27", "method": "get_fund_asset_ratio", "ok": true, "setup_ms": 0.0, "build_execute_spec_ms": 0.027, "executor_ms": 22921.379, "finalize_ms": 0.0, "total_ms": 22921.406, "error_type": "", "error_message": "", "subprocess": {"decode_ms": 0.843, "worker_decode_ms": 0.843, "invoke_ms": 10657.956, "invoke_wrapper_ms": 0.081, "user_fn_ms": 10657.858, "encode_ms": 1.207, "worker_encode_result_ms": 1.207, "managed_globals_cache_hit": true, "managed_globals_ms": 0.01}, "queue_wait_ms": 12261.373}
2026-05-04 09:04:45,659 INFO pycloud_parallel.service_timing {"event": "task_pool_timing", "pool_id": "2892838951c84294bb6f18ae8c2a1bce", "pool_name": "task-pool-33d82d4a27", "method": "get_fund_asset_ratio", "ok": true, "setup_ms": 0.0, "build_execute_spec_ms": 0.022, "executor_ms": 24155.37, "finalize_ms": 0.0, "total_ms": 24155.392, "error_type": "", "error_message": "", "subprocess": {"decode_ms": 1.144, "worker_decode_ms": 1.144, "invoke_ms": 10857.889, "invoke_wrapper_ms": 0.078, "user_fn_ms": 10857.796, "encode_ms": 1.128, "worker_encode_result_ms": 1.128, "managed_globals_cache_hit": true, "managed_globals_ms": 0.01}, "queue_wait_ms": 13295.209}
/opt/anaconda3/lib/python3.13/site-packages/flare_cores/cores.py:2508: FutureWarning: Series.__getitem__ treating keys as positions is deprecated. In a future version, integer keys will always be treated as labels (consistent with DataFrame behavior). To access a value by position, use `ser.iloc[pos]`
  if len(a) > 0 and np.isnan(a[0]):
/opt/anaconda3/lib/python3.13/site-packages/flare_cores/cores.py:2508: FutureWarning: Series.__getitem__ treating keys as positions is deprecated. In a future version, integer keys will always be treated as labels (consistent with DataFrame behavior). To access a value by position, use `ser.iloc[pos]`
  if len(a) > 0 and np.isnan(a[0]):
2026-05-04 09:04:46,726 INFO pycloud_parallel.service_timing {"event": "task_pool_timing", "pool_id": "2892838951c84294bb6f18ae8c2a1bce", "pool_name": "task-pool-33d82d4a27", "method": "get_fund_asset_ratio", "ok": true, "setup_ms": 0.0, "build_execute_spec_ms": 0.014, "executor_ms": 25221.482, "finalize_ms": 0.0, "total_ms": 25221.496, "error_type": "", "error_message": "", "subprocess": {"decode_ms": 0.768, "worker_decode_ms": 0.768, "invoke_ms": 9683.408, "invoke_wrapper_ms": 0.085, "user_fn_ms": 9683.291, "encode_ms": 3.381, "worker_encode_result_ms": 3.381, "managed_globals_cache_hit": true, "managed_globals_ms": 0.009}, "queue_wait_ms": 15533.925}
2026-05-04 09:04:46,940 INFO pycloud_parallel.service_timing {"event": "task_pool_timing", "pool_id": "2892838951c84294bb6f18ae8c2a1bce", "pool_name": "task-pool-33d82d4a27", "method": "get_fund_asset_ratio", "ok": true, "setup_ms": 0.0, "build_execute_spec_ms": 0.013, "executor_ms": 25435.278, "finalize_ms": 0.0, "total_ms": 25435.291, "error_type": "", "error_message": "", "subprocess": {"decode_ms": 0.755, "worker_decode_ms": 0.755, "invoke_ms": 10367.602, "invoke_wrapper_ms": 0.09, "user_fn_ms": 10367.491, "encode_ms": 1.761, "worker_encode_result_ms": 1.761, "managed_globals_cache_hit": true, "managed_globals_ms": 0.01}, "queue_wait_ms": 15065.16}
/opt/anaconda3/lib/python3.13/site-packages/flare_cores/cores.py:2508: FutureWarning: Series.__getitem__ treating keys as positions is deprecated. In a future version, integer keys will always be treated as labels (consistent with DataFrame behavior). To access a value by position, use `ser.iloc[pos]`
  if len(a) > 0 and np.isnan(a[0]):
2026-05-04 09:04:47,859 INFO pycloud_parallel.service_timing {"event": "task_pool_timing", "pool_id": "2892838951c84294bb6f18ae8c2a1bce", "pool_name": "task-pool-33d82d4a27", "method": "get_fund_asset_ratio", "ok": true, "setup_ms": 0.0, "build_execute_spec_ms": 0.053, "executor_ms": 11177.325, "finalize_ms": 0.0, "total_ms": 11177.378, "error_type": "", "error_message": "", "subprocess": {"decode_ms": 0.703, "worker_decode_ms": 0.703, "invoke_ms": 7286.988, "invoke_wrapper_ms": 0.097, "user_fn_ms": 7286.873, "encode_ms": 8.032, "worker_encode_result_ms": 8.032, "managed_globals_cache_hit": true, "managed_globals_ms": 0.009}, "queue_wait_ms": 3881.602}
2026-05-04 09:04:47,914 INFO pycloud_parallel.service_timing {"event": "task_pool_timing", "pool_id": "2892838951c84294bb6f18ae8c2a1bce", "pool_name": "task-pool-33d82d4a27", "method": "get_fund_asset_ratio", "ok": true, "setup_ms": 0.0, "build_execute_spec_ms": 0.052, "executor_ms": 15646.414, "finalize_ms": 0.0, "total_ms": 15646.466, "error_type": "", "error_message": "", "subprocess": {"decode_ms": 0.891, "worker_decode_ms": 0.891, "invoke_ms": 9478.877, "invoke_wrapper_ms": 0.106, "user_fn_ms": 9478.755, "encode_ms": 1.136, "worker_encode_result_ms": 1.136, "managed_globals_cache_hit": true, "managed_globals_ms": 0.011}, "queue_wait_ms": 6165.51}
/opt/anaconda3/lib/python3.13/site-packages/flare_cores/cores.py:2508: FutureWarning: Series.__getitem__ treating keys as positions is deprecated. In a future version, integer keys will always be treated as labels (consistent with DataFrame behavior). To access a value by position, use `ser.iloc[pos]`
  if len(a) > 0 and np.isnan(a[0]):
2026-05-04 09:04:48,286 INFO pycloud_parallel.service_timing {"event": "task_pool_timing", "pool_id": "2892838951c84294bb6f18ae8c2a1bce", "pool_name": "task-pool-33d82d4a27", "method": "get_fund_asset_ratio", "ok": true, "setup_ms": 0.0, "build_execute_spec_ms": 0.055, "executor_ms": 14514.035, "finalize_ms": 0.0, "total_ms": 14514.09, "error_type": "", "error_message": "", "subprocess": {"decode_ms": 1.223, "worker_decode_ms": 1.223, "invoke_ms": 9141.304, "invoke_wrapper_ms": 0.087, "user_fn_ms": 9141.204, "encode_ms": 1.266, "worker_encode_result_ms": 1.266, "managed_globals_cache_hit": true, "managed_globals_ms": 0.011}, "queue_wait_ms": 5370.242}
/opt/anaconda3/lib/python3.13/site-packages/flare_cores/cores.py:2508: FutureWarning: Series.__getitem__ treating keys as positions is deprecated. In a future version, integer keys will always be treated as labels (consistent with DataFrame behavior). To access a value by position, use `ser.iloc[pos]`
  if len(a) > 0 and np.isnan(a[0]):
2026-05-04 09:04:48,443 INFO pycloud_parallel.service_timing {"event": "task_pool_timing", "pool_id": "2892838951c84294bb6f18ae8c2a1bce", "pool_name": "task-pool-33d82d4a27", "method": "get_fund_asset_ratio", "ok": true, "setup_ms": 0.0, "build_execute_spec_ms": 0.058, "executor_ms": 13621.837, "finalize_ms": 0.0, "total_ms": 13621.895, "error_type": "", "error_message": "", "subprocess": {"decode_ms": 5.587, "worker_decode_ms": 5.587, "invoke_ms": 8095.914, "invoke_wrapper_ms": 0.079, "user_fn_ms": 8083.577, "encode_ms": 1.779, "worker_encode_result_ms": 1.779, "managed_globals_cache_hit": true, "managed_globals_ms": 0.01}, "queue_wait_ms": 5518.557}
2026-05-04 09:04:48,661 INFO pycloud_parallel.service_timing {"event": "task_pool_timing", "pool_id": "2892838951c84294bb6f18ae8c2a1bce", "pool_name": "task-pool-33d82d4a27", "method": "get_fund_asset_ratio", "ok": true, "setup_ms": 0.0, "build_execute_spec_ms": 0.065, "executor_ms": 27215.491, "finalize_ms": 0.0, "total_ms": 27215.556, "error_type": "", "error_message": "", "subprocess": {"decode_ms": 3.531, "worker_decode_ms": 3.531, "invoke_ms": 27163.659, "invoke_wrapper_ms": 0.233, "user_fn_ms": 27163.38, "encode_ms": 1.942, "worker_encode_result_ms": 1.942, "managed_globals_cache_hit": true, "managed_globals_ms": 0.141}, "queue_wait_ms": 46.359}
/opt/anaconda3/lib/python3.13/site-packages/flare_cores/cores.py:2508: FutureWarning: Series.__getitem__ treating keys as positions is deprecated. In a future version, integer keys will always be treated as labels (consistent with DataFrame behavior). To access a value by position, use `ser.iloc[pos]`
  if len(a) > 0 and np.isnan(a[0]):
/opt/anaconda3/lib/python3.13/site-packages/flare_cores/cores.py:2508: FutureWarning: Series.__getitem__ treating keys as positions is deprecated. In a future version, integer keys will always be treated as labels (consistent with DataFrame behavior). To access a value by position, use `ser.iloc[pos]`
  if len(a) > 0 and np.isnan(a[0]):
/opt/anaconda3/lib/python3.13/site-packages/flare_cores/cores.py:2508: FutureWarning: Series.__getitem__ treating keys as positions is deprecated. In a future version, integer keys will always be treated as labels (consistent with DataFrame behavior). To access a value by position, use `ser.iloc[pos]`
  if len(a) > 0 and np.isnan(a[0]):
/opt/anaconda3/lib/python3.13/site-packages/flare_cores/cores.py:2508: FutureWarning: Series.__getitem__ treating keys as positions is deprecated. In a future version, integer keys will always be treated as labels (consistent with DataFrame behavior). To access a value by position, use `ser.iloc[pos]`
  if len(a) > 0 and np.isnan(a[0]):
/opt/anaconda3/lib/python3.13/site-packages/flare_cores/cores.py:2508: FutureWarning: Series.__getitem__ treating keys as positions is deprecated. In a future version, integer keys will always be treated as labels (consistent with DataFrame behavior). To access a value by position, use `ser.iloc[pos]`
  if len(a) > 0 and np.isnan(a[0]):
2026-05-04 09:04:50,742 INFO pycloud_parallel.service_timing {"event": "task_pool_timing", "pool_id": "2892838951c84294bb6f18ae8c2a1bce", "pool_name": "task-pool-33d82d4a27", "method": "get_fund_asset_ratio", "ok": true, "setup_ms": 0.0, "build_execute_spec_ms": 0.055, "executor_ms": 3713.187, "finalize_ms": 0.0, "total_ms": 3713.242, "error_type": "", "error_message": "", "subprocess": {"decode_ms": 1.024, "worker_decode_ms": 1.024, "invoke_ms": 2043.845, "invoke_wrapper_ms": 0.079, "user_fn_ms": 2043.748, "encode_ms": 1.082, "worker_encode_result_ms": 1.082, "managed_globals_cache_hit": true, "managed_globals_ms": 0.009}, "queue_wait_ms": 1667.236}
2026-05-04 09:04:50,955 INFO pycloud_parallel.service_timing {"event": "task_pool_timing", "pool_id": "2892838951c84294bb6f18ae8c2a1bce", "pool_name": "task-pool-33d82d4a27", "method": "get_fund_asset_ratio", "ok": true, "setup_ms": 0.0, "build_execute_spec_ms": 0.06, "executor_ms": 13941.043, "finalize_ms": 0.0, "total_ms": 13941.103, "error_type": "", "error_message": "", "subprocess": {"decode_ms": 0.97, "worker_decode_ms": 0.97, "invoke_ms": 7151.085, "invoke_wrapper_ms": 0.064, "user_fn_ms": 7151.0, "encode_ms": 2.947, "worker_encode_result_ms": 2.947, "managed_globals_cache_hit": true, "managed_globals_ms": 0.007}, "queue_wait_ms": 6786.041}
/opt/anaconda3/lib/python3.13/site-packages/flare_cores/cores.py:2508: FutureWarning: Series.__getitem__ treating keys as positions is deprecated. In a future version, integer keys will always be treated as labels (consistent with DataFrame behavior). To access a value by position, use `ser.iloc[pos]`
  if len(a) > 0 and np.isnan(a[0]):
/opt/anaconda3/lib/python3.13/site-packages/flare_cores/cores.py:2508: FutureWarning: Series.__getitem__ treating keys as positions is deprecated. In a future version, integer keys will always be treated as labels (consistent with DataFrame behavior). To access a value by position, use `ser.iloc[pos]`
  if len(a) > 0 and np.isnan(a[0]):
2026-05-04 09:04:51,486 INFO pycloud_parallel.service_timing {"event": "task_pool_timing", "pool_id": "2892838951c84294bb6f18ae8c2a1bce", "pool_name": "task-pool-33d82d4a27", "method": "get_fund_asset_ratio", "ok": true, "setup_ms": 0.0, "build_execute_spec_ms": 0.052, "executor_ms": 3603.501, "finalize_ms": 0.0, "total_ms": 3603.553, "error_type": "", "error_message": "", "subprocess": {"decode_ms": 0.926, "worker_decode_ms": 0.926, "invoke_ms": 766.439, "invoke_wrapper_ms": 0.099, "user_fn_ms": 766.323, "encode_ms": 1.218, "worker_encode_result_ms": 1.218, "managed_globals_cache_hit": true, "managed_globals_ms": 0.01}, "queue_wait_ms": 2834.918}
2026-05-04 09:04:51,648 INFO pycloud_parallel.service_timing {"event": "task_pool_timing", "pool_id": "2892838951c84294bb6f18ae8c2a1bce", "pool_name": "task-pool-33d82d4a27", "method": "get_fund_asset_ratio", "ok": true, "setup_ms": 0.0, "build_execute_spec_ms": 0.051, "executor_ms": 13141.265, "finalize_ms": 0.0, "total_ms": 13141.316, "error_type": "", "error_message": "", "subprocess": {"decode_ms": 0.828, "worker_decode_ms": 0.828, "invoke_ms": 7175.73, "invoke_wrapper_ms": 0.072, "user_fn_ms": 7175.644, "encode_ms": 22.181, "worker_encode_result_ms": 22.181, "managed_globals_cache_hit": true, "managed_globals_ms": 0.01}, "queue_wait_ms": 5942.526}
2026-05-04 09:04:51,756 INFO pycloud_parallel.service_timing {"event": "task_pool_timing", "pool_id": "2892838951c84294bb6f18ae8c2a1bce", "pool_name": "task-pool-33d82d4a27", "method": "get_fund_asset_ratio", "ok": true, "setup_ms": 0.0, "build_execute_spec_ms": 0.054, "executor_ms": 6037.556, "finalize_ms": 0.0, "total_ms": 6037.61, "error_type": "", "error_message": "", "subprocess": {"decode_ms": 0.664, "worker_decode_ms": 0.664, "invoke_ms": 3505.091, "invoke_wrapper_ms": 0.061, "user_fn_ms": 3505.015, "encode_ms": 1.512, "worker_encode_result_ms": 1.512, "managed_globals_cache_hit": true, "managed_globals_ms": 0.007}, "queue_wait_ms": 2530.289}
/opt/anaconda3/lib/python3.13/site-packages/flare_cores/cores.py:2508: FutureWarning: Series.__getitem__ treating keys as positions is deprecated. In a future version, integer keys will always be treated as labels (consistent with DataFrame behavior). To access a value by position, use `ser.iloc[pos]`
  if len(a) > 0 and np.isnan(a[0]):
2026-05-04 09:04:51,865 INFO pycloud_parallel.service_timing {"event": "task_pool_timing", "pool_id": "2892838951c84294bb6f18ae8c2a1bce", "pool_name": "task-pool-33d82d4a27", "method": "get_fund_asset_ratio", "ok": true, "setup_ms": 0.0, "build_execute_spec_ms": 0.054, "executor_ms": 3869.127, "finalize_ms": 0.0, "total_ms": 3869.181, "error_type": "", "error_message": "", "subprocess": {"decode_ms": 0.727, "worker_decode_ms": 0.727, "invoke_ms": 914.165, "invoke_wrapper_ms": 0.071, "user_fn_ms": 914.082, "encode_ms": 0.932, "worker_encode_result_ms": 0.932, "managed_globals_cache_hit": true, "managed_globals_ms": 0.011}, "queue_wait_ms": 2953.303}
/opt/anaconda3/lib/python3.13/site-packages/flare_cores/cores.py:2508: FutureWarning: Series.__getitem__ treating keys as positions is deprecated. In a future version, integer keys will always be treated as labels (consistent with DataFrame behavior). To access a value by position, use `ser.iloc[pos]`
  if len(a) > 0 and np.isnan(a[0]):
/opt/anaconda3/lib/python3.13/site-packages/flare_cores/cores.py:2508: FutureWarning: Series.__getitem__ treating keys as positions is deprecated. In a future version, integer keys will always be treated as labels (consistent with DataFrame behavior). To access a value by position, use `ser.iloc[pos]`
  if len(a) > 0 and np.isnan(a[0]):
/opt/anaconda3/lib/python3.13/site-packages/flare_cores/cores.py:2508: FutureWarning: Series.__getitem__ treating keys as positions is deprecated. In a future version, integer keys will always be treated as labels (consistent with DataFrame behavior). To access a value by position, use `ser.iloc[pos]`
  if len(a) > 0 and np.isnan(a[0]):
2026-05-04 09:04:52,023 INFO pycloud_parallel.service_timing {"event": "task_pool_timing", "pool_id": "2892838951c84294bb6f18ae8c2a1bce", "pool_name": "task-pool-33d82d4a27", "method": "get_fund_asset_ratio", "ok": true, "setup_ms": 0.0, "build_execute_spec_ms": 0.055, "executor_ms": 1247.258, "finalize_ms": 0.0, "total_ms": 1247.313, "error_type": "", "error_message": "", "subprocess": {"decode_ms": 0.498, "worker_decode_ms": 0.498, "invoke_ms": 141.22, "invoke_wrapper_ms": 0.062, "user_fn_ms": 141.14, "encode_ms": 0.917, "worker_encode_result_ms": 0.917, "managed_globals_cache_hit": true, "managed_globals_ms": 0.005}, "queue_wait_ms": 1104.623}
/opt/anaconda3/lib/python3.13/site-packages/flare_cores/cores.py:2508: FutureWarning: Series.__getitem__ treating keys as positions is deprecated. In a future version, integer keys will always be treated as labels (consistent with DataFrame behavior). To access a value by position, use `ser.iloc[pos]`
  if len(a) > 0 and np.isnan(a[0]):
2026-05-04 09:04:52,186 INFO pycloud_parallel.service_timing {"event": "task_pool_timing", "pool_id": "2892838951c84294bb6f18ae8c2a1bce", "pool_name": "task-pool-33d82d4a27", "method": "get_fund_asset_ratio", "ok": true, "setup_ms": 0.0, "build_execute_spec_ms": 0.059, "executor_ms": 1195.201, "finalize_ms": 0.0, "total_ms": 1195.26, "error_type": "", "error_message": "", "subprocess": {"decode_ms": 0.62, "worker_decode_ms": 0.62, "invoke_ms": 153.691, "invoke_wrapper_ms": 0.071, "user_fn_ms": 153.608, "encode_ms": 0.791, "worker_encode_result_ms": 0.791, "managed_globals_cache_hit": true, "managed_globals_ms": 0.007}, "queue_wait_ms": 1040.099}
2026-05-04 09:04:52,186 INFO pycloud_parallel.service_timing {"event": "task_pool_timing", "pool_id": "2892838951c84294bb6f18ae8c2a1bce", "pool_name": "task-pool-33d82d4a27", "method": "get_fund_asset_ratio", "ok": true, "setup_ms": 0.0, "build_execute_spec_ms": 0.058, "executor_ms": 3419.757, "finalize_ms": 0.0, "total_ms": 3419.815, "error_type": "", "error_message": "", "subprocess": {"decode_ms": 0.732, "worker_decode_ms": 0.732, "invoke_ms": 437.788, "invoke_wrapper_ms": 0.135, "user_fn_ms": 437.64, "encode_ms": 1.253, "worker_encode_result_ms": 1.253, "managed_globals_cache_hit": true, "managed_globals_ms": 0.007}, "queue_wait_ms": 2979.984}
/opt/anaconda3/lib/python3.13/site-packages/flare_cores/cores.py:2508: FutureWarning: Series.__getitem__ treating keys as positions is deprecated. In a future version, integer keys will always be treated as labels (consistent with DataFrame behavior). To access a value by position, use `ser.iloc[pos]`
  if len(a) > 0 and np.isnan(a[0]):
2026-05-04 09:04:52,294 INFO pycloud_parallel.service_timing {"event": "task_pool_timing", "pool_id": "2892838951c84294bb6f18ae8c2a1bce", "pool_name": "task-pool-33d82d4a27", "method": "get_fund_asset_ratio", "ok": true, "setup_ms": 0.0, "build_execute_spec_ms": 0.056, "executor_ms": 558.049, "finalize_ms": 0.0, "total_ms": 558.105, "error_type": "", "error_message": "", "subprocess": {"decode_ms": 0.63, "worker_decode_ms": 0.63, "invoke_ms": 73.257, "invoke_wrapper_ms": 0.063, "user_fn_ms": 73.181, "encode_ms": 1.12, "worker_encode_result_ms": 1.12, "managed_globals_cache_hit": true, "managed_globals_ms": 0.006}, "queue_wait_ms": 483.042}
/opt/anaconda3/lib/python3.13/site-packages/flare_cores/cores.py:2508: FutureWarning: Series.__getitem__ treating keys as positions is deprecated. In a future version, integer keys will always be treated as labels (consistent with DataFrame behavior). To access a value by position, use `ser.iloc[pos]`
  if len(a) > 0 and np.isnan(a[0]):
/opt/anaconda3/lib/python3.13/site-packages/flare_cores/cores.py:2508: FutureWarning: Series.__getitem__ treating keys as positions is deprecated. In a future version, integer keys will always be treated as labels (consistent with DataFrame behavior). To access a value by position, use `ser.iloc[pos]`
  if len(a) > 0 and np.isnan(a[0]):
/opt/anaconda3/lib/python3.13/site-packages/flare_cores/cores.py:2508: FutureWarning: Series.__getitem__ treating keys as positions is deprecated. In a future version, integer keys will always be treated as labels (consistent with DataFrame behavior). To access a value by position, use `ser.iloc[pos]`
  if len(a) > 0 and np.isnan(a[0]):
2026-05-04 09:04:52,349 INFO pycloud_parallel.service_timing {"event": "task_pool_timing", "pool_id": "2892838951c84294bb6f18ae8c2a1bce", "pool_name": "task-pool-33d82d4a27", "method": "get_fund_asset_ratio", "ok": true, "setup_ms": 0.0, "build_execute_spec_ms": 0.066, "executor_ms": 824.676, "finalize_ms": 0.0, "total_ms": 824.742, "error_type": "", "error_message": "", "subprocess": {"decode_ms": 0.531, "worker_decode_ms": 0.531, "invoke_ms": 165.036, "invoke_wrapper_ms": 0.059, "user_fn_ms": 164.966, "encode_ms": 0.694, "worker_encode_result_ms": 0.694, "managed_globals_cache_hit": true, "managed_globals_ms": 0.005}, "queue_wait_ms": 658.415}
2026-05-04 09:04:52,350 INFO pycloud_parallel.service_timing {"event": "task_pool_timing", "pool_id": "2892838951c84294bb6f18ae8c2a1bce", "pool_name": "task-pool-33d82d4a27", "method": "get_fund_asset_ratio", "ok": true, "setup_ms": 0.0, "build_execute_spec_ms": 0.064, "executor_ms": 3800.0, "finalize_ms": 0.0, "total_ms": 3800.064, "error_type": "", "error_message": "", "subprocess": {"decode_ms": 0.766, "worker_decode_ms": 0.766, "invoke_ms": 689.516, "invoke_wrapper_ms": 0.14, "user_fn_ms": 689.361, "encode_ms": 2.694, "worker_encode_result_ms": 2.694, "managed_globals_cache_hit": true, "managed_globals_ms": 0.007}, "queue_wait_ms": 3107.024}
2026-05-04 09:04:52,350 INFO pycloud_parallel.service_timing {"event": "task_pool_timing", "pool_id": "2892838951c84294bb6f18ae8c2a1bce", "pool_name": "task-pool-33d82d4a27", "method": "get_fund_asset_ratio", "ok": true, "setup_ms": 0.0, "build_execute_spec_ms": 0.054, "executor_ms": 261.018, "finalize_ms": 0.0, "total_ms": 261.072, "error_type": "", "error_message": "", "subprocess": {"decode_ms": 0.503, "worker_decode_ms": 0.503, "invoke_ms": 2.617, "invoke_wrapper_ms": 0.057, "user_fn_ms": 2.551, "encode_ms": 0.075, "worker_encode_result_ms": 0.075, "managed_globals_cache_hit": true, "managed_globals_ms": 0.005}, "queue_wait_ms": 257.823}
2026-05-04 09:04:52,350 INFO pycloud_parallel.service_timing {"event": "task_pool_timing", "pool_id": "2892838951c84294bb6f18ae8c2a1bce", "pool_name": "task-pool-33d82d4a27", "method": "get_fund_asset_ratio", "ok": true, "setup_ms": 0.0, "build_execute_spec_ms": 0.058, "executor_ms": 11893.829, "finalize_ms": 0.0, "total_ms": 11893.887, "error_type": "", "error_message": "", "subprocess": {"decode_ms": 1.027, "worker_decode_ms": 1.027, "invoke_ms": 5661.688, "invoke_wrapper_ms": 0.074, "user_fn_ms": 5661.601, "encode_ms": 0.98, "worker_encode_result_ms": 0.98, "managed_globals_cache_hit": true, "managed_globals_ms": 0.008}, "queue_wait_ms": 6230.134}
2026-05-04 09:04:52,350 INFO pycloud_parallel.service_timing {"event": "task_pool_timing", "pool_id": "2892838951c84294bb6f18ae8c2a1bce", "pool_name": "task-pool-33d82d4a27", "method": "get_fund_asset_ratio", "ok": true, "setup_ms": 0.0, "build_execute_spec_ms": 0.062, "executor_ms": 4017.008, "finalize_ms": 0.0, "total_ms": 4017.07, "error_type": "", "error_message": "", "subprocess": {"decode_ms": 0.594, "worker_decode_ms": 0.594, "invoke_ms": 872.984, "invoke_wrapper_ms": 0.071, "user_fn_ms": 872.898, "encode_ms": 1.134, "worker_encode_result_ms": 1.134, "managed_globals_cache_hit": true, "managed_globals_ms": 0.006}, "queue_wait_ms": 3142.296}
2026-05-04 09:04:52,350 INFO pycloud_parallel.service_timing {"event": "task_pool_timing", "pool_id": "2892838951c84294bb6f18ae8c2a1bce", "pool_name": "task-pool-33d82d4a27", "method": "get_fund_asset_ratio", "ok": true, "setup_ms": 0.0, "build_execute_spec_ms": 0.065, "executor_ms": 498.872, "finalize_ms": 0.0, "total_ms": 498.937, "error_type": "", "error_message": "", "subprocess": {"decode_ms": 0.498, "worker_decode_ms": 0.498, "invoke_ms": 86.917, "invoke_wrapper_ms": 0.056, "user_fn_ms": 86.851, "encode_ms": 0.69, "worker_encode_result_ms": 0.69, "managed_globals_cache_hit": true, "managed_globals_ms": 0.006}, "queue_wait_ms": 410.767}
2026-05-04 09:04:52,406 INFO pycloud_parallel.service_timing {"event": "task_pool_timing", "pool_id": "2892838951c84294bb6f18ae8c2a1bce", "pool_name": "task-pool-33d82d4a27", "method": "get_fund_asset_ratio", "ok": true, "setup_ms": 0.0, "build_execute_spec_ms": 0.063, "executor_ms": 441.942, "finalize_ms": 0.0, "total_ms": 442.005, "error_type": "", "error_message": "", "subprocess": {"decode_ms": 0.436, "worker_decode_ms": 0.436, "invoke_ms": 34.768, "invoke_wrapper_ms": 0.054, "user_fn_ms": 34.698, "encode_ms": 0.881, "worker_encode_result_ms": 0.881, "managed_globals_cache_hit": true, "managed_globals_ms": 0.005}, "queue_wait_ms": 405.857}
2026-05-04 09:04:52,406 INFO pycloud_parallel.service_timing {"event": "task_pool_timing", "pool_id": "2892838951c84294bb6f18ae8c2a1bce", "pool_name": "task-pool-33d82d4a27", "method": "get_fund_asset_ratio", "ok": true, "setup_ms": 0.0, "build_execute_spec_ms": 0.053, "executor_ms": 8521.759, "finalize_ms": 0.0, "total_ms": 8521.812, "error_type": "", "error_message": "", "subprocess": {"decode_ms": 0.737, "worker_decode_ms": 0.737, "invoke_ms": 4552.578, "invoke_wrapper_ms": 0.064, "user_fn_ms": 4552.499, "encode_ms": 1.402, "worker_encode_result_ms": 1.402, "managed_globals_cache_hit": true, "managed_globals_ms": 0.007}, "queue_wait_ms": 3967.042}
2026-05-04 09:04:52,407 INFO pycloud_parallel.service_timing {"event": "task_pool_timing", "pool_id": "2892838951c84294bb6f18ae8c2a1bce", "pool_name": "task-pool-33d82d4a27", "method": "get_fund_asset_ratio", "ok": true, "setup_ms": 0.0, "build_execute_spec_ms": 0.058, "executor_ms": 5608.664, "finalize_ms": 0.0, "total_ms": 5608.722, "error_type": "", "error_message": "", "subprocess": {"decode_ms": 1.881, "worker_decode_ms": 1.881, "invoke_ms": 3941.793, "invoke_wrapper_ms": 0.087, "user_fn_ms": 3941.688, "encode_ms": 1.695, "worker_encode_result_ms": 1.695, "managed_globals_cache_hit": true, "managed_globals_ms": 0.01}, "queue_wait_ms": 1663.295}
2026-05-04 09:04:52,516 INFO pycloud_parallel.service_timing {"event": "task_pool_timing", "pool_id": "2892838951c84294bb6f18ae8c2a1bce", "pool_name": "task-pool-33d82d4a27", "method": "get_fund_asset_ratio", "ok": true, "setup_ms": 0.0, "build_execute_spec_ms": 0.052, "executor_ms": 11923.77, "finalize_ms": 0.0, "total_ms": 11923.822, "error_type": "", "error_message": "", "subprocess": {"decode_ms": 1.084, "worker_decode_ms": 1.084, "invoke_ms": 5558.301, "invoke_wrapper_ms": 0.079, "user_fn_ms": 5558.205, "encode_ms": 1.44, "worker_encode_result_ms": 1.44, "managed_globals_cache_hit": true, "managed_globals_ms": 0.008}, "queue_wait_ms": 6362.945}
2026-05-04 09:04:52,570 INFO pycloud_parallel.service_timing {"event": "task_pool_timing", "pool_id": "2892838951c84294bb6f18ae8c2a1bce", "pool_name": "task-pool-33d82d4a27", "method": "get_fund_asset_ratio", "ok": true, "setup_ms": 0.0, "build_execute_spec_ms": 0.064, "executor_ms": 8040.69, "finalize_ms": 0.0, "total_ms": 8040.754, "error_type": "", "error_message": "", "subprocess": {"decode_ms": 0.648, "worker_decode_ms": 0.648, "invoke_ms": 4665.05, "invoke_wrapper_ms": 0.06, "user_fn_ms": 4664.977, "encode_ms": 0.969, "worker_encode_result_ms": 0.969, "managed_globals_cache_hit": true, "managed_globals_ms": 0.007}, "queue_wait_ms": 3374.023}
2026-05-04 09:04:52,570 INFO pycloud_parallel.service_timing {"event": "task_pool_timing", "pool_id": "2892838951c84294bb6f18ae8c2a1bce", "pool_name": "task-pool-33d82d4a27", "method": "get_fund_asset_ratio", "ok": true, "setup_ms": 0.0, "build_execute_spec_ms": 0.052, "executor_ms": 13395.152, "finalize_ms": 0.0, "total_ms": 13395.204, "error_type": "", "error_message": "", "subprocess": {"decode_ms": 0.639, "worker_decode_ms": 0.639, "invoke_ms": 6940.168, "invoke_wrapper_ms": 0.062, "user_fn_ms": 6940.09, "encode_ms": 1.142, "worker_encode_result_ms": 1.142, "managed_globals_cache_hit": true, "managed_globals_ms": 0.007}, "queue_wait_ms": 6453.203}
 re minimize 
I0504 09:04:52.696119 7520840 fork_posix.cc:71] Other threads are currently calling into gRPC, skipping fork() handlers
I0504 09:04:52.700419 7520858 ev_poll_posix.cc:593] FD from fork parent still in poll list: fd(6, generation: 1)
2026-05-04 09:06:42,332 INFO __main__ [Server] NodeControl registrar stop node_id=node-2
2026-05-04 09:06:42,333 INFO __main__ [Server] HTTP NodeControl stop base_url=http://127.0.0.1:19082
2026-05-04 09:06:47,084 INFO __main__ [Server] starting NodeControl bind=127.0.0.1:50062 node_id=node-2 infocenter=127.0.0.1:50051 advertise=127.0.0.1:50062 node_http=http://127.0.0.1:19082 log_level=INFO
2026-05-04 09:06:47,098 INFO __main__ [Server] HTTP NodeControl started base_url=http://127.0.0.1:19082
2026-05-04 09:06:47,098 INFO __main__ [Server] NodeControl registrar start node_id=node-2 infocenter=127.0.0.1:50051 advertise=127.0.0.1:50062
2026-05-04 09:06:47,115 INFO pycloud_parallel.controlplane.registrar [Registrar] node register node_id=node-2 node_instance_id=node-2-4a09c4556f9a control_addr=127.0.0.1:50062 hb=5 service_count=0 task_pool_count=0
I0504 09:07:04.122166 7523818 fork_posix.cc:71] Other threads are currently calling into gRPC, skipping fork() handlers
I0504 09:07:04.124516 7523852 ev_poll_posix.cc:593] FD from fork parent still in poll list: fd(6, generation: 1)
I0504 09:07:04.127282 7523818 fork_posix.cc:71] Other threads are currently calling into gRPC, skipping fork() handlers
I0504 09:07:04.129275 7523903 ev_poll_posix.cc:593] FD from fork parent still in poll list: fd(6, generation: 1)
I0504 09:07:04.129412 7523903 ev_poll_posix.cc:593] FD from fork parent still in poll list: fd(6, generation: 1)
I0504 09:07:04.129443 7523903 ev_poll_posix.cc:593] FD from fork parent still in poll list: fd(6, generation: 1)
I0504 09:07:04.129449 7523903 ev_poll_posix.cc:593] FD from fork parent still in poll list: fd(6, generation: 1)
I0504 09:07:04.129454 7523903 ev_poll_posix.cc:593] FD from fork parent still in poll list: fd(6, generation: 1)
I0504 09:07:04.129458 7523903 ev_poll_posix.cc:593] FD from fork parent still in poll list: fd(6, generation: 1)
I0504 09:07:04.129463 7523903 ev_poll_posix.cc:593] FD from fork parent still in poll list: fd(6, generation: 1)
I0504 09:07:04.129467 7523903 ev_poll_posix.cc:593] FD from fork parent still in poll list: fd(6, generation: 1)
I0504 09:07:04.129470 7523903 ev_poll_posix.cc:593] FD from fork parent still in poll list: fd(6, generation: 1)
I0504 09:07:04.129474 7523903 ev_poll_posix.cc:593] FD from fork parent still in poll list: fd(6, generation: 1)
I0504 09:07:04.129478 7523903 ev_poll_posix.cc:593] FD from fork parent still in poll list: fd(6, generation: 1)
I0504 09:07:04.129481 7523903 ev_poll_posix.cc:593] FD from fork parent still in poll list: fd(6, generation: 1)
I0504 09:07:04.129485 7523903 ev_poll_posix.cc:593] FD from fork parent still in poll list: fd(6, generation: 1)
I0504 09:07:04.129489 7523903 ev_poll_posix.cc:593] FD from fork parent still in poll list: fd(6, generation: 1)
I0504 09:07:04.129492 7523903 ev_poll_posix.cc:593] FD from fork parent still in poll list: fd(6, generation: 1)
I0504 09:07:04.129496 7523903 ev_poll_posix.cc:593] FD from fork parent still in poll list: fd(6, generation: 1)
I0504 09:07:04.129500 7523903 ev_poll_posix.cc:593] FD from fork parent still in poll list: fd(6, generation: 1)
I0504 09:07:04.129503 7523903 ev_poll_posix.cc:593] FD from fork parent still in poll list: fd(6, generation: 1)
I0504 09:07:04.129506 7523903 ev_poll_posix.cc:593] FD from fork parent still in poll list: fd(6, generation: 1)
I0504 09:07:04.129510 7523903 ev_poll_posix.cc:593] FD from fork parent still in poll list: fd(6, generation: 1)
I0504 09:07:04.129513 7523903 ev_poll_posix.cc:593] FD from fork parent still in poll list: fd(6, generation: 1)
I0504 09:07:04.129516 7523903 ev_poll_posix.cc:593] FD from fork parent still in poll list: fd(6, generation: 1)
I0504 09:07:04.129520 7523903 ev_poll_posix.cc:593] FD from fork parent still in poll list: fd(6, generation: 1)
I0504 09:07:04.129523 7523903 ev_poll_posix.cc:593] FD from fork parent still in poll list: fd(6, generation: 1)
I0504 09:07:04.129527 7523903 ev_poll_posix.cc:593] FD from fork parent still in poll list: fd(6, generation: 1)
2026-05-04 09:07:07,313 INFO numexpr.utils NumExpr defaulting to 10 threads.
/opt/anaconda3/lib/python3.13/site-packages/flare_cores/cores.py:2508: FutureWarning: Series.__getitem__ treating keys as positions is deprecated. In a future version, integer keys will always be treated as labels (consistent with DataFrame behavior). To access a value by position, use `ser.iloc[pos]`
  if len(a) > 0 and np.isnan(a[0]):
/opt/anaconda3/lib/python3.13/site-packages/flare_cores/cores.py:2508: FutureWarning: Series.__getitem__ treating keys as positions is deprecated. In a future version, integer keys will always be treated as labels (consistent with DataFrame behavior). To access a value by position, use `ser.iloc[pos]`
  if len(a) > 0 and np.isnan(a[0]):
/opt/anaconda3/lib/python3.13/site-packages/flare_cores/cores.py:2508: FutureWarning: Series.__getitem__ treating keys as positions is deprecated. In a future version, integer keys will always be treated as labels (consistent with DataFrame behavior). To access a value by position, use `ser.iloc[pos]`
  if len(a) > 0 and np.isnan(a[0]):
/opt/anaconda3/lib/python3.13/site-packages/flare_cores/cores.py:2508: FutureWarning: Series.__getitem__ treating keys as positions is deprecated. In a future version, integer keys will always be treated as labels (consistent with DataFrame behavior). To access a value by position, use `ser.iloc[pos]`
  if len(a) > 0 and np.isnan(a[0]):
/opt/anaconda3/lib/python3.13/site-packages/flare_cores/cores.py:2508: FutureWarning: Series.__getitem__ treating keys as positions is deprecated. In a future version, integer keys will always be treated as labels (consistent with DataFrame behavior). To access a value by position, use `ser.iloc[pos]`
  if len(a) > 0 and np.isnan(a[0]):
/opt/anaconda3/lib/python3.13/site-packages/flare_cores/cores.py:2508: FutureWarning: Series.__getitem__ treating keys as positions is deprecated. In a future version, integer keys will always be treated as labels (consistent with DataFrame behavior). To access a value by position, use `ser.iloc[pos]`
  if len(a) > 0 and np.isnan(a[0]):
/opt/anaconda3/lib/python3.13/site-packages/flare_cores/cores.py:2508: FutureWarning: Series.__getitem__ treating keys as positions is deprecated. In a future version, integer keys will always be treated as labels (consistent with DataFrame behavior). To access a value by position, use `ser.iloc[pos]`
  if len(a) > 0 and np.isnan(a[0]):
/opt/anaconda3/lib/python3.13/site-packages/flare_cores/cores.py:2508: FutureWarning: Series.__getitem__ treating keys as positions is deprecated. In a future version, integer keys will always be treated as labels (consistent with DataFrame behavior). To access a value by position, use `ser.iloc[pos]`
  if len(a) > 0 and np.isnan(a[0]):
/opt/anaconda3/lib/python3.13/site-packages/flare_cores/cores.py:2508: FutureWarning: Series.__getitem__ treating keys as positions is deprecated. In a future version, integer keys will always be treated as labels (consistent with DataFrame behavior). To access a value by position, use `ser.iloc[pos]`
  if len(a) > 0 and np.isnan(a[0]):
/opt/anaconda3/lib/python3.13/site-packages/flare_cores/cores.py:2508: FutureWarning: Series.__getitem__ treating keys as positions is deprecated. In a future version, integer keys will always be treated as labels (consistent with DataFrame behavior). To access a value by position, use `ser.iloc[pos]`
  if len(a) > 0 and np.isnan(a[0]):
2026-05-04 09:07:18,734 INFO pycloud_parallel.service_timing {"event": "task_pool_timing", "pool_id": "8653aafe83364f96a827e69dfc15ede8", "pool_name": "task-pool-a1b2026d3b", "method": "get_fund_asset_ratio", "ok": true, "setup_ms": 0.0, "build_execute_spec_ms": 0.018, "executor_ms": 10555.243, "finalize_ms": 0.0, "total_ms": 10555.261, "error_type": "", "error_message": "", "subprocess": {"decode_ms": 0.861, "worker_decode_ms": 0.861, "invoke_ms": 10531.824, "invoke_wrapper_ms": 0.47, "user_fn_ms": 10531.301, "encode_ms": 1.254, "worker_encode_result_ms": 1.254, "managed_globals_cache_hit": true, "managed_globals_ms": 0.011}, "queue_wait_ms": 21.304}
2026-05-04 09:07:20,223 INFO pycloud_parallel.service_timing {"event": "task_pool_timing", "pool_id": "8653aafe83364f96a827e69dfc15ede8", "pool_name": "task-pool-a1b2026d3b", "method": "get_fund_asset_ratio", "ok": true, "setup_ms": 0.0, "build_execute_spec_ms": 0.027, "executor_ms": 12044.838, "finalize_ms": 0.0, "total_ms": 12044.865, "error_type": "", "error_message": "", "subprocess": {"decode_ms": 1.003, "worker_decode_ms": 1.003, "invoke_ms": 11934.982, "invoke_wrapper_ms": 0.354, "user_fn_ms": 11934.593, "encode_ms": 22.682, "worker_encode_result_ms": 22.682, "managed_globals_cache_hit": true, "managed_globals_ms": 0.012}, "queue_wait_ms": 86.171}
/opt/anaconda3/lib/python3.13/site-packages/flare_cores/cores.py:2508: FutureWarning: Series.__getitem__ treating keys as positions is deprecated. In a future version, integer keys will always be treated as labels (consistent with DataFrame behavior). To access a value by position, use `ser.iloc[pos]`
  if len(a) > 0 and np.isnan(a[0]):
2026-05-04 09:07:21,585 INFO pycloud_parallel.service_timing {"event": "task_pool_timing", "pool_id": "8653aafe83364f96a827e69dfc15ede8", "pool_name": "task-pool-a1b2026d3b", "method": "get_fund_asset_ratio", "ok": true, "setup_ms": 0.0, "build_execute_spec_ms": 0.018, "executor_ms": 13410.262, "finalize_ms": 0.0, "total_ms": 13410.28, "error_type": "", "error_message": "", "subprocess": {"decode_ms": 1.06, "worker_decode_ms": 1.06, "invoke_ms": 13364.526, "invoke_wrapper_ms": 0.349, "user_fn_ms": 13364.133, "encode_ms": 1.561, "worker_encode_result_ms": 1.561, "managed_globals_cache_hit": true, "managed_globals_ms": 0.015}, "queue_wait_ms": 43.115}
2026-05-04 09:07:22,644 INFO pycloud_parallel.service_timing {"event": "task_pool_timing", "pool_id": "8653aafe83364f96a827e69dfc15ede8", "pool_name": "task-pool-a1b2026d3b", "method": "get_fund_asset_ratio", "ok": true, "setup_ms": 0.0, "build_execute_spec_ms": 0.025, "executor_ms": 14469.996, "finalize_ms": 0.0, "total_ms": 14470.021, "error_type": "", "error_message": "", "subprocess": {"decode_ms": 0.95, "worker_decode_ms": 0.95, "invoke_ms": 14406.82, "invoke_wrapper_ms": 0.23, "user_fn_ms": 14406.551, "encode_ms": 15.659, "worker_encode_result_ms": 15.659, "managed_globals_cache_hit": true, "managed_globals_ms": 0.011}, "queue_wait_ms": 46.567}
/opt/anaconda3/lib/python3.13/site-packages/flare_cores/cores.py:2508: FutureWarning: Series.__getitem__ treating keys as positions is deprecated. In a future version, integer keys will always be treated as labels (consistent with DataFrame behavior). To access a value by position, use `ser.iloc[pos]`
  if len(a) > 0 and np.isnan(a[0]):
2026-05-04 09:07:23,989 INFO pycloud_parallel.service_timing {"event": "task_pool_timing", "pool_id": "8653aafe83364f96a827e69dfc15ede8", "pool_name": "task-pool-a1b2026d3b", "method": "get_fund_asset_ratio", "ok": true, "setup_ms": 0.0, "build_execute_spec_ms": 0.026, "executor_ms": 15820.839, "finalize_ms": 0.0, "total_ms": 15820.865, "error_type": "", "error_message": "", "subprocess": {"decode_ms": 0.928, "worker_decode_ms": 0.928, "invoke_ms": 15779.519, "invoke_wrapper_ms": 0.269, "user_fn_ms": 15779.206, "encode_ms": 1.54, "worker_encode_result_ms": 1.54, "managed_globals_cache_hit": true, "managed_globals_ms": 0.011}, "queue_wait_ms": 38.852}
/opt/anaconda3/lib/python3.13/site-packages/flare_cores/cores.py:2508: FutureWarning: Series.__getitem__ treating keys as positions is deprecated. In a future version, integer keys will always be treated as labels (consistent with DataFrame behavior). To access a value by position, use `ser.iloc[pos]`
  if len(a) > 0 and np.isnan(a[0]):
/opt/anaconda3/lib/python3.13/site-packages/flare_cores/cores.py:2508: FutureWarning: Series.__getitem__ treating keys as positions is deprecated. In a future version, integer keys will always be treated as labels (consistent with DataFrame behavior). To access a value by position, use `ser.iloc[pos]`
  if len(a) > 0 and np.isnan(a[0]):
2026-05-04 09:07:25,281 INFO pycloud_parallel.service_timing {"event": "task_pool_timing", "pool_id": "8653aafe83364f96a827e69dfc15ede8", "pool_name": "task-pool-a1b2026d3b", "method": "get_fund_asset_ratio", "ok": true, "setup_ms": 0.0, "build_execute_spec_ms": 0.027, "executor_ms": 17152.895, "finalize_ms": 0.0, "total_ms": 17152.922, "error_type": "", "error_message": "", "subprocess": {"decode_ms": 0.964, "worker_decode_ms": 0.964, "invoke_ms": 17090.511, "invoke_wrapper_ms": 0.388, "user_fn_ms": 17090.082, "encode_ms": 1.644, "worker_encode_result_ms": 1.644, "managed_globals_cache_hit": true, "managed_globals_ms": 0.012}, "queue_wait_ms": 59.776}
2026-05-04 09:07:25,613 INFO pycloud_parallel.service_timing {"event": "task_pool_timing", "pool_id": "8653aafe83364f96a827e69dfc15ede8", "pool_name": "task-pool-a1b2026d3b", "method": "get_fund_asset_ratio", "ok": true, "setup_ms": 0.0, "build_execute_spec_ms": 0.026, "executor_ms": 17464.194, "finalize_ms": 0.0, "total_ms": 17464.22, "error_type": "", "error_message": "", "subprocess": {"decode_ms": 0.926, "worker_decode_ms": 0.926, "invoke_ms": 17424.426, "invoke_wrapper_ms": 0.311, "user_fn_ms": 17424.069, "encode_ms": 1.939, "worker_encode_result_ms": 1.939, "managed_globals_cache_hit": true, "managed_globals_ms": 0.012}, "queue_wait_ms": 36.903}
/opt/anaconda3/lib/python3.13/site-packages/flare_cores/cores.py:2508: FutureWarning: Series.__getitem__ treating keys as positions is deprecated. In a future version, integer keys will always be treated as labels (consistent with DataFrame behavior). To access a value by position, use `ser.iloc[pos]`
  if len(a) > 0 and np.isnan(a[0]):
2026-05-04 09:07:27,014 INFO pycloud_parallel.service_timing {"event": "task_pool_timing", "pool_id": "8653aafe83364f96a827e69dfc15ede8", "pool_name": "task-pool-a1b2026d3b", "method": "get_fund_asset_ratio", "ok": true, "setup_ms": 0.0, "build_execute_spec_ms": 0.017, "executor_ms": 18896.484, "finalize_ms": 0.0, "total_ms": 18896.501, "error_type": "", "error_message": "", "subprocess": {"decode_ms": 1.65, "worker_decode_ms": 1.65, "invoke_ms": 18880.063, "invoke_wrapper_ms": 0.275, "user_fn_ms": 18879.741, "encode_ms": 1.82, "worker_encode_result_ms": 1.82, "managed_globals_cache_hit": true, "managed_globals_ms": 0.011}, "queue_wait_ms": 12.951}
2026-05-04 09:07:27,129 INFO pycloud_parallel.service_timing {"event": "task_pool_timing", "pool_id": "8653aafe83364f96a827e69dfc15ede8", "pool_name": "task-pool-a1b2026d3b", "method": "get_fund_asset_ratio", "ok": true, "setup_ms": 0.0, "build_execute_spec_ms": 0.026, "executor_ms": 19008.145, "finalize_ms": 0.0, "total_ms": 19008.171, "error_type": "", "error_message": "", "subprocess": {"decode_ms": 1.038, "worker_decode_ms": 1.038, "invoke_ms": 18959.568, "invoke_wrapper_ms": 0.289, "user_fn_ms": 18959.24, "encode_ms": 2.104, "worker_encode_result_ms": 2.104, "managed_globals_cache_hit": true, "managed_globals_ms": 0.012}, "queue_wait_ms": 45.435}
/opt/anaconda3/lib/python3.13/site-packages/flare_cores/cores.py:2508: FutureWarning: Series.__getitem__ treating keys as positions is deprecated. In a future version, integer keys will always be treated as labels (consistent with DataFrame behavior). To access a value by position, use `ser.iloc[pos]`
  if len(a) > 0 and np.isnan(a[0]):
/opt/anaconda3/lib/python3.13/site-packages/flare_cores/cores.py:2508: FutureWarning: Series.__getitem__ treating keys as positions is deprecated. In a future version, integer keys will always be treated as labels (consistent with DataFrame behavior). To access a value by position, use `ser.iloc[pos]`
  if len(a) > 0 and np.isnan(a[0]):
/opt/anaconda3/lib/python3.13/site-packages/flare_cores/cores.py:2508: FutureWarning: Series.__getitem__ treating keys as positions is deprecated. In a future version, integer keys will always be treated as labels (consistent with DataFrame behavior). To access a value by position, use `ser.iloc[pos]`
  if len(a) > 0 and np.isnan(a[0]):
/opt/anaconda3/lib/python3.13/site-packages/flare_cores/cores.py:2508: FutureWarning: Series.__getitem__ treating keys as positions is deprecated. In a future version, integer keys will always be treated as labels (consistent with DataFrame behavior). To access a value by position, use `ser.iloc[pos]`
  if len(a) > 0 and np.isnan(a[0]):
2026-05-04 09:07:30,057 INFO pycloud_parallel.service_timing {"event": "task_pool_timing", "pool_id": "8653aafe83364f96a827e69dfc15ede8", "pool_name": "task-pool-a1b2026d3b", "method": "get_fund_asset_ratio", "ok": true, "setup_ms": 0.0, "build_execute_spec_ms": 0.018, "executor_ms": 21878.154, "finalize_ms": 0.0, "total_ms": 21878.172, "error_type": "", "error_message": "", "subprocess": {"decode_ms": 0.706, "worker_decode_ms": 0.706, "invoke_ms": 11309.978, "invoke_wrapper_ms": 0.079, "user_fn_ms": 11309.883, "encode_ms": 1.255, "worker_encode_result_ms": 1.255, "managed_globals_cache_hit": true, "managed_globals_ms": 0.012}, "queue_wait_ms": 10566.215}
2026-05-04 09:07:30,347 INFO pycloud_parallel.service_timing {"event": "task_pool_timing", "pool_id": "8653aafe83364f96a827e69dfc15ede8", "pool_name": "task-pool-a1b2026d3b", "method": "get_fund_asset_ratio", "ok": true, "setup_ms": 0.0, "build_execute_spec_ms": 0.025, "executor_ms": 22166.304, "finalize_ms": 0.0, "total_ms": 22166.329, "error_type": "", "error_message": "", "subprocess": {"decode_ms": 0.919, "worker_decode_ms": 0.919, "invoke_ms": 10118.124, "invoke_wrapper_ms": 0.092, "user_fn_ms": 10118.014, "encode_ms": 1.476, "worker_encode_result_ms": 1.476, "managed_globals_cache_hit": true, "managed_globals_ms": 0.011}, "queue_wait_ms": 12045.785}
/opt/anaconda3/lib/python3.13/site-packages/flare_cores/cores.py:2508: FutureWarning: Series.__getitem__ treating keys as positions is deprecated. In a future version, integer keys will always be treated as labels (consistent with DataFrame behavior). To access a value by position, use `ser.iloc[pos]`
  if len(a) > 0 and np.isnan(a[0]):
/opt/anaconda3/lib/python3.13/site-packages/flare_cores/cores.py:2508: FutureWarning: Series.__getitem__ treating keys as positions is deprecated. In a future version, integer keys will always be treated as labels (consistent with DataFrame behavior). To access a value by position, use `ser.iloc[pos]`
  if len(a) > 0 and np.isnan(a[0]):
2026-05-04 09:07:32,096 INFO pycloud_parallel.service_timing {"event": "task_pool_timing", "pool_id": "8653aafe83364f96a827e69dfc15ede8", "pool_name": "task-pool-a1b2026d3b", "method": "get_fund_asset_ratio", "ok": true, "setup_ms": 0.0, "build_execute_spec_ms": 0.018, "executor_ms": 23913.883, "finalize_ms": 0.0, "total_ms": 23913.901, "error_type": "", "error_message": "", "subprocess": {"decode_ms": 0.814, "worker_decode_ms": 0.814, "invoke_ms": 10537.043, "invoke_wrapper_ms": 0.161, "user_fn_ms": 10536.864, "encode_ms": 1.536, "worker_encode_result_ms": 1.536, "managed_globals_cache_hit": true, "managed_globals_ms": 0.01}, "queue_wait_ms": 13374.49}
2026-05-04 09:07:32,776 INFO pycloud_parallel.service_timing {"event": "task_pool_timing", "pool_id": "8653aafe83364f96a827e69dfc15ede8", "pool_name": "task-pool-a1b2026d3b", "method": "get_fund_asset_ratio", "ok": true, "setup_ms": 0.0, "build_execute_spec_ms": 0.012, "executor_ms": 24594.068, "finalize_ms": 0.0, "total_ms": 24594.08, "error_type": "", "error_message": "", "subprocess": {"decode_ms": 0.812, "worker_decode_ms": 0.812, "invoke_ms": 10121.71, "invoke_wrapper_ms": 0.085, "user_fn_ms": 10121.608, "encode_ms": 1.439, "worker_encode_result_ms": 1.439, "managed_globals_cache_hit": true, "managed_globals_ms": 0.01}, "queue_wait_ms": 14470.107}
2026-05-04 09:07:33,333 INFO pycloud_parallel.service_timing {"event": "task_pool_timing", "pool_id": "8653aafe83364f96a827e69dfc15ede8", "pool_name": "task-pool-a1b2026d3b", "method": "get_fund_asset_ratio", "ok": true, "setup_ms": 0.0, "build_execute_spec_ms": 0.013, "executor_ms": 25149.893, "finalize_ms": 0.0, "total_ms": 25149.906, "error_type": "", "error_message": "", "subprocess": {"decode_ms": 0.702, "worker_decode_ms": 0.702, "invoke_ms": 9321.447, "invoke_wrapper_ms": 0.085, "user_fn_ms": 9321.347, "encode_ms": 2.897, "worker_encode_result_ms": 2.897, "managed_globals_cache_hit": true, "managed_globals_ms": 0.009}, "queue_wait_ms": 15824.847}
/opt/anaconda3/lib/python3.13/site-packages/flare_cores/cores.py:2508: FutureWarning: Series.__getitem__ treating keys as positions is deprecated. In a future version, integer keys will always be treated as labels (consistent with DataFrame behavior). To access a value by position, use `ser.iloc[pos]`
  if len(a) > 0 and np.isnan(a[0]):
/opt/anaconda3/lib/python3.13/site-packages/flare_cores/cores.py:2508: FutureWarning: Series.__getitem__ treating keys as positions is deprecated. In a future version, integer keys will always be treated as labels (consistent with DataFrame behavior). To access a value by position, use `ser.iloc[pos]`
  if len(a) > 0 and np.isnan(a[0]):
/opt/anaconda3/lib/python3.13/site-packages/flare_cores/cores.py:2508: FutureWarning: Series.__getitem__ treating keys as positions is deprecated. In a future version, integer keys will always be treated as labels (consistent with DataFrame behavior). To access a value by position, use `ser.iloc[pos]`
  if len(a) > 0 and np.isnan(a[0]):
2026-05-04 09:07:34,797 INFO pycloud_parallel.service_timing {"event": "task_pool_timing", "pool_id": "8653aafe83364f96a827e69dfc15ede8", "pool_name": "task-pool-a1b2026d3b", "method": "get_fund_asset_ratio", "ok": true, "setup_ms": 0.0, "build_execute_spec_ms": 0.059, "executor_ms": 15970.407, "finalize_ms": 0.0, "total_ms": 15970.466, "error_type": "", "error_message": "", "subprocess": {"decode_ms": 0.674, "worker_decode_ms": 0.674, "invoke_ms": 9456.79, "invoke_wrapper_ms": 0.081, "user_fn_ms": 9456.691, "encode_ms": 1.194, "worker_encode_result_ms": 1.194, "managed_globals_cache_hit": true, "managed_globals_ms": 0.009}, "queue_wait_ms": 6511.749}
2026-05-04 09:07:34,798 INFO pycloud_parallel.service_timing {"event": "task_pool_timing", "pool_id": "8653aafe83364f96a827e69dfc15ede8", "pool_name": "task-pool-a1b2026d3b", "method": "get_fund_asset_ratio", "ok": true, "setup_ms": 0.0, "build_execute_spec_ms": 0.063, "executor_ms": 26680.506, "finalize_ms": 0.0, "total_ms": 26680.569, "error_type": "", "error_message": "", "subprocess": {"decode_ms": 2.617, "worker_decode_ms": 2.617, "invoke_ms": 26633.348, "invoke_wrapper_ms": 0.247, "user_fn_ms": 26633.065, "encode_ms": 1.517, "worker_encode_result_ms": 1.517, "managed_globals_cache_hit": true, "managed_globals_ms": 0.012}, "queue_wait_ms": 43.024}
2026-05-04 09:07:34,857 INFO pycloud_parallel.service_timing {"event": "task_pool_timing", "pool_id": "8653aafe83364f96a827e69dfc15ede8", "pool_name": "task-pool-a1b2026d3b", "method": "get_fund_asset_ratio", "ok": true, "setup_ms": 0.0, "build_execute_spec_ms": 0.049, "executor_ms": 14559.613, "finalize_ms": 0.0, "total_ms": 14559.662, "error_type": "", "error_message": "", "subprocess": {"decode_ms": 0.897, "worker_decode_ms": 0.897, "invoke_ms": 9203.576, "invoke_wrapper_ms": 0.164, "user_fn_ms": 9203.396, "encode_ms": 1.513, "worker_encode_result_ms": 1.513, "managed_globals_cache_hit": true, "managed_globals_ms": 0.012}, "queue_wait_ms": 5353.627}
2026-05-04 09:07:35,029 INFO pycloud_parallel.service_timing {"event": "task_pool_timing", "pool_id": "8653aafe83364f96a827e69dfc15ede8", "pool_name": "task-pool-a1b2026d3b", "method": "get_fund_asset_ratio", "ok": true, "setup_ms": 0.0, "build_execute_spec_ms": 0.079, "executor_ms": 13382.226, "finalize_ms": 0.0, "total_ms": 13382.305, "error_type": "", "error_message": "", "subprocess": {"decode_ms": 0.796, "worker_decode_ms": 0.796, "invoke_ms": 7956.966, "invoke_wrapper_ms": 0.101, "user_fn_ms": 7956.844, "encode_ms": 1.368, "worker_encode_result_ms": 1.368, "managed_globals_cache_hit": true, "managed_globals_ms": 0.009}, "queue_wait_ms": 5423.096}
2026-05-04 09:07:35,438 INFO pycloud_parallel.service_timing {"event": "task_pool_timing", "pool_id": "8653aafe83364f96a827e69dfc15ede8", "pool_name": "task-pool-a1b2026d3b", "method": "get_fund_asset_ratio", "ok": true, "setup_ms": 0.0, "build_execute_spec_ms": 0.059, "executor_ms": 12768.219, "finalize_ms": 0.0, "total_ms": 12768.278, "error_type": "", "error_message": "", "subprocess": {"decode_ms": 0.846, "worker_decode_ms": 0.846, "invoke_ms": 8282.822, "invoke_wrapper_ms": 0.082, "user_fn_ms": 8282.721, "encode_ms": 1.224, "worker_encode_result_ms": 1.224, "managed_globals_cache_hit": true, "managed_globals_ms": 0.009}, "queue_wait_ms": 4483.327}
2026-05-04 09:07:35,778 INFO pycloud_parallel.service_timing {"event": "task_pool_timing", "pool_id": "8653aafe83364f96a827e69dfc15ede8", "pool_name": "task-pool-a1b2026d3b", "method": "get_fund_asset_ratio", "ok": true, "setup_ms": 0.0, "build_execute_spec_ms": 0.055, "executor_ms": 10442.492, "finalize_ms": 0.0, "total_ms": 10442.547, "error_type": "", "error_message": "", "subprocess": {"decode_ms": 0.764, "worker_decode_ms": 0.764, "invoke_ms": 5408.031, "invoke_wrapper_ms": 0.069, "user_fn_ms": 5407.947, "encode_ms": 9.753, "worker_encode_result_ms": 9.753, "managed_globals_cache_hit": true, "managed_globals_ms": 0.008}, "queue_wait_ms": 5023.944}
/opt/anaconda3/lib/python3.13/site-packages/flare_cores/cores.py:2508: FutureWarning: Series.__getitem__ treating keys as positions is deprecated. In a future version, integer keys will always be treated as labels (consistent with DataFrame behavior). To access a value by position, use `ser.iloc[pos]`
  if len(a) > 0 and np.isnan(a[0]):
/opt/anaconda3/lib/python3.13/site-packages/flare_cores/cores.py:2508: FutureWarning: Series.__getitem__ treating keys as positions is deprecated. In a future version, integer keys will always be treated as labels (consistent with DataFrame behavior). To access a value by position, use `ser.iloc[pos]`
  if len(a) > 0 and np.isnan(a[0]):
/opt/anaconda3/lib/python3.13/site-packages/flare_cores/cores.py:2508: FutureWarning: Series.__getitem__ treating keys as positions is deprecated. In a future version, integer keys will always be treated as labels (consistent with DataFrame behavior). To access a value by position, use `ser.iloc[pos]`
  if len(a) > 0 and np.isnan(a[0]):
/opt/anaconda3/lib/python3.13/site-packages/flare_cores/cores.py:2508: FutureWarning: Series.__getitem__ treating keys as positions is deprecated. In a future version, integer keys will always be treated as labels (consistent with DataFrame behavior). To access a value by position, use `ser.iloc[pos]`
  if len(a) > 0 and np.isnan(a[0]):
/opt/anaconda3/lib/python3.13/site-packages/flare_cores/cores.py:2508: FutureWarning: Series.__getitem__ treating keys as positions is deprecated. In a future version, integer keys will always be treated as labels (consistent with DataFrame behavior). To access a value by position, use `ser.iloc[pos]`
  if len(a) > 0 and np.isnan(a[0]):
/opt/anaconda3/lib/python3.13/site-packages/flare_cores/cores.py:2508: FutureWarning: Series.__getitem__ treating keys as positions is deprecated. In a future version, integer keys will always be treated as labels (consistent with DataFrame behavior). To access a value by position, use `ser.iloc[pos]`
  if len(a) > 0 and np.isnan(a[0]):
2026-05-04 09:07:36,740 INFO pycloud_parallel.service_timing {"event": "task_pool_timing", "pool_id": "8653aafe83364f96a827e69dfc15ede8", "pool_name": "task-pool-a1b2026d3b", "method": "get_fund_asset_ratio", "ok": true, "setup_ms": 0.0, "build_execute_spec_ms": 0.059, "executor_ms": 1810.557, "finalize_ms": 0.0, "total_ms": 1810.616, "error_type": "", "error_message": "", "subprocess": {"decode_ms": 0.739, "worker_decode_ms": 0.739, "invoke_ms": 961.092, "invoke_wrapper_ms": 0.071, "user_fn_ms": 961.001, "encode_ms": 1.373, "worker_encode_result_ms": 1.373, "managed_globals_cache_hit": true, "managed_globals_ms": 0.008}, "queue_wait_ms": 847.353}
2026-05-04 09:07:36,916 INFO pycloud_parallel.service_timing {"event": "task_pool_timing", "pool_id": "8653aafe83364f96a827e69dfc15ede8", "pool_name": "task-pool-a1b2026d3b", "method": "get_fund_asset_ratio", "ok": true, "setup_ms": 0.0, "build_execute_spec_ms": 0.06, "executor_ms": 12840.312, "finalize_ms": 0.0, "total_ms": 12840.372, "error_type": "", "error_message": "", "subprocess": {"decode_ms": 0.597, "worker_decode_ms": 0.597, "invoke_ms": 6852.802, "invoke_wrapper_ms": 0.064, "user_fn_ms": 6852.723, "encode_ms": 1.048, "worker_encode_result_ms": 1.048, "managed_globals_cache_hit": true, "managed_globals_ms": 0.006}, "queue_wait_ms": 5985.865}
/opt/anaconda3/lib/python3.13/site-packages/flare_cores/cores.py:2508: FutureWarning: Series.__getitem__ treating keys as positions is deprecated. In a future version, integer keys will always be treated as labels (consistent with DataFrame behavior). To access a value by position, use `ser.iloc[pos]`
  if len(a) > 0 and np.isnan(a[0]):
/opt/anaconda3/lib/python3.13/site-packages/flare_cores/cores.py:2508: FutureWarning: Series.__getitem__ treating keys as positions is deprecated. In a future version, integer keys will always be treated as labels (consistent with DataFrame behavior). To access a value by position, use `ser.iloc[pos]`
  if len(a) > 0 and np.isnan(a[0]):
2026-05-04 09:07:37,432 INFO pycloud_parallel.service_timing {"event": "task_pool_timing", "pool_id": "8653aafe83364f96a827e69dfc15ede8", "pool_name": "task-pool-a1b2026d3b", "method": "get_fund_asset_ratio", "ok": true, "setup_ms": 0.0, "build_execute_spec_ms": 0.049, "executor_ms": 3998.987, "finalize_ms": 0.0, "total_ms": 3999.036, "error_type": "", "error_message": "", "subprocess": {"decode_ms": 0.609, "worker_decode_ms": 0.609, "invoke_ms": 1992.731, "invoke_wrapper_ms": 0.063, "user_fn_ms": 1992.65, "encode_ms": 1.233, "worker_encode_result_ms": 1.233, "managed_globals_cache_hit": true, "managed_globals_ms": 0.007}, "queue_wait_ms": 2004.414}
2026-05-04 09:07:37,543 INFO pycloud_parallel.service_timing {"event": "task_pool_timing", "pool_id": "8653aafe83364f96a827e69dfc15ede8", "pool_name": "task-pool-a1b2026d3b", "method": "get_fund_asset_ratio", "ok": true, "setup_ms": 0.0, "build_execute_spec_ms": 0.021, "executor_ms": 2611.77, "finalize_ms": 0.0, "total_ms": 2611.791, "error_type": "", "error_message": "", "subprocess": {"decode_ms": 0.797, "worker_decode_ms": 0.797, "invoke_ms": 633.085, "invoke_wrapper_ms": 0.077, "user_fn_ms": 632.993, "encode_ms": 1.353, "worker_encode_result_ms": 1.353, "managed_globals_cache_hit": true, "managed_globals_ms": 0.008}, "queue_wait_ms": 1976.535}
/opt/anaconda3/lib/python3.13/site-packages/flare_cores/cores.py:2508: FutureWarning: Series.__getitem__ treating keys as positions is deprecated. In a future version, integer keys will always be treated as labels (consistent with DataFrame behavior). To access a value by position, use `ser.iloc[pos]`
  if len(a) > 0 and np.isnan(a[0]):
2026-05-04 09:07:37,657 INFO pycloud_parallel.service_timing {"event": "task_pool_timing", "pool_id": "8653aafe83364f96a827e69dfc15ede8", "pool_name": "task-pool-a1b2026d3b", "method": "get_fund_asset_ratio", "ok": true, "setup_ms": 0.0, "build_execute_spec_ms": 0.021, "executor_ms": 2726.669, "finalize_ms": 0.0, "total_ms": 2726.69, "error_type": "", "error_message": "", "subprocess": {"decode_ms": 0.778, "worker_decode_ms": 0.778, "invoke_ms": 936.821, "invoke_wrapper_ms": 0.079, "user_fn_ms": 936.723, "encode_ms": 1.517, "worker_encode_result_ms": 1.517, "managed_globals_cache_hit": true, "managed_globals_ms": 0.007}, "queue_wait_ms": 1787.553}
/opt/anaconda3/lib/python3.13/site-packages/flare_cores/cores.py:2508: FutureWarning: Series.__getitem__ treating keys as positions is deprecated. In a future version, integer keys will always be treated as labels (consistent with DataFrame behavior). To access a value by position, use `ser.iloc[pos]`
  if len(a) > 0 and np.isnan(a[0]):
/opt/anaconda3/lib/python3.13/site-packages/flare_cores/cores.py:2508: FutureWarning: Series.__getitem__ treating keys as positions is deprecated. In a future version, integer keys will always be treated as labels (consistent with DataFrame behavior). To access a value by position, use `ser.iloc[pos]`
  if len(a) > 0 and np.isnan(a[0]):
2026-05-04 09:07:37,834 INFO pycloud_parallel.service_timing {"event": "task_pool_timing", "pool_id": "8653aafe83364f96a827e69dfc15ede8", "pool_name": "task-pool-a1b2026d3b", "method": "get_fund_asset_ratio", "ok": true, "setup_ms": 0.0, "build_execute_spec_ms": 0.048, "executor_ms": 1964.895, "finalize_ms": 0.0, "total_ms": 1964.943, "error_type": "", "error_message": "", "subprocess": {"decode_ms": 1.018, "worker_decode_ms": 1.018, "invoke_ms": 184.707, "invoke_wrapper_ms": 0.084, "user_fn_ms": 184.608, "encode_ms": 0.905, "worker_encode_result_ms": 0.905, "managed_globals_cache_hit": true, "managed_globals_ms": 0.01}, "queue_wait_ms": 1778.265}
2026-05-04 09:07:37,948 INFO pycloud_parallel.service_timing {"event": "task_pool_timing", "pool_id": "8653aafe83364f96a827e69dfc15ede8", "pool_name": "task-pool-a1b2026d3b", "method": "get_fund_asset_ratio", "ok": true, "setup_ms": 0.0, "build_execute_spec_ms": 0.063, "executor_ms": 2432.649, "finalize_ms": 0.0, "total_ms": 2432.712, "error_type": "", "error_message": "", "subprocess": {"decode_ms": 0.754, "worker_decode_ms": 0.754, "invoke_ms": 409.28, "invoke_wrapper_ms": 0.074, "user_fn_ms": 409.189, "encode_ms": 1.604, "worker_encode_result_ms": 1.604, "managed_globals_cache_hit": true, "managed_globals_ms": 0.006}, "queue_wait_ms": 2021.011}
/opt/anaconda3/lib/python3.13/site-packages/flare_cores/cores.py:2508: FutureWarning: Series.__getitem__ treating keys as positions is deprecated. In a future version, integer keys will always be treated as labels (consistent with DataFrame behavior). To access a value by position, use `ser.iloc[pos]`
  if len(a) > 0 and np.isnan(a[0]):
/opt/anaconda3/lib/python3.13/site-packages/flare_cores/cores.py:2508: FutureWarning: Series.__getitem__ treating keys as positions is deprecated. In a future version, integer keys will always be treated as labels (consistent with DataFrame behavior). To access a value by position, use `ser.iloc[pos]`
  if len(a) > 0 and np.isnan(a[0]):
2026-05-04 09:07:38,064 INFO pycloud_parallel.service_timing {"event": "task_pool_timing", "pool_id": "8653aafe83364f96a827e69dfc15ede8", "pool_name": "task-pool-a1b2026d3b", "method": "get_fund_asset_ratio", "ok": true, "setup_ms": 0.0, "build_execute_spec_ms": 0.058, "executor_ms": 1052.941, "finalize_ms": 0.0, "total_ms": 1052.999, "error_type": "", "error_message": "", "subprocess": {"decode_ms": 0.647, "worker_decode_ms": 0.647, "invoke_ms": 102.288, "invoke_wrapper_ms": 0.068, "user_fn_ms": 102.203, "encode_ms": 0.726, "worker_encode_result_ms": 0.726, "managed_globals_cache_hit": true, "managed_globals_ms": 0.007}, "queue_wait_ms": 949.28}
/opt/anaconda3/lib/python3.13/site-packages/flare_cores/cores.py:2508: FutureWarning: Series.__getitem__ treating keys as positions is deprecated. In a future version, integer keys will always be treated as labels (consistent with DataFrame behavior). To access a value by position, use `ser.iloc[pos]`
  if len(a) > 0 and np.isnan(a[0]):
2026-05-04 09:07:38,123 INFO pycloud_parallel.service_timing {"event": "task_pool_timing", "pool_id": "8653aafe83364f96a827e69dfc15ede8", "pool_name": "task-pool-a1b2026d3b", "method": "get_fund_asset_ratio", "ok": true, "setup_ms": 0.0, "build_execute_spec_ms": 0.047, "executor_ms": 1347.679, "finalize_ms": 0.0, "total_ms": 1347.726, "error_type": "", "error_message": "", "subprocess": {"decode_ms": 0.525, "worker_decode_ms": 0.525, "invoke_ms": 244.275, "invoke_wrapper_ms": 0.061, "user_fn_ms": 244.202, "encode_ms": 0.718, "worker_encode_result_ms": 0.718, "managed_globals_cache_hit": true, "managed_globals_ms": 0.005}, "queue_wait_ms": 1102.161}
/opt/anaconda3/lib/python3.13/site-packages/flare_cores/cores.py:2508: FutureWarning: Series.__getitem__ treating keys as positions is deprecated. In a future version, integer keys will always be treated as labels (consistent with DataFrame behavior). To access a value by position, use `ser.iloc[pos]`
  if len(a) > 0 and np.isnan(a[0]):
/opt/anaconda3/lib/python3.13/site-packages/flare_cores/cores.py:2508: FutureWarning: Series.__getitem__ treating keys as positions is deprecated. In a future version, integer keys will always be treated as labels (consistent with DataFrame behavior). To access a value by position, use `ser.iloc[pos]`
  if len(a) > 0 and np.isnan(a[0]):
2026-05-04 09:07:38,181 INFO pycloud_parallel.service_timing {"event": "task_pool_timing", "pool_id": "8653aafe83364f96a827e69dfc15ede8", "pool_name": "task-pool-a1b2026d3b", "method": "get_fund_asset_ratio", "ok": true, "setup_ms": 0.0, "build_execute_spec_ms": 0.166, "executor_ms": 599.246, "finalize_ms": 0.0, "total_ms": 599.412, "error_type": "", "error_message": "", "subprocess": {"decode_ms": 0.476, "worker_decode_ms": 0.476, "invoke_ms": 49.731, "invoke_wrapper_ms": 0.057, "user_fn_ms": 49.664, "encode_ms": 0.687, "worker_encode_result_ms": 0.687, "managed_globals_cache_hit": true, "managed_globals_ms": 0.005}, "queue_wait_ms": 548.352}
2026-05-04 09:07:38,181 INFO pycloud_parallel.service_timing {"event": "task_pool_timing", "pool_id": "8653aafe83364f96a827e69dfc15ede8", "pool_name": "task-pool-a1b2026d3b", "method": "get_fund_asset_ratio", "ok": true, "setup_ms": 0.0, "build_execute_spec_ms": 0.083, "executor_ms": 3122.549, "finalize_ms": 0.0, "total_ms": 3122.632, "error_type": "", "error_message": "", "subprocess": {"decode_ms": 0.992, "worker_decode_ms": 0.992, "invoke_ms": 742.36, "invoke_wrapper_ms": 0.081, "user_fn_ms": 742.269, "encode_ms": 0.926, "worker_encode_result_ms": 0.926, "managed_globals_cache_hit": true, "managed_globals_ms": 0.009}, "queue_wait_ms": 2378.271}
/opt/anaconda3/lib/python3.13/site-packages/flare_cores/cores.py:2508: FutureWarning: Series.__getitem__ treating keys as positions is deprecated. In a future version, integer keys will always be treated as labels (consistent with DataFrame behavior). To access a value by position, use `ser.iloc[pos]`
  if len(a) > 0 and np.isnan(a[0]):
2026-05-04 09:07:38,240 INFO pycloud_parallel.service_timing {"event": "task_pool_timing", "pool_id": "8653aafe83364f96a827e69dfc15ede8", "pool_name": "task-pool-a1b2026d3b", "method": "get_fund_asset_ratio", "ok": true, "setup_ms": 0.0, "build_execute_spec_ms": 0.052, "executor_ms": 778.608, "finalize_ms": 0.0, "total_ms": 778.66, "error_type": "", "error_message": "", "subprocess": {"decode_ms": 0.58, "worker_decode_ms": 0.58, "invoke_ms": 103.61, "invoke_wrapper_ms": 0.07, "user_fn_ms": 103.527, "encode_ms": 44.726, "worker_encode_result_ms": 44.726, "managed_globals_cache_hit": true, "managed_globals_ms": 0.006}, "queue_wait_ms": 629.692}
2026-05-04 09:07:38,240 INFO pycloud_parallel.service_timing {"event": "task_pool_timing", "pool_id": "8653aafe83364f96a827e69dfc15ede8", "pool_name": "task-pool-a1b2026d3b", "method": "get_fund_asset_ratio", "ok": true, "setup_ms": 0.0, "build_execute_spec_ms": 0.048, "executor_ms": 180.739, "finalize_ms": 0.0, "total_ms": 180.787, "error_type": "", "error_message": "", "subprocess": {"decode_ms": 0.425, "worker_decode_ms": 0.425, "invoke_ms": 3.914, "invoke_wrapper_ms": 0.051, "user_fn_ms": 3.85, "encode_ms": 0.093, "worker_encode_result_ms": 0.093, "managed_globals_cache_hit": true, "managed_globals_ms": 0.005}, "queue_wait_ms": 176.307}
2026-05-04 09:07:38,241 INFO pycloud_parallel.service_timing {"event": "task_pool_timing", "pool_id": "8653aafe83364f96a827e69dfc15ede8", "pool_name": "task-pool-a1b2026d3b", "method": "get_fund_asset_ratio", "ok": true, "setup_ms": 0.0, "build_execute_spec_ms": 0.054, "executor_ms": 11053.664, "finalize_ms": 0.0, "total_ms": 11053.718, "error_type": "", "error_message": "", "subprocess": {"decode_ms": 0.863, "worker_decode_ms": 0.863, "invoke_ms": 4903.943, "invoke_wrapper_ms": 0.063, "user_fn_ms": 4903.867, "encode_ms": 1.511, "worker_encode_result_ms": 1.511, "managed_globals_cache_hit": true, "managed_globals_ms": 0.007}, "queue_wait_ms": 6147.347}
2026-05-04 09:07:38,241 INFO pycloud_parallel.service_timing {"event": "task_pool_timing", "pool_id": "8653aafe83364f96a827e69dfc15ede8", "pool_name": "task-pool-a1b2026d3b", "method": "get_fund_asset_ratio", "ok": true, "setup_ms": 0.0, "build_execute_spec_ms": 0.049, "executor_ms": 56.419, "finalize_ms": 0.0, "total_ms": 56.468, "error_type": "", "error_message": "", "subprocess": {"decode_ms": 0.513, "worker_decode_ms": 0.513, "invoke_ms": 3.65, "invoke_wrapper_ms": 0.058, "user_fn_ms": 3.577, "encode_ms": 0.108, "worker_encode_result_ms": 0.108, "managed_globals_cache_hit": true, "managed_globals_ms": 0.006}, "queue_wait_ms": 52.148}
2026-05-04 09:07:38,241 INFO pycloud_parallel.service_timing {"event": "task_pool_timing", "pool_id": "8653aafe83364f96a827e69dfc15ede8", "pool_name": "task-pool-a1b2026d3b", "method": "get_fund_asset_ratio", "ok": true, "setup_ms": 0.0, "build_execute_spec_ms": 0.058, "executor_ms": 303.994, "finalize_ms": 0.0, "total_ms": 304.052, "error_type": "", "error_message": "", "subprocess": {"decode_ms": 0.461, "worker_decode_ms": 0.461, "invoke_ms": 73.382, "invoke_wrapper_ms": 0.056, "user_fn_ms": 73.316, "encode_ms": 0.687, "worker_encode_result_ms": 0.687, "managed_globals_cache_hit": true, "managed_globals_ms": 0.005}, "queue_wait_ms": 229.464}
2026-05-04 09:07:38,241 INFO pycloud_parallel.service_timing {"event": "task_pool_timing", "pool_id": "8653aafe83364f96a827e69dfc15ede8", "pool_name": "task-pool-a1b2026d3b", "method": "get_fund_asset_ratio", "ok": true, "setup_ms": 0.0, "build_execute_spec_ms": 0.048, "executor_ms": 541.767, "finalize_ms": 0.0, "total_ms": 541.815, "error_type": "", "error_message": "", "subprocess": {"decode_ms": 0.438, "worker_decode_ms": 0.438, "invoke_ms": 100.282, "invoke_wrapper_ms": 0.052, "user_fn_ms": 100.216, "encode_ms": 0.817, "worker_encode_result_ms": 0.817, "managed_globals_cache_hit": true, "managed_globals_ms": 0.005}, "queue_wait_ms": 440.23}
2026-05-04 09:07:38,349 INFO pycloud_parallel.service_timing {"event": "task_pool_timing", "pool_id": "8653aafe83364f96a827e69dfc15ede8", "pool_name": "task-pool-a1b2026d3b", "method": "get_fund_asset_ratio", "ok": true, "setup_ms": 0.0, "build_execute_spec_ms": 0.047, "executor_ms": 11189.939, "finalize_ms": 0.0, "total_ms": 11189.986, "error_type": "", "error_message": "", "subprocess": {"decode_ms": 0.64, "worker_decode_ms": 0.64, "invoke_ms": 5596.48, "invoke_wrapper_ms": 0.062, "user_fn_ms": 5596.405, "encode_ms": 1.107, "worker_encode_result_ms": 1.107, "managed_globals_cache_hit": true, "managed_globals_ms": 0.007}, "queue_wait_ms": 5591.712}
2026-05-04 09:07:38,464 INFO pycloud_parallel.service_timing {"event": "task_pool_timing", "pool_id": "8653aafe83364f96a827e69dfc15ede8", "pool_name": "task-pool-a1b2026d3b", "method": "get_fund_asset_ratio", "ok": true, "setup_ms": 0.0, "build_execute_spec_ms": 0.058, "executor_ms": 6326.229, "finalize_ms": 0.0, "total_ms": 6326.287, "error_type": "", "error_message": "", "subprocess": {"decode_ms": 0.706, "worker_decode_ms": 0.706, "invoke_ms": 3564.037, "invoke_wrapper_ms": 0.065, "user_fn_ms": 3563.954, "encode_ms": 1.37, "worker_encode_result_ms": 1.37, "managed_globals_cache_hit": true, "managed_globals_ms": 0.007}, "queue_wait_ms": 2760.116}
2026-05-04 09:07:38,680 INFO pycloud_parallel.service_timing {"event": "task_pool_timing", "pool_id": "8653aafe83364f96a827e69dfc15ede8", "pool_name": "task-pool-a1b2026d3b", "method": "get_fund_asset_ratio", "ok": true, "setup_ms": 0.0, "build_execute_spec_ms": 0.055, "executor_ms": 5860.61, "finalize_ms": 0.0, "total_ms": 5860.665, "error_type": "", "error_message": "", "subprocess": {"decode_ms": 0.784, "worker_decode_ms": 0.784, "invoke_ms": 3653.195, "invoke_wrapper_ms": 0.077, "user_fn_ms": 3653.107, "encode_ms": 0.984, "worker_encode_result_ms": 0.984, "managed_globals_cache_hit": true, "managed_globals_ms": 0.008}, "queue_wait_ms": 2205.647}
2026-05-04 09:07:38,791 INFO pycloud_parallel.service_timing {"event": "task_pool_timing", "pool_id": "8653aafe83364f96a827e69dfc15ede8", "pool_name": "task-pool-a1b2026d3b", "method": "get_fund_asset_ratio", "ok": true, "setup_ms": 0.0, "build_execute_spec_ms": 0.059, "executor_ms": 8670.919, "finalize_ms": 0.0, "total_ms": 8670.978, "error_type": "", "error_message": "", "subprocess": {"decode_ms": 0.644, "worker_decode_ms": 0.644, "invoke_ms": 4021.054, "invoke_wrapper_ms": 0.062, "user_fn_ms": 4020.978, "encode_ms": 1.037, "worker_encode_result_ms": 1.037, "managed_globals_cache_hit": true, "managed_globals_ms": 0.007}, "queue_wait_ms": 4648.184}
2026-05-04 09:07:38,792 INFO pycloud_parallel.service_timing {"event": "task_pool_timing", "pool_id": "8653aafe83364f96a827e69dfc15ede8", "pool_name": "task-pool-a1b2026d3b", "method": "get_fund_asset_ratio", "ok": true, "setup_ms": 0.0, "build_execute_spec_ms": 0.049, "executor_ms": 13103.677, "finalize_ms": 0.0, "total_ms": 13103.726, "error_type": "", "error_message": "", "subprocess": {"decode_ms": 0.784, "worker_decode_ms": 0.784, "invoke_ms": 6687.386, "invoke_wrapper_ms": 0.077, "user_fn_ms": 6687.297, "encode_ms": 0.977, "worker_encode_result_ms": 0.977, "managed_globals_cache_hit": true, "managed_globals_ms": 0.008}, "queue_wait_ms": 6414.53}
2026-05-04 09:07:39,009 INFO pycloud_parallel.service_timing {"event": "task_pool_timing", "pool_id": "8653aafe83364f96a827e69dfc15ede8", "pool_name": "task-pool-a1b2026d3b", "method": "get_fund_asset_ratio", "ok": true, "setup_ms": 0.0, "build_execute_spec_ms": 0.059, "executor_ms": 8533.208, "finalize_ms": 0.0, "total_ms": 8533.267, "error_type": "", "error_message": "", "subprocess": {"decode_ms": 0.655, "worker_decode_ms": 0.655, "invoke_ms": 4187.424, "invoke_wrapper_ms": 0.078, "user_fn_ms": 4187.334, "encode_ms": 0.755, "worker_encode_result_ms": 0.755, "managed_globals_cache_hit": true, "managed_globals_ms": 0.009}, "queue_wait_ms": 4344.374}
 re minimize 
I0504 09:08:00.459351 7525996 fork_posix.cc:71] Other threads are currently calling into gRPC, skipping fork() handlers
I0504 09:08:00.463768 7526014 ev_poll_posix.cc:593] FD from fork parent still in poll list: fd(6, generation: 1)
/opt/anaconda3/lib/python3.13/site-packages/flare_cores/cores.py:2508: FutureWarning: Series.__getitem__ treating keys as positions is deprecated. In a future version, integer keys will always be treated as labels (consistent with DataFrame behavior). To access a value by position, use `ser.iloc[pos]`
  if len(a) > 0 and np.isnan(a[0]):
/opt/anaconda3/lib/python3.13/site-packages/flare_cores/cores.py:2508: FutureWarning: Series.__getitem__ treating keys as positions is deprecated. In a future version, integer keys will always be treated as labels (consistent with DataFrame behavior). To access a value by position, use `ser.iloc[pos]`
  if len(a) > 0 and np.isnan(a[0]):
2026-05-04 09:08:07,578 INFO pycloud_parallel.service_timing {"event": "task_pool_timing", "pool_id": "44ec7acc7e5a46aa8a5e6f64a35c8d44", "pool_name": "task-pool-51d71669e7", "method": "get_fund_asset_ratio", "ok": true, "setup_ms": 0.0, "build_execute_spec_ms": 0.039, "executor_ms": 4225.394, "finalize_ms": 0.0, "total_ms": 4225.433, "error_type": "", "error_message": "", "subprocess": {"decode_ms": 0.67, "worker_decode_ms": 0.67, "invoke_ms": 4207.513, "invoke_wrapper_ms": 0.228, "user_fn_ms": 4207.249, "encode_ms": 1.027, "worker_encode_result_ms": 1.027, "managed_globals_cache_hit": true, "managed_globals_ms": 0.006}, "queue_wait_ms": 16.184}
2026-05-04 09:10:11,390 INFO __main__ [Server] NodeControl registrar stop node_id=node-2
2026-05-04 09:10:11,390 INFO __main__ [Server] HTTP NodeControl stop base_url=http://127.0.0.1:19082
2026-05-04 09:10:16,151 INFO __main__ [Server] starting NodeControl bind=127.0.0.1:50062 node_id=node-2 infocenter=127.0.0.1:50051 advertise=127.0.0.1:50062 node_http=http://127.0.0.1:19082 log_level=INFO
2026-05-04 09:10:16,165 INFO __main__ [Server] HTTP NodeControl started base_url=http://127.0.0.1:19082
2026-05-04 09:10:16,166 INFO __main__ [Server] NodeControl registrar start node_id=node-2 infocenter=127.0.0.1:50051 advertise=127.0.0.1:50062
2026-05-04 09:10:16,182 INFO pycloud_parallel.controlplane.registrar [Registrar] node register node_id=node-2 node_instance_id=node-2-b25739900ddd control_addr=127.0.0.1:50062 hb=5 service_count=0 task_pool_count=0
I0504 09:10:40.605110 7529143 fork_posix.cc:71] Other threads are currently calling into gRPC, skipping fork() handlers
I0504 09:10:40.607747 7529179 ev_poll_posix.cc:593] FD from fork parent still in poll list: fd(6, generation: 1)
I0504 09:10:40.607851 7529179 ev_poll_posix.cc:593] FD from fork parent still in poll list: fd(6, generation: 1)
I0504 09:10:40.607872 7529179 ev_poll_posix.cc:593] FD from fork parent still in poll list: fd(6, generation: 1)
I0504 09:10:40.607889 7529179 ev_poll_posix.cc:593] FD from fork parent still in poll list: fd(6, generation: 1)
I0504 09:10:40.607901 7529179 ev_poll_posix.cc:593] FD from fork parent still in poll list: fd(6, generation: 1)
I0504 09:10:40.607918 7529179 ev_poll_posix.cc:593] FD from fork parent still in poll list: fd(6, generation: 1)
I0504 09:10:40.607932 7529179 ev_poll_posix.cc:593] FD from fork parent still in poll list: fd(6, generation: 1)
I0504 09:10:40.607943 7529179 ev_poll_posix.cc:593] FD from fork parent still in poll list: fd(6, generation: 1)
I0504 09:10:40.607958 7529179 ev_poll_posix.cc:593] FD from fork parent still in poll list: fd(6, generation: 1)
I0504 09:10:40.607967 7529179 ev_poll_posix.cc:593] FD from fork parent still in poll list: fd(6, generation: 1)
I0504 09:10:40.610173 7529143 fork_posix.cc:71] Other threads are currently calling into gRPC, skipping fork() handlers
I0504 09:10:40.612652 7529221 ev_poll_posix.cc:593] FD from fork parent still in poll list: fd(6, generation: 1)
I0504 09:10:40.612737 7529221 ev_poll_posix.cc:593] FD from fork parent still in poll list: fd(6, generation: 1)
I0504 09:10:40.612763 7529221 ev_poll_posix.cc:593] FD from fork parent still in poll list: fd(6, generation: 1)
I0504 09:10:40.612771 7529221 ev_poll_posix.cc:593] FD from fork parent still in poll list: fd(6, generation: 1)
I0504 09:10:40.612778 7529221 ev_poll_posix.cc:593] FD from fork parent still in poll list: fd(6, generation: 1)
I0504 09:10:40.612785 7529221 ev_poll_posix.cc:593] FD from fork parent still in poll list: fd(6, generation: 1)
I0504 09:10:40.612791 7529221 ev_poll_posix.cc:593] FD from fork parent still in poll list: fd(6, generation: 1)
I0504 09:10:40.612798 7529221 ev_poll_posix.cc:593] FD from fork parent still in poll list: fd(6, generation: 1)
I0504 09:10:40.612804 7529221 ev_poll_posix.cc:593] FD from fork parent still in poll list: fd(6, generation: 1)
I0504 09:10:40.612810 7529221 ev_poll_posix.cc:593] FD from fork parent still in poll list: fd(6, generation: 1)
I0504 09:10:40.612816 7529221 ev_poll_posix.cc:593] FD from fork parent still in poll list: fd(6, generation: 1)
I0504 09:10:40.612822 7529221 ev_poll_posix.cc:593] FD from fork parent still in poll list: fd(6, generation: 1)
I0504 09:10:40.612828 7529221 ev_poll_posix.cc:593] FD from fork parent still in poll list: fd(6, generation: 1)
I0504 09:10:40.612834 7529221 ev_poll_posix.cc:593] FD from fork parent still in poll list: fd(6, generation: 1)
I0504 09:10:40.612840 7529221 ev_poll_posix.cc:593] FD from fork parent still in poll list: fd(6, generation: 1)
I0504 09:10:40.612846 7529221 ev_poll_posix.cc:593] FD from fork parent still in poll list: fd(6, generation: 1)
I0504 09:10:40.612852 7529221 ev_poll_posix.cc:593] FD from fork parent still in poll list: fd(6, generation: 1)
I0504 09:10:40.612859 7529221 ev_poll_posix.cc:593] FD from fork parent still in poll list: fd(6, generation: 1)
I0504 09:10:40.612865 7529221 ev_poll_posix.cc:593] FD from fork parent still in poll list: fd(6, generation: 1)
I0504 09:10:40.612871 7529221 ev_poll_posix.cc:593] FD from fork parent still in poll list: fd(6, generation: 1)
I0504 09:10:40.612877 7529221 ev_poll_posix.cc:593] FD from fork parent still in poll list: fd(6, generation: 1)
2026-05-04 09:10:43,805 INFO numexpr.utils NumExpr defaulting to 10 threads.
/opt/anaconda3/lib/python3.13/site-packages/flare_cores/cores.py:2508: FutureWarning: Series.__getitem__ treating keys as positions is deprecated. In a future version, integer keys will always be treated as labels (consistent with DataFrame behavior). To access a value by position, use `ser.iloc[pos]`
  if len(a) > 0 and np.isnan(a[0]):
/opt/anaconda3/lib/python3.13/site-packages/flare_cores/cores.py:2508: FutureWarning: Series.__getitem__ treating keys as positions is deprecated. In a future version, integer keys will always be treated as labels (consistent with DataFrame behavior). To access a value by position, use `ser.iloc[pos]`
  if len(a) > 0 and np.isnan(a[0]):
/opt/anaconda3/lib/python3.13/site-packages/flare_cores/cores.py:2508: FutureWarning: Series.__getitem__ treating keys as positions is deprecated. In a future version, integer keys will always be treated as labels (consistent with DataFrame behavior). To access a value by position, use `ser.iloc[pos]`
  if len(a) > 0 and np.isnan(a[0]):
/opt/anaconda3/lib/python3.13/site-packages/flare_cores/cores.py:2508: FutureWarning: Series.__getitem__ treating keys as positions is deprecated. In a future version, integer keys will always be treated as labels (consistent with DataFrame behavior). To access a value by position, use `ser.iloc[pos]`
  if len(a) > 0 and np.isnan(a[0]):
/opt/anaconda3/lib/python3.13/site-packages/flare_cores/cores.py:2508: FutureWarning: Series.__getitem__ treating keys as positions is deprecated. In a future version, integer keys will always be treated as labels (consistent with DataFrame behavior). To access a value by position, use `ser.iloc[pos]`
  if len(a) > 0 and np.isnan(a[0]):
/opt/anaconda3/lib/python3.13/site-packages/flare_cores/cores.py:2508: FutureWarning: Series.__getitem__ treating keys as positions is deprecated. In a future version, integer keys will always be treated as labels (consistent with DataFrame behavior). To access a value by position, use `ser.iloc[pos]`
  if len(a) > 0 and np.isnan(a[0]):
/opt/anaconda3/lib/python3.13/site-packages/flare_cores/cores.py:2508: FutureWarning: Series.__getitem__ treating keys as positions is deprecated. In a future version, integer keys will always be treated as labels (consistent with DataFrame behavior). To access a value by position, use `ser.iloc[pos]`
  if len(a) > 0 and np.isnan(a[0]):
/opt/anaconda3/lib/python3.13/site-packages/flare_cores/cores.py:2508: FutureWarning: Series.__getitem__ treating keys as positions is deprecated. In a future version, integer keys will always be treated as labels (consistent with DataFrame behavior). To access a value by position, use `ser.iloc[pos]`
  if len(a) > 0 and np.isnan(a[0]):
/opt/anaconda3/lib/python3.13/site-packages/flare_cores/cores.py:2508: FutureWarning: Series.__getitem__ treating keys as positions is deprecated. In a future version, integer keys will always be treated as labels (consistent with DataFrame behavior). To access a value by position, use `ser.iloc[pos]`
  if len(a) > 0 and np.isnan(a[0]):
/opt/anaconda3/lib/python3.13/site-packages/flare_cores/cores.py:2508: FutureWarning: Series.__getitem__ treating keys as positions is deprecated. In a future version, integer keys will always be treated as labels (consistent with DataFrame behavior). To access a value by position, use `ser.iloc[pos]`
  if len(a) > 0 and np.isnan(a[0]):
2026-05-04 09:10:55,086 INFO pycloud_parallel.service_timing {"event": "task_pool_timing", "pool_id": "aeeff5baf9db42609ece84344a68bbbd", "pool_name": "task-pool-37665ff625", "method": "get_fund_asset_ratio", "ok": true, "setup_ms": 0.0, "build_execute_spec_ms": 0.03, "executor_ms": 10448.661, "finalize_ms": 0.0, "total_ms": 10448.691, "error_type": "", "error_message": "", "subprocess": {"decode_ms": 1.511, "worker_decode_ms": 1.511, "invoke_ms": 10338.098, "invoke_wrapper_ms": 1.069, "user_fn_ms": 10336.991, "encode_ms": 1.273, "worker_encode_result_ms": 1.273, "managed_globals_cache_hit": true, "managed_globals_ms": 0.014}, "queue_wait_ms": 107.779}
2026-05-04 09:10:56,524 INFO pycloud_parallel.service_timing {"event": "task_pool_timing", "pool_id": "aeeff5baf9db42609ece84344a68bbbd", "pool_name": "task-pool-37665ff625", "method": "get_fund_asset_ratio", "ok": true, "setup_ms": 0.0, "build_execute_spec_ms": 0.016, "executor_ms": 11891.854, "finalize_ms": 0.0, "total_ms": 11891.87, "error_type": "", "error_message": "", "subprocess": {"decode_ms": 1.13, "worker_decode_ms": 1.13, "invoke_ms": 11815.933, "invoke_wrapper_ms": 0.295, "user_fn_ms": 11815.598, "encode_ms": 19.997, "worker_encode_result_ms": 19.997, "managed_globals_cache_hit": true, "managed_globals_ms": 0.014}, "queue_wait_ms": 54.794}
/opt/anaconda3/lib/python3.13/site-packages/flare_cores/cores.py:2508: FutureWarning: Series.__getitem__ treating keys as positions is deprecated. In a future version, integer keys will always be treated as labels (consistent with DataFrame behavior). To access a value by position, use `ser.iloc[pos]`
  if len(a) > 0 and np.isnan(a[0]):
2026-05-04 09:10:57,890 INFO pycloud_parallel.service_timing {"event": "task_pool_timing", "pool_id": "aeeff5baf9db42609ece84344a68bbbd", "pool_name": "task-pool-37665ff625", "method": "get_fund_asset_ratio", "ok": true, "setup_ms": 0.0, "build_execute_spec_ms": 0.018, "executor_ms": 13258.388, "finalize_ms": 0.0, "total_ms": 13258.406, "error_type": "", "error_message": "", "subprocess": {"decode_ms": 0.871, "worker_decode_ms": 0.871, "invoke_ms": 13184.057, "invoke_wrapper_ms": 0.238, "user_fn_ms": 13183.784, "encode_ms": 6.846, "worker_encode_result_ms": 6.846, "managed_globals_cache_hit": true, "managed_globals_ms": 0.011}, "queue_wait_ms": 66.614}
/opt/anaconda3/lib/python3.13/site-packages/flare_cores/cores.py:2508: FutureWarning: Series.__getitem__ treating keys as positions is deprecated. In a future version, integer keys will always be treated as labels (consistent with DataFrame behavior). To access a value by position, use `ser.iloc[pos]`
  if len(a) > 0 and np.isnan(a[0]):
2026-05-04 09:10:59,327 INFO pycloud_parallel.service_timing {"event": "task_pool_timing", "pool_id": "aeeff5baf9db42609ece84344a68bbbd", "pool_name": "task-pool-37665ff625", "method": "get_fund_asset_ratio", "ok": true, "setup_ms": 0.0, "build_execute_spec_ms": 0.017, "executor_ms": 14696.198, "finalize_ms": 0.0, "total_ms": 14696.215, "error_type": "", "error_message": "", "subprocess": {"decode_ms": 1.018, "worker_decode_ms": 1.018, "invoke_ms": 14654.177, "invoke_wrapper_ms": 0.306, "user_fn_ms": 14653.835, "encode_ms": 1.455, "worker_encode_result_ms": 1.455, "managed_globals_cache_hit": true, "managed_globals_ms": 0.012}, "queue_wait_ms": 39.548}
2026-05-04 09:11:00,073 INFO pycloud_parallel.service_timing {"event": "task_pool_timing", "pool_id": "aeeff5baf9db42609ece84344a68bbbd", "pool_name": "task-pool-37665ff625", "method": "get_fund_asset_ratio", "ok": true, "setup_ms": 0.0, "build_execute_spec_ms": 0.012, "executor_ms": 15442.278, "finalize_ms": 0.0, "total_ms": 15442.29, "error_type": "", "error_message": "", "subprocess": {"decode_ms": 0.92, "worker_decode_ms": 0.92, "invoke_ms": 15373.128, "invoke_wrapper_ms": 0.2, "user_fn_ms": 15372.876, "encode_ms": 1.843, "worker_encode_result_ms": 1.843, "managed_globals_cache_hit": true, "managed_globals_ms": 0.011}, "queue_wait_ms": 66.387}
/opt/anaconda3/lib/python3.13/site-packages/flare_cores/cores.py:2508: FutureWarning: Series.__getitem__ treating keys as positions is deprecated. In a future version, integer keys will always be treated as labels (consistent with DataFrame behavior). To access a value by position, use `ser.iloc[pos]`
  if len(a) > 0 and np.isnan(a[0]):
2026-05-04 09:11:01,548 INFO pycloud_parallel.service_timing {"event": "task_pool_timing", "pool_id": "aeeff5baf9db42609ece84344a68bbbd", "pool_name": "task-pool-37665ff625", "method": "get_fund_asset_ratio", "ok": true, "setup_ms": 0.0, "build_execute_spec_ms": 0.017, "executor_ms": 16917.783, "finalize_ms": 0.0, "total_ms": 16917.8, "error_type": "", "error_message": "", "subprocess": {"decode_ms": 0.933, "worker_decode_ms": 0.933, "invoke_ms": 16902.4, "invoke_wrapper_ms": 0.26, "user_fn_ms": 16902.101, "encode_ms": 1.515, "worker_encode_result_ms": 1.515, "managed_globals_cache_hit": true, "managed_globals_ms": 0.012}, "queue_wait_ms": 12.935}
/opt/anaconda3/lib/python3.13/site-packages/flare_cores/cores.py:2508: FutureWarning: Series.__getitem__ treating keys as positions is deprecated. In a future version, integer keys will always be treated as labels (consistent with DataFrame behavior). To access a value by position, use `ser.iloc[pos]`
  if len(a) > 0 and np.isnan(a[0]):
2026-05-04 09:11:01,874 INFO pycloud_parallel.service_timing {"event": "task_pool_timing", "pool_id": "aeeff5baf9db42609ece84344a68bbbd", "pool_name": "task-pool-37665ff625", "method": "get_fund_asset_ratio", "ok": true, "setup_ms": 0.0, "build_execute_spec_ms": 0.013, "executor_ms": 17244.22, "finalize_ms": 0.0, "total_ms": 17244.233, "error_type": "", "error_message": "", "subprocess": {"decode_ms": 1.066, "worker_decode_ms": 1.066, "invoke_ms": 17223.655, "invoke_wrapper_ms": 0.235, "user_fn_ms": 17223.381, "encode_ms": 1.993, "worker_encode_result_ms": 1.993, "managed_globals_cache_hit": true, "managed_globals_ms": 0.011}, "queue_wait_ms": 17.506}
/opt/anaconda3/lib/python3.13/site-packages/flare_cores/cores.py:2508: FutureWarning: Series.__getitem__ treating keys as positions is deprecated. In a future version, integer keys will always be treated as labels (consistent with DataFrame behavior). To access a value by position, use `ser.iloc[pos]`
  if len(a) > 0 and np.isnan(a[0]):
2026-05-04 09:11:03,177 INFO pycloud_parallel.service_timing {"event": "task_pool_timing", "pool_id": "aeeff5baf9db42609ece84344a68bbbd", "pool_name": "task-pool-37665ff625", "method": "get_fund_asset_ratio", "ok": true, "setup_ms": 0.0, "build_execute_spec_ms": 0.016, "executor_ms": 18547.866, "finalize_ms": 0.0, "total_ms": 18547.882, "error_type": "", "error_message": "", "subprocess": {"decode_ms": 1.01, "worker_decode_ms": 1.01, "invoke_ms": 18485.759, "invoke_wrapper_ms": 0.714, "user_fn_ms": 18484.995, "encode_ms": 2.001, "worker_encode_result_ms": 2.001, "managed_globals_cache_hit": true, "managed_globals_ms": 0.012}, "queue_wait_ms": 59.096}
2026-05-04 09:11:03,231 INFO pycloud_parallel.service_timing {"event": "task_pool_timing", "pool_id": "aeeff5baf9db42609ece84344a68bbbd", "pool_name": "task-pool-37665ff625", "method": "get_fund_asset_ratio", "ok": true, "setup_ms": 0.0, "build_execute_spec_ms": 0.013, "executor_ms": 18601.559, "finalize_ms": 0.0, "total_ms": 18601.572, "error_type": "", "error_message": "", "subprocess": {"decode_ms": 0.974, "worker_decode_ms": 0.974, "invoke_ms": 18526.8, "invoke_wrapper_ms": 0.258, "user_fn_ms": 18526.504, "encode_ms": 21.186, "worker_encode_result_ms": 21.186, "managed_globals_cache_hit": true, "managed_globals_ms": 0.012}, "queue_wait_ms": 52.599}
/opt/anaconda3/lib/python3.13/site-packages/flare_cores/cores.py:2508: FutureWarning: Series.__getitem__ treating keys as positions is deprecated. In a future version, integer keys will always be treated as labels (consistent with DataFrame behavior). To access a value by position, use `ser.iloc[pos]`
  if len(a) > 0 and np.isnan(a[0]):
/opt/anaconda3/lib/python3.13/site-packages/flare_cores/cores.py:2508: FutureWarning: Series.__getitem__ treating keys as positions is deprecated. In a future version, integer keys will always be treated as labels (consistent with DataFrame behavior). To access a value by position, use `ser.iloc[pos]`
  if len(a) > 0 and np.isnan(a[0]):
/opt/anaconda3/lib/python3.13/site-packages/flare_cores/cores.py:2508: FutureWarning: Series.__getitem__ treating keys as positions is deprecated. In a future version, integer keys will always be treated as labels (consistent with DataFrame behavior). To access a value by position, use `ser.iloc[pos]`
  if len(a) > 0 and np.isnan(a[0]):
/opt/anaconda3/lib/python3.13/site-packages/flare_cores/cores.py:2508: FutureWarning: Series.__getitem__ treating keys as positions is deprecated. In a future version, integer keys will always be treated as labels (consistent with DataFrame behavior). To access a value by position, use `ser.iloc[pos]`
  if len(a) > 0 and np.isnan(a[0]):
2026-05-04 09:11:06,627 INFO pycloud_parallel.service_timing {"event": "task_pool_timing", "pool_id": "aeeff5baf9db42609ece84344a68bbbd", "pool_name": "task-pool-37665ff625", "method": "get_fund_asset_ratio", "ok": true, "setup_ms": 0.0, "build_execute_spec_ms": 0.028, "executor_ms": 21987.873, "finalize_ms": 0.0, "total_ms": 21987.901, "error_type": "", "error_message": "", "subprocess": {"decode_ms": 1.131, "worker_decode_ms": 1.131, "invoke_ms": 11568.13, "invoke_wrapper_ms": 0.09, "user_fn_ms": 11568.021, "encode_ms": 1.576, "worker_encode_result_ms": 1.576, "managed_globals_cache_hit": true, "managed_globals_ms": 0.012}, "queue_wait_ms": 10417.036}
2026-05-04 09:11:06,918 INFO pycloud_parallel.service_timing {"event": "task_pool_timing", "pool_id": "aeeff5baf9db42609ece84344a68bbbd", "pool_name": "task-pool-37665ff625", "method": "get_fund_asset_ratio", "ok": true, "setup_ms": 0.0, "build_execute_spec_ms": 0.03, "executor_ms": 22275.421, "finalize_ms": 0.0, "total_ms": 22275.451, "error_type": "", "error_message": "", "subprocess": {"decode_ms": 0.938, "worker_decode_ms": 0.938, "invoke_ms": 10331.027, "invoke_wrapper_ms": 0.155, "user_fn_ms": 10330.856, "encode_ms": 26.455, "worker_encode_result_ms": 26.455, "managed_globals_cache_hit": true, "managed_globals_ms": 0.012}, "queue_wait_ms": 11917.001}
/opt/anaconda3/lib/python3.13/site-packages/flare_cores/cores.py:2508: FutureWarning: Series.__getitem__ treating keys as positions is deprecated. In a future version, integer keys will always be treated as labels (consistent with DataFrame behavior). To access a value by position, use `ser.iloc[pos]`
  if len(a) > 0 and np.isnan(a[0]):
2026-05-04 09:11:08,396 INFO pycloud_parallel.service_timing {"event": "task_pool_timing", "pool_id": "aeeff5baf9db42609ece84344a68bbbd", "pool_name": "task-pool-37665ff625", "method": "get_fund_asset_ratio", "ok": true, "setup_ms": 0.0, "build_execute_spec_ms": 0.028, "executor_ms": 23752.705, "finalize_ms": 0.0, "total_ms": 23752.733, "error_type": "", "error_message": "", "subprocess": {"decode_ms": 0.747, "worker_decode_ms": 0.747, "invoke_ms": 10546.174, "invoke_wrapper_ms": 0.098, "user_fn_ms": 10546.059, "encode_ms": 1.293, "worker_encode_result_ms": 1.293, "managed_globals_cache_hit": true, "managed_globals_ms": 0.01}, "queue_wait_ms": 13204.491}
/opt/anaconda3/lib/python3.13/site-packages/flare_cores/cores.py:2508: FutureWarning: Series.__getitem__ treating keys as positions is deprecated. In a future version, integer keys will always be treated as labels (consistent with DataFrame behavior). To access a value by position, use `ser.iloc[pos]`
  if len(a) > 0 and np.isnan(a[0]):
2026-05-04 09:11:09,423 INFO pycloud_parallel.service_timing {"event": "task_pool_timing", "pool_id": "aeeff5baf9db42609ece84344a68bbbd", "pool_name": "task-pool-37665ff625", "method": "get_fund_asset_ratio", "ok": true, "setup_ms": 0.0, "build_execute_spec_ms": 0.027, "executor_ms": 24777.527, "finalize_ms": 0.0, "total_ms": 24777.554, "error_type": "", "error_message": "", "subprocess": {"decode_ms": 0.703, "worker_decode_ms": 0.703, "invoke_ms": 10075.836, "invoke_wrapper_ms": 0.088, "user_fn_ms": 10075.731, "encode_ms": 1.297, "worker_encode_result_ms": 1.297, "managed_globals_cache_hit": true, "managed_globals_ms": 0.01}, "queue_wait_ms": 14699.691}
2026-05-04 09:11:09,526 INFO pycloud_parallel.service_timing {"event": "task_pool_timing", "pool_id": "aeeff5baf9db42609ece84344a68bbbd", "pool_name": "task-pool-37665ff625", "method": "get_fund_asset_ratio", "ok": true, "setup_ms": 0.0, "build_execute_spec_ms": 0.02, "executor_ms": 24880.206, "finalize_ms": 0.0, "total_ms": 24880.226, "error_type": "", "error_message": "", "subprocess": {"decode_ms": 0.783, "worker_decode_ms": 0.783, "invoke_ms": 9462.425, "invoke_wrapper_ms": 0.093, "user_fn_ms": 9462.315, "encode_ms": 1.52, "worker_encode_result_ms": 1.52, "managed_globals_cache_hit": true, "managed_globals_ms": 0.011}, "queue_wait_ms": 15415.478}
/opt/anaconda3/lib/python3.13/site-packages/flare_cores/cores.py:2508: FutureWarning: Series.__getitem__ treating keys as positions is deprecated. In a future version, integer keys will always be treated as labels (consistent with DataFrame behavior). To access a value by position, use `ser.iloc[pos]`
  if len(a) > 0 and np.isnan(a[0]):
2026-05-04 09:11:10,196 INFO pycloud_parallel.service_timing {"event": "task_pool_timing", "pool_id": "aeeff5baf9db42609ece84344a68bbbd", "pool_name": "task-pool-37665ff625", "method": "get_fund_asset_ratio", "ok": true, "setup_ms": 0.0, "build_execute_spec_ms": 0.054, "executor_ms": 10822.186, "finalize_ms": 0.0, "total_ms": 10822.24, "error_type": "", "error_message": "", "subprocess": {"decode_ms": 0.679, "worker_decode_ms": 0.679, "invoke_ms": 6958.093, "invoke_wrapper_ms": 0.075, "user_fn_ms": 6958.003, "encode_ms": 1.06, "worker_encode_result_ms": 1.06, "managed_globals_cache_hit": true, "managed_globals_ms": 0.009}, "queue_wait_ms": 3862.354}
/opt/anaconda3/lib/python3.13/site-packages/flare_cores/cores.py:2508: FutureWarning: Series.__getitem__ treating keys as positions is deprecated. In a future version, integer keys will always be treated as labels (consistent with DataFrame behavior). To access a value by position, use `ser.iloc[pos]`
  if len(a) > 0 and np.isnan(a[0]):
/opt/anaconda3/lib/python3.13/site-packages/flare_cores/cores.py:2508: FutureWarning: Series.__getitem__ treating keys as positions is deprecated. In a future version, integer keys will always be treated as labels (consistent with DataFrame behavior). To access a value by position, use `ser.iloc[pos]`
  if len(a) > 0 and np.isnan(a[0]):
2026-05-04 09:11:10,990 INFO pycloud_parallel.service_timing {"event": "task_pool_timing", "pool_id": "aeeff5baf9db42609ece84344a68bbbd", "pool_name": "task-pool-37665ff625", "method": "get_fund_asset_ratio", "ok": true, "setup_ms": 0.0, "build_execute_spec_ms": 0.05, "executor_ms": 13005.507, "finalize_ms": 0.0, "total_ms": 13005.557, "error_type": "", "error_message": "", "subprocess": {"decode_ms": 0.998, "worker_decode_ms": 0.998, "invoke_ms": 7831.547, "invoke_wrapper_ms": 0.102, "user_fn_ms": 7831.428, "encode_ms": 1.269, "worker_encode_result_ms": 1.269, "managed_globals_cache_hit": true, "managed_globals_ms": 0.015}, "queue_wait_ms": 5171.693}
2026-05-04 09:11:11,096 INFO pycloud_parallel.service_timing {"event": "task_pool_timing", "pool_id": "aeeff5baf9db42609ece84344a68bbbd", "pool_name": "task-pool-37665ff625", "method": "get_fund_asset_ratio", "ok": true, "setup_ms": 0.0, "build_execute_spec_ms": 0.062, "executor_ms": 14476.911, "finalize_ms": 0.0, "total_ms": 14476.973, "error_type": "", "error_message": "", "subprocess": {"decode_ms": 0.903, "worker_decode_ms": 0.903, "invoke_ms": 9181.484, "invoke_wrapper_ms": 0.091, "user_fn_ms": 9181.374, "encode_ms": 20.604, "worker_encode_result_ms": 20.604, "managed_globals_cache_hit": true, "managed_globals_ms": 0.01}, "queue_wait_ms": 5273.92}
2026-05-04 09:11:11,153 INFO pycloud_parallel.service_timing {"event": "task_pool_timing", "pool_id": "aeeff5baf9db42609ece84344a68bbbd", "pool_name": "task-pool-37665ff625", "method": "get_fund_asset_ratio", "ok": true, "setup_ms": 0.0, "build_execute_spec_ms": 0.062, "executor_ms": 26524.28, "finalize_ms": 0.0, "total_ms": 26524.342, "error_type": "", "error_message": "", "subprocess": {"decode_ms": 2.966, "worker_decode_ms": 2.966, "invoke_ms": 26497.865, "invoke_wrapper_ms": 0.212, "user_fn_ms": 26497.609, "encode_ms": 1.967, "worker_encode_result_ms": 1.967, "managed_globals_cache_hit": true, "managed_globals_ms": 0.014}, "queue_wait_ms": 21.482}
2026-05-04 09:11:11,268 INFO pycloud_parallel.service_timing {"event": "task_pool_timing", "pool_id": "aeeff5baf9db42609ece84344a68bbbd", "pool_name": "task-pool-37665ff625", "method": "get_fund_asset_ratio", "ok": true, "setup_ms": 0.0, "build_execute_spec_ms": 0.048, "executor_ms": 16120.746, "finalize_ms": 0.0, "total_ms": 16120.794, "error_type": "", "error_message": "", "subprocess": {"decode_ms": 0.963, "worker_decode_ms": 0.963, "invoke_ms": 9696.183, "invoke_wrapper_ms": 0.102, "user_fn_ms": 9696.058, "encode_ms": 1.883, "worker_encode_result_ms": 1.883, "managed_globals_cache_hit": true, "managed_globals_ms": 0.012}, "queue_wait_ms": 6421.717}
/opt/anaconda3/lib/python3.13/site-packages/flare_cores/cores.py:2508: FutureWarning: Series.__getitem__ treating keys as positions is deprecated. In a future version, integer keys will always be treated as labels (consistent with DataFrame behavior). To access a value by position, use `ser.iloc[pos]`
  if len(a) > 0 and np.isnan(a[0]):
/opt/anaconda3/lib/python3.13/site-packages/flare_cores/cores.py:2508: FutureWarning: Series.__getitem__ treating keys as positions is deprecated. In a future version, integer keys will always be treated as labels (consistent with DataFrame behavior). To access a value by position, use `ser.iloc[pos]`
  if len(a) > 0 and np.isnan(a[0]):
/opt/anaconda3/lib/python3.13/site-packages/flare_cores/cores.py:2508: FutureWarning: Series.__getitem__ treating keys as positions is deprecated. In a future version, integer keys will always be treated as labels (consistent with DataFrame behavior). To access a value by position, use `ser.iloc[pos]`
  if len(a) > 0 and np.isnan(a[0]):
/opt/anaconda3/lib/python3.13/site-packages/flare_cores/cores.py:2508: FutureWarning: Series.__getitem__ treating keys as positions is deprecated. In a future version, integer keys will always be treated as labels (consistent with DataFrame behavior). To access a value by position, use `ser.iloc[pos]`
  if len(a) > 0 and np.isnan(a[0]):
/opt/anaconda3/lib/python3.13/site-packages/flare_cores/cores.py:2508: FutureWarning: Series.__getitem__ treating keys as positions is deprecated. In a future version, integer keys will always be treated as labels (consistent with DataFrame behavior). To access a value by position, use `ser.iloc[pos]`
  if len(a) > 0 and np.isnan(a[0]):
2026-05-04 09:11:12,386 INFO pycloud_parallel.service_timing {"event": "task_pool_timing", "pool_id": "aeeff5baf9db42609ece84344a68bbbd", "pool_name": "task-pool-37665ff625", "method": "get_fund_asset_ratio", "ok": true, "setup_ms": 0.0, "build_execute_spec_ms": 0.049, "executor_ms": 10719.038, "finalize_ms": 0.0, "total_ms": 10719.087, "error_type": "", "error_message": "", "subprocess": {"decode_ms": 0.801, "worker_decode_ms": 0.801, "invoke_ms": 5441.015, "invoke_wrapper_ms": 0.069, "user_fn_ms": 5440.932, "encode_ms": 1.223, "worker_encode_result_ms": 1.223, "managed_globals_cache_hit": true, "managed_globals_ms": 0.008}, "queue_wait_ms": 5275.999}
/opt/anaconda3/lib/python3.13/site-packages/flare_cores/cores.py:2508: FutureWarning: Series.__getitem__ treating keys as positions is deprecated. In a future version, integer keys will always be treated as labels (consistent with DataFrame behavior). To access a value by position, use `ser.iloc[pos]`
  if len(a) > 0 and np.isnan(a[0]):
2026-05-04 09:11:13,023 INFO pycloud_parallel.service_timing {"event": "task_pool_timing", "pool_id": "aeeff5baf9db42609ece84344a68bbbd", "pool_name": "task-pool-37665ff625", "method": "get_fund_asset_ratio", "ok": true, "setup_ms": 0.0, "build_execute_spec_ms": 0.061, "executor_ms": 3520.01, "finalize_ms": 0.0, "total_ms": 3520.071, "error_type": "", "error_message": "", "subprocess": {"decode_ms": 0.755, "worker_decode_ms": 0.755, "invoke_ms": 1838.678, "invoke_wrapper_ms": 0.084, "user_fn_ms": 1838.575, "encode_ms": 4.122, "worker_encode_result_ms": 4.122, "managed_globals_cache_hit": true, "managed_globals_ms": 0.01}, "queue_wait_ms": 1676.455}
2026-05-04 09:11:13,139 INFO pycloud_parallel.service_timing {"event": "task_pool_timing", "pool_id": "aeeff5baf9db42609ece84344a68bbbd", "pool_name": "task-pool-37665ff625", "method": "get_fund_asset_ratio", "ok": true, "setup_ms": 0.0, "build_execute_spec_ms": 0.047, "executor_ms": 2920.527, "finalize_ms": 0.0, "total_ms": 2920.574, "error_type": "", "error_message": "", "subprocess": {"decode_ms": 0.659, "worker_decode_ms": 0.659, "invoke_ms": 763.02, "invoke_wrapper_ms": 0.062, "user_fn_ms": 762.944, "encode_ms": 0.966, "worker_encode_result_ms": 0.966, "managed_globals_cache_hit": true, "managed_globals_ms": 0.008}, "queue_wait_ms": 2155.882}
/opt/anaconda3/lib/python3.13/site-packages/flare_cores/cores.py:2508: FutureWarning: Series.__getitem__ treating keys as positions is deprecated. In a future version, integer keys will always be treated as labels (consistent with DataFrame behavior). To access a value by position, use `ser.iloc[pos]`
  if len(a) > 0 and np.isnan(a[0]):
/opt/anaconda3/lib/python3.13/site-packages/flare_cores/cores.py:2508: FutureWarning: Series.__getitem__ treating keys as positions is deprecated. In a future version, integer keys will always be treated as labels (consistent with DataFrame behavior). To access a value by position, use `ser.iloc[pos]`
  if len(a) > 0 and np.isnan(a[0]):
2026-05-04 09:11:13,313 INFO pycloud_parallel.service_timing {"event": "task_pool_timing", "pool_id": "aeeff5baf9db42609ece84344a68bbbd", "pool_name": "task-pool-37665ff625", "method": "get_fund_asset_ratio", "ok": true, "setup_ms": 0.0, "build_execute_spec_ms": 0.049, "executor_ms": 3675.7, "finalize_ms": 0.0, "total_ms": 3675.749, "error_type": "", "error_message": "", "subprocess": {"decode_ms": 1.116, "worker_decode_ms": 1.116, "invoke_ms": 2049.476, "invoke_wrapper_ms": 0.083, "user_fn_ms": 2049.376, "encode_ms": 1.19, "worker_encode_result_ms": 1.19, "managed_globals_cache_hit": true, "managed_globals_ms": 0.01}, "queue_wait_ms": 1623.918}
/opt/anaconda3/lib/python3.13/site-packages/flare_cores/cores.py:2508: FutureWarning: Series.__getitem__ treating keys as positions is deprecated. In a future version, integer keys will always be treated as labels (consistent with DataFrame behavior). To access a value by position, use `ser.iloc[pos]`
  if len(a) > 0 and np.isnan(a[0]):
2026-05-04 09:11:13,648 INFO pycloud_parallel.service_timing {"event": "task_pool_timing", "pool_id": "aeeff5baf9db42609ece84344a68bbbd", "pool_name": "task-pool-37665ff625", "method": "get_fund_asset_ratio", "ok": true, "setup_ms": 0.0, "build_execute_spec_ms": 0.055, "executor_ms": 13479.665, "finalize_ms": 0.0, "total_ms": 13479.72, "error_type": "", "error_message": "", "subprocess": {"decode_ms": 1.315, "worker_decode_ms": 1.315, "invoke_ms": 6968.884, "invoke_wrapper_ms": 0.081, "user_fn_ms": 6968.787, "encode_ms": 1.492, "worker_encode_result_ms": 1.492, "managed_globals_cache_hit": true, "managed_globals_ms": 0.007}, "queue_wait_ms": 6507.974}
/opt/anaconda3/lib/python3.13/site-packages/flare_cores/cores.py:2508: FutureWarning: Series.__getitem__ treating keys as positions is deprecated. In a future version, integer keys will always be treated as labels (consistent with DataFrame behavior). To access a value by position, use `ser.iloc[pos]`
  if len(a) > 0 and np.isnan(a[0]):
2026-05-04 09:11:13,753 INFO pycloud_parallel.service_timing {"event": "task_pool_timing", "pool_id": "aeeff5baf9db42609ece84344a68bbbd", "pool_name": "task-pool-37665ff625", "method": "get_fund_asset_ratio", "ok": true, "setup_ms": 0.0, "build_execute_spec_ms": 0.053, "executor_ms": 2601.466, "finalize_ms": 0.0, "total_ms": 2601.519, "error_type": "", "error_message": "", "subprocess": {"decode_ms": 0.559, "worker_decode_ms": 0.559, "invoke_ms": 616.637, "invoke_wrapper_ms": 0.066, "user_fn_ms": 616.556, "encode_ms": 1.051, "worker_encode_result_ms": 1.051, "managed_globals_cache_hit": true, "managed_globals_ms": 0.005}, "queue_wait_ms": 1983.219}
/opt/anaconda3/lib/python3.13/site-packages/flare_cores/cores.py:2508: FutureWarning: Series.__getitem__ treating keys as positions is deprecated. In a future version, integer keys will always be treated as labels (consistent with DataFrame behavior). To access a value by position, use `ser.iloc[pos]`
  if len(a) > 0 and np.isnan(a[0]):
2026-05-04 09:11:13,871 INFO pycloud_parallel.service_timing {"event": "task_pool_timing", "pool_id": "aeeff5baf9db42609ece84344a68bbbd", "pool_name": "task-pool-37665ff625", "method": "get_fund_asset_ratio", "ok": true, "setup_ms": 0.0, "build_execute_spec_ms": 0.054, "executor_ms": 1419.927, "finalize_ms": 0.0, "total_ms": 1419.981, "error_type": "", "error_message": "", "subprocess": {"decode_ms": 0.528, "worker_decode_ms": 0.528, "invoke_ms": 132.464, "invoke_wrapper_ms": 0.061, "user_fn_ms": 132.388, "encode_ms": 0.715, "worker_encode_result_ms": 0.715, "managed_globals_cache_hit": true, "managed_globals_ms": 0.006}, "queue_wait_ms": 1286.22}
/opt/anaconda3/lib/python3.13/site-packages/flare_cores/cores.py:2508: FutureWarning: Series.__getitem__ treating keys as positions is deprecated. In a future version, integer keys will always be treated as labels (consistent with DataFrame behavior). To access a value by position, use `ser.iloc[pos]`
  if len(a) > 0 and np.isnan(a[0]):
2026-05-04 09:11:13,986 INFO pycloud_parallel.service_timing {"event": "task_pool_timing", "pool_id": "aeeff5baf9db42609ece84344a68bbbd", "pool_name": "task-pool-37665ff625", "method": "get_fund_asset_ratio", "ok": true, "setup_ms": 0.0, "build_execute_spec_ms": 0.058, "executor_ms": 2953.475, "finalize_ms": 0.0, "total_ms": 2953.533, "error_type": "", "error_message": "", "subprocess": {"decode_ms": 0.77, "worker_decode_ms": 0.77, "invoke_ms": 971.797, "invoke_wrapper_ms": 0.079, "user_fn_ms": 971.701, "encode_ms": 4.222, "worker_encode_result_ms": 4.222, "managed_globals_cache_hit": true, "managed_globals_ms": 0.008}, "queue_wait_ms": 1976.686}
2026-05-04 09:11:13,986 INFO pycloud_parallel.service_timing {"event": "task_pool_timing", "pool_id": "aeeff5baf9db42609ece84344a68bbbd", "pool_name": "task-pool-37665ff625", "method": "get_fund_asset_ratio", "ok": true, "setup_ms": 0.0, "build_execute_spec_ms": 0.06, "executor_ms": 860.792, "finalize_ms": 0.0, "total_ms": 860.852, "error_type": "", "error_message": "", "subprocess": {"decode_ms": 0.515, "worker_decode_ms": 0.515, "invoke_ms": 132.664, "invoke_wrapper_ms": 0.063, "user_fn_ms": 132.587, "encode_ms": 0.812, "worker_encode_result_ms": 0.812, "managed_globals_cache_hit": true, "managed_globals_ms": 0.005}, "queue_wait_ms": 726.801}
2026-05-04 09:11:13,986 INFO pycloud_parallel.service_timing {"event": "task_pool_timing", "pool_id": "aeeff5baf9db42609ece84344a68bbbd", "pool_name": "task-pool-37665ff625", "method": "get_fund_asset_ratio", "ok": true, "setup_ms": 0.0, "build_execute_spec_ms": 0.059, "executor_ms": 2687.642, "finalize_ms": 0.0, "total_ms": 2687.701, "error_type": "", "error_message": "", "subprocess": {"decode_ms": 0.665, "worker_decode_ms": 0.665, "invoke_ms": 381.008, "invoke_wrapper_ms": 0.064, "user_fn_ms": 380.93, "encode_ms": 1.266, "worker_encode_result_ms": 1.266, "managed_globals_cache_hit": true, "managed_globals_ms": 0.008}, "queue_wait_ms": 2304.703}
/opt/anaconda3/lib/python3.13/site-packages/flare_cores/cores.py:2508: FutureWarning: Series.__getitem__ treating keys as positions is deprecated. In a future version, integer keys will always be treated as labels (consistent with DataFrame behavior). To access a value by position, use `ser.iloc[pos]`
  if len(a) > 0 and np.isnan(a[0]):
/opt/anaconda3/lib/python3.13/site-packages/flare_cores/cores.py:2508: FutureWarning: Series.__getitem__ treating keys as positions is deprecated. In a future version, integer keys will always be treated as labels (consistent with DataFrame behavior). To access a value by position, use `ser.iloc[pos]`
  if len(a) > 0 and np.isnan(a[0]):
2026-05-04 09:11:14,046 INFO pycloud_parallel.service_timing {"event": "task_pool_timing", "pool_id": "aeeff5baf9db42609ece84344a68bbbd", "pool_name": "task-pool-37665ff625", "method": "get_fund_asset_ratio", "ok": true, "setup_ms": 0.0, "build_execute_spec_ms": 0.055, "executor_ms": 2871.742, "finalize_ms": 0.0, "total_ms": 2871.797, "error_type": "", "error_message": "", "subprocess": {"decode_ms": 0.703, "worker_decode_ms": 0.703, "invoke_ms": 724.933, "invoke_wrapper_ms": 0.068, "user_fn_ms": 724.852, "encode_ms": 1.01, "worker_encode_result_ms": 1.01, "managed_globals_cache_hit": true, "managed_globals_ms": 0.007}, "queue_wait_ms": 2145.096}
/opt/anaconda3/lib/python3.13/site-packages/flare_cores/cores.py:2508: FutureWarning: Series.__getitem__ treating keys as positions is deprecated. In a future version, integer keys will always be treated as labels (consistent with DataFrame behavior). To access a value by position, use `ser.iloc[pos]`
  if len(a) > 0 and np.isnan(a[0]):
/opt/anaconda3/lib/python3.13/site-packages/flare_cores/cores.py:2508: FutureWarning: Series.__getitem__ treating keys as positions is deprecated. In a future version, integer keys will always be treated as labels (consistent with DataFrame behavior). To access a value by position, use `ser.iloc[pos]`
  if len(a) > 0 and np.isnan(a[0]):
2026-05-04 09:11:14,100 INFO pycloud_parallel.service_timing {"event": "task_pool_timing", "pool_id": "aeeff5baf9db42609ece84344a68bbbd", "pool_name": "task-pool-37665ff625", "method": "get_fund_asset_ratio", "ok": true, "setup_ms": 0.0, "build_execute_spec_ms": 0.05, "executor_ms": 727.723, "finalize_ms": 0.0, "total_ms": 727.773, "error_type": "", "error_message": "", "subprocess": {"decode_ms": 0.586, "worker_decode_ms": 0.586, "invoke_ms": 71.742, "invoke_wrapper_ms": 0.058, "user_fn_ms": 71.673, "encode_ms": 0.676, "worker_encode_result_ms": 0.676, "managed_globals_cache_hit": true, "managed_globals_ms": 0.007}, "queue_wait_ms": 654.719}
2026-05-04 09:11:14,100 INFO pycloud_parallel.service_timing {"event": "task_pool_timing", "pool_id": "aeeff5baf9db42609ece84344a68bbbd", "pool_name": "task-pool-37665ff625", "method": "get_fund_asset_ratio", "ok": true, "setup_ms": 0.0, "build_execute_spec_ms": 0.055, "executor_ms": 379.074, "finalize_ms": 0.0, "total_ms": 379.129, "error_type": "", "error_message": "", "subprocess": {"decode_ms": 0.506, "worker_decode_ms": 0.506, "invoke_ms": 90.875, "invoke_wrapper_ms": 0.057, "user_fn_ms": 90.803, "encode_ms": 0.881, "worker_encode_result_ms": 0.881, "managed_globals_cache_hit": true, "managed_globals_ms": 0.005}, "queue_wait_ms": 286.812}
2026-05-04 09:11:14,100 INFO pycloud_parallel.service_timing {"event": "task_pool_timing", "pool_id": "aeeff5baf9db42609ece84344a68bbbd", "pool_name": "task-pool-37665ff625", "method": "get_fund_asset_ratio", "ok": true, "setup_ms": 0.0, "build_execute_spec_ms": 0.057, "executor_ms": 854.425, "finalize_ms": 0.0, "total_ms": 854.482, "error_type": "", "error_message": "", "subprocess": {"decode_ms": 0.873, "worker_decode_ms": 0.873, "invoke_ms": 114.443, "invoke_wrapper_ms": 0.08, "user_fn_ms": 114.348, "encode_ms": 1.948, "worker_encode_result_ms": 1.948, "managed_globals_cache_hit": true, "managed_globals_ms": 0.008}, "queue_wait_ms": 737.161}
2026-05-04 09:11:14,100 INFO pycloud_parallel.service_timing {"event": "task_pool_timing", "pool_id": "aeeff5baf9db42609ece84344a68bbbd", "pool_name": "task-pool-37665ff625", "method": "get_fund_asset_ratio", "ok": true, "setup_ms": 0.0, "build_execute_spec_ms": 0.05, "executor_ms": 21.587, "finalize_ms": 0.0, "total_ms": 21.637, "error_type": "", "error_message": "", "subprocess": {"decode_ms": 1.067, "worker_decode_ms": 1.067, "invoke_ms": 3.511, "invoke_wrapper_ms": 0.071, "user_fn_ms": 3.427, "encode_ms": 0.108, "worker_encode_result_ms": 0.108, "managed_globals_cache_hit": true, "managed_globals_ms": 0.008}, "queue_wait_ms": 16.901}
2026-05-04 09:11:14,101 INFO pycloud_parallel.service_timing {"event": "task_pool_timing", "pool_id": "aeeff5baf9db42609ece84344a68bbbd", "pool_name": "task-pool-37665ff625", "method": "get_fund_asset_ratio", "ok": true, "setup_ms": 0.0, "build_execute_spec_ms": 0.021, "executor_ms": 20.868, "finalize_ms": 0.0, "total_ms": 20.889, "error_type": "", "error_message": "", "subprocess": {"decode_ms": 0.533, "worker_decode_ms": 0.533, "invoke_ms": 3.665, "invoke_wrapper_ms": 0.064, "user_fn_ms": 3.589, "encode_ms": 0.105, "worker_encode_result_ms": 0.105, "managed_globals_cache_hit": true, "managed_globals_ms": 0.007}, "queue_wait_ms": 16.565}
2026-05-04 09:11:14,101 INFO pycloud_parallel.service_timing {"event": "task_pool_timing", "pool_id": "aeeff5baf9db42609ece84344a68bbbd", "pool_name": "task-pool-37665ff625", "method": "get_fund_asset_ratio", "ok": true, "setup_ms": 0.0, "build_execute_spec_ms": 0.059, "executor_ms": 259.518, "finalize_ms": 0.0, "total_ms": 259.577, "error_type": "", "error_message": "", "subprocess": {"decode_ms": 0.525, "worker_decode_ms": 0.525, "invoke_ms": 59.691, "invoke_wrapper_ms": 0.06, "user_fn_ms": 59.618, "encode_ms": 0.932, "worker_encode_result_ms": 0.932, "managed_globals_cache_hit": true, "managed_globals_ms": 0.006}, "queue_wait_ms": 198.37}
/opt/anaconda3/lib/python3.13/site-packages/flare_cores/cores.py:2508: FutureWarning: Series.__getitem__ treating keys as positions is deprecated. In a future version, integer keys will always be treated as labels (consistent with DataFrame behavior). To access a value by position, use `ser.iloc[pos]`
  if len(a) > 0 and np.isnan(a[0]):
/opt/anaconda3/lib/python3.13/site-packages/flare_cores/cores.py:2508: FutureWarning: Series.__getitem__ treating keys as positions is deprecated. In a future version, integer keys will always be treated as labels (consistent with DataFrame behavior). To access a value by position, use `ser.iloc[pos]`
  if len(a) > 0 and np.isnan(a[0]):
2026-05-04 09:11:14,156 INFO pycloud_parallel.service_timing {"event": "task_pool_timing", "pool_id": "aeeff5baf9db42609ece84344a68bbbd", "pool_name": "task-pool-37665ff625", "method": "get_fund_asset_ratio", "ok": true, "setup_ms": 0.0, "build_execute_spec_ms": 0.017, "executor_ms": 75.811, "finalize_ms": 0.0, "total_ms": 75.828, "error_type": "", "error_message": "", "subprocess": {"decode_ms": 0.573, "worker_decode_ms": 0.573, "invoke_ms": 14.673, "invoke_wrapper_ms": 0.07, "user_fn_ms": 14.588, "encode_ms": 0.129, "worker_encode_result_ms": 0.129, "managed_globals_cache_hit": true, "managed_globals_ms": 0.006}, "queue_wait_ms": 60.436}
2026-05-04 09:11:14,156 INFO pycloud_parallel.service_timing {"event": "task_pool_timing", "pool_id": "aeeff5baf9db42609ece84344a68bbbd", "pool_name": "task-pool-37665ff625", "method": "get_fund_asset_ratio", "ok": true, "setup_ms": 0.0, "build_execute_spec_ms": 0.057, "executor_ms": 202.888, "finalize_ms": 0.0, "total_ms": 202.945, "error_type": "", "error_message": "", "subprocess": {"decode_ms": 0.448, "worker_decode_ms": 0.448, "invoke_ms": 70.629, "invoke_wrapper_ms": 0.052, "user_fn_ms": 70.566, "encode_ms": 1.039, "worker_encode_result_ms": 1.039, "managed_globals_cache_hit": true, "managed_globals_ms": 0.005}, "queue_wait_ms": 130.772}
2026-05-04 09:11:14,156 INFO pycloud_parallel.service_timing {"event": "task_pool_timing", "pool_id": "aeeff5baf9db42609ece84344a68bbbd", "pool_name": "task-pool-37665ff625", "method": "get_fund_asset_ratio", "ok": true, "setup_ms": 0.0, "build_execute_spec_ms": 0.022, "executor_ms": 77.071, "finalize_ms": 0.0, "total_ms": 77.093, "error_type": "", "error_message": "", "subprocess": {"decode_ms": 0.831, "worker_decode_ms": 0.831, "invoke_ms": 46.969, "invoke_wrapper_ms": 0.059, "user_fn_ms": 46.889, "encode_ms": 1.198, "worker_encode_result_ms": 1.198, "managed_globals_cache_hit": true, "managed_globals_ms": 0.008}, "queue_wait_ms": 28.073}
2026-05-04 09:11:14,549 INFO pycloud_parallel.service_timing {"event": "task_pool_timing", "pool_id": "aeeff5baf9db42609ece84344a68bbbd", "pool_name": "task-pool-37665ff625", "method": "get_fund_asset_ratio", "ok": true, "setup_ms": 0.0, "build_execute_spec_ms": 0.118, "executor_ms": 6108.362, "finalize_ms": 0.0, "total_ms": 6108.48, "error_type": "", "error_message": "", "subprocess": {"decode_ms": 0.763, "worker_decode_ms": 0.763, "invoke_ms": 3438.224, "invoke_wrapper_ms": 0.072, "user_fn_ms": 3438.133, "encode_ms": 1.32, "worker_encode_result_ms": 1.32, "managed_globals_cache_hit": true, "managed_globals_ms": 0.008}, "queue_wait_ms": 2668.055}
2026-05-04 09:11:14,550 INFO pycloud_parallel.service_timing {"event": "task_pool_timing", "pool_id": "aeeff5baf9db42609ece84344a68bbbd", "pool_name": "task-pool-37665ff625", "method": "get_fund_asset_ratio", "ok": true, "setup_ms": 0.0, "build_execute_spec_ms": 0.053, "executor_ms": 11255.824, "finalize_ms": 0.0, "total_ms": 11255.877, "error_type": "", "error_message": "", "subprocess": {"decode_ms": 0.835, "worker_decode_ms": 0.835, "invoke_ms": 5014.127, "invoke_wrapper_ms": 0.082, "user_fn_ms": 5014.033, "encode_ms": 1.135, "worker_encode_result_ms": 1.135, "managed_globals_cache_hit": true, "managed_globals_ms": 0.008}, "queue_wait_ms": 6239.727}
2026-05-04 09:11:14,669 INFO pycloud_parallel.service_timing {"event": "task_pool_timing", "pool_id": "aeeff5baf9db42609ece84344a68bbbd", "pool_name": "task-pool-37665ff625", "method": "get_fund_asset_ratio", "ok": true, "setup_ms": 0.0, "build_execute_spec_ms": 0.055, "executor_ms": 7930.914, "finalize_ms": 0.0, "total_ms": 7930.969, "error_type": "", "error_message": "", "subprocess": {"decode_ms": 0.878, "worker_decode_ms": 0.878, "invoke_ms": 4505.747, "invoke_wrapper_ms": 0.069, "user_fn_ms": 4505.609, "encode_ms": 8.088, "worker_encode_result_ms": 8.088, "managed_globals_cache_hit": true, "managed_globals_ms": 0.008}, "queue_wait_ms": 3416.201}
2026-05-04 09:11:14,728 INFO pycloud_parallel.service_timing {"event": "task_pool_timing", "pool_id": "aeeff5baf9db42609ece84344a68bbbd", "pool_name": "task-pool-37665ff625", "method": "get_fund_asset_ratio", "ok": true, "setup_ms": 0.0, "build_execute_spec_ms": 0.056, "executor_ms": 11480.245, "finalize_ms": 0.0, "total_ms": 11480.301, "error_type": "", "error_message": "", "subprocess": {"decode_ms": 0.642, "worker_decode_ms": 0.642, "invoke_ms": 5317.526, "invoke_wrapper_ms": 0.062, "user_fn_ms": 5317.449, "encode_ms": 1.124, "worker_encode_result_ms": 1.124, "managed_globals_cache_hit": true, "managed_globals_ms": 0.006}, "queue_wait_ms": 6160.953}
2026-05-04 09:11:15,000 INFO pycloud_parallel.service_timing {"event": "task_pool_timing", "pool_id": "aeeff5baf9db42609ece84344a68bbbd", "pool_name": "task-pool-37665ff625", "method": "get_fund_asset_ratio", "ok": true, "setup_ms": 0.0, "build_execute_spec_ms": 0.062, "executor_ms": 13091.89, "finalize_ms": 0.0, "total_ms": 13091.952, "error_type": "", "error_message": "", "subprocess": {"decode_ms": 0.667, "worker_decode_ms": 0.667, "invoke_ms": 6609.292, "invoke_wrapper_ms": 0.067, "user_fn_ms": 6609.212, "encode_ms": 1.014, "worker_encode_result_ms": 1.014, "managed_globals_cache_hit": true, "managed_globals_ms": 0.007}, "queue_wait_ms": 6480.917}
2026-05-04 09:11:15,055 INFO pycloud_parallel.service_timing {"event": "task_pool_timing", "pool_id": "aeeff5baf9db42609ece84344a68bbbd", "pool_name": "task-pool-37665ff625", "method": "get_fund_asset_ratio", "ok": true, "setup_ms": 0.0, "build_execute_spec_ms": 0.06, "executor_ms": 8080.76, "finalize_ms": 0.0, "total_ms": 8080.82, "error_type": "", "error_message": "", "subprocess": {"decode_ms": 0.627, "worker_decode_ms": 0.627, "invoke_ms": 4081.576, "invoke_wrapper_ms": 0.062, "user_fn_ms": 4081.503, "encode_ms": 0.858, "worker_encode_result_ms": 0.858, "managed_globals_cache_hit": true, "managed_globals_ms": 0.007}, "queue_wait_ms": 3997.699}
 re minimize 
I0504 09:11:37.419347 7531132 fork_posix.cc:71] Other threads are currently calling into gRPC, skipping fork() handlers
I0504 09:11:37.425241 7531163 ev_poll_posix.cc:593] FD from fork parent still in poll list: fd(3, generation: 1)
I0504 09:11:37.425391 7531163 ev_poll_posix.cc:593] FD from fork parent still in poll list: fd(6, generation: 1)
I0504 09:11:37.425406 7531163 ev_poll_posix.cc:593] FD from fork parent still in poll list: fd(3, generation: 1)
I0504 09:11:37.425415 7531163 ev_poll_posix.cc:593] FD from fork parent still in poll list: fd(6, generation: 1)
I0504 09:11:37.425425 7531163 ev_poll_posix.cc:593] FD from fork parent still in poll list: fd(3, generation: 1)
I0504 09:11:37.425432 7531163 ev_poll_posix.cc:593] FD from fork parent still in poll list: fd(6, generation: 1)
I0504 09:11:37.425439 7531163 ev_poll_posix.cc:593] FD from fork parent still in poll list: fd(3, generation: 1)
I0504 09:11:37.425446 7531163 ev_poll_posix.cc:593] FD from fork parent still in poll list: fd(6, generation: 1)
I0504 09:11:37.425454 7531163 ev_poll_posix.cc:593] FD from fork parent still in poll list: fd(3, generation: 1)
I0504 09:11:37.425463 7531163 ev_poll_posix.cc:593] FD from fork parent still in poll list: fd(6, generation: 1)
I0504 09:11:37.425470 7531163 ev_poll_posix.cc:593] FD from fork parent still in poll list: fd(3, generation: 1)
I0504 09:11:37.425476 7531163 ev_poll_posix.cc:593] FD from fork parent still in poll list: fd(6, generation: 1)
I0504 09:11:37.425483 7531163 ev_poll_posix.cc:593] FD from fork parent still in poll list: fd(3, generation: 1)
I0504 09:11:37.425490 7531163 ev_poll_posix.cc:593] FD from fork parent still in poll list: fd(6, generation: 1)
I0504 09:11:37.425496 7531163 ev_poll_posix.cc:593] FD from fork parent still in poll list: fd(3, generation: 1)
I0504 09:11:37.425503 7531163 ev_poll_posix.cc:593] FD from fork parent still in poll list: fd(6, generation: 1)
I0504 09:11:37.425510 7531163 ev_poll_posix.cc:593] FD from fork parent still in poll list: fd(3, generation: 1)
I0504 09:11:37.425516 7531163 ev_poll_posix.cc:593] FD from fork parent still in poll list: fd(6, generation: 1)
I0504 09:11:37.425522 7531163 ev_poll_posix.cc:593] FD from fork parent still in poll list: fd(3, generation: 1)
I0504 09:11:37.425528 7531163 ev_poll_posix.cc:593] FD from fork parent still in poll list: fd(6, generation: 1)
I0504 09:11:37.425535 7531163 ev_poll_posix.cc:593] FD from fork parent still in poll list: fd(3, generation: 1)
I0504 09:11:37.425541 7531163 ev_poll_posix.cc:593] FD from fork parent still in poll list: fd(6, generation: 1)
I0504 09:11:37.425555 7531163 ev_poll_posix.cc:593] FD from fork parent still in poll list: fd(3, generation: 1)
I0504 09:11:37.425561 7531163 ev_poll_posix.cc:593] FD from fork parent still in poll list: fd(6, generation: 1)
I0504 09:11:37.425583 7531163 ev_poll_posix.cc:593] FD from fork parent still in poll list: fd(3, generation: 1)
I0504 09:11:37.425630 7531163 ev_poll_posix.cc:593] FD from fork parent still in poll list: fd(6, generation: 1)
I0504 09:11:37.425637 7531163 ev_poll_posix.cc:593] FD from fork parent still in poll list: fd(3, generation: 1)
I0504 09:11:37.425652 7531163 ev_poll_posix.cc:593] FD from fork parent still in poll list: fd(6, generation: 1)
2026-05-04 09:11:40,281 INFO pycloud_parallel.controlplane.services [NodeControl] UpdateRuntimeGlobals peer=ipv4:127.0.0.1:52913 client_id=c0af3e242f524ff08bfc30809220856e code_version=sha256:aa95aad4481684160695f22f301d2d55c94c2f06460a5c521fd1712cd234ad4e.ef3a391391da0f75 runtime_key=c0af3e242f524ff08bfc30809220856e
2026-05-04 09:11:40,323 INFO pycloud_parallel.controlplane.services [NodeControl] UpdateRuntimeGlobals timing client_id=c0af3e242f524ff08bfc30809220856e runtime_key=c0af3e242f524ff08bfc30809220856e keys=['bench_mark_closeprice_df', 'bench_mark_yield_df', 'bench_mark_yield_df_weekly'] decode_ms=3.900 state_ms=37.289 total_ms=41.493
/opt/anaconda3/lib/python3.13/site-packages/flare_cores/cores.py:2508: FutureWarning: Series.__getitem__ treating keys as positions is deprecated. In a future version, integer keys will always be treated as labels (consistent with DataFrame behavior). To access a value by position, use `ser.iloc[pos]`
  if len(a) > 0 and np.isnan(a[0]):
/opt/anaconda3/lib/python3.13/site-packages/flare_cores/cores.py:2508: FutureWarning: Series.__getitem__ treating keys as positions is deprecated. In a future version, integer keys will always be treated as labels (consistent with DataFrame behavior). To access a value by position, use `ser.iloc[pos]`
  if len(a) > 0 and np.isnan(a[0]):
/opt/anaconda3/lib/python3.13/site-packages/flare_cores/cores.py:2508: FutureWarning: Series.__getitem__ treating keys as positions is deprecated. In a future version, integer keys will always be treated as labels (consistent with DataFrame behavior). To access a value by position, use `ser.iloc[pos]`
  if len(a) > 0 and np.isnan(a[0]):
/opt/anaconda3/lib/python3.13/site-packages/flare_cores/cores.py:2508: FutureWarning: Series.__getitem__ treating keys as positions is deprecated. In a future version, integer keys will always be treated as labels (consistent with DataFrame behavior). To access a value by position, use `ser.iloc[pos]`
  if len(a) > 0 and np.isnan(a[0]):
/opt/anaconda3/lib/python3.13/site-packages/flare_cores/cores.py:2508: FutureWarning: Series.__getitem__ treating keys as positions is deprecated. In a future version, integer keys will always be treated as labels (consistent with DataFrame behavior). To access a value by position, use `ser.iloc[pos]`
  if len(a) > 0 and np.isnan(a[0]):
/opt/anaconda3/lib/python3.13/site-packages/flare_cores/cores.py:2508: FutureWarning: Series.__getitem__ treating keys as positions is deprecated. In a future version, integer keys will always be treated as labels (consistent with DataFrame behavior). To access a value by position, use `ser.iloc[pos]`
  if len(a) > 0 and np.isnan(a[0]):
/opt/anaconda3/lib/python3.13/site-packages/flare_cores/cores.py:2508: FutureWarning: Series.__getitem__ treating keys as positions is deprecated. In a future version, integer keys will always be treated as labels (consistent with DataFrame behavior). To access a value by position, use `ser.iloc[pos]`
  if len(a) > 0 and np.isnan(a[0]):
/opt/anaconda3/lib/python3.13/site-packages/flare_cores/cores.py:2508: FutureWarning: Series.__getitem__ treating keys as positions is deprecated. In a future version, integer keys will always be treated as labels (consistent with DataFrame behavior). To access a value by position, use `ser.iloc[pos]`
  if len(a) > 0 and np.isnan(a[0]):
/opt/anaconda3/lib/python3.13/site-packages/flare_cores/cores.py:2508: FutureWarning: Series.__getitem__ treating keys as positions is deprecated. In a future version, integer keys will always be treated as labels (consistent with DataFrame behavior). To access a value by position, use `ser.iloc[pos]`
  if len(a) > 0 and np.isnan(a[0]):
/opt/anaconda3/lib/python3.13/site-packages/flare_cores/cores.py:2508: FutureWarning: Series.__getitem__ treating keys as positions is deprecated. In a future version, integer keys will always be treated as labels (consistent with DataFrame behavior). To access a value by position, use `ser.iloc[pos]`
  if len(a) > 0 and np.isnan(a[0]):
2026-05-04 09:11:51,503 INFO pycloud_parallel.service_timing {"event": "task_pool_timing", "pool_id": "c0af3e242f524ff08bfc30809220856e", "pool_name": "task-pool-298a6a039e", "method": "get_fund_asset_ratio", "ok": true, "setup_ms": 0.0, "build_execute_spec_ms": 0.014, "executor_ms": 10636.823, "finalize_ms": 0.0, "total_ms": 10636.837, "error_type": "", "error_message": "", "subprocess": {"decode_ms": 1.521, "worker_decode_ms": 1.521, "invoke_ms": 10546.944, "invoke_wrapper_ms": 0.36, "user_fn_ms": 10546.489, "encode_ms": 1.77, "worker_encode_result_ms": 1.77, "managed_globals_cache_hit": true, "managed_globals_ms": 0.014}, "queue_wait_ms": 86.588}
2026-05-04 09:11:52,925 INFO pycloud_parallel.service_timing {"event": "task_pool_timing", "pool_id": "c0af3e242f524ff08bfc30809220856e", "pool_name": "task-pool-298a6a039e", "method": "get_fund_asset_ratio", "ok": true, "setup_ms": 0.0, "build_execute_spec_ms": 0.012, "executor_ms": 12058.898, "finalize_ms": 0.0, "total_ms": 12058.91, "error_type": "", "error_message": "", "subprocess": {"decode_ms": 0.75, "worker_decode_ms": 0.75, "invoke_ms": 12010.929, "invoke_wrapper_ms": 0.216, "user_fn_ms": 12010.661, "encode_ms": 1.705, "worker_encode_result_ms": 1.705, "managed_globals_cache_hit": true, "managed_globals_ms": 0.009}, "queue_wait_ms": 45.514}
/opt/anaconda3/lib/python3.13/site-packages/flare_cores/cores.py:2508: FutureWarning: Series.__getitem__ treating keys as positions is deprecated. In a future version, integer keys will always be treated as labels (consistent with DataFrame behavior). To access a value by position, use `ser.iloc[pos]`
  if len(a) > 0 and np.isnan(a[0]):
2026-05-04 09:11:54,408 INFO pycloud_parallel.service_timing {"event": "task_pool_timing", "pool_id": "c0af3e242f524ff08bfc30809220856e", "pool_name": "task-pool-298a6a039e", "method": "get_fund_asset_ratio", "ok": true, "setup_ms": 0.0, "build_execute_spec_ms": 0.012, "executor_ms": 13542.065, "finalize_ms": 0.0, "total_ms": 13542.077, "error_type": "", "error_message": "", "subprocess": {"decode_ms": 1.076, "worker_decode_ms": 1.076, "invoke_ms": 13492.317, "invoke_wrapper_ms": 0.322, "user_fn_ms": 13491.943, "encode_ms": 1.987, "worker_encode_result_ms": 1.987, "managed_globals_cache_hit": true, "managed_globals_ms": 0.015}, "queue_wait_ms": 46.685}
/opt/anaconda3/lib/python3.13/site-packages/flare_cores/cores.py:2508: FutureWarning: Series.__getitem__ treating keys as positions is deprecated. In a future version, integer keys will always be treated as labels (consistent with DataFrame behavior). To access a value by position, use `ser.iloc[pos]`
  if len(a) > 0 and np.isnan(a[0]):
2026-05-04 09:11:55,612 INFO pycloud_parallel.service_timing {"event": "task_pool_timing", "pool_id": "c0af3e242f524ff08bfc30809220856e", "pool_name": "task-pool-298a6a039e", "method": "get_fund_asset_ratio", "ok": true, "setup_ms": 0.0, "build_execute_spec_ms": 0.014, "executor_ms": 14746.854, "finalize_ms": 0.0, "total_ms": 14746.868, "error_type": "", "error_message": "", "subprocess": {"decode_ms": 1.736, "worker_decode_ms": 1.736, "invoke_ms": 14648.731, "invoke_wrapper_ms": 0.329, "user_fn_ms": 14648.354, "encode_ms": 1.389, "worker_encode_result_ms": 1.389, "managed_globals_cache_hit": true, "managed_globals_ms": 0.015}, "queue_wait_ms": 94.998}
2026-05-04 09:11:56,412 INFO pycloud_parallel.service_timing {"event": "task_pool_timing", "pool_id": "c0af3e242f524ff08bfc30809220856e", "pool_name": "task-pool-298a6a039e", "method": "get_fund_asset_ratio", "ok": true, "setup_ms": 0.0, "build_execute_spec_ms": 0.012, "executor_ms": 15546.866, "finalize_ms": 0.0, "total_ms": 15546.878, "error_type": "", "error_message": "", "subprocess": {"decode_ms": 1.946, "worker_decode_ms": 1.946, "invoke_ms": 15519.914, "invoke_wrapper_ms": 0.853, "user_fn_ms": 15513.241, "encode_ms": 2.256, "worker_encode_result_ms": 2.256, "managed_globals_cache_hit": true, "managed_globals_ms": 0.012}, "queue_wait_ms": 22.75}
/opt/anaconda3/lib/python3.13/site-packages/flare_cores/cores.py:2508: FutureWarning: Series.__getitem__ treating keys as positions is deprecated. In a future version, integer keys will always be treated as labels (consistent with DataFrame behavior). To access a value by position, use `ser.iloc[pos]`
  if len(a) > 0 and np.isnan(a[0]):
2026-05-04 09:11:57,848 INFO pycloud_parallel.service_timing {"event": "task_pool_timing", "pool_id": "c0af3e242f524ff08bfc30809220856e", "pool_name": "task-pool-298a6a039e", "method": "get_fund_asset_ratio", "ok": true, "setup_ms": 0.0, "build_execute_spec_ms": 0.014, "executor_ms": 16983.651, "finalize_ms": 0.0, "total_ms": 16983.665, "error_type": "", "error_message": "", "subprocess": {"decode_ms": 0.767, "worker_decode_ms": 0.767, "invoke_ms": 16925.605, "invoke_wrapper_ms": 0.223, "user_fn_ms": 16925.34, "encode_ms": 1.386, "worker_encode_result_ms": 1.386, "managed_globals_cache_hit": true, "managed_globals_ms": 0.009}, "queue_wait_ms": 55.893}
/opt/anaconda3/lib/python3.13/site-packages/flare_cores/cores.py:2508: FutureWarning: Series.__getitem__ treating keys as positions is deprecated. In a future version, integer keys will always be treated as labels (consistent with DataFrame behavior). To access a value by position, use `ser.iloc[pos]`
  if len(a) > 0 and np.isnan(a[0]):
2026-05-04 09:11:58,345 INFO pycloud_parallel.service_timing {"event": "task_pool_timing", "pool_id": "c0af3e242f524ff08bfc30809220856e", "pool_name": "task-pool-298a6a039e", "method": "get_fund_asset_ratio", "ok": true, "setup_ms": 0.0, "build_execute_spec_ms": 0.016, "executor_ms": 17480.249, "finalize_ms": 0.0, "total_ms": 17480.265, "error_type": "", "error_message": "", "subprocess": {"decode_ms": 0.763, "worker_decode_ms": 0.763, "invoke_ms": 17419.744, "invoke_wrapper_ms": 0.199, "user_fn_ms": 17419.503, "encode_ms": 23.0, "worker_encode_result_ms": 23.0, "managed_globals_cache_hit": true, "managed_globals_ms": 0.009}, "queue_wait_ms": 36.742}
/opt/anaconda3/lib/python3.13/site-packages/flare_cores/cores.py:2508: FutureWarning: Series.__getitem__ treating keys as positions is deprecated. In a future version, integer keys will always be treated as labels (consistent with DataFrame behavior). To access a value by position, use `ser.iloc[pos]`
  if len(a) > 0 and np.isnan(a[0]):
2026-05-04 09:11:59,431 INFO pycloud_parallel.service_timing {"event": "task_pool_timing", "pool_id": "c0af3e242f524ff08bfc30809220856e", "pool_name": "task-pool-298a6a039e", "method": "get_fund_asset_ratio", "ok": true, "setup_ms": 0.0, "build_execute_spec_ms": 0.019, "executor_ms": 18567.8, "finalize_ms": 0.0, "total_ms": 18567.819, "error_type": "", "error_message": "", "subprocess": {"decode_ms": 1.39, "worker_decode_ms": 1.39, "invoke_ms": 18401.045, "invoke_wrapper_ms": 0.285, "user_fn_ms": 18400.71, "encode_ms": 128.108, "worker_encode_result_ms": 128.108, "managed_globals_cache_hit": true, "managed_globals_ms": 0.01}, "queue_wait_ms": 37.257}
2026-05-04 09:11:59,951 INFO pycloud_parallel.service_timing {"event": "task_pool_timing", "pool_id": "c0af3e242f524ff08bfc30809220856e", "pool_name": "task-pool-298a6a039e", "method": "get_fund_asset_ratio", "ok": true, "setup_ms": 0.0, "build_execute_spec_ms": 0.016, "executor_ms": 19087.365, "finalize_ms": 0.0, "total_ms": 19087.381, "error_type": "", "error_message": "", "subprocess": {"decode_ms": 0.993, "worker_decode_ms": 0.993, "invoke_ms": 19025.409, "invoke_wrapper_ms": 0.308, "user_fn_ms": 19025.041, "encode_ms": 21.232, "worker_encode_result_ms": 21.232, "managed_globals_cache_hit": true, "managed_globals_ms": 0.009}, "queue_wait_ms": 39.731}
/opt/anaconda3/lib/python3.13/site-packages/flare_cores/cores.py:2508: FutureWarning: Series.__getitem__ treating keys as positions is deprecated. In a future version, integer keys will always be treated as labels (consistent with DataFrame behavior). To access a value by position, use `ser.iloc[pos]`
  if len(a) > 0 and np.isnan(a[0]):
/opt/anaconda3/lib/python3.13/site-packages/flare_cores/cores.py:2508: FutureWarning: Series.__getitem__ treating keys as positions is deprecated. In a future version, integer keys will always be treated as labels (consistent with DataFrame behavior). To access a value by position, use `ser.iloc[pos]`
  if len(a) > 0 and np.isnan(a[0]):
/opt/anaconda3/lib/python3.13/site-packages/flare_cores/cores.py:2508: FutureWarning: Series.__getitem__ treating keys as positions is deprecated. In a future version, integer keys will always be treated as labels (consistent with DataFrame behavior). To access a value by position, use `ser.iloc[pos]`
  if len(a) > 0 and np.isnan(a[0]):
/opt/anaconda3/lib/python3.13/site-packages/flare_cores/cores.py:2508: FutureWarning: Series.__getitem__ treating keys as positions is deprecated. In a future version, integer keys will always be treated as labels (consistent with DataFrame behavior). To access a value by position, use `ser.iloc[pos]`
  if len(a) > 0 and np.isnan(a[0]):
2026-05-04 09:12:02,871 INFO pycloud_parallel.service_timing {"event": "task_pool_timing", "pool_id": "c0af3e242f524ff08bfc30809220856e", "pool_name": "task-pool-298a6a039e", "method": "get_fund_asset_ratio", "ok": true, "setup_ms": 0.0, "build_execute_spec_ms": 0.014, "executor_ms": 22004.032, "finalize_ms": 0.0, "total_ms": 22004.046, "error_type": "", "error_message": "", "subprocess": {"decode_ms": 1.309, "worker_decode_ms": 1.309, "invoke_ms": 11336.092, "invoke_wrapper_ms": 0.093, "user_fn_ms": 11335.982, "encode_ms": 22.962, "worker_encode_result_ms": 22.962, "managed_globals_cache_hit": true, "managed_globals_ms": 0.012}, "queue_wait_ms": 10643.669}
2026-05-04 09:12:03,559 INFO pycloud_parallel.service_timing {"event": "task_pool_timing", "pool_id": "c0af3e242f524ff08bfc30809220856e", "pool_name": "task-pool-298a6a039e", "method": "get_fund_asset_ratio", "ok": true, "setup_ms": 0.0, "build_execute_spec_ms": 0.012, "executor_ms": 22692.198, "finalize_ms": 0.0, "total_ms": 22692.21, "error_type": "", "error_message": "", "subprocess": {"decode_ms": 0.759, "worker_decode_ms": 0.759, "invoke_ms": 10589.245, "invoke_wrapper_ms": 0.095, "user_fn_ms": 10589.128, "encode_ms": 1.823, "worker_encode_result_ms": 1.823, "managed_globals_cache_hit": true, "managed_globals_ms": 0.009}, "queue_wait_ms": 12100.371}
/opt/anaconda3/lib/python3.13/site-packages/flare_cores/cores.py:2508: FutureWarning: Series.__getitem__ treating keys as positions is deprecated. In a future version, integer keys will always be treated as labels (consistent with DataFrame behavior). To access a value by position, use `ser.iloc[pos]`
  if len(a) > 0 and np.isnan(a[0]):
2026-05-04 09:12:04,739 INFO pycloud_parallel.service_timing {"event": "task_pool_timing", "pool_id": "c0af3e242f524ff08bfc30809220856e", "pool_name": "task-pool-298a6a039e", "method": "get_fund_asset_ratio", "ok": true, "setup_ms": 0.0, "build_execute_spec_ms": 0.011, "executor_ms": 23872.076, "finalize_ms": 0.0, "total_ms": 23872.087, "error_type": "", "error_message": "", "subprocess": {"decode_ms": 0.699, "worker_decode_ms": 0.699, "invoke_ms": 10316.798, "invoke_wrapper_ms": 0.081, "user_fn_ms": 10316.702, "encode_ms": 1.216, "worker_encode_result_ms": 1.216, "managed_globals_cache_hit": true, "managed_globals_ms": 0.009}, "queue_wait_ms": 13553.363}
/opt/anaconda3/lib/python3.13/site-packages/flare_cores/cores.py:2508: FutureWarning: Series.__getitem__ treating keys as positions is deprecated. In a future version, integer keys will always be treated as labels (consistent with DataFrame behavior). To access a value by position, use `ser.iloc[pos]`
  if len(a) > 0 and np.isnan(a[0]):
2026-05-04 09:12:05,557 INFO pycloud_parallel.service_timing {"event": "task_pool_timing", "pool_id": "c0af3e242f524ff08bfc30809220856e", "pool_name": "task-pool-298a6a039e", "method": "get_fund_asset_ratio", "ok": true, "setup_ms": 0.0, "build_execute_spec_ms": 0.011, "executor_ms": 24690.047, "finalize_ms": 0.0, "total_ms": 24690.058, "error_type": "", "error_message": "", "subprocess": {"decode_ms": 0.954, "worker_decode_ms": 0.954, "invoke_ms": 9919.086, "invoke_wrapper_ms": 0.089, "user_fn_ms": 9918.98, "encode_ms": 1.953, "worker_encode_result_ms": 1.953, "managed_globals_cache_hit": true, "managed_globals_ms": 0.01}, "queue_wait_ms": 14768.054}
2026-05-04 09:12:05,788 INFO pycloud_parallel.service_timing {"event": "task_pool_timing", "pool_id": "c0af3e242f524ff08bfc30809220856e", "pool_name": "task-pool-298a6a039e", "method": "get_fund_asset_ratio", "ok": true, "setup_ms": 0.0, "build_execute_spec_ms": 0.011, "executor_ms": 24920.335, "finalize_ms": 0.0, "total_ms": 24920.346, "error_type": "", "error_message": "", "subprocess": {"decode_ms": 0.877, "worker_decode_ms": 0.877, "invoke_ms": 9323.669, "invoke_wrapper_ms": 0.108, "user_fn_ms": 9323.545, "encode_ms": 1.35, "worker_encode_result_ms": 1.35, "managed_globals_cache_hit": true, "managed_globals_ms": 0.012}, "queue_wait_ms": 15594.439}
/opt/anaconda3/lib/python3.13/site-packages/flare_cores/cores.py:2508: FutureWarning: Series.__getitem__ treating keys as positions is deprecated. In a future version, integer keys will always be treated as labels (consistent with DataFrame behavior). To access a value by position, use `ser.iloc[pos]`
  if len(a) > 0 and np.isnan(a[0]):
/opt/anaconda3/lib/python3.13/site-packages/flare_cores/cores.py:2508: FutureWarning: Series.__getitem__ treating keys as positions is deprecated. In a future version, integer keys will always be treated as labels (consistent with DataFrame behavior). To access a value by position, use `ser.iloc[pos]`
  if len(a) > 0 and np.isnan(a[0]):
/opt/anaconda3/lib/python3.13/site-packages/flare_cores/cores.py:2508: FutureWarning: Series.__getitem__ treating keys as positions is deprecated. In a future version, integer keys will always be treated as labels (consistent with DataFrame behavior). To access a value by position, use `ser.iloc[pos]`
  if len(a) > 0 and np.isnan(a[0]):
2026-05-04 09:12:07,248 INFO pycloud_parallel.service_timing {"event": "task_pool_timing", "pool_id": "c0af3e242f524ff08bfc30809220856e", "pool_name": "task-pool-298a6a039e", "method": "get_fund_asset_ratio", "ok": true, "setup_ms": 0.0, "build_execute_spec_ms": 0.055, "executor_ms": 12809.301, "finalize_ms": 0.0, "total_ms": 12809.356, "error_type": "", "error_message": "", "subprocess": {"decode_ms": 0.761, "worker_decode_ms": 0.761, "invoke_ms": 7824.169, "invoke_wrapper_ms": 0.077, "user_fn_ms": 7824.076, "encode_ms": 1.362, "worker_encode_result_ms": 1.362, "managed_globals_cache_hit": true, "managed_globals_ms": 0.012}, "queue_wait_ms": 4983.009}
2026-05-04 09:12:07,352 INFO pycloud_parallel.service_timing {"event": "task_pool_timing", "pool_id": "c0af3e242f524ff08bfc30809220856e", "pool_name": "task-pool-298a6a039e", "method": "get_fund_asset_ratio", "ok": true, "setup_ms": 0.0, "build_execute_spec_ms": 0.059, "executor_ms": 15778.432, "finalize_ms": 0.0, "total_ms": 15778.491, "error_type": "", "error_message": "", "subprocess": {"decode_ms": 0.809, "worker_decode_ms": 0.809, "invoke_ms": 9508.163, "invoke_wrapper_ms": 0.088, "user_fn_ms": 9508.058, "encode_ms": 2.011, "worker_encode_result_ms": 2.011, "managed_globals_cache_hit": true, "managed_globals_ms": 0.013}, "queue_wait_ms": 6267.449}
2026-05-04 09:12:07,520 INFO pycloud_parallel.service_timing {"event": "task_pool_timing", "pool_id": "c0af3e242f524ff08bfc30809220856e", "pool_name": "task-pool-298a6a039e", "method": "get_fund_asset_ratio", "ok": true, "setup_ms": 0.0, "build_execute_spec_ms": 0.076, "executor_ms": 14504.743, "finalize_ms": 0.0, "total_ms": 14504.819, "error_type": "", "error_message": "", "subprocess": {"decode_ms": 0.739, "worker_decode_ms": 0.739, "invoke_ms": 9153.961, "invoke_wrapper_ms": 0.079, "user_fn_ms": 9153.866, "encode_ms": 1.421, "worker_encode_result_ms": 1.421, "managed_globals_cache_hit": true, "managed_globals_ms": 0.011}, "queue_wait_ms": 5348.622}
2026-05-04 09:12:07,636 INFO pycloud_parallel.service_timing {"event": "task_pool_timing", "pool_id": "c0af3e242f524ff08bfc30809220856e", "pool_name": "task-pool-298a6a039e", "method": "get_fund_asset_ratio", "ok": true, "setup_ms": 0.0, "build_execute_spec_ms": 0.063, "executor_ms": 26773.608, "finalize_ms": 0.0, "total_ms": 26773.671, "error_type": "", "error_message": "", "subprocess": {"decode_ms": 3.148, "worker_decode_ms": 3.148, "invoke_ms": 26697.93, "invoke_wrapper_ms": 0.221, "user_fn_ms": 26697.664, "encode_ms": 16.403, "worker_encode_result_ms": 16.403, "managed_globals_cache_hit": true, "managed_globals_ms": 0.011}, "queue_wait_ms": 56.127}
2026-05-04 09:12:08,089 INFO pycloud_parallel.service_timing {"event": "task_pool_timing", "pool_id": "c0af3e242f524ff08bfc30809220856e", "pool_name": "task-pool-298a6a039e", "method": "get_fund_asset_ratio", "ok": true, "setup_ms": 0.0, "build_execute_spec_ms": 0.065, "executor_ms": 12423.311, "finalize_ms": 0.0, "total_ms": 12423.376, "error_type": "", "error_message": "", "subprocess": {"decode_ms": 0.8, "worker_decode_ms": 0.8, "invoke_ms": 8119.277, "invoke_wrapper_ms": 0.103, "user_fn_ms": 8119.158, "encode_ms": 1.42, "worker_encode_result_ms": 1.42, "managed_globals_cache_hit": true, "managed_globals_ms": 0.013}, "queue_wait_ms": 4301.814}
/opt/anaconda3/lib/python3.13/site-packages/flare_cores/cores.py:2508: FutureWarning: Series.__getitem__ treating keys as positions is deprecated. In a future version, integer keys will always be treated as labels (consistent with DataFrame behavior). To access a value by position, use `ser.iloc[pos]`
  if len(a) > 0 and np.isnan(a[0]):
/opt/anaconda3/lib/python3.13/site-packages/flare_cores/cores.py:2508: FutureWarning: Series.__getitem__ treating keys as positions is deprecated. In a future version, integer keys will always be treated as labels (consistent with DataFrame behavior). To access a value by position, use `ser.iloc[pos]`
  if len(a) > 0 and np.isnan(a[0]):
/opt/anaconda3/lib/python3.13/site-packages/flare_cores/cores.py:2508: FutureWarning: Series.__getitem__ treating keys as positions is deprecated. In a future version, integer keys will always be treated as labels (consistent with DataFrame behavior). To access a value by position, use `ser.iloc[pos]`
  if len(a) > 0 and np.isnan(a[0]):
/opt/anaconda3/lib/python3.13/site-packages/flare_cores/cores.py:2508: FutureWarning: Series.__getitem__ treating keys as positions is deprecated. In a future version, integer keys will always be treated as labels (consistent with DataFrame behavior). To access a value by position, use `ser.iloc[pos]`
  if len(a) > 0 and np.isnan(a[0]):
/opt/anaconda3/lib/python3.13/site-packages/flare_cores/cores.py:2508: FutureWarning: Series.__getitem__ treating keys as positions is deprecated. In a future version, integer keys will always be treated as labels (consistent with DataFrame behavior). To access a value by position, use `ser.iloc[pos]`
  if len(a) > 0 and np.isnan(a[0]):
2026-05-04 09:12:09,017 INFO pycloud_parallel.service_timing {"event": "task_pool_timing", "pool_id": "c0af3e242f524ff08bfc30809220856e", "pool_name": "task-pool-298a6a039e", "method": "get_fund_asset_ratio", "ok": true, "setup_ms": 0.0, "build_execute_spec_ms": 0.062, "executor_ms": 11092.311, "finalize_ms": 0.0, "total_ms": 11092.373, "error_type": "", "error_message": "", "subprocess": {"decode_ms": 1.195, "worker_decode_ms": 1.195, "invoke_ms": 5461.076, "invoke_wrapper_ms": 0.104, "user_fn_ms": 5460.959, "encode_ms": 1.157, "worker_encode_result_ms": 1.157, "managed_globals_cache_hit": true, "managed_globals_ms": 0.014}, "queue_wait_ms": 5628.883}
/opt/anaconda3/lib/python3.13/site-packages/flare_cores/cores.py:2508: FutureWarning: Series.__getitem__ treating keys as positions is deprecated. In a future version, integer keys will always be treated as labels (consistent with DataFrame behavior). To access a value by position, use `ser.iloc[pos]`
  if len(a) > 0 and np.isnan(a[0]):
2026-05-04 09:12:09,823 INFO pycloud_parallel.service_timing {"event": "task_pool_timing", "pool_id": "c0af3e242f524ff08bfc30809220856e", "pool_name": "task-pool-298a6a039e", "method": "get_fund_asset_ratio", "ok": true, "setup_ms": 0.0, "build_execute_spec_ms": 0.063, "executor_ms": 13346.707, "finalize_ms": 0.0, "total_ms": 13346.77, "error_type": "", "error_message": "", "subprocess": {"decode_ms": 1.017, "worker_decode_ms": 1.017, "invoke_ms": 6963.916, "invoke_wrapper_ms": 0.079, "user_fn_ms": 6963.821, "encode_ms": 1.596, "worker_encode_result_ms": 1.596, "managed_globals_cache_hit": true, "managed_globals_ms": 0.009}, "queue_wait_ms": 6380.178}
2026-05-04 09:12:09,929 INFO pycloud_parallel.service_timing {"event": "task_pool_timing", "pool_id": "c0af3e242f524ff08bfc30809220856e", "pool_name": "task-pool-298a6a039e", "method": "get_fund_asset_ratio", "ok": true, "setup_ms": 0.0, "build_execute_spec_ms": 0.059, "executor_ms": 2612.18, "finalize_ms": 0.0, "total_ms": 2612.239, "error_type": "", "error_message": "", "subprocess": {"decode_ms": 0.655, "worker_decode_ms": 0.655, "invoke_ms": 901.474, "invoke_wrapper_ms": 0.068, "user_fn_ms": 901.391, "encode_ms": 1.132, "worker_encode_result_ms": 1.132, "managed_globals_cache_hit": true, "managed_globals_ms": 0.008}, "queue_wait_ms": 1708.919}
/opt/anaconda3/lib/python3.13/site-packages/flare_cores/cores.py:2508: FutureWarning: Series.__getitem__ treating keys as positions is deprecated. In a future version, integer keys will always be treated as labels (consistent with DataFrame behavior). To access a value by position, use `ser.iloc[pos]`
  if len(a) > 0 and np.isnan(a[0]):
/opt/anaconda3/lib/python3.13/site-packages/flare_cores/cores.py:2508: FutureWarning: Series.__getitem__ treating keys as positions is deprecated. In a future version, integer keys will always be treated as labels (consistent with DataFrame behavior). To access a value by position, use `ser.iloc[pos]`
  if len(a) > 0 and np.isnan(a[0]):
2026-05-04 09:12:10,596 INFO pycloud_parallel.service_timing {"event": "task_pool_timing", "pool_id": "c0af3e242f524ff08bfc30809220856e", "pool_name": "task-pool-298a6a039e", "method": "get_fund_asset_ratio", "ok": true, "setup_ms": 0.0, "build_execute_spec_ms": 0.064, "executor_ms": 3041.401, "finalize_ms": 0.0, "total_ms": 3041.465, "error_type": "", "error_message": "", "subprocess": {"decode_ms": 0.604, "worker_decode_ms": 0.604, "invoke_ms": 648.372, "invoke_wrapper_ms": 0.07, "user_fn_ms": 648.283, "encode_ms": 1.68, "worker_encode_result_ms": 1.68, "managed_globals_cache_hit": true, "managed_globals_ms": 0.007}, "queue_wait_ms": 2390.745}
2026-05-04 09:12:10,714 INFO pycloud_parallel.service_timing {"event": "task_pool_timing", "pool_id": "c0af3e242f524ff08bfc30809220856e", "pool_name": "task-pool-298a6a039e", "method": "get_fund_asset_ratio", "ok": true, "setup_ms": 0.0, "build_execute_spec_ms": 0.054, "executor_ms": 3279.107, "finalize_ms": 0.0, "total_ms": 3279.161, "error_type": "", "error_message": "", "subprocess": {"decode_ms": 0.709, "worker_decode_ms": 0.709, "invoke_ms": 859.465, "invoke_wrapper_ms": 0.068, "user_fn_ms": 859.383, "encode_ms": 0.9, "worker_encode_result_ms": 0.9, "managed_globals_cache_hit": true, "managed_globals_ms": 0.008}, "queue_wait_ms": 2418.033}
/opt/anaconda3/lib/python3.13/site-packages/flare_cores/cores.py:2508: FutureWarning: Series.__getitem__ treating keys as positions is deprecated. In a future version, integer keys will always be treated as labels (consistent with DataFrame behavior). To access a value by position, use `ser.iloc[pos]`
  if len(a) > 0 and np.isnan(a[0]):
2026-05-04 09:12:10,829 INFO pycloud_parallel.service_timing {"event": "task_pool_timing", "pool_id": "c0af3e242f524ff08bfc30809220856e", "pool_name": "task-pool-298a6a039e", "method": "get_fund_asset_ratio", "ok": true, "setup_ms": 0.0, "build_execute_spec_ms": 0.068, "executor_ms": 4949.5, "finalize_ms": 0.0, "total_ms": 4949.568, "error_type": "", "error_message": "", "subprocess": {"decode_ms": 0.801, "worker_decode_ms": 0.801, "invoke_ms": 2722.436, "invoke_wrapper_ms": 0.066, "user_fn_ms": 2722.356, "encode_ms": 21.467, "worker_encode_result_ms": 21.467, "managed_globals_cache_hit": true, "managed_globals_ms": 0.007}, "queue_wait_ms": 2204.796}
/opt/anaconda3/lib/python3.13/site-packages/flare_cores/cores.py:2508: FutureWarning: Series.__getitem__ treating keys as positions is deprecated. In a future version, integer keys will always be treated as labels (consistent with DataFrame behavior). To access a value by position, use `ser.iloc[pos]`
  if len(a) > 0 and np.isnan(a[0]):
/opt/anaconda3/lib/python3.13/site-packages/flare_cores/cores.py:2508: FutureWarning: Series.__getitem__ treating keys as positions is deprecated. In a future version, integer keys will always be treated as labels (consistent with DataFrame behavior). To access a value by position, use `ser.iloc[pos]`
  if len(a) > 0 and np.isnan(a[0]):
2026-05-04 09:12:10,943 INFO pycloud_parallel.service_timing {"event": "task_pool_timing", "pool_id": "c0af3e242f524ff08bfc30809220856e", "pool_name": "task-pool-298a6a039e", "method": "get_fund_asset_ratio", "ok": true, "setup_ms": 0.0, "build_execute_spec_ms": 0.053, "executor_ms": 10898.241, "finalize_ms": 0.0, "total_ms": 10898.294, "error_type": "", "error_message": "", "subprocess": {"decode_ms": 0.692, "worker_decode_ms": 0.692, "invoke_ms": 5125.986, "invoke_wrapper_ms": 0.065, "user_fn_ms": 5125.908, "encode_ms": 1.272, "worker_encode_result_ms": 1.272, "managed_globals_cache_hit": true, "managed_globals_ms": 0.007}, "queue_wait_ms": 5770.291}
/opt/anaconda3/lib/python3.13/site-packages/flare_cores/cores.py:2508: FutureWarning: Series.__getitem__ treating keys as positions is deprecated. In a future version, integer keys will always be treated as labels (consistent with DataFrame behavior). To access a value by position, use `ser.iloc[pos]`
  if len(a) > 0 and np.isnan(a[0]):
2026-05-04 09:12:10,996 INFO pycloud_parallel.service_timing {"event": "task_pool_timing", "pool_id": "c0af3e242f524ff08bfc30809220856e", "pool_name": "task-pool-298a6a039e", "method": "get_fund_asset_ratio", "ok": true, "setup_ms": 0.0, "build_execute_spec_ms": 0.062, "executor_ms": 1111.629, "finalize_ms": 0.0, "total_ms": 1111.691, "error_type": "", "error_message": "", "subprocess": {"decode_ms": 0.748, "worker_decode_ms": 0.748, "invoke_ms": 107.241, "invoke_wrapper_ms": 0.075, "user_fn_ms": 107.151, "encode_ms": 1.615, "worker_encode_result_ms": 1.615, "managed_globals_cache_hit": true, "managed_globals_ms": 0.008}, "queue_wait_ms": 1002.025}
/opt/anaconda3/lib/python3.13/site-packages/flare_cores/cores.py:2508: FutureWarning: Series.__getitem__ treating keys as positions is deprecated. In a future version, integer keys will always be treated as labels (consistent with DataFrame behavior). To access a value by position, use `ser.iloc[pos]`
  if len(a) > 0 and np.isnan(a[0]):
2026-05-04 09:12:11,054 INFO pycloud_parallel.service_timing {"event": "task_pool_timing", "pool_id": "c0af3e242f524ff08bfc30809220856e", "pool_name": "task-pool-298a6a039e", "method": "get_fund_asset_ratio", "ok": true, "setup_ms": 0.0, "build_execute_spec_ms": 0.053, "executor_ms": 1941.606, "finalize_ms": 0.0, "total_ms": 1941.659, "error_type": "", "error_message": "", "subprocess": {"decode_ms": 0.66, "worker_decode_ms": 0.66, "invoke_ms": 179.317, "invoke_wrapper_ms": 0.066, "user_fn_ms": 179.233, "encode_ms": 1.516, "worker_encode_result_ms": 1.516, "managed_globals_cache_hit": true, "managed_globals_ms": 0.007}, "queue_wait_ms": 1760.113}
2026-05-04 09:12:11,055 INFO pycloud_parallel.service_timing {"event": "task_pool_timing", "pool_id": "c0af3e242f524ff08bfc30809220856e", "pool_name": "task-pool-298a6a039e", "method": "get_fund_asset_ratio", "ok": true, "setup_ms": 0.0, "build_execute_spec_ms": 0.061, "executor_ms": 6263.88, "finalize_ms": 0.0, "total_ms": 6263.941, "error_type": "", "error_message": "", "subprocess": {"decode_ms": 0.792, "worker_decode_ms": 0.792, "invoke_ms": 3509.3, "invoke_wrapper_ms": 0.074, "user_fn_ms": 3509.205, "encode_ms": 1.418, "worker_encode_result_ms": 1.418, "managed_globals_cache_hit": true, "managed_globals_ms": 0.009}, "queue_wait_ms": 2752.37}
/opt/anaconda3/lib/python3.13/site-packages/flare_cores/cores.py:2508: FutureWarning: Series.__getitem__ treating keys as positions is deprecated. In a future version, integer keys will always be treated as labels (consistent with DataFrame behavior). To access a value by position, use `ser.iloc[pos]`
  if len(a) > 0 and np.isnan(a[0]):
/opt/anaconda3/lib/python3.13/site-packages/flare_cores/cores.py:2508: FutureWarning: Series.__getitem__ treating keys as positions is deprecated. In a future version, integer keys will always be treated as labels (consistent with DataFrame behavior). To access a value by position, use `ser.iloc[pos]`
  if len(a) > 0 and np.isnan(a[0]):
2026-05-04 09:12:11,114 INFO pycloud_parallel.service_timing {"event": "task_pool_timing", "pool_id": "c0af3e242f524ff08bfc30809220856e", "pool_name": "task-pool-298a6a039e", "method": "get_fund_asset_ratio", "ok": true, "setup_ms": 0.0, "build_execute_spec_ms": 0.053, "executor_ms": 445.259, "finalize_ms": 0.0, "total_ms": 445.312, "error_type": "", "error_message": "", "subprocess": {"decode_ms": 0.636, "worker_decode_ms": 0.636, "invoke_ms": 60.774, "invoke_wrapper_ms": 0.075, "user_fn_ms": 60.681, "encode_ms": 2.164, "worker_encode_result_ms": 2.164, "managed_globals_cache_hit": true, "managed_globals_ms": 0.008}, "queue_wait_ms": 381.685}
2026-05-04 09:12:11,114 INFO pycloud_parallel.service_timing {"event": "task_pool_timing", "pool_id": "c0af3e242f524ff08bfc30809220856e", "pool_name": "task-pool-298a6a039e", "method": "get_fund_asset_ratio", "ok": true, "setup_ms": 0.0, "build_execute_spec_ms": 0.054, "executor_ms": 329.745, "finalize_ms": 0.0, "total_ms": 329.799, "error_type": "", "error_message": "", "subprocess": {"decode_ms": 13.069, "worker_decode_ms": 13.069, "invoke_ms": 16.737, "invoke_wrapper_ms": 0.085, "user_fn_ms": 16.639, "encode_ms": 0.742, "worker_encode_result_ms": 0.742, "managed_globals_cache_hit": true, "managed_globals_ms": 0.012}, "queue_wait_ms": 299.197}
2026-05-04 09:12:11,114 INFO pycloud_parallel.service_timing {"event": "task_pool_timing", "pool_id": "c0af3e242f524ff08bfc30809220856e", "pool_name": "task-pool-298a6a039e", "method": "get_fund_asset_ratio", "ok": true, "setup_ms": 0.0, "build_execute_spec_ms": 0.063, "executor_ms": 2998.152, "finalize_ms": 0.0, "total_ms": 2998.215, "error_type": "", "error_message": "", "subprocess": {"decode_ms": 0.474, "worker_decode_ms": 0.474, "invoke_ms": 392.177, "invoke_wrapper_ms": 0.059, "user_fn_ms": 392.099, "encode_ms": 11.156, "worker_encode_result_ms": 11.156, "managed_globals_cache_hit": true, "managed_globals_ms": 0.005}, "queue_wait_ms": 2594.345}
2026-05-04 09:12:11,115 INFO pycloud_parallel.service_timing {"event": "task_pool_timing", "pool_id": "c0af3e242f524ff08bfc30809220856e", "pool_name": "task-pool-298a6a039e", "method": "get_fund_asset_ratio", "ok": true, "setup_ms": 0.0, "build_execute_spec_ms": 0.064, "executor_ms": 1116.361, "finalize_ms": 0.0, "total_ms": 1116.425, "error_type": "", "error_message": "", "subprocess": {"decode_ms": 0.715, "worker_decode_ms": 0.715, "invoke_ms": 87.854, "invoke_wrapper_ms": 0.07, "user_fn_ms": 87.762, "encode_ms": 6.082, "worker_encode_result_ms": 6.082, "managed_globals_cache_hit": true, "managed_globals_ms": 0.008}, "queue_wait_ms": 1021.71}
2026-05-04 09:12:11,229 INFO pycloud_parallel.service_timing {"event": "task_pool_timing", "pool_id": "c0af3e242f524ff08bfc30809220856e", "pool_name": "task-pool-298a6a039e", "method": "get_fund_asset_ratio", "ok": true, "setup_ms": 0.0, "build_execute_spec_ms": 0.058, "executor_ms": 11751.596, "finalize_ms": 0.0, "total_ms": 11751.654, "error_type": "", "error_message": "", "subprocess": {"decode_ms": 0.791, "worker_decode_ms": 0.791, "invoke_ms": 5659.945, "invoke_wrapper_ms": 0.067, "user_fn_ms": 5659.864, "encode_ms": 1.248, "worker_encode_result_ms": 1.248, "managed_globals_cache_hit": true, "managed_globals_ms": 0.008}, "queue_wait_ms": 6089.612}
2026-05-04 09:12:11,229 INFO pycloud_parallel.service_timing {"event": "task_pool_timing", "pool_id": "c0af3e242f524ff08bfc30809220856e", "pool_name": "task-pool-298a6a039e", "method": "get_fund_asset_ratio", "ok": true, "setup_ms": 0.0, "build_execute_spec_ms": 0.065, "executor_ms": 3559.445, "finalize_ms": 0.0, "total_ms": 3559.51, "error_type": "", "error_message": "", "subprocess": {"decode_ms": 0.851, "worker_decode_ms": 0.851, "invoke_ms": 639.936, "invoke_wrapper_ms": 0.076, "user_fn_ms": 639.85, "encode_ms": 0.88, "worker_encode_result_ms": 0.88, "managed_globals_cache_hit": true, "managed_globals_ms": 0.008}, "queue_wait_ms": 2917.778}
2026-05-04 09:12:11,345 INFO pycloud_parallel.service_timing {"event": "task_pool_timing", "pool_id": "c0af3e242f524ff08bfc30809220856e", "pool_name": "task-pool-298a6a039e", "method": "get_fund_asset_ratio", "ok": true, "setup_ms": 0.0, "build_execute_spec_ms": 0.063, "executor_ms": 5692.344, "finalize_ms": 0.0, "total_ms": 5692.407, "error_type": "", "error_message": "", "subprocess": {"decode_ms": 1.688, "worker_decode_ms": 1.688, "invoke_ms": 3688.418, "invoke_wrapper_ms": 0.08, "user_fn_ms": 3688.322, "encode_ms": 1.262, "worker_encode_result_ms": 1.262, "managed_globals_cache_hit": true, "managed_globals_ms": 0.012}, "queue_wait_ms": 2000.976}
2026-05-04 09:12:11,403 INFO pycloud_parallel.service_timing {"event": "task_pool_timing", "pool_id": "c0af3e242f524ff08bfc30809220856e", "pool_name": "task-pool-298a6a039e", "method": "get_fund_asset_ratio", "ok": true, "setup_ms": 0.0, "build_execute_spec_ms": 0.059, "executor_ms": 13025.522, "finalize_ms": 0.0, "total_ms": 13025.581, "error_type": "", "error_message": "", "subprocess": {"decode_ms": 0.708, "worker_decode_ms": 0.708, "invoke_ms": 6627.71, "invoke_wrapper_ms": 0.067, "user_fn_ms": 6627.632, "encode_ms": 1.033, "worker_encode_result_ms": 1.033, "managed_globals_cache_hit": true, "managed_globals_ms": 0.007}, "queue_wait_ms": 6396.071}
2026-05-04 09:12:11,404 INFO pycloud_parallel.service_timing {"event": "task_pool_timing", "pool_id": "c0af3e242f524ff08bfc30809220856e", "pool_name": "task-pool-298a6a039e", "method": "get_fund_asset_ratio", "ok": true, "setup_ms": 0.0, "build_execute_spec_ms": 0.059, "executor_ms": 8492.157, "finalize_ms": 0.0, "total_ms": 8492.216, "error_type": "", "error_message": "", "subprocess": {"decode_ms": 0.874, "worker_decode_ms": 0.874, "invoke_ms": 4149.926, "invoke_wrapper_ms": 0.069, "user_fn_ms": 4149.843, "encode_ms": 1.141, "worker_encode_result_ms": 1.141, "managed_globals_cache_hit": true, "managed_globals_ms": 0.009}, "queue_wait_ms": 4340.216}
2026-05-04 09:12:11,574 INFO pycloud_parallel.service_timing {"event": "task_pool_timing", "pool_id": "c0af3e242f524ff08bfc30809220856e", "pool_name": "task-pool-298a6a039e", "method": "get_fund_asset_ratio", "ok": true, "setup_ms": 0.0, "build_execute_spec_ms": 0.07, "executor_ms": 8001.208, "finalize_ms": 0.0, "total_ms": 8001.278, "error_type": "", "error_message": "", "subprocess": {"decode_ms": 1.206, "worker_decode_ms": 1.206, "invoke_ms": 4219.494, "invoke_wrapper_ms": 0.13, "user_fn_ms": 4219.351, "encode_ms": 0.791, "worker_encode_result_ms": 0.791, "managed_globals_cache_hit": true, "managed_globals_ms": 0.007}, "queue_wait_ms": 3779.717}
 re minimize 
2026-05-04 09:29:09,535 INFO __main__ [Server] NodeControl registrar stop node_id=node-2
2026-05-04 09:29:09,536 INFO __main__ [Server] HTTP NodeControl stop base_url=http://127.0.0.1:19082
2026-05-04 09:29:14,266 INFO __main__ [Server] starting NodeControl bind=127.0.0.1:50062 node_id=node-2 infocenter=127.0.0.1:50051 advertise=127.0.0.1:50062 node_http=http://127.0.0.1:19082 log_level=INFO
2026-05-04 09:29:14,280 INFO __main__ [Server] HTTP NodeControl started base_url=http://127.0.0.1:19082
2026-05-04 09:29:14,280 INFO __main__ [Server] NodeControl registrar start node_id=node-2 infocenter=127.0.0.1:50051 advertise=127.0.0.1:50062
2026-05-04 09:29:14,297 INFO pycloud_parallel.controlplane.registrar [Registrar] node register node_id=node-2 node_instance_id=node-2-0df1af42c2c9 control_addr=127.0.0.1:50062 hb=5 service_count=0 task_pool_count=0
I0504 09:29:30.984218 7552909 fork_posix.cc:71] Other threads are currently calling into gRPC, skipping fork() handlers
I0504 09:29:30.987027 7552937 ev_poll_posix.cc:593] FD from fork parent still in poll list: fd(6, generation: 1)
I0504 09:29:30.989779 7552909 fork_posix.cc:71] Other threads are currently calling into gRPC, skipping fork() handlers
I0504 09:29:30.991591 7552994 ev_poll_posix.cc:593] FD from fork parent still in poll list: fd(6, generation: 1)
I0504 09:29:30.991688 7552994 ev_poll_posix.cc:593] FD from fork parent still in poll list: fd(6, generation: 1)
I0504 09:29:30.991701 7552994 ev_poll_posix.cc:593] FD from fork parent still in poll list: fd(6, generation: 1)
I0504 09:29:30.991709 7552994 ev_poll_posix.cc:593] FD from fork parent still in poll list: fd(6, generation: 1)
I0504 09:29:30.991716 7552994 ev_poll_posix.cc:593] FD from fork parent still in poll list: fd(6, generation: 1)
I0504 09:29:30.991722 7552994 ev_poll_posix.cc:593] FD from fork parent still in poll list: fd(6, generation: 1)
I0504 09:29:30.991728 7552994 ev_poll_posix.cc:593] FD from fork parent still in poll list: fd(6, generation: 1)
I0504 09:29:30.991735 7552994 ev_poll_posix.cc:593] FD from fork parent still in poll list: fd(6, generation: 1)
I0504 09:29:30.991741 7552994 ev_poll_posix.cc:593] FD from fork parent still in poll list: fd(6, generation: 1)
I0504 09:29:30.991748 7552994 ev_poll_posix.cc:593] FD from fork parent still in poll list: fd(6, generation: 1)
I0504 09:29:30.991754 7552994 ev_poll_posix.cc:593] FD from fork parent still in poll list: fd(6, generation: 1)
I0504 09:29:30.991760 7552994 ev_poll_posix.cc:593] FD from fork parent still in poll list: fd(6, generation: 1)
I0504 09:29:30.991765 7552994 ev_poll_posix.cc:593] FD from fork parent still in poll list: fd(6, generation: 1)
I0504 09:29:30.991772 7552994 ev_poll_posix.cc:593] FD from fork parent still in poll list: fd(6, generation: 1)
I0504 09:29:30.991778 7552994 ev_poll_posix.cc:593] FD from fork parent still in poll list: fd(6, generation: 1)
I0504 09:29:30.991784 7552994 ev_poll_posix.cc:593] FD from fork parent still in poll list: fd(6, generation: 1)
I0504 09:29:30.991791 7552994 ev_poll_posix.cc:593] FD from fork parent still in poll list: fd(6, generation: 1)
I0504 09:29:30.991798 7552994 ev_poll_posix.cc:593] FD from fork parent still in poll list: fd(6, generation: 1)
I0504 09:29:30.991804 7552994 ev_poll_posix.cc:593] FD from fork parent still in poll list: fd(6, generation: 1)
2026-05-04 09:29:34,201 INFO numexpr.utils NumExpr defaulting to 10 threads.
/opt/anaconda3/lib/python3.13/site-packages/flare_cores/cores.py:2508: FutureWarning: Series.__getitem__ treating keys as positions is deprecated. In a future version, integer keys will always be treated as labels (consistent with DataFrame behavior). To access a value by position, use `ser.iloc[pos]`
  if len(a) > 0 and np.isnan(a[0]):
/opt/anaconda3/lib/python3.13/site-packages/flare_cores/cores.py:2508: FutureWarning: Series.__getitem__ treating keys as positions is deprecated. In a future version, integer keys will always be treated as labels (consistent with DataFrame behavior). To access a value by position, use `ser.iloc[pos]`
  if len(a) > 0 and np.isnan(a[0]):
/opt/anaconda3/lib/python3.13/site-packages/flare_cores/cores.py:2508: FutureWarning: Series.__getitem__ treating keys as positions is deprecated. In a future version, integer keys will always be treated as labels (consistent with DataFrame behavior). To access a value by position, use `ser.iloc[pos]`
  if len(a) > 0 and np.isnan(a[0]):
/opt/anaconda3/lib/python3.13/site-packages/flare_cores/cores.py:2508: FutureWarning: Series.__getitem__ treating keys as positions is deprecated. In a future version, integer keys will always be treated as labels (consistent with DataFrame behavior). To access a value by position, use `ser.iloc[pos]`
  if len(a) > 0 and np.isnan(a[0]):
/opt/anaconda3/lib/python3.13/site-packages/flare_cores/cores.py:2508: FutureWarning: Series.__getitem__ treating keys as positions is deprecated. In a future version, integer keys will always be treated as labels (consistent with DataFrame behavior). To access a value by position, use `ser.iloc[pos]`
  if len(a) > 0 and np.isnan(a[0]):
/opt/anaconda3/lib/python3.13/site-packages/flare_cores/cores.py:2508: FutureWarning: Series.__getitem__ treating keys as positions is deprecated. In a future version, integer keys will always be treated as labels (consistent with DataFrame behavior). To access a value by position, use `ser.iloc[pos]`
  if len(a) > 0 and np.isnan(a[0]):
/opt/anaconda3/lib/python3.13/site-packages/flare_cores/cores.py:2508: FutureWarning: Series.__getitem__ treating keys as positions is deprecated. In a future version, integer keys will always be treated as labels (consistent with DataFrame behavior). To access a value by position, use `ser.iloc[pos]`
  if len(a) > 0 and np.isnan(a[0]):
/opt/anaconda3/lib/python3.13/site-packages/flare_cores/cores.py:2508: FutureWarning: Series.__getitem__ treating keys as positions is deprecated. In a future version, integer keys will always be treated as labels (consistent with DataFrame behavior). To access a value by position, use `ser.iloc[pos]`
  if len(a) > 0 and np.isnan(a[0]):
/opt/anaconda3/lib/python3.13/site-packages/flare_cores/cores.py:2508: FutureWarning: Series.__getitem__ treating keys as positions is deprecated. In a future version, integer keys will always be treated as labels (consistent with DataFrame behavior). To access a value by position, use `ser.iloc[pos]`
  if len(a) > 0 and np.isnan(a[0]):
/opt/anaconda3/lib/python3.13/site-packages/flare_cores/cores.py:2508: FutureWarning: Series.__getitem__ treating keys as positions is deprecated. In a future version, integer keys will always be treated as labels (consistent with DataFrame behavior). To access a value by position, use `ser.iloc[pos]`
  if len(a) > 0 and np.isnan(a[0]):
2026-05-04 09:29:48,908 INFO pycloud_parallel.service_timing {"event": "task_pool_timing", "pool_id": "944673a3a47d47e0bdd2bf6aeb9aebe9", "pool_name": "task-pool-e971918a3f", "method": "get_fund_asset_ratio", "ok": true, "setup_ms": 0.0, "build_execute_spec_ms": 0.013, "executor_ms": 13706.634, "finalize_ms": 0.0, "total_ms": 13706.647, "error_type": "", "error_message": "", "subprocess": {"decode_ms": 4.622, "worker_decode_ms": 4.622, "invoke_ms": 13695.76, "invoke_wrapper_ms": 0.285, "user_fn_ms": 13695.425, "encode_ms": 1.523, "worker_encode_result_ms": 1.523, "managed_globals_cache_hit": true, "managed_globals_ms": 0.017}, "queue_wait_ms": 4.729}
2026-05-04 09:29:50,833 INFO pycloud_parallel.service_timing {"event": "task_pool_timing", "pool_id": "944673a3a47d47e0bdd2bf6aeb9aebe9", "pool_name": "task-pool-e971918a3f", "method": "get_fund_asset_ratio", "ok": true, "setup_ms": 0.0, "build_execute_spec_ms": 0.019, "executor_ms": 15632.223, "finalize_ms": 0.0, "total_ms": 15632.242, "error_type": "", "error_message": "", "subprocess": {"decode_ms": 2.558, "worker_decode_ms": 2.558, "invoke_ms": 15568.095, "invoke_wrapper_ms": 1.53, "user_fn_ms": 15566.513, "encode_ms": 1.571, "worker_encode_result_ms": 1.571, "managed_globals_cache_hit": true, "managed_globals_ms": 0.012}, "queue_wait_ms": 59.999}
/opt/anaconda3/lib/python3.13/site-packages/flare_cores/cores.py:2508: FutureWarning: Series.__getitem__ treating keys as positions is deprecated. In a future version, integer keys will always be treated as labels (consistent with DataFrame behavior). To access a value by position, use `ser.iloc[pos]`
  if len(a) > 0 and np.isnan(a[0]):
2026-05-04 09:29:51,955 INFO pycloud_parallel.service_timing {"event": "task_pool_timing", "pool_id": "944673a3a47d47e0bdd2bf6aeb9aebe9", "pool_name": "task-pool-e971918a3f", "method": "get_fund_asset_ratio", "ok": true, "setup_ms": 0.0, "build_execute_spec_ms": 0.019, "executor_ms": 16754.736, "finalize_ms": 0.0, "total_ms": 16754.755, "error_type": "", "error_message": "", "subprocess": {"decode_ms": 1.037, "worker_decode_ms": 1.037, "invoke_ms": 16668.78, "invoke_wrapper_ms": 0.22, "user_fn_ms": 16668.519, "encode_ms": 21.884, "worker_encode_result_ms": 21.884, "managed_globals_cache_hit": true, "managed_globals_ms": 0.015}, "queue_wait_ms": 63.035}
2026-05-04 09:29:53,502 INFO pycloud_parallel.service_timing {"event": "task_pool_timing", "pool_id": "944673a3a47d47e0bdd2bf6aeb9aebe9", "pool_name": "task-pool-e971918a3f", "method": "get_fund_asset_ratio", "ok": true, "setup_ms": 0.0, "build_execute_spec_ms": 0.015, "executor_ms": 18302.48, "finalize_ms": 0.0, "total_ms": 18302.495, "error_type": "", "error_message": "", "subprocess": {"decode_ms": 0.836, "worker_decode_ms": 0.836, "invoke_ms": 18230.886, "invoke_wrapper_ms": 0.234, "user_fn_ms": 18230.61, "encode_ms": 16.92, "worker_encode_result_ms": 16.92, "managed_globals_cache_hit": true, "managed_globals_ms": 0.013}, "queue_wait_ms": 53.838}
/opt/anaconda3/lib/python3.13/site-packages/flare_cores/cores.py:2508: FutureWarning: Series.__getitem__ treating keys as positions is deprecated. In a future version, integer keys will always be treated as labels (consistent with DataFrame behavior). To access a value by position, use `ser.iloc[pos]`
  if len(a) > 0 and np.isnan(a[0]):
2026-05-04 09:29:54,452 INFO pycloud_parallel.service_timing {"event": "task_pool_timing", "pool_id": "944673a3a47d47e0bdd2bf6aeb9aebe9", "pool_name": "task-pool-e971918a3f", "method": "get_fund_asset_ratio", "ok": true, "setup_ms": 0.0, "build_execute_spec_ms": 0.019, "executor_ms": 19252.786, "finalize_ms": 0.0, "total_ms": 19252.805, "error_type": "", "error_message": "", "subprocess": {"decode_ms": 0.846, "worker_decode_ms": 0.846, "invoke_ms": 19225.965, "invoke_wrapper_ms": 0.232, "user_fn_ms": 19225.691, "encode_ms": 1.876, "worker_encode_result_ms": 1.876, "managed_globals_cache_hit": true, "managed_globals_ms": 0.011}, "queue_wait_ms": 24.099}
/opt/anaconda3/lib/python3.13/site-packages/flare_cores/cores.py:2508: FutureWarning: Series.__getitem__ treating keys as positions is deprecated. In a future version, integer keys will always be treated as labels (consistent with DataFrame behavior). To access a value by position, use `ser.iloc[pos]`
  if len(a) > 0 and np.isnan(a[0]):
2026-05-04 09:29:56,285 INFO pycloud_parallel.service_timing {"event": "task_pool_timing", "pool_id": "944673a3a47d47e0bdd2bf6aeb9aebe9", "pool_name": "task-pool-e971918a3f", "method": "get_fund_asset_ratio", "ok": true, "setup_ms": 0.0, "build_execute_spec_ms": 0.02, "executor_ms": 21086.348, "finalize_ms": 0.0, "total_ms": 21086.368, "error_type": "", "error_message": "", "subprocess": {"decode_ms": 1.276, "worker_decode_ms": 1.276, "invoke_ms": 21038.831, "invoke_wrapper_ms": 0.303, "user_fn_ms": 21038.427, "encode_ms": 3.853, "worker_encode_result_ms": 3.853, "managed_globals_cache_hit": true, "managed_globals_ms": 0.013}, "queue_wait_ms": 42.388}
/opt/anaconda3/lib/python3.13/site-packages/flare_cores/cores.py:2508: FutureWarning: Series.__getitem__ treating keys as positions is deprecated. In a future version, integer keys will always be treated as labels (consistent with DataFrame behavior). To access a value by position, use `ser.iloc[pos]`
  if len(a) > 0 and np.isnan(a[0]):
2026-05-04 09:29:56,761 INFO pycloud_parallel.service_timing {"event": "task_pool_timing", "pool_id": "944673a3a47d47e0bdd2bf6aeb9aebe9", "pool_name": "task-pool-e971918a3f", "method": "get_fund_asset_ratio", "ok": true, "setup_ms": 0.0, "build_execute_spec_ms": 0.015, "executor_ms": 21562.521, "finalize_ms": 0.0, "total_ms": 21562.536, "error_type": "", "error_message": "", "subprocess": {"decode_ms": 1.198, "worker_decode_ms": 1.198, "invoke_ms": 21518.423, "invoke_wrapper_ms": 0.297, "user_fn_ms": 21518.084, "encode_ms": 1.625, "worker_encode_result_ms": 1.625, "managed_globals_cache_hit": true, "managed_globals_ms": 0.014}, "queue_wait_ms": 41.275}
/opt/anaconda3/lib/python3.13/site-packages/flare_cores/cores.py:2508: FutureWarning: Series.__getitem__ treating keys as positions is deprecated. In a future version, integer keys will always be treated as labels (consistent with DataFrame behavior). To access a value by position, use `ser.iloc[pos]`
  if len(a) > 0 and np.isnan(a[0]):
2026-05-04 09:29:57,998 INFO pycloud_parallel.service_timing {"event": "task_pool_timing", "pool_id": "944673a3a47d47e0bdd2bf6aeb9aebe9", "pool_name": "task-pool-e971918a3f", "method": "get_fund_asset_ratio", "ok": true, "setup_ms": 0.0, "build_execute_spec_ms": 0.018, "executor_ms": 22800.713, "finalize_ms": 0.0, "total_ms": 22800.731, "error_type": "", "error_message": "", "subprocess": {"decode_ms": 0.809, "worker_decode_ms": 0.809, "invoke_ms": 22780.66, "invoke_wrapper_ms": 0.242, "user_fn_ms": 22780.377, "encode_ms": 1.778, "worker_encode_result_ms": 1.778, "managed_globals_cache_hit": true, "managed_globals_ms": 0.009}, "queue_wait_ms": 17.466}
2026-05-04 09:29:58,265 INFO pycloud_parallel.service_timing {"event": "task_pool_timing", "pool_id": "944673a3a47d47e0bdd2bf6aeb9aebe9", "pool_name": "task-pool-e971918a3f", "method": "get_fund_asset_ratio", "ok": true, "setup_ms": 0.0, "build_execute_spec_ms": 0.019, "executor_ms": 23067.361, "finalize_ms": 0.0, "total_ms": 23067.38, "error_type": "", "error_message": "", "subprocess": {"decode_ms": 1.152, "worker_decode_ms": 1.152, "invoke_ms": 22992.835, "invoke_wrapper_ms": 0.358, "user_fn_ms": 22992.432, "encode_ms": 14.643, "worker_encode_result_ms": 14.643, "managed_globals_cache_hit": true, "managed_globals_ms": 0.012}, "queue_wait_ms": 58.731}
/opt/anaconda3/lib/python3.13/site-packages/flare_cores/cores.py:2508: FutureWarning: Series.__getitem__ treating keys as positions is deprecated. In a future version, integer keys will always be treated as labels (consistent with DataFrame behavior). To access a value by position, use `ser.iloc[pos]`
  if len(a) > 0 and np.isnan(a[0]):
/opt/anaconda3/lib/python3.13/site-packages/flare_cores/cores.py:2508: FutureWarning: Series.__getitem__ treating keys as positions is deprecated. In a future version, integer keys will always be treated as labels (consistent with DataFrame behavior). To access a value by position, use `ser.iloc[pos]`
  if len(a) > 0 and np.isnan(a[0]):
/opt/anaconda3/lib/python3.13/site-packages/flare_cores/cores.py:2508: FutureWarning: Series.__getitem__ treating keys as positions is deprecated. In a future version, integer keys will always be treated as labels (consistent with DataFrame behavior). To access a value by position, use `ser.iloc[pos]`
  if len(a) > 0 and np.isnan(a[0]):
/opt/anaconda3/lib/python3.13/site-packages/flare_cores/cores.py:2508: FutureWarning: Series.__getitem__ treating keys as positions is deprecated. In a future version, integer keys will always be treated as labels (consistent with DataFrame behavior). To access a value by position, use `ser.iloc[pos]`
  if len(a) > 0 and np.isnan(a[0]):
2026-05-04 09:30:01,884 INFO pycloud_parallel.service_timing {"event": "task_pool_timing", "pool_id": "944673a3a47d47e0bdd2bf6aeb9aebe9", "pool_name": "task-pool-e971918a3f", "method": "get_fund_asset_ratio", "ok": true, "setup_ms": 0.0, "build_execute_spec_ms": 0.016, "executor_ms": 26682.516, "finalize_ms": 0.0, "total_ms": 26682.532, "error_type": "", "error_message": "", "subprocess": {"decode_ms": 0.878, "worker_decode_ms": 0.878, "invoke_ms": 12912.29, "invoke_wrapper_ms": 0.143, "user_fn_ms": 12912.128, "encode_ms": 1.561, "worker_encode_result_ms": 1.561, "managed_globals_cache_hit": true, "managed_globals_ms": 0.01}, "queue_wait_ms": 13767.787}
2026-05-04 09:30:02,366 INFO pycloud_parallel.service_timing {"event": "task_pool_timing", "pool_id": "944673a3a47d47e0bdd2bf6aeb9aebe9", "pool_name": "task-pool-e971918a3f", "method": "get_fund_asset_ratio", "ok": true, "setup_ms": 0.0, "build_execute_spec_ms": 0.02, "executor_ms": 27164.366, "finalize_ms": 0.0, "total_ms": 27164.386, "error_type": "", "error_message": "", "subprocess": {"decode_ms": 0.762, "worker_decode_ms": 0.762, "invoke_ms": 11512.202, "invoke_wrapper_ms": 0.08, "user_fn_ms": 11512.104, "encode_ms": 1.19, "worker_encode_result_ms": 1.19, "managed_globals_cache_hit": true, "managed_globals_ms": 0.01}, "queue_wait_ms": 15650.212}
2026-05-04 09:30:03,598 INFO pycloud_parallel.service_timing {"event": "task_pool_timing", "pool_id": "944673a3a47d47e0bdd2bf6aeb9aebe9", "pool_name": "task-pool-e971918a3f", "method": "get_fund_asset_ratio", "ok": true, "setup_ms": 0.0, "build_execute_spec_ms": 0.015, "executor_ms": 28395.087, "finalize_ms": 0.0, "total_ms": 28395.102, "error_type": "", "error_message": "", "subprocess": {"decode_ms": 0.889, "worker_decode_ms": 0.889, "invoke_ms": 11623.437, "invoke_wrapper_ms": 0.085, "user_fn_ms": 11623.332, "encode_ms": 4.097, "worker_encode_result_ms": 4.097, "managed_globals_cache_hit": true, "managed_globals_ms": 0.011}, "queue_wait_ms": 16766.664}
/opt/anaconda3/lib/python3.13/site-packages/flare_cores/cores.py:2508: FutureWarning: Series.__getitem__ treating keys as positions is deprecated. In a future version, integer keys will always be treated as labels (consistent with DataFrame behavior). To access a value by position, use `ser.iloc[pos]`
  if len(a) > 0 and np.isnan(a[0]):
/opt/anaconda3/lib/python3.13/site-packages/flare_cores/cores.py:2508: FutureWarning: Series.__getitem__ treating keys as positions is deprecated. In a future version, integer keys will always be treated as labels (consistent with DataFrame behavior). To access a value by position, use `ser.iloc[pos]`
  if len(a) > 0 and np.isnan(a[0]):
2026-05-04 09:30:05,609 INFO pycloud_parallel.service_timing {"event": "task_pool_timing", "pool_id": "944673a3a47d47e0bdd2bf6aeb9aebe9", "pool_name": "task-pool-e971918a3f", "method": "get_fund_asset_ratio", "ok": true, "setup_ms": 0.0, "build_execute_spec_ms": 0.021, "executor_ms": 30406.119, "finalize_ms": 0.0, "total_ms": 30406.14, "error_type": "", "error_message": "", "subprocess": {"decode_ms": 0.802, "worker_decode_ms": 0.802, "invoke_ms": 12148.531, "invoke_wrapper_ms": 0.084, "user_fn_ms": 12148.429, "encode_ms": 1.456, "worker_encode_result_ms": 1.456, "managed_globals_cache_hit": true, "managed_globals_ms": 0.01}, "queue_wait_ms": 18255.33}
2026-05-04 09:30:05,716 INFO pycloud_parallel.service_timing {"event": "task_pool_timing", "pool_id": "944673a3a47d47e0bdd2bf6aeb9aebe9", "pool_name": "task-pool-e971918a3f", "method": "get_fund_asset_ratio", "ok": true, "setup_ms": 0.0, "build_execute_spec_ms": 0.022, "executor_ms": 30511.925, "finalize_ms": 0.0, "total_ms": 30511.947, "error_type": "", "error_message": "", "subprocess": {"decode_ms": 0.762, "worker_decode_ms": 0.762, "invoke_ms": 11222.208, "invoke_wrapper_ms": 0.076, "user_fn_ms": 11222.111, "encode_ms": 1.637, "worker_encode_result_ms": 1.637, "managed_globals_cache_hit": true, "managed_globals_ms": 0.008}, "queue_wait_ms": 19287.318}
/opt/anaconda3/lib/python3.13/site-packages/flare_cores/cores.py:2508: FutureWarning: Series.__getitem__ treating keys as positions is deprecated. In a future version, integer keys will always be treated as labels (consistent with DataFrame behavior). To access a value by position, use `ser.iloc[pos]`
  if len(a) > 0 and np.isnan(a[0]):
/opt/anaconda3/lib/python3.13/site-packages/flare_cores/cores.py:2508: FutureWarning: Series.__getitem__ treating keys as positions is deprecated. In a future version, integer keys will always be treated as labels (consistent with DataFrame behavior). To access a value by position, use `ser.iloc[pos]`
  if len(a) > 0 and np.isnan(a[0]):
/opt/anaconda3/lib/python3.13/site-packages/flare_cores/cores.py:2508: FutureWarning: Series.__getitem__ treating keys as positions is deprecated. In a future version, integer keys will always be treated as labels (consistent with DataFrame behavior). To access a value by position, use `ser.iloc[pos]`
  if len(a) > 0 and np.isnan(a[0]):
2026-05-04 09:30:07,267 INFO pycloud_parallel.service_timing {"event": "task_pool_timing", "pool_id": "944673a3a47d47e0bdd2bf6aeb9aebe9", "pool_name": "task-pool-e971918a3f", "method": "get_fund_asset_ratio", "ok": true, "setup_ms": 0.0, "build_execute_spec_ms": 0.053, "executor_ms": 15241.365, "finalize_ms": 0.0, "total_ms": 15241.418, "error_type": "", "error_message": "", "subprocess": {"decode_ms": 0.763, "worker_decode_ms": 0.763, "invoke_ms": 9235.927, "invoke_wrapper_ms": 0.081, "user_fn_ms": 9235.826, "encode_ms": 6.794, "worker_encode_result_ms": 6.794, "managed_globals_cache_hit": true, "managed_globals_ms": 0.01}, "queue_wait_ms": 5997.881}
2026-05-04 09:30:07,268 INFO pycloud_parallel.service_timing {"event": "task_pool_timing", "pool_id": "944673a3a47d47e0bdd2bf6aeb9aebe9", "pool_name": "task-pool-e971918a3f", "method": "get_fund_asset_ratio", "ok": true, "setup_ms": 0.0, "build_execute_spec_ms": 0.054, "executor_ms": 18283.537, "finalize_ms": 0.0, "total_ms": 18283.591, "error_type": "", "error_message": "", "subprocess": {"decode_ms": 1.32, "worker_decode_ms": 1.32, "invoke_ms": 11005.754, "invoke_wrapper_ms": 0.134, "user_fn_ms": 11005.602, "encode_ms": 1.369, "worker_encode_result_ms": 1.369, "managed_globals_cache_hit": true, "managed_globals_ms": 0.017}, "queue_wait_ms": 7275.094}
2026-05-04 09:30:07,375 INFO pycloud_parallel.service_timing {"event": "task_pool_timing", "pool_id": "944673a3a47d47e0bdd2bf6aeb9aebe9", "pool_name": "task-pool-e971918a3f", "method": "get_fund_asset_ratio", "ok": true, "setup_ms": 0.0, "build_execute_spec_ms": 0.052, "executor_ms": 16427.285, "finalize_ms": 0.0, "total_ms": 16427.337, "error_type": "", "error_message": "", "subprocess": {"decode_ms": 1.105, "worker_decode_ms": 1.105, "invoke_ms": 10625.142, "invoke_wrapper_ms": 0.078, "user_fn_ms": 10625.046, "encode_ms": 1.433, "worker_encode_result_ms": 1.433, "managed_globals_cache_hit": true, "managed_globals_ms": 0.067}, "queue_wait_ms": 5799.605}
2026-05-04 09:30:07,695 INFO pycloud_parallel.service_timing {"event": "task_pool_timing", "pool_id": "944673a3a47d47e0bdd2bf6aeb9aebe9", "pool_name": "task-pool-e971918a3f", "method": "get_fund_asset_ratio", "ok": true, "setup_ms": 0.0, "build_execute_spec_ms": 0.083, "executor_ms": 32499.232, "finalize_ms": 0.0, "total_ms": 32499.315, "error_type": "", "error_message": "", "subprocess": {"decode_ms": 3.932, "worker_decode_ms": 3.932, "invoke_ms": 32419.694, "invoke_wrapper_ms": 0.235, "user_fn_ms": 32419.416, "encode_ms": 2.419, "worker_encode_result_ms": 2.419, "managed_globals_cache_hit": true, "managed_globals_ms": 0.012}, "queue_wait_ms": 73.187}
2026-05-04 09:30:07,853 INFO pycloud_parallel.service_timing {"event": "task_pool_timing", "pool_id": "944673a3a47d47e0bdd2bf6aeb9aebe9", "pool_name": "task-pool-e971918a3f", "method": "get_fund_asset_ratio", "ok": true, "setup_ms": 0.0, "build_execute_spec_ms": 0.056, "executor_ms": 14304.058, "finalize_ms": 0.0, "total_ms": 14304.114, "error_type": "", "error_message": "", "subprocess": {"decode_ms": 1.259, "worker_decode_ms": 1.259, "invoke_ms": 9583.049, "invoke_wrapper_ms": 0.094, "user_fn_ms": 9582.938, "encode_ms": 1.079, "worker_encode_result_ms": 1.079, "managed_globals_cache_hit": true, "managed_globals_ms": 0.014}, "queue_wait_ms": 4718.671}
/opt/anaconda3/lib/python3.13/site-packages/flare_cores/cores.py:2508: FutureWarning: Series.__getitem__ treating keys as positions is deprecated. In a future version, integer keys will always be treated as labels (consistent with DataFrame behavior). To access a value by position, use `ser.iloc[pos]`
  if len(a) > 0 and np.isnan(a[0]):
/opt/anaconda3/lib/python3.13/site-packages/flare_cores/cores.py:2508: FutureWarning: Series.__getitem__ treating keys as positions is deprecated. In a future version, integer keys will always be treated as labels (consistent with DataFrame behavior). To access a value by position, use `ser.iloc[pos]`
  if len(a) > 0 and np.isnan(a[0]):
/opt/anaconda3/lib/python3.13/site-packages/flare_cores/cores.py:2508: FutureWarning: Series.__getitem__ treating keys as positions is deprecated. In a future version, integer keys will always be treated as labels (consistent with DataFrame behavior). To access a value by position, use `ser.iloc[pos]`
  if len(a) > 0 and np.isnan(a[0]):
/opt/anaconda3/lib/python3.13/site-packages/flare_cores/cores.py:2508: FutureWarning: Series.__getitem__ treating keys as positions is deprecated. In a future version, integer keys will always be treated as labels (consistent with DataFrame behavior). To access a value by position, use `ser.iloc[pos]`
  if len(a) > 0 and np.isnan(a[0]):
/opt/anaconda3/lib/python3.13/site-packages/flare_cores/cores.py:2508: FutureWarning: Series.__getitem__ treating keys as positions is deprecated. In a future version, integer keys will always be treated as labels (consistent with DataFrame behavior). To access a value by position, use `ser.iloc[pos]`
  if len(a) > 0 and np.isnan(a[0]):
2026-05-04 09:30:09,444 INFO pycloud_parallel.service_timing {"event": "task_pool_timing", "pool_id": "944673a3a47d47e0bdd2bf6aeb9aebe9", "pool_name": "task-pool-e971918a3f", "method": "get_fund_asset_ratio", "ok": true, "setup_ms": 0.0, "build_execute_spec_ms": 0.109, "executor_ms": 13107.694, "finalize_ms": 0.0, "total_ms": 13107.803, "error_type": "", "error_message": "", "subprocess": {"decode_ms": 0.816, "worker_decode_ms": 0.816, "invoke_ms": 7101.005, "invoke_wrapper_ms": 0.063, "user_fn_ms": 7100.924, "encode_ms": 1.351, "worker_encode_result_ms": 1.351, "managed_globals_cache_hit": true, "managed_globals_ms": 0.007}, "queue_wait_ms": 6004.522}
/opt/anaconda3/lib/python3.13/site-packages/flare_cores/cores.py:2508: FutureWarning: Series.__getitem__ treating keys as positions is deprecated. In a future version, integer keys will always be treated as labels (consistent with DataFrame behavior). To access a value by position, use `ser.iloc[pos]`
  if len(a) > 0 and np.isnan(a[0]):
2026-05-04 09:30:10,507 INFO pycloud_parallel.service_timing {"event": "task_pool_timing", "pool_id": "944673a3a47d47e0bdd2bf6aeb9aebe9", "pool_name": "task-pool-e971918a3f", "method": "get_fund_asset_ratio", "ok": true, "setup_ms": 0.0, "build_execute_spec_ms": 0.055, "executor_ms": 15949.918, "finalize_ms": 0.0, "total_ms": 15949.973, "error_type": "", "error_message": "", "subprocess": {"decode_ms": 0.819, "worker_decode_ms": 0.819, "invoke_ms": 8612.601, "invoke_wrapper_ms": 0.073, "user_fn_ms": 8612.509, "encode_ms": 2.053, "worker_encode_result_ms": 2.053, "managed_globals_cache_hit": true, "managed_globals_ms": 0.009}, "queue_wait_ms": 7334.445}
2026-05-04 09:30:10,782 INFO pycloud_parallel.service_timing {"event": "task_pool_timing", "pool_id": "944673a3a47d47e0bdd2bf6aeb9aebe9", "pool_name": "task-pool-e971918a3f", "method": "get_fund_asset_ratio", "ok": true, "setup_ms": 0.0, "build_execute_spec_ms": 0.059, "executor_ms": 3471.483, "finalize_ms": 0.0, "total_ms": 3471.542, "error_type": "", "error_message": "", "subprocess": {"decode_ms": 1.129, "worker_decode_ms": 1.129, "invoke_ms": 1268.005, "invoke_wrapper_ms": 0.072, "user_fn_ms": 1267.913, "encode_ms": 45.563, "worker_encode_result_ms": 45.563, "managed_globals_cache_hit": true, "managed_globals_ms": 0.009}, "queue_wait_ms": 2156.786}
/opt/anaconda3/lib/python3.13/site-packages/flare_cores/cores.py:2508: FutureWarning: Series.__getitem__ treating keys as positions is deprecated. In a future version, integer keys will always be treated as labels (consistent with DataFrame behavior). To access a value by position, use `ser.iloc[pos]`
  if len(a) > 0 and np.isnan(a[0]):
/opt/anaconda3/lib/python3.13/site-packages/flare_cores/cores.py:2508: FutureWarning: Series.__getitem__ treating keys as positions is deprecated. In a future version, integer keys will always be treated as labels (consistent with DataFrame behavior). To access a value by position, use `ser.iloc[pos]`
  if len(a) > 0 and np.isnan(a[0]):
2026-05-04 09:30:11,394 INFO pycloud_parallel.service_timing {"event": "task_pool_timing", "pool_id": "944673a3a47d47e0bdd2bf6aeb9aebe9", "pool_name": "task-pool-e971918a3f", "method": "get_fund_asset_ratio", "ok": true, "setup_ms": 0.0, "build_execute_spec_ms": 0.052, "executor_ms": 5634.677, "finalize_ms": 0.0, "total_ms": 5634.729, "error_type": "", "error_message": "", "subprocess": {"decode_ms": 1.872, "worker_decode_ms": 1.872, "invoke_ms": 3564.4, "invoke_wrapper_ms": 0.08, "user_fn_ms": 3564.303, "encode_ms": 1.222, "worker_encode_result_ms": 1.222, "managed_globals_cache_hit": true, "managed_globals_ms": 0.012}, "queue_wait_ms": 2067.183}
/opt/anaconda3/lib/python3.13/site-packages/flare_cores/cores.py:2508: FutureWarning: Series.__getitem__ treating keys as positions is deprecated. In a future version, integer keys will always be treated as labels (consistent with DataFrame behavior). To access a value by position, use `ser.iloc[pos]`
  if len(a) > 0 and np.isnan(a[0]):
2026-05-04 09:30:11,880 INFO pycloud_parallel.service_timing {"event": "task_pool_timing", "pool_id": "944673a3a47d47e0bdd2bf6aeb9aebe9", "pool_name": "task-pool-e971918a3f", "method": "get_fund_asset_ratio", "ok": true, "setup_ms": 0.0, "build_execute_spec_ms": 0.056, "executor_ms": 8189.937, "finalize_ms": 0.0, "total_ms": 8189.993, "error_type": "", "error_message": "", "subprocess": {"decode_ms": 0.786, "worker_decode_ms": 0.786, "invoke_ms": 4442.452, "invoke_wrapper_ms": 0.073, "user_fn_ms": 4442.366, "encode_ms": 1.216, "worker_encode_result_ms": 1.216, "managed_globals_cache_hit": true, "managed_globals_ms": 0.009}, "queue_wait_ms": 3745.483}
2026-05-04 09:30:11,880 INFO pycloud_parallel.service_timing {"event": "task_pool_timing", "pool_id": "944673a3a47d47e0bdd2bf6aeb9aebe9", "pool_name": "task-pool-e971918a3f", "method": "get_fund_asset_ratio", "ok": true, "setup_ms": 0.0, "build_execute_spec_ms": 0.059, "executor_ms": 4453.054, "finalize_ms": 0.0, "total_ms": 4453.113, "error_type": "", "error_message": "", "subprocess": {"decode_ms": 2.535, "worker_decode_ms": 2.535, "invoke_ms": 1053.519, "invoke_wrapper_ms": 0.073, "user_fn_ms": 1053.431, "encode_ms": 1.276, "worker_encode_result_ms": 1.276, "managed_globals_cache_hit": true, "managed_globals_ms": 0.006}, "queue_wait_ms": 3395.724}
2026-05-04 09:30:11,880 INFO pycloud_parallel.service_timing {"event": "task_pool_timing", "pool_id": "944673a3a47d47e0bdd2bf6aeb9aebe9", "pool_name": "task-pool-e971918a3f", "method": "get_fund_asset_ratio", "ok": true, "setup_ms": 0.0, "build_execute_spec_ms": 0.048, "executor_ms": 13573.714, "finalize_ms": 0.0, "total_ms": 13573.762, "error_type": "", "error_message": "", "subprocess": {"decode_ms": 1.063, "worker_decode_ms": 1.063, "invoke_ms": 6172.855, "invoke_wrapper_ms": 0.078, "user_fn_ms": 6172.762, "encode_ms": 1.151, "worker_encode_result_ms": 1.151, "managed_globals_cache_hit": true, "managed_globals_ms": 0.011}, "queue_wait_ms": 7398.645}
/opt/anaconda3/lib/python3.13/site-packages/flare_cores/cores.py:2508: FutureWarning: Series.__getitem__ treating keys as positions is deprecated. In a future version, integer keys will always be treated as labels (consistent with DataFrame behavior). To access a value by position, use `ser.iloc[pos]`
  if len(a) > 0 and np.isnan(a[0]):
/opt/anaconda3/lib/python3.13/site-packages/flare_cores/cores.py:2508: FutureWarning: Series.__getitem__ treating keys as positions is deprecated. In a future version, integer keys will always be treated as labels (consistent with DataFrame behavior). To access a value by position, use `ser.iloc[pos]`
  if len(a) > 0 and np.isnan(a[0]):
2026-05-04 09:30:11,982 INFO pycloud_parallel.service_timing {"event": "task_pool_timing", "pool_id": "944673a3a47d47e0bdd2bf6aeb9aebe9", "pool_name": "task-pool-e971918a3f", "method": "get_fund_asset_ratio", "ok": true, "setup_ms": 0.0, "build_execute_spec_ms": 0.024, "executor_ms": 4670.396, "finalize_ms": 0.0, "total_ms": 4670.42, "error_type": "", "error_message": "", "subprocess": {"decode_ms": 0.863, "worker_decode_ms": 0.863, "invoke_ms": 1448.514, "invoke_wrapper_ms": 0.097, "user_fn_ms": 1448.4, "encode_ms": 4.509, "worker_encode_result_ms": 4.509, "managed_globals_cache_hit": true, "managed_globals_ms": 0.01}, "queue_wait_ms": 3216.51}
2026-05-04 09:30:11,982 INFO pycloud_parallel.service_timing {"event": "task_pool_timing", "pool_id": "944673a3a47d47e0bdd2bf6aeb9aebe9", "pool_name": "task-pool-e971918a3f", "method": "get_fund_asset_ratio", "ok": true, "setup_ms": 0.0, "build_execute_spec_ms": 0.056, "executor_ms": 2482.046, "finalize_ms": 0.0, "total_ms": 2482.102, "error_type": "", "error_message": "", "subprocess": {"decode_ms": 0.679, "worker_decode_ms": 0.679, "invoke_ms": 109.709, "invoke_wrapper_ms": 0.062, "user_fn_ms": 109.63, "encode_ms": 1.039, "worker_encode_result_ms": 1.039, "managed_globals_cache_hit": true, "managed_globals_ms": 0.008}, "queue_wait_ms": 2370.619}
2026-05-04 09:30:11,982 INFO pycloud_parallel.service_timing {"event": "task_pool_timing", "pool_id": "944673a3a47d47e0bdd2bf6aeb9aebe9", "pool_name": "task-pool-e971918a3f", "method": "get_fund_asset_ratio", "ok": true, "setup_ms": 0.0, "build_execute_spec_ms": 0.051, "executor_ms": 1407.292, "finalize_ms": 0.0, "total_ms": 1407.343, "error_type": "", "error_message": "", "subprocess": {"decode_ms": 1.092, "worker_decode_ms": 1.092, "invoke_ms": 120.652, "invoke_wrapper_ms": 0.071, "user_fn_ms": 120.561, "encode_ms": 1.482, "worker_encode_result_ms": 1.482, "managed_globals_cache_hit": true, "managed_globals_ms": 0.008}, "queue_wait_ms": 1284.066}
2026-05-04 09:30:11,983 INFO pycloud_parallel.service_timing {"event": "task_pool_timing", "pool_id": "944673a3a47d47e0bdd2bf6aeb9aebe9", "pool_name": "task-pool-e971918a3f", "method": "get_fund_asset_ratio", "ok": true, "setup_ms": 0.0, "build_execute_spec_ms": 0.063, "executor_ms": 31.136, "finalize_ms": 0.0, "total_ms": 31.199, "error_type": "", "error_message": "", "subprocess": {"decode_ms": 0.663, "worker_decode_ms": 0.663, "invoke_ms": 3.521, "invoke_wrapper_ms": 0.07, "user_fn_ms": 3.439, "encode_ms": 0.102, "worker_encode_result_ms": 0.102, "managed_globals_cache_hit": true, "managed_globals_ms": 0.008}, "queue_wait_ms": 26.85}
/opt/anaconda3/lib/python3.13/site-packages/flare_cores/cores.py:2508: FutureWarning: Series.__getitem__ treating keys as positions is deprecated. In a future version, integer keys will always be treated as labels (consistent with DataFrame behavior). To access a value by position, use `ser.iloc[pos]`
  if len(a) > 0 and np.isnan(a[0]):
/opt/anaconda3/lib/python3.13/site-packages/flare_cores/cores.py:2508: FutureWarning: Series.__getitem__ treating keys as positions is deprecated. In a future version, integer keys will always be treated as labels (consistent with DataFrame behavior). To access a value by position, use `ser.iloc[pos]`
  if len(a) > 0 and np.isnan(a[0]):
2026-05-04 09:30:12,038 INFO pycloud_parallel.service_timing {"event": "task_pool_timing", "pool_id": "944673a3a47d47e0bdd2bf6aeb9aebe9", "pool_name": "task-pool-e971918a3f", "method": "get_fund_asset_ratio", "ok": true, "setup_ms": 0.0, "build_execute_spec_ms": 0.023, "executor_ms": 85.47, "finalize_ms": 0.0, "total_ms": 85.493, "error_type": "", "error_message": "", "subprocess": {"decode_ms": 19.158, "worker_decode_ms": 19.158, "invoke_ms": 5.2, "invoke_wrapper_ms": 0.086, "user_fn_ms": 5.097, "encode_ms": 0.13, "worker_encode_result_ms": 0.13, "managed_globals_cache_hit": true, "managed_globals_ms": 0.005}, "queue_wait_ms": 60.982}
2026-05-04 09:30:12,038 INFO pycloud_parallel.service_timing {"event": "task_pool_timing", "pool_id": "944673a3a47d47e0bdd2bf6aeb9aebe9", "pool_name": "task-pool-e971918a3f", "method": "get_fund_asset_ratio", "ok": true, "setup_ms": 0.0, "build_execute_spec_ms": 0.067, "executor_ms": 544.783, "finalize_ms": 0.0, "total_ms": 544.85, "error_type": "", "error_message": "", "subprocess": {"decode_ms": 1.034, "worker_decode_ms": 1.034, "invoke_ms": 92.224, "invoke_wrapper_ms": 0.119, "user_fn_ms": 92.082, "encode_ms": 0.985, "worker_encode_result_ms": 0.985, "managed_globals_cache_hit": true, "managed_globals_ms": 0.008}, "queue_wait_ms": 450.54}
/opt/anaconda3/lib/python3.13/site-packages/flare_cores/cores.py:2508: FutureWarning: Series.__getitem__ treating keys as positions is deprecated. In a future version, integer keys will always be treated as labels (consistent with DataFrame behavior). To access a value by position, use `ser.iloc[pos]`
  if len(a) > 0 and np.isnan(a[0]):
2026-05-04 09:30:12,091 INFO pycloud_parallel.service_timing {"event": "task_pool_timing", "pool_id": "944673a3a47d47e0bdd2bf6aeb9aebe9", "pool_name": "task-pool-e971918a3f", "method": "get_fund_asset_ratio", "ok": true, "setup_ms": 0.0, "build_execute_spec_ms": 0.056, "executor_ms": 1289.803, "finalize_ms": 0.0, "total_ms": 1289.859, "error_type": "", "error_message": "", "subprocess": {"decode_ms": 0.836, "worker_decode_ms": 0.836, "invoke_ms": 116.171, "invoke_wrapper_ms": 0.102, "user_fn_ms": 116.053, "encode_ms": 0.732, "worker_encode_result_ms": 0.732, "managed_globals_cache_hit": true, "managed_globals_ms": 0.063}, "queue_wait_ms": 1172.064}
2026-05-04 09:30:12,145 INFO pycloud_parallel.service_timing {"event": "task_pool_timing", "pool_id": "944673a3a47d47e0bdd2bf6aeb9aebe9", "pool_name": "task-pool-e971918a3f", "method": "get_fund_asset_ratio", "ok": true, "setup_ms": 0.0, "build_execute_spec_ms": 0.048, "executor_ms": 14063.704, "finalize_ms": 0.0, "total_ms": 14063.752, "error_type": "", "error_message": "", "subprocess": {"decode_ms": 1.001, "worker_decode_ms": 1.001, "invoke_ms": 6519.531, "invoke_wrapper_ms": 0.085, "user_fn_ms": 6519.426, "encode_ms": 1.415, "worker_encode_result_ms": 1.415, "managed_globals_cache_hit": true, "managed_globals_ms": 0.008}, "queue_wait_ms": 7541.757}
2026-05-04 09:30:12,146 INFO pycloud_parallel.service_timing {"event": "task_pool_timing", "pool_id": "944673a3a47d47e0bdd2bf6aeb9aebe9", "pool_name": "task-pool-e971918a3f", "method": "get_fund_asset_ratio", "ok": true, "setup_ms": 0.0, "build_execute_spec_ms": 0.055, "executor_ms": 4392.356, "finalize_ms": 0.0, "total_ms": 4392.411, "error_type": "", "error_message": "", "subprocess": {"decode_ms": 0.742, "worker_decode_ms": 0.742, "invoke_ms": 735.758, "invoke_wrapper_ms": 0.185, "user_fn_ms": 735.552, "encode_ms": 11.013, "worker_encode_result_ms": 11.013, "managed_globals_cache_hit": true, "managed_globals_ms": 0.008}, "queue_wait_ms": 3644.843}
2026-05-04 09:30:12,197 INFO pycloud_parallel.service_timing {"event": "task_pool_timing", "pool_id": "944673a3a47d47e0bdd2bf6aeb9aebe9", "pool_name": "task-pool-e971918a3f", "method": "get_fund_asset_ratio", "ok": true, "setup_ms": 0.0, "build_execute_spec_ms": 0.063, "executor_ms": 4330.998, "finalize_ms": 0.0, "total_ms": 4331.061, "error_type": "", "error_message": "", "subprocess": {"decode_ms": 0.946, "worker_decode_ms": 0.946, "invoke_ms": 351.405, "invoke_wrapper_ms": 0.066, "user_fn_ms": 351.327, "encode_ms": 0.899, "worker_encode_result_ms": 0.899, "managed_globals_cache_hit": true, "managed_globals_ms": 0.009}, "queue_wait_ms": 3977.748}
2026-05-04 09:30:12,305 INFO pycloud_parallel.service_timing {"event": "task_pool_timing", "pool_id": "944673a3a47d47e0bdd2bf6aeb9aebe9", "pool_name": "task-pool-e971918a3f", "method": "get_fund_asset_ratio", "ok": true, "setup_ms": 0.0, "build_execute_spec_ms": 0.062, "executor_ms": 6666.829, "finalize_ms": 0.0, "total_ms": 6666.891, "error_type": "", "error_message": "", "subprocess": {"decode_ms": 1.016, "worker_decode_ms": 1.016, "invoke_ms": 4666.851, "invoke_wrapper_ms": 0.094, "user_fn_ms": 4666.739, "encode_ms": 1.317, "worker_encode_result_ms": 1.317, "managed_globals_cache_hit": true, "managed_globals_ms": 0.011}, "queue_wait_ms": 1997.645}
2026-05-04 09:30:12,413 INFO pycloud_parallel.service_timing {"event": "task_pool_timing", "pool_id": "944673a3a47d47e0bdd2bf6aeb9aebe9", "pool_name": "task-pool-e971918a3f", "method": "get_fund_asset_ratio", "ok": true, "setup_ms": 0.0, "build_execute_spec_ms": 0.058, "executor_ms": 10458.166, "finalize_ms": 0.0, "total_ms": 10458.224, "error_type": "", "error_message": "", "subprocess": {"decode_ms": 0.618, "worker_decode_ms": 0.618, "invoke_ms": 5167.951, "invoke_wrapper_ms": 0.061, "user_fn_ms": 5167.876, "encode_ms": 1.007, "worker_encode_result_ms": 1.007, "managed_globals_cache_hit": true, "managed_globals_ms": 0.007}, "queue_wait_ms": 5288.59}
2026-05-04 09:30:12,466 INFO pycloud_parallel.service_timing {"event": "task_pool_timing", "pool_id": "944673a3a47d47e0bdd2bf6aeb9aebe9", "pool_name": "task-pool-e971918a3f", "method": "get_fund_asset_ratio", "ok": true, "setup_ms": 0.0, "build_execute_spec_ms": 0.049, "executor_ms": 15686.372, "finalize_ms": 0.0, "total_ms": 15686.421, "error_type": "", "error_message": "", "subprocess": {"decode_ms": 0.749, "worker_decode_ms": 0.749, "invoke_ms": 8845.582, "invoke_wrapper_ms": 0.068, "user_fn_ms": 8845.5, "encode_ms": 1.291, "worker_encode_result_ms": 1.291, "managed_globals_cache_hit": true, "managed_globals_ms": 0.008}, "queue_wait_ms": 6838.75}
2026-05-04 09:30:12,572 INFO pycloud_parallel.service_timing {"event": "task_pool_timing", "pool_id": "944673a3a47d47e0bdd2bf6aeb9aebe9", "pool_name": "task-pool-e971918a3f", "method": "get_fund_asset_ratio", "ok": true, "setup_ms": 0.0, "build_execute_spec_ms": 0.058, "executor_ms": 10177.254, "finalize_ms": 0.0, "total_ms": 10177.312, "error_type": "", "error_message": "", "subprocess": {"decode_ms": 0.812, "worker_decode_ms": 0.812, "invoke_ms": 5270.033, "invoke_wrapper_ms": 0.069, "user_fn_ms": 5269.952, "encode_ms": 0.716, "worker_encode_result_ms": 0.716, "managed_globals_cache_hit": true, "managed_globals_ms": 0.009}, "queue_wait_ms": 4905.693}
 re minimize 
I0504 09:30:27.030519 7556083 fork_posix.cc:71] Other threads are currently calling into gRPC, skipping fork() handlers
I0504 09:30:27.036328 7556110 ev_poll_posix.cc:593] FD from fork parent still in poll list: fd(3, generation: 1)
I0504 09:30:27.036510 7556110 ev_poll_posix.cc:593] FD from fork parent still in poll list: fd(6, generation: 1)
I0504 09:30:27.036525 7556110 ev_poll_posix.cc:593] FD from fork parent still in poll list: fd(3, generation: 1)
I0504 09:30:27.036533 7556110 ev_poll_posix.cc:593] FD from fork parent still in poll list: fd(6, generation: 1)
I0504 09:30:27.036549 7556110 ev_poll_posix.cc:593] FD from fork parent still in poll list: fd(3, generation: 1)
I0504 09:30:27.036562 7556110 ev_poll_posix.cc:593] FD from fork parent still in poll list: fd(6, generation: 1)
I0504 09:30:27.036569 7556110 ev_poll_posix.cc:593] FD from fork parent still in poll list: fd(3, generation: 1)
I0504 09:30:27.036574 7556110 ev_poll_posix.cc:593] FD from fork parent still in poll list: fd(6, generation: 1)
I0504 09:30:27.036580 7556110 ev_poll_posix.cc:593] FD from fork parent still in poll list: fd(3, generation: 1)
I0504 09:30:27.036587 7556110 ev_poll_posix.cc:593] FD from fork parent still in poll list: fd(6, generation: 1)
I0504 09:30:27.036593 7556110 ev_poll_posix.cc:593] FD from fork parent still in poll list: fd(3, generation: 1)
I0504 09:30:27.036601 7556110 ev_poll_posix.cc:593] FD from fork parent still in poll list: fd(6, generation: 1)
I0504 09:30:27.036606 7556110 ev_poll_posix.cc:593] FD from fork parent still in poll list: fd(3, generation: 1)
I0504 09:30:27.036612 7556110 ev_poll_posix.cc:593] FD from fork parent still in poll list: fd(6, generation: 1)
I0504 09:30:27.036617 7556110 ev_poll_posix.cc:593] FD from fork parent still in poll list: fd(3, generation: 1)
I0504 09:30:27.036623 7556110 ev_poll_posix.cc:593] FD from fork parent still in poll list: fd(6, generation: 1)
I0504 09:30:27.036629 7556110 ev_poll_posix.cc:593] FD from fork parent still in poll list: fd(3, generation: 1)
I0504 09:30:27.036633 7556110 ev_poll_posix.cc:593] FD from fork parent still in poll list: fd(6, generation: 1)
I0504 09:30:27.036639 7556110 ev_poll_posix.cc:593] FD from fork parent still in poll list: fd(3, generation: 1)
I0504 09:30:27.036644 7556110 ev_poll_posix.cc:593] FD from fork parent still in poll list: fd(6, generation: 1)
I0504 09:30:27.036649 7556110 ev_poll_posix.cc:593] FD from fork parent still in poll list: fd(3, generation: 1)
2026-05-04 09:30:29,858 INFO pycloud_parallel.controlplane.services [NodeControl] UpdateRuntimeGlobals peer=ipv4:127.0.0.1:55450 client_id=d4fbec87e7d640f0ade40bc590272152 code_version=sha256:aa95aad4481684160695f22f301d2d55c94c2f06460a5c521fd1712cd234ad4e.ef3a391391da0f75 runtime_key=d4fbec87e7d640f0ade40bc590272152
2026-05-04 09:30:29,900 INFO pycloud_parallel.controlplane.services [NodeControl] UpdateRuntimeGlobals timing client_id=d4fbec87e7d640f0ade40bc590272152 runtime_key=d4fbec87e7d640f0ade40bc590272152 keys=['bench_mark_closeprice_df', 'bench_mark_yield_df', 'bench_mark_yield_df_weekly'] decode_ms=4.021 state_ms=37.427 total_ms=41.722
/opt/anaconda3/lib/python3.13/site-packages/flare_cores/cores.py:2508: FutureWarning: Series.__getitem__ treating keys as positions is deprecated. In a future version, integer keys will always be treated as labels (consistent with DataFrame behavior). To access a value by position, use `ser.iloc[pos]`
  if len(a) > 0 and np.isnan(a[0]):
/opt/anaconda3/lib/python3.13/site-packages/flare_cores/cores.py:2508: FutureWarning: Series.__getitem__ treating keys as positions is deprecated. In a future version, integer keys will always be treated as labels (consistent with DataFrame behavior). To access a value by position, use `ser.iloc[pos]`
  if len(a) > 0 and np.isnan(a[0]):
/opt/anaconda3/lib/python3.13/site-packages/flare_cores/cores.py:2508: FutureWarning: Series.__getitem__ treating keys as positions is deprecated. In a future version, integer keys will always be treated as labels (consistent with DataFrame behavior). To access a value by position, use `ser.iloc[pos]`
  if len(a) > 0 and np.isnan(a[0]):
/opt/anaconda3/lib/python3.13/site-packages/flare_cores/cores.py:2508: FutureWarning: Series.__getitem__ treating keys as positions is deprecated. In a future version, integer keys will always be treated as labels (consistent with DataFrame behavior). To access a value by position, use `ser.iloc[pos]`
  if len(a) > 0 and np.isnan(a[0]):
/opt/anaconda3/lib/python3.13/site-packages/flare_cores/cores.py:2508: FutureWarning: Series.__getitem__ treating keys as positions is deprecated. In a future version, integer keys will always be treated as labels (consistent with DataFrame behavior). To access a value by position, use `ser.iloc[pos]`
  if len(a) > 0 and np.isnan(a[0]):
/opt/anaconda3/lib/python3.13/site-packages/flare_cores/cores.py:2508: FutureWarning: Series.__getitem__ treating keys as positions is deprecated. In a future version, integer keys will always be treated as labels (consistent with DataFrame behavior). To access a value by position, use `ser.iloc[pos]`
  if len(a) > 0 and np.isnan(a[0]):
/opt/anaconda3/lib/python3.13/site-packages/flare_cores/cores.py:2508: FutureWarning: Series.__getitem__ treating keys as positions is deprecated. In a future version, integer keys will always be treated as labels (consistent with DataFrame behavior). To access a value by position, use `ser.iloc[pos]`
  if len(a) > 0 and np.isnan(a[0]):
/opt/anaconda3/lib/python3.13/site-packages/flare_cores/cores.py:2508: FutureWarning: Series.__getitem__ treating keys as positions is deprecated. In a future version, integer keys will always be treated as labels (consistent with DataFrame behavior). To access a value by position, use `ser.iloc[pos]`
  if len(a) > 0 and np.isnan(a[0]):
/opt/anaconda3/lib/python3.13/site-packages/flare_cores/cores.py:2508: FutureWarning: Series.__getitem__ treating keys as positions is deprecated. In a future version, integer keys will always be treated as labels (consistent with DataFrame behavior). To access a value by position, use `ser.iloc[pos]`
  if len(a) > 0 and np.isnan(a[0]):
/opt/anaconda3/lib/python3.13/site-packages/flare_cores/cores.py:2508: FutureWarning: Series.__getitem__ treating keys as positions is deprecated. In a future version, integer keys will always be treated as labels (consistent with DataFrame behavior). To access a value by position, use `ser.iloc[pos]`
  if len(a) > 0 and np.isnan(a[0]):
2026-05-04 09:30:41,194 INFO pycloud_parallel.service_timing {"event": "task_pool_timing", "pool_id": "d4fbec87e7d640f0ade40bc590272152", "pool_name": "task-pool-28a6c0d994", "method": "get_fund_asset_ratio", "ok": true, "setup_ms": 0.0, "build_execute_spec_ms": 0.03, "executor_ms": 10546.797, "finalize_ms": 0.0, "total_ms": 10546.827, "error_type": "", "error_message": "", "subprocess": {"decode_ms": 0.711, "worker_decode_ms": 0.711, "invoke_ms": 10444.279, "invoke_wrapper_ms": 0.209, "user_fn_ms": 10444.033, "encode_ms": 1.335, "worker_encode_result_ms": 1.335, "managed_globals_cache_hit": true, "managed_globals_ms": 0.009}, "queue_wait_ms": 100.472}
2026-05-04 09:30:42,812 INFO pycloud_parallel.service_timing {"event": "task_pool_timing", "pool_id": "d4fbec87e7d640f0ade40bc590272152", "pool_name": "task-pool-28a6c0d994", "method": "get_fund_asset_ratio", "ok": true, "setup_ms": 0.0, "build_execute_spec_ms": 0.028, "executor_ms": 12166.985, "finalize_ms": 0.0, "total_ms": 12167.013, "error_type": "", "error_message": "", "subprocess": {"decode_ms": 0.938, "worker_decode_ms": 0.938, "invoke_ms": 12132.939, "invoke_wrapper_ms": 0.3, "user_fn_ms": 12132.595, "encode_ms": 1.622, "worker_encode_result_ms": 1.622, "managed_globals_cache_hit": true, "managed_globals_ms": 0.012}, "queue_wait_ms": 31.486}
/opt/anaconda3/lib/python3.13/site-packages/flare_cores/cores.py:2508: FutureWarning: Series.__getitem__ treating keys as positions is deprecated. In a future version, integer keys will always be treated as labels (consistent with DataFrame behavior). To access a value by position, use `ser.iloc[pos]`
  if len(a) > 0 and np.isnan(a[0]):
2026-05-04 09:30:43,888 INFO pycloud_parallel.service_timing {"event": "task_pool_timing", "pool_id": "d4fbec87e7d640f0ade40bc590272152", "pool_name": "task-pool-28a6c0d994", "method": "get_fund_asset_ratio", "ok": true, "setup_ms": 0.0, "build_execute_spec_ms": 0.028, "executor_ms": 13245.812, "finalize_ms": 0.0, "total_ms": 13245.84, "error_type": "", "error_message": "", "subprocess": {"decode_ms": 1.019, "worker_decode_ms": 1.019, "invoke_ms": 13225.389, "invoke_wrapper_ms": 0.271, "user_fn_ms": 13225.074, "encode_ms": 2.062, "worker_encode_result_ms": 2.062, "managed_globals_cache_hit": true, "managed_globals_ms": 0.012}, "queue_wait_ms": 17.342}
/opt/anaconda3/lib/python3.13/site-packages/flare_cores/cores.py:2508: FutureWarning: Series.__getitem__ treating keys as positions is deprecated. In a future version, integer keys will always be treated as labels (consistent with DataFrame behavior). To access a value by position, use `ser.iloc[pos]`
  if len(a) > 0 and np.isnan(a[0]):
2026-05-04 09:30:45,665 INFO pycloud_parallel.service_timing {"event": "task_pool_timing", "pool_id": "d4fbec87e7d640f0ade40bc590272152", "pool_name": "task-pool-28a6c0d994", "method": "get_fund_asset_ratio", "ok": true, "setup_ms": 0.0, "build_execute_spec_ms": 0.028, "executor_ms": 15026.994, "finalize_ms": 0.0, "total_ms": 15027.022, "error_type": "", "error_message": "", "subprocess": {"decode_ms": 1.217, "worker_decode_ms": 1.217, "invoke_ms": 15008.111, "invoke_wrapper_ms": 0.388, "user_fn_ms": 15007.685, "encode_ms": 1.382, "worker_encode_result_ms": 1.382, "managed_globals_cache_hit": true, "managed_globals_ms": 0.014}, "queue_wait_ms": 16.284}
/opt/anaconda3/lib/python3.13/site-packages/flare_cores/cores.py:2508: FutureWarning: Series.__getitem__ treating keys as positions is deprecated. In a future version, integer keys will always be treated as labels (consistent with DataFrame behavior). To access a value by position, use `ser.iloc[pos]`
  if len(a) > 0 and np.isnan(a[0]):
2026-05-04 09:30:46,420 INFO pycloud_parallel.service_timing {"event": "task_pool_timing", "pool_id": "d4fbec87e7d640f0ade40bc590272152", "pool_name": "task-pool-28a6c0d994", "method": "get_fund_asset_ratio", "ok": true, "setup_ms": 0.0, "build_execute_spec_ms": 0.016, "executor_ms": 15786.319, "finalize_ms": 0.0, "total_ms": 15786.335, "error_type": "", "error_message": "", "subprocess": {"decode_ms": 1.322, "worker_decode_ms": 1.322, "invoke_ms": 15737.004, "invoke_wrapper_ms": 0.326, "user_fn_ms": 15736.624, "encode_ms": 1.791, "worker_encode_result_ms": 1.791, "managed_globals_cache_hit": true, "managed_globals_ms": 0.012}, "queue_wait_ms": 46.202}
2026-05-04 09:30:47,603 INFO pycloud_parallel.service_timing {"event": "task_pool_timing", "pool_id": "d4fbec87e7d640f0ade40bc590272152", "pool_name": "task-pool-28a6c0d994", "method": "get_fund_asset_ratio", "ok": true, "setup_ms": 0.0, "build_execute_spec_ms": 0.028, "executor_ms": 16971.678, "finalize_ms": 0.0, "total_ms": 16971.706, "error_type": "", "error_message": "", "subprocess": {"decode_ms": 2.873, "worker_decode_ms": 2.873, "invoke_ms": 16897.396, "invoke_wrapper_ms": 0.279, "user_fn_ms": 16897.08, "encode_ms": 2.812, "worker_encode_result_ms": 2.812, "managed_globals_cache_hit": true, "managed_globals_ms": 0.011}, "queue_wait_ms": 68.597}
/opt/anaconda3/lib/python3.13/site-packages/flare_cores/cores.py:2508: FutureWarning: Series.__getitem__ treating keys as positions is deprecated. In a future version, integer keys will always be treated as labels (consistent with DataFrame behavior). To access a value by position, use `ser.iloc[pos]`
  if len(a) > 0 and np.isnan(a[0]):
2026-05-04 09:30:48,181 INFO pycloud_parallel.service_timing {"event": "task_pool_timing", "pool_id": "d4fbec87e7d640f0ade40bc590272152", "pool_name": "task-pool-28a6c0d994", "method": "get_fund_asset_ratio", "ok": true, "setup_ms": 0.0, "build_execute_spec_ms": 0.024, "executor_ms": 17548.007, "finalize_ms": 0.0, "total_ms": 17548.031, "error_type": "", "error_message": "", "subprocess": {"decode_ms": 1.142, "worker_decode_ms": 1.142, "invoke_ms": 17482.481, "invoke_wrapper_ms": 0.375, "user_fn_ms": 17482.061, "encode_ms": 1.516, "worker_encode_result_ms": 1.516, "managed_globals_cache_hit": true, "managed_globals_ms": 0.013}, "queue_wait_ms": 62.868}
/opt/anaconda3/lib/python3.13/site-packages/flare_cores/cores.py:2508: FutureWarning: Series.__getitem__ treating keys as positions is deprecated. In a future version, integer keys will always be treated as labels (consistent with DataFrame behavior). To access a value by position, use `ser.iloc[pos]`
  if len(a) > 0 and np.isnan(a[0]):
2026-05-04 09:30:49,568 INFO pycloud_parallel.service_timing {"event": "task_pool_timing", "pool_id": "d4fbec87e7d640f0ade40bc590272152", "pool_name": "task-pool-28a6c0d994", "method": "get_fund_asset_ratio", "ok": true, "setup_ms": 0.0, "build_execute_spec_ms": 0.027, "executor_ms": 18951.521, "finalize_ms": 0.0, "total_ms": 18951.548, "error_type": "", "error_message": "", "subprocess": {"decode_ms": 1.098, "worker_decode_ms": 1.098, "invoke_ms": 18885.177, "invoke_wrapper_ms": 0.281, "user_fn_ms": 18884.861, "encode_ms": 1.406, "worker_encode_result_ms": 1.406, "managed_globals_cache_hit": true, "managed_globals_ms": 0.012}, "queue_wait_ms": 63.84}
/opt/anaconda3/lib/python3.13/site-packages/flare_cores/cores.py:2508: FutureWarning: Series.__getitem__ treating keys as positions is deprecated. In a future version, integer keys will always be treated as labels (consistent with DataFrame behavior). To access a value by position, use `ser.iloc[pos]`
  if len(a) > 0 and np.isnan(a[0]):
2026-05-04 09:30:49,948 INFO pycloud_parallel.service_timing {"event": "task_pool_timing", "pool_id": "d4fbec87e7d640f0ade40bc590272152", "pool_name": "task-pool-28a6c0d994", "method": "get_fund_asset_ratio", "ok": true, "setup_ms": 0.0, "build_execute_spec_ms": 0.021, "executor_ms": 19326.641, "finalize_ms": 0.0, "total_ms": 19326.662, "error_type": "", "error_message": "", "subprocess": {"decode_ms": 1.069, "worker_decode_ms": 1.069, "invoke_ms": 19294.889, "invoke_wrapper_ms": 0.312, "user_fn_ms": 19294.536, "encode_ms": 2.079, "worker_encode_result_ms": 2.079, "managed_globals_cache_hit": true, "managed_globals_ms": 0.013}, "queue_wait_ms": 28.604}
/opt/anaconda3/lib/python3.13/site-packages/flare_cores/cores.py:2508: FutureWarning: Series.__getitem__ treating keys as positions is deprecated. In a future version, integer keys will always be treated as labels (consistent with DataFrame behavior). To access a value by position, use `ser.iloc[pos]`
  if len(a) > 0 and np.isnan(a[0]):
/opt/anaconda3/lib/python3.13/site-packages/flare_cores/cores.py:2508: FutureWarning: Series.__getitem__ treating keys as positions is deprecated. In a future version, integer keys will always be treated as labels (consistent with DataFrame behavior). To access a value by position, use `ser.iloc[pos]`
  if len(a) > 0 and np.isnan(a[0]):
/opt/anaconda3/lib/python3.13/site-packages/flare_cores/cores.py:2508: FutureWarning: Series.__getitem__ treating keys as positions is deprecated. In a future version, integer keys will always be treated as labels (consistent with DataFrame behavior). To access a value by position, use `ser.iloc[pos]`
  if len(a) > 0 and np.isnan(a[0]):
2026-05-04 09:30:52,996 INFO pycloud_parallel.service_timing {"event": "task_pool_timing", "pool_id": "d4fbec87e7d640f0ade40bc590272152", "pool_name": "task-pool-28a6c0d994", "method": "get_fund_asset_ratio", "ok": true, "setup_ms": 0.0, "build_execute_spec_ms": 0.02, "executor_ms": 22347.796, "finalize_ms": 0.0, "total_ms": 22347.816, "error_type": "", "error_message": "", "subprocess": {"decode_ms": 0.946, "worker_decode_ms": 0.946, "invoke_ms": 11816.679, "invoke_wrapper_ms": 0.103, "user_fn_ms": 11816.553, "encode_ms": 2.025, "worker_encode_result_ms": 2.025, "managed_globals_cache_hit": true, "managed_globals_ms": 0.011}, "queue_wait_ms": 10528.146}
2026-05-04 09:30:53,531 INFO pycloud_parallel.service_timing {"event": "task_pool_timing", "pool_id": "d4fbec87e7d640f0ade40bc590272152", "pool_name": "task-pool-28a6c0d994", "method": "get_fund_asset_ratio", "ok": true, "setup_ms": 0.0, "build_execute_spec_ms": 0.028, "executor_ms": 22877.913, "finalize_ms": 0.0, "total_ms": 22877.941, "error_type": "", "error_message": "", "subprocess": {"decode_ms": 0.783, "worker_decode_ms": 0.783, "invoke_ms": 10702.185, "invoke_wrapper_ms": 0.086, "user_fn_ms": 10702.079, "encode_ms": 1.517, "worker_encode_result_ms": 1.517, "managed_globals_cache_hit": true, "managed_globals_ms": 0.01}, "queue_wait_ms": 12173.428}
2026-05-04 09:30:54,551 INFO pycloud_parallel.service_timing {"event": "task_pool_timing", "pool_id": "d4fbec87e7d640f0ade40bc590272152", "pool_name": "task-pool-28a6c0d994", "method": "get_fund_asset_ratio", "ok": true, "setup_ms": 0.0, "build_execute_spec_ms": 0.018, "executor_ms": 23896.831, "finalize_ms": 0.0, "total_ms": 23896.849, "error_type": "", "error_message": "", "subprocess": {"decode_ms": 0.755, "worker_decode_ms": 0.755, "invoke_ms": 10640.58, "invoke_wrapper_ms": 0.086, "user_fn_ms": 10640.479, "encode_ms": 1.107, "worker_encode_result_ms": 1.107, "managed_globals_cache_hit": true, "managed_globals_ms": 0.008}, "queue_wait_ms": 13254.389}
/opt/anaconda3/lib/python3.13/site-packages/flare_cores/cores.py:2508: FutureWarning: Series.__getitem__ treating keys as positions is deprecated. In a future version, integer keys will always be treated as labels (consistent with DataFrame behavior). To access a value by position, use `ser.iloc[pos]`
  if len(a) > 0 and np.isnan(a[0]):
/opt/anaconda3/lib/python3.13/site-packages/flare_cores/cores.py:2508: FutureWarning: Series.__getitem__ treating keys as positions is deprecated. In a future version, integer keys will always be treated as labels (consistent with DataFrame behavior). To access a value by position, use `ser.iloc[pos]`
  if len(a) > 0 and np.isnan(a[0]):
2026-05-04 09:30:55,842 INFO pycloud_parallel.service_timing {"event": "task_pool_timing", "pool_id": "d4fbec87e7d640f0ade40bc590272152", "pool_name": "task-pool-28a6c0d994", "method": "get_fund_asset_ratio", "ok": true, "setup_ms": 0.0, "build_execute_spec_ms": 0.025, "executor_ms": 25183.366, "finalize_ms": 0.0, "total_ms": 25183.391, "error_type": "", "error_message": "", "subprocess": {"decode_ms": 0.835, "worker_decode_ms": 0.835, "invoke_ms": 9394.804, "invoke_wrapper_ms": 0.093, "user_fn_ms": 9394.69, "encode_ms": 1.462, "worker_encode_result_ms": 1.462, "managed_globals_cache_hit": true, "managed_globals_ms": 0.01}, "queue_wait_ms": 15786.265}
2026-05-04 09:30:56,003 INFO pycloud_parallel.service_timing {"event": "task_pool_timing", "pool_id": "d4fbec87e7d640f0ade40bc590272152", "pool_name": "task-pool-28a6c0d994", "method": "get_fund_asset_ratio", "ok": true, "setup_ms": 0.0, "build_execute_spec_ms": 0.142, "executor_ms": 25347.149, "finalize_ms": 0.0, "total_ms": 25347.291, "error_type": "", "error_message": "", "subprocess": {"decode_ms": 0.748, "worker_decode_ms": 0.748, "invoke_ms": 10328.356, "invoke_wrapper_ms": 0.092, "user_fn_ms": 10328.146, "encode_ms": 2.32, "worker_encode_result_ms": 2.32, "managed_globals_cache_hit": true, "managed_globals_ms": 0.009}, "queue_wait_ms": 15015.725}
/opt/anaconda3/lib/python3.13/site-packages/flare_cores/cores.py:2508: FutureWarning: Series.__getitem__ treating keys as positions is deprecated. In a future version, integer keys will always be treated as labels (consistent with DataFrame behavior). To access a value by position, use `ser.iloc[pos]`
  if len(a) > 0 and np.isnan(a[0]):
2026-05-04 09:30:57,236 INFO pycloud_parallel.service_timing {"event": "task_pool_timing", "pool_id": "d4fbec87e7d640f0ade40bc590272152", "pool_name": "task-pool-28a6c0d994", "method": "get_fund_asset_ratio", "ok": true, "setup_ms": 0.0, "build_execute_spec_ms": 0.052, "executor_ms": 15928.865, "finalize_ms": 0.0, "total_ms": 15928.917, "error_type": "", "error_message": "", "subprocess": {"decode_ms": 0.92, "worker_decode_ms": 0.92, "invoke_ms": 9613.32, "invoke_wrapper_ms": 0.091, "user_fn_ms": 9613.212, "encode_ms": 1.149, "worker_encode_result_ms": 1.149, "managed_globals_cache_hit": true, "managed_globals_ms": 0.011}, "queue_wait_ms": 6313.476}
/opt/anaconda3/lib/python3.13/site-packages/flare_cores/cores.py:2508: FutureWarning: Series.__getitem__ treating keys as positions is deprecated. In a future version, integer keys will always be treated as labels (consistent with DataFrame behavior). To access a value by position, use `ser.iloc[pos]`
  if len(a) > 0 and np.isnan(a[0]):
/opt/anaconda3/lib/python3.13/site-packages/flare_cores/cores.py:2508: FutureWarning: Series.__getitem__ treating keys as positions is deprecated. In a future version, integer keys will always be treated as labels (consistent with DataFrame behavior). To access a value by position, use `ser.iloc[pos]`
  if len(a) > 0 and np.isnan(a[0]):
2026-05-04 09:30:57,605 INFO pycloud_parallel.service_timing {"event": "task_pool_timing", "pool_id": "d4fbec87e7d640f0ade40bc590272152", "pool_name": "task-pool-28a6c0d994", "method": "get_fund_asset_ratio", "ok": true, "setup_ms": 0.0, "build_execute_spec_ms": 0.067, "executor_ms": 13617.906, "finalize_ms": 0.0, "total_ms": 13617.973, "error_type": "", "error_message": "", "subprocess": {"decode_ms": 0.866, "worker_decode_ms": 0.866, "invoke_ms": 8024.078, "invoke_wrapper_ms": 0.097, "user_fn_ms": 8023.956, "encode_ms": 2.62, "worker_encode_result_ms": 2.62, "managed_globals_cache_hit": true, "managed_globals_ms": 0.01}, "queue_wait_ms": 5590.342}
2026-05-04 09:30:57,605 INFO pycloud_parallel.service_timing {"event": "task_pool_timing", "pool_id": "d4fbec87e7d640f0ade40bc590272152", "pool_name": "task-pool-28a6c0d994", "method": "get_fund_asset_ratio", "ok": true, "setup_ms": 0.0, "build_execute_spec_ms": 0.073, "executor_ms": 11891.672, "finalize_ms": 0.0, "total_ms": 11891.745, "error_type": "", "error_message": "", "subprocess": {"decode_ms": 1.025, "worker_decode_ms": 1.025, "invoke_ms": 7619.066, "invoke_wrapper_ms": 0.101, "user_fn_ms": 7618.937, "encode_ms": 1.823, "worker_encode_result_ms": 1.823, "managed_globals_cache_hit": true, "managed_globals_ms": 0.014}, "queue_wait_ms": 4269.758}
2026-05-04 09:30:57,606 INFO pycloud_parallel.service_timing {"event": "task_pool_timing", "pool_id": "d4fbec87e7d640f0ade40bc590272152", "pool_name": "task-pool-28a6c0d994", "method": "get_fund_asset_ratio", "ok": true, "setup_ms": 0.0, "build_execute_spec_ms": 0.066, "executor_ms": 26998.385, "finalize_ms": 0.0, "total_ms": 26998.451, "error_type": "", "error_message": "", "subprocess": {"decode_ms": 3.481, "worker_decode_ms": 3.481, "invoke_ms": 26956.837, "invoke_wrapper_ms": 0.266, "user_fn_ms": 26956.525, "encode_ms": 2.094, "worker_encode_result_ms": 2.094, "managed_globals_cache_hit": true, "managed_globals_ms": 0.013}, "queue_wait_ms": 35.973}
2026-05-04 09:30:57,714 INFO pycloud_parallel.service_timing {"event": "task_pool_timing", "pool_id": "d4fbec87e7d640f0ade40bc590272152", "pool_name": "task-pool-28a6c0d994", "method": "get_fund_asset_ratio", "ok": true, "setup_ms": 0.0, "build_execute_spec_ms": 0.054, "executor_ms": 14791.302, "finalize_ms": 0.0, "total_ms": 14791.356, "error_type": "", "error_message": "", "subprocess": {"decode_ms": 0.699, "worker_decode_ms": 0.699, "invoke_ms": 9540.484, "invoke_wrapper_ms": 0.079, "user_fn_ms": 9540.389, "encode_ms": 1.614, "worker_encode_result_ms": 1.614, "managed_globals_cache_hit": true, "managed_globals_ms": 0.009}, "queue_wait_ms": 5248.505}
/opt/anaconda3/lib/python3.13/site-packages/flare_cores/cores.py:2508: FutureWarning: Series.__getitem__ treating keys as positions is deprecated. In a future version, integer keys will always be treated as labels (consistent with DataFrame behavior). To access a value by position, use `ser.iloc[pos]`
  if len(a) > 0 and np.isnan(a[0]):
/opt/anaconda3/lib/python3.13/site-packages/flare_cores/cores.py:2508: FutureWarning: Series.__getitem__ treating keys as positions is deprecated. In a future version, integer keys will always be treated as labels (consistent with DataFrame behavior). To access a value by position, use `ser.iloc[pos]`
  if len(a) > 0 and np.isnan(a[0]):
/opt/anaconda3/lib/python3.13/site-packages/flare_cores/cores.py:2508: FutureWarning: Series.__getitem__ treating keys as positions is deprecated. In a future version, integer keys will always be treated as labels (consistent with DataFrame behavior). To access a value by position, use `ser.iloc[pos]`
  if len(a) > 0 and np.isnan(a[0]):
/opt/anaconda3/lib/python3.13/site-packages/flare_cores/cores.py:2508: FutureWarning: Series.__getitem__ treating keys as positions is deprecated. In a future version, integer keys will always be treated as labels (consistent with DataFrame behavior). To access a value by position, use `ser.iloc[pos]`
  if len(a) > 0 and np.isnan(a[0]):
/opt/anaconda3/lib/python3.13/site-packages/flare_cores/cores.py:2508: FutureWarning: Series.__getitem__ treating keys as positions is deprecated. In a future version, integer keys will always be treated as labels (consistent with DataFrame behavior). To access a value by position, use `ser.iloc[pos]`
  if len(a) > 0 and np.isnan(a[0]):
2026-05-04 09:30:59,811 INFO pycloud_parallel.service_timing {"event": "task_pool_timing", "pool_id": "d4fbec87e7d640f0ade40bc590272152", "pool_name": "task-pool-28a6c0d994", "method": "get_fund_asset_ratio", "ok": true, "setup_ms": 0.0, "build_execute_spec_ms": 0.057, "executor_ms": 3783.739, "finalize_ms": 0.0, "total_ms": 3783.796, "error_type": "", "error_message": "", "subprocess": {"decode_ms": 0.897, "worker_decode_ms": 0.897, "invoke_ms": 2078.239, "invoke_wrapper_ms": 0.075, "user_fn_ms": 2078.151, "encode_ms": 1.17, "worker_encode_result_ms": 1.17, "managed_globals_cache_hit": true, "managed_globals_ms": 0.009}, "queue_wait_ms": 1703.433}
2026-05-04 09:31:00,185 INFO pycloud_parallel.service_timing {"event": "task_pool_timing", "pool_id": "d4fbec87e7d640f0ade40bc590272152", "pool_name": "task-pool-28a6c0d994", "method": "get_fund_asset_ratio", "ok": true, "setup_ms": 0.0, "build_execute_spec_ms": 0.053, "executor_ms": 13711.624, "finalize_ms": 0.0, "total_ms": 13711.677, "error_type": "", "error_message": "", "subprocess": {"decode_ms": 0.915, "worker_decode_ms": 0.915, "invoke_ms": 7128.465, "invoke_wrapper_ms": 0.078, "user_fn_ms": 7128.356, "encode_ms": 46.069, "worker_encode_result_ms": 46.069, "managed_globals_cache_hit": true, "managed_globals_ms": 0.009}, "queue_wait_ms": 6536.175}
/opt/anaconda3/lib/python3.13/site-packages/flare_cores/cores.py:2508: FutureWarning: Series.__getitem__ treating keys as positions is deprecated. In a future version, integer keys will always be treated as labels (consistent with DataFrame behavior). To access a value by position, use `ser.iloc[pos]`
  if len(a) > 0 and np.isnan(a[0]):
2026-05-04 09:31:00,611 INFO pycloud_parallel.service_timing {"event": "task_pool_timing", "pool_id": "d4fbec87e7d640f0ade40bc590272152", "pool_name": "task-pool-28a6c0d994", "method": "get_fund_asset_ratio", "ok": true, "setup_ms": 0.0, "build_execute_spec_ms": 0.061, "executor_ms": 12945.954, "finalize_ms": 0.0, "total_ms": 12946.015, "error_type": "", "error_message": "", "subprocess": {"decode_ms": 0.68, "worker_decode_ms": 0.68, "invoke_ms": 7055.208, "invoke_wrapper_ms": 0.067, "user_fn_ms": 7055.124, "encode_ms": 1.436, "worker_encode_result_ms": 1.436, "managed_globals_cache_hit": true, "managed_globals_ms": 0.007}, "queue_wait_ms": 5888.63}
/opt/anaconda3/lib/python3.13/site-packages/flare_cores/cores.py:2508: FutureWarning: Series.__getitem__ treating keys as positions is deprecated. In a future version, integer keys will always be treated as labels (consistent with DataFrame behavior). To access a value by position, use `ser.iloc[pos]`
  if len(a) > 0 and np.isnan(a[0]):
2026-05-04 09:31:00,665 INFO pycloud_parallel.service_timing {"event": "task_pool_timing", "pool_id": "d4fbec87e7d640f0ade40bc590272152", "pool_name": "task-pool-28a6c0d994", "method": "get_fund_asset_ratio", "ok": true, "setup_ms": 0.0, "build_execute_spec_ms": 0.055, "executor_ms": 4750.997, "finalize_ms": 0.0, "total_ms": 4751.052, "error_type": "", "error_message": "", "subprocess": {"decode_ms": 0.966, "worker_decode_ms": 0.966, "invoke_ms": 2998.966, "invoke_wrapper_ms": 0.116, "user_fn_ms": 2998.832, "encode_ms": 40.237, "worker_encode_result_ms": 40.237, "managed_globals_cache_hit": true, "managed_globals_ms": 0.013}, "queue_wait_ms": 1710.828}
/opt/anaconda3/lib/python3.13/site-packages/flare_cores/cores.py:2508: FutureWarning: Series.__getitem__ treating keys as positions is deprecated. In a future version, integer keys will always be treated as labels (consistent with DataFrame behavior). To access a value by position, use `ser.iloc[pos]`
  if len(a) > 0 and np.isnan(a[0]):
/opt/anaconda3/lib/python3.13/site-packages/flare_cores/cores.py:2508: FutureWarning: Series.__getitem__ treating keys as positions is deprecated. In a future version, integer keys will always be treated as labels (consistent with DataFrame behavior). To access a value by position, use `ser.iloc[pos]`
  if len(a) > 0 and np.isnan(a[0]):
2026-05-04 09:31:00,986 INFO pycloud_parallel.service_timing {"event": "task_pool_timing", "pool_id": "d4fbec87e7d640f0ade40bc590272152", "pool_name": "task-pool-28a6c0d994", "method": "get_fund_asset_ratio", "ok": true, "setup_ms": 0.0, "build_execute_spec_ms": 0.066, "executor_ms": 3660.203, "finalize_ms": 0.0, "total_ms": 3660.269, "error_type": "", "error_message": "", "subprocess": {"decode_ms": 0.703, "worker_decode_ms": 0.703, "invoke_ms": 1152.888, "invoke_wrapper_ms": 0.063, "user_fn_ms": 1152.807, "encode_ms": 1.668, "worker_encode_result_ms": 1.668, "managed_globals_cache_hit": true, "managed_globals_ms": 0.009}, "queue_wait_ms": 2504.944}
/opt/anaconda3/lib/python3.13/site-packages/flare_cores/cores.py:2508: FutureWarning: Series.__getitem__ treating keys as positions is deprecated. In a future version, integer keys will always be treated as labels (consistent with DataFrame behavior). To access a value by position, use `ser.iloc[pos]`
  if len(a) > 0 and np.isnan(a[0]):
2026-05-04 09:31:01,201 INFO pycloud_parallel.service_timing {"event": "task_pool_timing", "pool_id": "d4fbec87e7d640f0ade40bc590272152", "pool_name": "task-pool-28a6c0d994", "method": "get_fund_asset_ratio", "ok": true, "setup_ms": 0.0, "build_execute_spec_ms": 0.055, "executor_ms": 3545.318, "finalize_ms": 0.0, "total_ms": 3545.373, "error_type": "", "error_message": "", "subprocess": {"decode_ms": 1.574, "worker_decode_ms": 1.574, "invoke_ms": 1023.991, "invoke_wrapper_ms": 0.127, "user_fn_ms": 1023.85, "encode_ms": 0.923, "worker_encode_result_ms": 0.923, "managed_globals_cache_hit": true, "managed_globals_ms": 0.015}, "queue_wait_ms": 2518.83}
2026-05-04 09:31:01,201 INFO pycloud_parallel.service_timing {"event": "task_pool_timing", "pool_id": "d4fbec87e7d640f0ade40bc590272152", "pool_name": "task-pool-28a6c0d994", "method": "get_fund_asset_ratio", "ok": true, "setup_ms": 0.0, "build_execute_spec_ms": 0.02, "executor_ms": 3545.196, "finalize_ms": 0.0, "total_ms": 3545.216, "error_type": "", "error_message": "", "subprocess": {"decode_ms": 0.763, "worker_decode_ms": 0.763, "invoke_ms": 631.51, "invoke_wrapper_ms": 0.067, "user_fn_ms": 631.432, "encode_ms": 1.205, "worker_encode_result_ms": 1.205, "managed_globals_cache_hit": true, "managed_globals_ms": 0.009}, "queue_wait_ms": 2911.718}
/opt/anaconda3/lib/python3.13/site-packages/flare_cores/cores.py:2508: FutureWarning: Series.__getitem__ treating keys as positions is deprecated. In a future version, integer keys will always be treated as labels (consistent with DataFrame behavior). To access a value by position, use `ser.iloc[pos]`
  if len(a) > 0 and np.isnan(a[0]):
/opt/anaconda3/lib/python3.13/site-packages/flare_cores/cores.py:2508: FutureWarning: Series.__getitem__ treating keys as positions is deprecated. In a future version, integer keys will always be treated as labels (consistent with DataFrame behavior). To access a value by position, use `ser.iloc[pos]`
  if len(a) > 0 and np.isnan(a[0]):
2026-05-04 09:31:01,361 INFO pycloud_parallel.service_timing {"event": "task_pool_timing", "pool_id": "d4fbec87e7d640f0ade40bc590272152", "pool_name": "task-pool-28a6c0d994", "method": "get_fund_asset_ratio", "ok": true, "setup_ms": 0.0, "build_execute_spec_ms": 0.053, "executor_ms": 1459.954, "finalize_ms": 0.0, "total_ms": 1460.007, "error_type": "", "error_message": "", "subprocess": {"decode_ms": 0.499, "worker_decode_ms": 0.499, "invoke_ms": 119.419, "invoke_wrapper_ms": 0.059, "user_fn_ms": 119.347, "encode_ms": 0.698, "worker_encode_result_ms": 0.698, "managed_globals_cache_hit": true, "managed_globals_ms": 0.005}, "queue_wait_ms": 1339.338}
2026-05-04 09:31:01,361 INFO pycloud_parallel.service_timing {"event": "task_pool_timing", "pool_id": "d4fbec87e7d640f0ade40bc590272152", "pool_name": "task-pool-28a6c0d994", "method": "get_fund_asset_ratio", "ok": true, "setup_ms": 0.0, "build_execute_spec_ms": 0.059, "executor_ms": 3592.839, "finalize_ms": 0.0, "total_ms": 3592.898, "error_type": "", "error_message": "", "subprocess": {"decode_ms": 0.718, "worker_decode_ms": 0.718, "invoke_ms": 360.225, "invoke_wrapper_ms": 0.072, "user_fn_ms": 360.141, "encode_ms": 0.925, "worker_encode_result_ms": 0.925, "managed_globals_cache_hit": true, "managed_globals_ms": 0.007}, "queue_wait_ms": 3230.971}
2026-05-04 09:31:01,361 INFO pycloud_parallel.service_timing {"event": "task_pool_timing", "pool_id": "d4fbec87e7d640f0ade40bc590272152", "pool_name": "task-pool-28a6c0d994", "method": "get_fund_asset_ratio", "ok": true, "setup_ms": 0.0, "build_execute_spec_ms": 0.017, "executor_ms": 3704.936, "finalize_ms": 0.0, "total_ms": 3704.953, "error_type": "", "error_message": "", "subprocess": {"decode_ms": 0.672, "worker_decode_ms": 0.672, "invoke_ms": 696.291, "invoke_wrapper_ms": 0.064, "user_fn_ms": 696.216, "encode_ms": 0.925, "worker_encode_result_ms": 0.925, "managed_globals_cache_hit": true, "managed_globals_ms": 0.007}, "queue_wait_ms": 3007.048}
2026-05-04 09:31:01,362 INFO pycloud_parallel.service_timing {"event": "task_pool_timing", "pool_id": "d4fbec87e7d640f0ade40bc590272152", "pool_name": "task-pool-28a6c0d994", "method": "get_fund_asset_ratio", "ok": true, "setup_ms": 0.0, "build_execute_spec_ms": 0.097, "executor_ms": 1127.665, "finalize_ms": 0.0, "total_ms": 1127.762, "error_type": "", "error_message": "", "subprocess": {"decode_ms": 0.844, "worker_decode_ms": 0.844, "invoke_ms": 145.185, "invoke_wrapper_ms": 0.062, "user_fn_ms": 145.107, "encode_ms": 1.073, "worker_encode_result_ms": 1.073, "managed_globals_cache_hit": true, "managed_globals_ms": 0.006}, "queue_wait_ms": 980.563}
/opt/anaconda3/lib/python3.13/site-packages/flare_cores/cores.py:2508: FutureWarning: Series.__getitem__ treating keys as positions is deprecated. In a future version, integer keys will always be treated as labels (consistent with DataFrame behavior). To access a value by position, use `ser.iloc[pos]`
  if len(a) > 0 and np.isnan(a[0]):
2026-05-04 09:31:01,415 INFO pycloud_parallel.service_timing {"event": "task_pool_timing", "pool_id": "d4fbec87e7d640f0ade40bc590272152", "pool_name": "task-pool-28a6c0d994", "method": "get_fund_asset_ratio", "ok": true, "setup_ms": 0.0, "build_execute_spec_ms": 0.061, "executor_ms": 419.772, "finalize_ms": 0.0, "total_ms": 419.833, "error_type": "", "error_message": "", "subprocess": {"decode_ms": 0.438, "worker_decode_ms": 0.438, "invoke_ms": 72.816, "invoke_wrapper_ms": 0.055, "user_fn_ms": 72.75, "encode_ms": 0.709, "worker_encode_result_ms": 0.709, "managed_globals_cache_hit": true, "managed_globals_ms": 0.005}, "queue_wait_ms": 345.809}
/opt/anaconda3/lib/python3.13/site-packages/flare_cores/cores.py:2508: FutureWarning: Series.__getitem__ treating keys as positions is deprecated. In a future version, integer keys will always be treated as labels (consistent with DataFrame behavior). To access a value by position, use `ser.iloc[pos]`
  if len(a) > 0 and np.isnan(a[0]):
/opt/anaconda3/lib/python3.13/site-packages/flare_cores/cores.py:2508: FutureWarning: Series.__getitem__ treating keys as positions is deprecated. In a future version, integer keys will always be treated as labels (consistent with DataFrame behavior). To access a value by position, use `ser.iloc[pos]`
  if len(a) > 0 and np.isnan(a[0]):
/opt/anaconda3/lib/python3.13/site-packages/flare_cores/cores.py:2508: FutureWarning: Series.__getitem__ treating keys as positions is deprecated. In a future version, integer keys will always be treated as labels (consistent with DataFrame behavior). To access a value by position, use `ser.iloc[pos]`
  if len(a) > 0 and np.isnan(a[0]):
2026-05-04 09:31:01,470 INFO pycloud_parallel.service_timing {"event": "task_pool_timing", "pool_id": "d4fbec87e7d640f0ade40bc590272152", "pool_name": "task-pool-28a6c0d994", "method": "get_fund_asset_ratio", "ok": true, "setup_ms": 0.0, "build_execute_spec_ms": 0.023, "executor_ms": 249.855, "finalize_ms": 0.0, "total_ms": 249.878, "error_type": "", "error_message": "", "subprocess": {"decode_ms": 0.465, "worker_decode_ms": 0.465, "invoke_ms": 17.151, "invoke_wrapper_ms": 0.058, "user_fn_ms": 17.079, "encode_ms": 0.203, "worker_encode_result_ms": 0.203, "managed_globals_cache_hit": true, "managed_globals_ms": 0.005}, "queue_wait_ms": 232.036}
2026-05-04 09:31:01,470 INFO pycloud_parallel.service_timing {"event": "task_pool_timing", "pool_id": "d4fbec87e7d640f0ade40bc590272152", "pool_name": "task-pool-28a6c0d994", "method": "get_fund_asset_ratio", "ok": true, "setup_ms": 0.0, "build_execute_spec_ms": 0.056, "executor_ms": 799.55, "finalize_ms": 0.0, "total_ms": 799.606, "error_type": "", "error_message": "", "subprocess": {"decode_ms": 0.494, "worker_decode_ms": 0.494, "invoke_ms": 118.496, "invoke_wrapper_ms": 0.059, "user_fn_ms": 118.417, "encode_ms": 1.636, "worker_encode_result_ms": 1.636, "managed_globals_cache_hit": true, "managed_globals_ms": 0.005}, "queue_wait_ms": 678.924}
2026-05-04 09:31:01,471 INFO pycloud_parallel.service_timing {"event": "task_pool_timing", "pool_id": "d4fbec87e7d640f0ade40bc590272152", "pool_name": "task-pool-28a6c0d994", "method": "get_fund_asset_ratio", "ok": true, "setup_ms": 0.0, "build_execute_spec_ms": 0.053, "executor_ms": 805.04, "finalize_ms": 0.0, "total_ms": 805.093, "error_type": "", "error_message": "", "subprocess": {"decode_ms": 0.473, "worker_decode_ms": 0.473, "invoke_ms": 128.403, "invoke_wrapper_ms": 0.057, "user_fn_ms": 128.332, "encode_ms": 0.769, "worker_encode_result_ms": 0.769, "managed_globals_cache_hit": true, "managed_globals_ms": 0.005}, "queue_wait_ms": 675.395}
2026-05-04 09:31:01,471 INFO pycloud_parallel.service_timing {"event": "task_pool_timing", "pool_id": "d4fbec87e7d640f0ade40bc590272152", "pool_name": "task-pool-28a6c0d994", "method": "get_fund_asset_ratio", "ok": true, "setup_ms": 0.0, "build_execute_spec_ms": 0.025, "executor_ms": 22.035, "finalize_ms": 0.0, "total_ms": 22.06, "error_type": "", "error_message": "", "subprocess": {"decode_ms": 0.862, "worker_decode_ms": 0.862, "invoke_ms": 4.186, "invoke_wrapper_ms": 0.113, "user_fn_ms": 4.055, "encode_ms": 0.135, "worker_encode_result_ms": 0.135, "managed_globals_cache_hit": true, "managed_globals_ms": 0.009}, "queue_wait_ms": 16.852}
2026-05-04 09:31:01,471 INFO pycloud_parallel.service_timing {"event": "task_pool_timing", "pool_id": "d4fbec87e7d640f0ade40bc590272152", "pool_name": "task-pool-28a6c0d994", "method": "get_fund_asset_ratio", "ok": true, "setup_ms": 0.0, "build_execute_spec_ms": 0.057, "executor_ms": 22.727, "finalize_ms": 0.0, "total_ms": 22.784, "error_type": "", "error_message": "", "subprocess": {"decode_ms": 1.041, "worker_decode_ms": 1.041, "invoke_ms": 4.592, "invoke_wrapper_ms": 0.074, "user_fn_ms": 4.507, "encode_ms": 0.298, "worker_encode_result_ms": 0.298, "managed_globals_cache_hit": true, "managed_globals_ms": 0.011}, "queue_wait_ms": 16.796}
2026-05-04 09:31:01,525 INFO pycloud_parallel.service_timing {"event": "task_pool_timing", "pool_id": "d4fbec87e7d640f0ade40bc590272152", "pool_name": "task-pool-28a6c0d994", "method": "get_fund_asset_ratio", "ok": true, "setup_ms": 0.0, "build_execute_spec_ms": 0.056, "executor_ms": 6904.025, "finalize_ms": 0.0, "total_ms": 6904.081, "error_type": "", "error_message": "", "subprocess": {"decode_ms": 2.083, "worker_decode_ms": 2.083, "invoke_ms": 3860.081, "invoke_wrapper_ms": 0.102, "user_fn_ms": 3859.963, "encode_ms": 29.679, "worker_encode_result_ms": 29.679, "managed_globals_cache_hit": true, "managed_globals_ms": 0.011}, "queue_wait_ms": 3012.182}
2026-05-04 09:31:01,525 INFO pycloud_parallel.service_timing {"event": "task_pool_timing", "pool_id": "d4fbec87e7d640f0ade40bc590272152", "pool_name": "task-pool-28a6c0d994", "method": "get_fund_asset_ratio", "ok": true, "setup_ms": 0.0, "build_execute_spec_ms": 0.055, "executor_ms": 305.613, "finalize_ms": 0.0, "total_ms": 305.668, "error_type": "", "error_message": "", "subprocess": {"decode_ms": 0.562, "worker_decode_ms": 0.562, "invoke_ms": 114.519, "invoke_wrapper_ms": 0.067, "user_fn_ms": 114.438, "encode_ms": 1.407, "worker_encode_result_ms": 1.407, "managed_globals_cache_hit": true, "managed_globals_ms": 0.006}, "queue_wait_ms": 189.125}
2026-05-04 09:31:01,526 INFO pycloud_parallel.service_timing {"event": "task_pool_timing", "pool_id": "d4fbec87e7d640f0ade40bc590272152", "pool_name": "task-pool-28a6c0d994", "method": "get_fund_asset_ratio", "ok": true, "setup_ms": 0.0, "build_execute_spec_ms": 0.058, "executor_ms": 11490.211, "finalize_ms": 0.0, "total_ms": 11490.269, "error_type": "", "error_message": "", "subprocess": {"decode_ms": 0.844, "worker_decode_ms": 0.844, "invoke_ms": 5522.047, "invoke_wrapper_ms": 0.071, "user_fn_ms": 5521.962, "encode_ms": 1.138, "worker_encode_result_ms": 1.138, "managed_globals_cache_hit": true, "managed_globals_ms": 0.008}, "queue_wait_ms": 5966.182}
2026-05-04 09:31:01,844 INFO pycloud_parallel.service_timing {"event": "task_pool_timing", "pool_id": "d4fbec87e7d640f0ade40bc590272152", "pool_name": "task-pool-28a6c0d994", "method": "get_fund_asset_ratio", "ok": true, "setup_ms": 0.0, "build_execute_spec_ms": 0.058, "executor_ms": 13623.387, "finalize_ms": 0.0, "total_ms": 13623.445, "error_type": "", "error_message": "", "subprocess": {"decode_ms": 0.651, "worker_decode_ms": 0.651, "invoke_ms": 7256.628, "invoke_wrapper_ms": 0.063, "user_fn_ms": 7256.553, "encode_ms": 0.986, "worker_encode_result_ms": 0.986, "managed_globals_cache_hit": true, "managed_globals_ms": 0.007}, "queue_wait_ms": 6365.122}
2026-05-04 09:31:01,844 INFO pycloud_parallel.service_timing {"event": "task_pool_timing", "pool_id": "d4fbec87e7d640f0ade40bc590272152", "pool_name": "task-pool-28a6c0d994", "method": "get_fund_asset_ratio", "ok": true, "setup_ms": 0.0, "build_execute_spec_ms": 0.058, "executor_ms": 12239.112, "finalize_ms": 0.0, "total_ms": 12239.17, "error_type": "", "error_message": "", "subprocess": {"decode_ms": 0.701, "worker_decode_ms": 0.701, "invoke_ms": 5975.929, "invoke_wrapper_ms": 0.066, "user_fn_ms": 5975.842, "encode_ms": 1.72, "worker_encode_result_ms": 1.72, "managed_globals_cache_hit": true, "managed_globals_ms": 0.007}, "queue_wait_ms": 6260.762}
2026-05-04 09:31:01,899 INFO pycloud_parallel.service_timing {"event": "task_pool_timing", "pool_id": "d4fbec87e7d640f0ade40bc590272152", "pool_name": "task-pool-28a6c0d994", "method": "get_fund_asset_ratio", "ok": true, "setup_ms": 0.0, "build_execute_spec_ms": 0.059, "executor_ms": 8883.472, "finalize_ms": 0.0, "total_ms": 8883.531, "error_type": "", "error_message": "", "subprocess": {"decode_ms": 0.725, "worker_decode_ms": 0.725, "invoke_ms": 4671.6, "invoke_wrapper_ms": 0.071, "user_fn_ms": 4671.518, "encode_ms": 0.973, "worker_encode_result_ms": 0.973, "managed_globals_cache_hit": true, "managed_globals_ms": 0.007}, "queue_wait_ms": 4210.174}
2026-05-04 09:31:02,057 INFO pycloud_parallel.service_timing {"event": "task_pool_timing", "pool_id": "d4fbec87e7d640f0ade40bc590272152", "pool_name": "task-pool-28a6c0d994", "method": "get_fund_asset_ratio", "ok": true, "setup_ms": 0.0, "build_execute_spec_ms": 0.054, "executor_ms": 8505.563, "finalize_ms": 0.0, "total_ms": 8505.617, "error_type": "", "error_message": "", "subprocess": {"decode_ms": 1.327, "worker_decode_ms": 1.327, "invoke_ms": 4487.576, "invoke_wrapper_ms": 0.109, "user_fn_ms": 4487.454, "encode_ms": 0.751, "worker_encode_result_ms": 0.751, "managed_globals_cache_hit": true, "managed_globals_ms": 0.013}, "queue_wait_ms": 4015.909}
I0504 09:31:14.740827 7557430 fork_posix.cc:71] Other threads are currently calling into gRPC, skipping fork() handlers
I0504 09:31:14.746962 7557460 ev_poll_posix.cc:593] FD from fork parent still in poll list: fd(6, generation: 1)
/opt/anaconda3/lib/python3.13/site-packages/flare_cores/cores.py:2508: FutureWarning: Series.__getitem__ treating keys as positions is deprecated. In a future version, integer keys will always be treated as labels (consistent with DataFrame behavior). To access a value by position, use `ser.iloc[pos]`
  if len(a) > 0 and np.isnan(a[0]):
/opt/anaconda3/lib/python3.13/site-packages/flare_cores/cores.py:2508: FutureWarning: Series.__getitem__ treating keys as positions is deprecated. In a future version, integer keys will always be treated as labels (consistent with DataFrame behavior). To access a value by position, use `ser.iloc[pos]`
  if len(a) > 0 and np.isnan(a[0]):
/opt/anaconda3/lib/python3.13/site-packages/flare_cores/cores.py:2508: FutureWarning: Series.__getitem__ treating keys as positions is deprecated. In a future version, integer keys will always be treated as labels (consistent with DataFrame behavior). To access a value by position, use `ser.iloc[pos]`
  if len(a) > 0 and np.isnan(a[0]):
/opt/anaconda3/lib/python3.13/site-packages/flare_cores/cores.py:2508: FutureWarning: Series.__getitem__ treating keys as positions is deprecated. In a future version, integer keys will always be treated as labels (consistent with DataFrame behavior). To access a value by position, use `ser.iloc[pos]`
  if len(a) > 0 and np.isnan(a[0]):
/opt/anaconda3/lib/python3.13/site-packages/flare_cores/cores.py:2508: FutureWarning: Series.__getitem__ treating keys as positions is deprecated. In a future version, integer keys will always be treated as labels (consistent with DataFrame behavior). To access a value by position, use `ser.iloc[pos]`
  if len(a) > 0 and np.isnan(a[0]):
/opt/anaconda3/lib/python3.13/site-packages/flare_cores/cores.py:2508: FutureWarning: Series.__getitem__ treating keys as positions is deprecated. In a future version, integer keys will always be treated as labels (consistent with DataFrame behavior). To access a value by position, use `ser.iloc[pos]`
  if len(a) > 0 and np.isnan(a[0]):
/opt/anaconda3/lib/python3.13/site-packages/flare_cores/cores.py:2508: FutureWarning: Series.__getitem__ treating keys as positions is deprecated. In a future version, integer keys will always be treated as labels (consistent with DataFrame behavior). To access a value by position, use `ser.iloc[pos]`
  if len(a) > 0 and np.isnan(a[0]):
/opt/anaconda3/lib/python3.13/site-packages/flare_cores/cores.py:2508: FutureWarning: Series.__getitem__ treating keys as positions is deprecated. In a future version, integer keys will always be treated as labels (consistent with DataFrame behavior). To access a value by position, use `ser.iloc[pos]`
  if len(a) > 0 and np.isnan(a[0]):
/opt/anaconda3/lib/python3.13/site-packages/flare_cores/cores.py:2508: FutureWarning: Series.__getitem__ treating keys as positions is deprecated. In a future version, integer keys will always be treated as labels (consistent with DataFrame behavior). To access a value by position, use `ser.iloc[pos]`
  if len(a) > 0 and np.isnan(a[0]):
/opt/anaconda3/lib/python3.13/site-packages/flare_cores/cores.py:2508: FutureWarning: Series.__getitem__ treating keys as positions is deprecated. In a future version, integer keys will always be treated as labels (consistent with DataFrame behavior). To access a value by position, use `ser.iloc[pos]`
  if len(a) > 0 and np.isnan(a[0]):
2026-05-04 09:31:29,718 INFO pycloud_parallel.service_timing {"event": "task_pool_timing", "pool_id": "1882e735f3234d5187f30a15a7e62953", "pool_name": "task-pool-72c3aef8b3", "method": "get_fund_asset_ratio", "ok": true, "setup_ms": 0.0, "build_execute_spec_ms": 0.01, "executor_ms": 11440.486, "finalize_ms": 0.0, "total_ms": 11440.496, "error_type": "", "error_message": "", "subprocess": {"decode_ms": 0.716, "worker_decode_ms": 0.716, "invoke_ms": 11363.769, "invoke_wrapper_ms": 0.233, "user_fn_ms": 11363.484, "encode_ms": 1.472, "worker_encode_result_ms": 1.472, "managed_globals_cache_hit": true, "managed_globals_ms": 0.008}, "queue_wait_ms": 74.529}
2026-05-04 09:31:31,699 INFO pycloud_parallel.service_timing {"event": "task_pool_timing", "pool_id": "1882e735f3234d5187f30a15a7e62953", "pool_name": "task-pool-72c3aef8b3", "method": "get_fund_asset_ratio", "ok": true, "setup_ms": 0.0, "build_execute_spec_ms": 0.012, "executor_ms": 13421.865, "finalize_ms": 0.0, "total_ms": 13421.877, "error_type": "", "error_message": "", "subprocess": {"decode_ms": 0.838, "worker_decode_ms": 0.838, "invoke_ms": 13345.158, "invoke_wrapper_ms": 0.291, "user_fn_ms": 13344.809, "encode_ms": 2.107, "worker_encode_result_ms": 2.107, "managed_globals_cache_hit": true, "managed_globals_ms": 0.01}, "queue_wait_ms": 73.762}
/opt/anaconda3/lib/python3.13/site-packages/flare_cores/cores.py:2508: FutureWarning: Series.__getitem__ treating keys as positions is deprecated. In a future version, integer keys will always be treated as labels (consistent with DataFrame behavior). To access a value by position, use `ser.iloc[pos]`
  if len(a) > 0 and np.isnan(a[0]):
2026-05-04 09:31:32,866 INFO pycloud_parallel.service_timing {"event": "task_pool_timing", "pool_id": "1882e735f3234d5187f30a15a7e62953", "pool_name": "task-pool-72c3aef8b3", "method": "get_fund_asset_ratio", "ok": true, "setup_ms": 0.0, "build_execute_spec_ms": 0.017, "executor_ms": 14589.322, "finalize_ms": 0.0, "total_ms": 14589.339, "error_type": "", "error_message": "", "subprocess": {"decode_ms": 0.988, "worker_decode_ms": 0.988, "invoke_ms": 14496.93, "invoke_wrapper_ms": 0.29, "user_fn_ms": 14496.602, "encode_ms": 1.407, "worker_encode_result_ms": 1.407, "managed_globals_cache_hit": true, "managed_globals_ms": 0.011}, "queue_wait_ms": 89.997}
2026-05-04 09:31:34,359 INFO pycloud_parallel.service_timing {"event": "task_pool_timing", "pool_id": "1882e735f3234d5187f30a15a7e62953", "pool_name": "task-pool-72c3aef8b3", "method": "get_fund_asset_ratio", "ok": true, "setup_ms": 0.0, "build_execute_spec_ms": 0.02, "executor_ms": 16082.9, "finalize_ms": 0.0, "total_ms": 16082.92, "error_type": "", "error_message": "", "subprocess": {"decode_ms": 0.959, "worker_decode_ms": 0.959, "invoke_ms": 15982.416, "invoke_wrapper_ms": 0.304, "user_fn_ms": 15982.071, "encode_ms": 33.344, "worker_encode_result_ms": 33.344, "managed_globals_cache_hit": true, "managed_globals_ms": 0.013}, "queue_wait_ms": 66.181}
/opt/anaconda3/lib/python3.13/site-packages/flare_cores/cores.py:2508: FutureWarning: Series.__getitem__ treating keys as positions is deprecated. In a future version, integer keys will always be treated as labels (consistent with DataFrame behavior). To access a value by position, use `ser.iloc[pos]`
  if len(a) > 0 and np.isnan(a[0]):
2026-05-04 09:31:35,216 INFO pycloud_parallel.service_timing {"event": "task_pool_timing", "pool_id": "1882e735f3234d5187f30a15a7e62953", "pool_name": "task-pool-72c3aef8b3", "method": "get_fund_asset_ratio", "ok": true, "setup_ms": 0.0, "build_execute_spec_ms": 0.029, "executor_ms": 16940.851, "finalize_ms": 0.0, "total_ms": 16940.88, "error_type": "", "error_message": "", "subprocess": {"decode_ms": 1.8, "worker_decode_ms": 1.8, "invoke_ms": 16841.166, "invoke_wrapper_ms": 0.22, "user_fn_ms": 16840.902, "encode_ms": 1.949, "worker_encode_result_ms": 1.949, "managed_globals_cache_hit": true, "managed_globals_ms": 0.028}, "queue_wait_ms": 95.936}
/opt/anaconda3/lib/python3.13/site-packages/flare_cores/cores.py:2508: FutureWarning: Series.__getitem__ treating keys as positions is deprecated. In a future version, integer keys will always be treated as labels (consistent with DataFrame behavior). To access a value by position, use `ser.iloc[pos]`
  if len(a) > 0 and np.isnan(a[0]):
2026-05-04 09:31:37,626 INFO pycloud_parallel.service_timing {"event": "task_pool_timing", "pool_id": "1882e735f3234d5187f30a15a7e62953", "pool_name": "task-pool-72c3aef8b3", "method": "get_fund_asset_ratio", "ok": true, "setup_ms": 0.0, "build_execute_spec_ms": 0.027, "executor_ms": 19374.529, "finalize_ms": 0.0, "total_ms": 19374.556, "error_type": "", "error_message": "", "subprocess": {"decode_ms": 6.919, "worker_decode_ms": 6.919, "invoke_ms": 19326.569, "invoke_wrapper_ms": 0.233, "user_fn_ms": 19326.289, "encode_ms": 1.842, "worker_encode_result_ms": 1.842, "managed_globals_cache_hit": true, "managed_globals_ms": 0.011}, "queue_wait_ms": 39.199}
/opt/anaconda3/lib/python3.13/site-packages/flare_cores/cores.py:2508: FutureWarning: Series.__getitem__ treating keys as positions is deprecated. In a future version, integer keys will always be treated as labels (consistent with DataFrame behavior). To access a value by position, use `ser.iloc[pos]`
  if len(a) > 0 and np.isnan(a[0]):
2026-05-04 09:31:38,377 INFO pycloud_parallel.service_timing {"event": "task_pool_timing", "pool_id": "1882e735f3234d5187f30a15a7e62953", "pool_name": "task-pool-72c3aef8b3", "method": "get_fund_asset_ratio", "ok": true, "setup_ms": 0.0, "build_execute_spec_ms": 0.027, "executor_ms": 20113.464, "finalize_ms": 0.0, "total_ms": 20113.491, "error_type": "", "error_message": "", "subprocess": {"decode_ms": 1.104, "worker_decode_ms": 1.104, "invoke_ms": 20041.635, "invoke_wrapper_ms": 0.398, "user_fn_ms": 20041.196, "encode_ms": 1.444, "worker_encode_result_ms": 1.444, "managed_globals_cache_hit": true, "managed_globals_ms": 0.012}, "queue_wait_ms": 69.281}
/opt/anaconda3/lib/python3.13/site-packages/flare_cores/cores.py:2508: FutureWarning: Series.__getitem__ treating keys as positions is deprecated. In a future version, integer keys will always be treated as labels (consistent with DataFrame behavior). To access a value by position, use `ser.iloc[pos]`
  if len(a) > 0 and np.isnan(a[0]):
2026-05-04 09:31:39,720 INFO pycloud_parallel.service_timing {"event": "task_pool_timing", "pool_id": "1882e735f3234d5187f30a15a7e62953", "pool_name": "task-pool-72c3aef8b3", "method": "get_fund_asset_ratio", "ok": true, "setup_ms": 0.0, "build_execute_spec_ms": 0.023, "executor_ms": 21486.287, "finalize_ms": 0.0, "total_ms": 21486.31, "error_type": "", "error_message": "", "subprocess": {"decode_ms": 1.059, "worker_decode_ms": 1.059, "invoke_ms": 21405.872, "invoke_wrapper_ms": 0.263, "user_fn_ms": 21405.56, "encode_ms": 3.934, "worker_encode_result_ms": 3.934, "managed_globals_cache_hit": true, "managed_globals_ms": 0.015}, "queue_wait_ms": 75.422}
2026-05-04 09:31:40,152 INFO pycloud_parallel.service_timing {"event": "task_pool_timing", "pool_id": "1882e735f3234d5187f30a15a7e62953", "pool_name": "task-pool-72c3aef8b3", "method": "get_fund_asset_ratio", "ok": true, "setup_ms": 0.0, "build_execute_spec_ms": 0.026, "executor_ms": 21911.193, "finalize_ms": 0.0, "total_ms": 21911.219, "error_type": "", "error_message": "", "subprocess": {"decode_ms": 1.085, "worker_decode_ms": 1.085, "invoke_ms": 21848.892, "invoke_wrapper_ms": 0.296, "user_fn_ms": 21848.555, "encode_ms": 2.36, "worker_encode_result_ms": 2.36, "managed_globals_cache_hit": true, "managed_globals_ms": 0.013}, "queue_wait_ms": 58.856}
/opt/anaconda3/lib/python3.13/site-packages/flare_cores/cores.py:2508: FutureWarning: Series.__getitem__ treating keys as positions is deprecated. In a future version, integer keys will always be treated as labels (consistent with DataFrame behavior). To access a value by position, use `ser.iloc[pos]`
  if len(a) > 0 and np.isnan(a[0]):
/opt/anaconda3/lib/python3.13/site-packages/flare_cores/cores.py:2508: FutureWarning: Series.__getitem__ treating keys as positions is deprecated. In a future version, integer keys will always be treated as labels (consistent with DataFrame behavior). To access a value by position, use `ser.iloc[pos]`
  if len(a) > 0 and np.isnan(a[0]):
/opt/anaconda3/lib/python3.13/site-packages/flare_cores/cores.py:2508: FutureWarning: Series.__getitem__ treating keys as positions is deprecated. In a future version, integer keys will always be treated as labels (consistent with DataFrame behavior). To access a value by position, use `ser.iloc[pos]`
  if len(a) > 0 and np.isnan(a[0]):
/opt/anaconda3/lib/python3.13/site-packages/flare_cores/cores.py:2508: FutureWarning: Series.__getitem__ treating keys as positions is deprecated. In a future version, integer keys will always be treated as labels (consistent with DataFrame behavior). To access a value by position, use `ser.iloc[pos]`
  if len(a) > 0 and np.isnan(a[0]):
2026-05-04 09:31:43,782 INFO pycloud_parallel.service_timing {"event": "task_pool_timing", "pool_id": "1882e735f3234d5187f30a15a7e62953", "pool_name": "task-pool-72c3aef8b3", "method": "get_fund_asset_ratio", "ok": true, "setup_ms": 0.0, "build_execute_spec_ms": 0.01, "executor_ms": 25504.36, "finalize_ms": 0.0, "total_ms": 25504.37, "error_type": "", "error_message": "", "subprocess": {"decode_ms": 1.048, "worker_decode_ms": 1.048, "invoke_ms": 14058.579, "invoke_wrapper_ms": 0.105, "user_fn_ms": 14058.456, "encode_ms": 2.263, "worker_encode_result_ms": 2.263, "managed_globals_cache_hit": true, "managed_globals_ms": 0.016}, "queue_wait_ms": 11442.47}
2026-05-04 09:31:44,364 INFO pycloud_parallel.service_timing {"event": "task_pool_timing", "pool_id": "1882e735f3234d5187f30a15a7e62953", "pool_name": "task-pool-72c3aef8b3", "method": "get_fund_asset_ratio", "ok": true, "setup_ms": 0.0, "build_execute_spec_ms": 0.01, "executor_ms": 26086.062, "finalize_ms": 0.0, "total_ms": 26086.072, "error_type": "", "error_message": "", "subprocess": {"decode_ms": 1.048, "worker_decode_ms": 1.048, "invoke_ms": 12657.889, "invoke_wrapper_ms": 0.09, "user_fn_ms": 12657.781, "encode_ms": 1.983, "worker_encode_result_ms": 1.983, "managed_globals_cache_hit": true, "managed_globals_ms": 0.017}, "queue_wait_ms": 13425.142}
2026-05-04 09:31:45,989 INFO pycloud_parallel.service_timing {"event": "task_pool_timing", "pool_id": "1882e735f3234d5187f30a15a7e62953", "pool_name": "task-pool-72c3aef8b3", "method": "get_fund_asset_ratio", "ok": true, "setup_ms": 0.0, "build_execute_spec_ms": 0.01, "executor_ms": 27710.89, "finalize_ms": 0.0, "total_ms": 27710.9, "error_type": "", "error_message": "", "subprocess": {"decode_ms": 0.792, "worker_decode_ms": 0.792, "invoke_ms": 13102.328, "invoke_wrapper_ms": 0.082, "user_fn_ms": 13102.227, "encode_ms": 1.43, "worker_encode_result_ms": 1.43, "managed_globals_cache_hit": true, "managed_globals_ms": 0.011}, "queue_wait_ms": 14606.34}
/opt/anaconda3/lib/python3.13/site-packages/flare_cores/cores.py:2508: FutureWarning: Series.__getitem__ treating keys as positions is deprecated. In a future version, integer keys will always be treated as labels (consistent with DataFrame behavior). To access a value by position, use `ser.iloc[pos]`
  if len(a) > 0 and np.isnan(a[0]):
/opt/anaconda3/lib/python3.13/site-packages/flare_cores/cores.py:2508: FutureWarning: Series.__getitem__ treating keys as positions is deprecated. In a future version, integer keys will always be treated as labels (consistent with DataFrame behavior). To access a value by position, use `ser.iloc[pos]`
  if len(a) > 0 and np.isnan(a[0]):
2026-05-04 09:31:46,846 INFO pycloud_parallel.service_timing {"event": "task_pool_timing", "pool_id": "1882e735f3234d5187f30a15a7e62953", "pool_name": "task-pool-72c3aef8b3", "method": "get_fund_asset_ratio", "ok": true, "setup_ms": 0.0, "build_execute_spec_ms": 0.01, "executor_ms": 28567.419, "finalize_ms": 0.0, "total_ms": 28567.429, "error_type": "", "error_message": "", "subprocess": {"decode_ms": 0.831, "worker_decode_ms": 0.831, "invoke_ms": 12484.533, "invoke_wrapper_ms": 0.09, "user_fn_ms": 12484.423, "encode_ms": 6.254, "worker_encode_result_ms": 6.254, "managed_globals_cache_hit": true, "managed_globals_ms": 0.01}, "queue_wait_ms": 16075.801}
2026-05-04 09:31:47,167 INFO pycloud_parallel.service_timing {"event": "task_pool_timing", "pool_id": "1882e735f3234d5187f30a15a7e62953", "pool_name": "task-pool-72c3aef8b3", "method": "get_fund_asset_ratio", "ok": true, "setup_ms": 0.0, "build_execute_spec_ms": 0.01, "executor_ms": 28887.883, "finalize_ms": 0.0, "total_ms": 28887.893, "error_type": "", "error_message": "", "subprocess": {"decode_ms": 0.876, "worker_decode_ms": 0.876, "invoke_ms": 11952.18, "invoke_wrapper_ms": 0.079, "user_fn_ms": 11952.08, "encode_ms": 1.372, "worker_encode_result_ms": 1.372, "managed_globals_cache_hit": true, "managed_globals_ms": 0.01}, "queue_wait_ms": 16933.455}
/opt/anaconda3/lib/python3.13/site-packages/flare_cores/cores.py:2508: FutureWarning: Series.__getitem__ treating keys as positions is deprecated. In a future version, integer keys will always be treated as labels (consistent with DataFrame behavior). To access a value by position, use `ser.iloc[pos]`
  if len(a) > 0 and np.isnan(a[0]):
/opt/anaconda3/lib/python3.13/site-packages/flare_cores/cores.py:2508: FutureWarning: Series.__getitem__ treating keys as positions is deprecated. In a future version, integer keys will always be treated as labels (consistent with DataFrame behavior). To access a value by position, use `ser.iloc[pos]`
  if len(a) > 0 and np.isnan(a[0]):
/opt/anaconda3/lib/python3.13/site-packages/flare_cores/cores.py:2508: FutureWarning: Series.__getitem__ treating keys as positions is deprecated. In a future version, integer keys will always be treated as labels (consistent with DataFrame behavior). To access a value by position, use `ser.iloc[pos]`
  if len(a) > 0 and np.isnan(a[0]):
2026-05-04 09:31:48,881 INFO pycloud_parallel.service_timing {"event": "task_pool_timing", "pool_id": "1882e735f3234d5187f30a15a7e62953", "pool_name": "task-pool-72c3aef8b3", "method": "get_fund_asset_ratio", "ok": true, "setup_ms": 0.0, "build_execute_spec_ms": 0.1, "executor_ms": 30651.507, "finalize_ms": 0.0, "total_ms": 30651.607, "error_type": "", "error_message": "", "subprocess": {"decode_ms": 7.918, "worker_decode_ms": 7.918, "invoke_ms": 30623.477, "invoke_wrapper_ms": 0.296, "user_fn_ms": 30623.135, "encode_ms": 1.655, "worker_encode_result_ms": 1.655, "managed_globals_cache_hit": true, "managed_globals_ms": 0.009}, "queue_wait_ms": 18.457}
2026-05-04 09:31:48,937 INFO pycloud_parallel.service_timing {"event": "task_pool_timing", "pool_id": "1882e735f3234d5187f30a15a7e62953", "pool_name": "task-pool-72c3aef8b3", "method": "get_fund_asset_ratio", "ok": true, "setup_ms": 0.0, "build_execute_spec_ms": 0.066, "executor_ms": 19190.827, "finalize_ms": 0.0, "total_ms": 19190.893, "error_type": "", "error_message": "", "subprocess": {"decode_ms": 2.365, "worker_decode_ms": 2.365, "invoke_ms": 11255.62, "invoke_wrapper_ms": 0.102, "user_fn_ms": 11255.498, "encode_ms": 12.126, "worker_encode_result_ms": 12.126, "managed_globals_cache_hit": true, "managed_globals_ms": 0.012}, "queue_wait_ms": 7920.716}
2026-05-04 09:31:48,937 INFO pycloud_parallel.service_timing {"event": "task_pool_timing", "pool_id": "1882e735f3234d5187f30a15a7e62953", "pool_name": "task-pool-72c3aef8b3", "method": "get_fund_asset_ratio", "ok": true, "setup_ms": 0.0, "build_execute_spec_ms": 0.063, "executor_ms": 14484.741, "finalize_ms": 0.0, "total_ms": 14484.804, "error_type": "", "error_message": "", "subprocess": {"decode_ms": 1.002, "worker_decode_ms": 1.002, "invoke_ms": 8791.28, "invoke_wrapper_ms": 0.099, "user_fn_ms": 8791.162, "encode_ms": 4.62, "worker_encode_result_ms": 4.62, "managed_globals_cache_hit": true, "managed_globals_ms": 0.011}, "queue_wait_ms": 5687.839}
2026-05-04 09:31:49,044 INFO pycloud_parallel.service_timing {"event": "task_pool_timing", "pool_id": "1882e735f3234d5187f30a15a7e62953", "pool_name": "task-pool-72c3aef8b3", "method": "get_fund_asset_ratio", "ok": true, "setup_ms": 0.0, "build_execute_spec_ms": 0.053, "executor_ms": 16145.805, "finalize_ms": 0.0, "total_ms": 16145.858, "error_type": "", "error_message": "", "subprocess": {"decode_ms": 0.938, "worker_decode_ms": 0.938, "invoke_ms": 9263.062, "invoke_wrapper_ms": 0.091, "user_fn_ms": 9262.957, "encode_ms": 1.043, "worker_encode_result_ms": 1.043, "managed_globals_cache_hit": true, "managed_globals_ms": 0.011}, "queue_wait_ms": 6880.762}
2026-05-04 09:31:49,261 INFO pycloud_parallel.service_timing {"event": "task_pool_timing", "pool_id": "1882e735f3234d5187f30a15a7e62953", "pool_name": "task-pool-72c3aef8b3", "method": "get_fund_asset_ratio", "ok": true, "setup_ms": 0.0, "build_execute_spec_ms": 0.057, "executor_ms": 17449.822, "finalize_ms": 0.0, "total_ms": 17449.879, "error_type": "", "error_message": "", "subprocess": {"decode_ms": 0.971, "worker_decode_ms": 0.971, "invoke_ms": 10822.8, "invoke_wrapper_ms": 0.084, "user_fn_ms": 10822.69, "encode_ms": 1.659, "worker_encode_result_ms": 1.659, "managed_globals_cache_hit": true, "managed_globals_ms": 0.011}, "queue_wait_ms": 6624.392}
/opt/anaconda3/lib/python3.13/site-packages/flare_cores/cores.py:2508: FutureWarning: Series.__getitem__ treating keys as positions is deprecated. In a future version, integer keys will always be treated as labels (consistent with DataFrame behavior). To access a value by position, use `ser.iloc[pos]`
  if len(a) > 0 and np.isnan(a[0]):
/opt/anaconda3/lib/python3.13/site-packages/flare_cores/cores.py:2508: FutureWarning: Series.__getitem__ treating keys as positions is deprecated. In a future version, integer keys will always be treated as labels (consistent with DataFrame behavior). To access a value by position, use `ser.iloc[pos]`
  if len(a) > 0 and np.isnan(a[0]):
/opt/anaconda3/lib/python3.13/site-packages/flare_cores/cores.py:2508: FutureWarning: Series.__getitem__ treating keys as positions is deprecated. In a future version, integer keys will always be treated as labels (consistent with DataFrame behavior). To access a value by position, use `ser.iloc[pos]`
  if len(a) > 0 and np.isnan(a[0]):
/opt/anaconda3/lib/python3.13/site-packages/flare_cores/cores.py:2508: FutureWarning: Series.__getitem__ treating keys as positions is deprecated. In a future version, integer keys will always be treated as labels (consistent with DataFrame behavior). To access a value by position, use `ser.iloc[pos]`
  if len(a) > 0 and np.isnan(a[0]):
/opt/anaconda3/lib/python3.13/site-packages/flare_cores/cores.py:2508: FutureWarning: Series.__getitem__ treating keys as positions is deprecated. In a future version, integer keys will always be treated as labels (consistent with DataFrame behavior). To access a value by position, use `ser.iloc[pos]`
  if len(a) > 0 and np.isnan(a[0]):
2026-05-04 09:31:51,142 INFO pycloud_parallel.service_timing {"event": "task_pool_timing", "pool_id": "1882e735f3234d5187f30a15a7e62953", "pool_name": "task-pool-72c3aef8b3", "method": "get_fund_asset_ratio", "ok": true, "setup_ms": 0.0, "build_execute_spec_ms": 0.048, "executor_ms": 13400.869, "finalize_ms": 0.0, "total_ms": 13400.917, "error_type": "", "error_message": "", "subprocess": {"decode_ms": 0.708, "worker_decode_ms": 0.708, "invoke_ms": 6756.259, "invoke_wrapper_ms": 0.07, "user_fn_ms": 6756.168, "encode_ms": 1.515, "worker_encode_result_ms": 1.515, "managed_globals_cache_hit": true, "managed_globals_ms": 0.007}, "queue_wait_ms": 6642.387}
2026-05-04 09:31:51,468 INFO pycloud_parallel.service_timing {"event": "task_pool_timing", "pool_id": "1882e735f3234d5187f30a15a7e62953", "pool_name": "task-pool-72c3aef8b3", "method": "get_fund_asset_ratio", "ok": true, "setup_ms": 0.0, "build_execute_spec_ms": 0.049, "executor_ms": 4206.22, "finalize_ms": 0.0, "total_ms": 4206.269, "error_type": "", "error_message": "", "subprocess": {"decode_ms": 1.03, "worker_decode_ms": 1.03, "invoke_ms": 2192.98, "invoke_wrapper_ms": 0.077, "user_fn_ms": 2192.883, "encode_ms": 1.896, "worker_encode_result_ms": 1.896, "managed_globals_cache_hit": true, "managed_globals_ms": 0.01}, "queue_wait_ms": 2010.314}
/opt/anaconda3/lib/python3.13/site-packages/flare_cores/cores.py:2508: FutureWarning: Series.__getitem__ treating keys as positions is deprecated. In a future version, integer keys will always be treated as labels (consistent with DataFrame behavior). To access a value by position, use `ser.iloc[pos]`
  if len(a) > 0 and np.isnan(a[0]):
/opt/anaconda3/lib/python3.13/site-packages/flare_cores/cores.py:2508: FutureWarning: Series.__getitem__ treating keys as positions is deprecated. In a future version, integer keys will always be treated as labels (consistent with DataFrame behavior). To access a value by position, use `ser.iloc[pos]`
  if len(a) > 0 and np.isnan(a[0]):
2026-05-04 09:31:52,000 INFO pycloud_parallel.service_timing {"event": "task_pool_timing", "pool_id": "1882e735f3234d5187f30a15a7e62953", "pool_name": "task-pool-72c3aef8b3", "method": "get_fund_asset_ratio", "ok": true, "setup_ms": 0.0, "build_execute_spec_ms": 0.053, "executor_ms": 5082.057, "finalize_ms": 0.0, "total_ms": 5082.11, "error_type": "", "error_message": "", "subprocess": {"decode_ms": 0.747, "worker_decode_ms": 0.747, "invoke_ms": 2981.996, "invoke_wrapper_ms": 0.071, "user_fn_ms": 2981.906, "encode_ms": 1.348, "worker_encode_result_ms": 1.348, "managed_globals_cache_hit": true, "managed_globals_ms": 0.008}, "queue_wait_ms": 2097.966}
2026-05-04 09:31:52,158 INFO pycloud_parallel.service_timing {"event": "task_pool_timing", "pool_id": "1882e735f3234d5187f30a15a7e62953", "pool_name": "task-pool-72c3aef8b3", "method": "get_fund_asset_ratio", "ok": true, "setup_ms": 0.0, "build_execute_spec_ms": 0.061, "executor_ms": 16838.251, "finalize_ms": 0.0, "total_ms": 16838.312, "error_type": "", "error_message": "", "subprocess": {"decode_ms": 0.822, "worker_decode_ms": 0.822, "invoke_ms": 8335.387, "invoke_wrapper_ms": 0.071, "user_fn_ms": 8335.301, "encode_ms": 23.763, "worker_encode_result_ms": 23.763, "managed_globals_cache_hit": true, "managed_globals_ms": 0.009}, "queue_wait_ms": 8478.279}
2026-05-04 09:31:52,212 INFO pycloud_parallel.service_timing {"event": "task_pool_timing", "pool_id": "1882e735f3234d5187f30a15a7e62953", "pool_name": "task-pool-72c3aef8b3", "method": "get_fund_asset_ratio", "ok": true, "setup_ms": 0.0, "build_execute_spec_ms": 0.055, "executor_ms": 3301.861, "finalize_ms": 0.0, "total_ms": 3301.916, "error_type": "", "error_message": "", "subprocess": {"decode_ms": 0.731, "worker_decode_ms": 0.731, "invoke_ms": 1085.079, "invoke_wrapper_ms": 0.08, "user_fn_ms": 1084.981, "encode_ms": 1.509, "worker_encode_result_ms": 1.509, "managed_globals_cache_hit": true, "managed_globals_ms": 0.008}, "queue_wait_ms": 2214.542}
/opt/anaconda3/lib/python3.13/site-packages/flare_cores/cores.py:2508: FutureWarning: Series.__getitem__ treating keys as positions is deprecated. In a future version, integer keys will always be treated as labels (consistent with DataFrame behavior). To access a value by position, use `ser.iloc[pos]`
  if len(a) > 0 and np.isnan(a[0]):
/opt/anaconda3/lib/python3.13/site-packages/flare_cores/cores.py:2508: FutureWarning: Series.__getitem__ treating keys as positions is deprecated. In a future version, integer keys will always be treated as labels (consistent with DataFrame behavior). To access a value by position, use `ser.iloc[pos]`
  if len(a) > 0 and np.isnan(a[0]):
/opt/anaconda3/lib/python3.13/site-packages/flare_cores/cores.py:2508: FutureWarning: Series.__getitem__ treating keys as positions is deprecated. In a future version, integer keys will always be treated as labels (consistent with DataFrame behavior). To access a value by position, use `ser.iloc[pos]`
  if len(a) > 0 and np.isnan(a[0]):
2026-05-04 09:31:52,478 INFO pycloud_parallel.service_timing {"event": "task_pool_timing", "pool_id": "1882e735f3234d5187f30a15a7e62953", "pool_name": "task-pool-72c3aef8b3", "method": "get_fund_asset_ratio", "ok": true, "setup_ms": 0.0, "build_execute_spec_ms": 0.08, "executor_ms": 3445.962, "finalize_ms": 0.0, "total_ms": 3446.042, "error_type": "", "error_message": "", "subprocess": {"decode_ms": 1.333, "worker_decode_ms": 1.333, "invoke_ms": 1029.836, "invoke_wrapper_ms": 0.075, "user_fn_ms": 1029.747, "encode_ms": 1.066, "worker_encode_result_ms": 1.066, "managed_globals_cache_hit": true, "managed_globals_ms": 0.01}, "queue_wait_ms": 2413.727}
/opt/anaconda3/lib/python3.13/site-packages/flare_cores/cores.py:2508: FutureWarning: Series.__getitem__ treating keys as positions is deprecated. In a future version, integer keys will always be treated as labels (consistent with DataFrame behavior). To access a value by position, use `ser.iloc[pos]`
  if len(a) > 0 and np.isnan(a[0]):
2026-05-04 09:31:52,638 INFO pycloud_parallel.service_timing {"event": "task_pool_timing", "pool_id": "1882e735f3234d5187f30a15a7e62953", "pool_name": "task-pool-72c3aef8b3", "method": "get_fund_asset_ratio", "ok": true, "setup_ms": 0.0, "build_execute_spec_ms": 0.05, "executor_ms": 1427.145, "finalize_ms": 0.0, "total_ms": 1427.195, "error_type": "", "error_message": "", "subprocess": {"decode_ms": 0.57, "worker_decode_ms": 0.57, "invoke_ms": 169.346, "invoke_wrapper_ms": 0.068, "user_fn_ms": 169.26, "encode_ms": 1.537, "worker_encode_result_ms": 1.537, "managed_globals_cache_hit": true, "managed_globals_ms": 0.007}, "queue_wait_ms": 1255.692}
2026-05-04 09:31:52,639 INFO pycloud_parallel.service_timing {"event": "task_pool_timing", "pool_id": "1882e735f3234d5187f30a15a7e62953", "pool_name": "task-pool-72c3aef8b3", "method": "get_fund_asset_ratio", "ok": true, "setup_ms": 0.0, "build_execute_spec_ms": 0.047, "executor_ms": 3266.045, "finalize_ms": 0.0, "total_ms": 3266.092, "error_type": "", "error_message": "", "subprocess": {"decode_ms": 0.603, "worker_decode_ms": 0.603, "invoke_ms": 436.974, "invoke_wrapper_ms": 0.069, "user_fn_ms": 436.886, "encode_ms": 1.425, "worker_encode_result_ms": 1.425, "managed_globals_cache_hit": true, "managed_globals_ms": 0.005}, "queue_wait_ms": 2827.043}
2026-05-04 09:31:52,693 INFO pycloud_parallel.service_timing {"event": "task_pool_timing", "pool_id": "1882e735f3234d5187f30a15a7e62953", "pool_name": "task-pool-72c3aef8b3", "method": "get_fund_asset_ratio", "ok": true, "setup_ms": 0.0, "build_execute_spec_ms": 0.028, "executor_ms": 3660.194, "finalize_ms": 0.0, "total_ms": 3660.222, "error_type": "", "error_message": "", "subprocess": {"decode_ms": 0.646, "worker_decode_ms": 0.646, "invoke_ms": 698.287, "invoke_wrapper_ms": 0.073, "user_fn_ms": 698.197, "encode_ms": 1.29, "worker_encode_result_ms": 1.29, "managed_globals_cache_hit": true, "managed_globals_ms": 0.007}, "queue_wait_ms": 2959.971}
/opt/anaconda3/lib/python3.13/site-packages/flare_cores/cores.py:2508: FutureWarning: Series.__getitem__ treating keys as positions is deprecated. In a future version, integer keys will always be treated as labels (consistent with DataFrame behavior). To access a value by position, use `ser.iloc[pos]`
  if len(a) > 0 and np.isnan(a[0]):
/opt/anaconda3/lib/python3.13/site-packages/flare_cores/cores.py:2508: FutureWarning: Series.__getitem__ treating keys as positions is deprecated. In a future version, integer keys will always be treated as labels (consistent with DataFrame behavior). To access a value by position, use `ser.iloc[pos]`
  if len(a) > 0 and np.isnan(a[0]):
2026-05-04 09:31:52,747 INFO pycloud_parallel.service_timing {"event": "task_pool_timing", "pool_id": "1882e735f3234d5187f30a15a7e62953", "pool_name": "task-pool-72c3aef8b3", "method": "get_fund_asset_ratio", "ok": true, "setup_ms": 0.0, "build_execute_spec_ms": 0.063, "executor_ms": 1207.583, "finalize_ms": 0.0, "total_ms": 1207.646, "error_type": "", "error_message": "", "subprocess": {"decode_ms": 18.656, "worker_decode_ms": 18.656, "invoke_ms": 89.513, "invoke_wrapper_ms": 0.078, "user_fn_ms": 89.421, "encode_ms": 1.014, "worker_encode_result_ms": 1.014, "managed_globals_cache_hit": true, "managed_globals_ms": 0.008}, "queue_wait_ms": 1098.4}
2026-05-04 09:31:52,747 INFO pycloud_parallel.service_timing {"event": "task_pool_timing", "pool_id": "1882e735f3234d5187f30a15a7e62953", "pool_name": "task-pool-72c3aef8b3", "method": "get_fund_asset_ratio", "ok": true, "setup_ms": 0.0, "build_execute_spec_ms": 0.055, "executor_ms": 655.323, "finalize_ms": 0.0, "total_ms": 655.378, "error_type": "", "error_message": "", "subprocess": {"decode_ms": 0.947, "worker_decode_ms": 0.947, "invoke_ms": 101.951, "invoke_wrapper_ms": 0.081, "user_fn_ms": 101.855, "encode_ms": 20.611, "worker_encode_result_ms": 20.611, "managed_globals_cache_hit": true, "managed_globals_ms": 0.009}, "queue_wait_ms": 531.814}
/opt/anaconda3/lib/python3.13/site-packages/flare_cores/cores.py:2508: FutureWarning: Series.__getitem__ treating keys as positions is deprecated. In a future version, integer keys will always be treated as labels (consistent with DataFrame behavior). To access a value by position, use `ser.iloc[pos]`
  if len(a) > 0 and np.isnan(a[0]):
/opt/anaconda3/lib/python3.13/site-packages/flare_cores/cores.py:2508: FutureWarning: Series.__getitem__ treating keys as positions is deprecated. In a future version, integer keys will always be treated as labels (consistent with DataFrame behavior). To access a value by position, use `ser.iloc[pos]`
  if len(a) > 0 and np.isnan(a[0]):
2026-05-04 09:31:52,802 INFO pycloud_parallel.service_timing {"event": "task_pool_timing", "pool_id": "1882e735f3234d5187f30a15a7e62953", "pool_name": "task-pool-72c3aef8b3", "method": "get_fund_asset_ratio", "ok": true, "setup_ms": 0.0, "build_execute_spec_ms": 0.053, "executor_ms": 596.386, "finalize_ms": 0.0, "total_ms": 596.439, "error_type": "", "error_message": "", "subprocess": {"decode_ms": 0.81, "worker_decode_ms": 0.81, "invoke_ms": 75.248, "invoke_wrapper_ms": 0.101, "user_fn_ms": 75.137, "encode_ms": 0.717, "worker_encode_result_ms": 0.717, "managed_globals_cache_hit": true, "managed_globals_ms": 0.01}, "queue_wait_ms": 519.611}
2026-05-04 09:31:52,803 INFO pycloud_parallel.service_timing {"event": "task_pool_timing", "pool_id": "1882e735f3234d5187f30a15a7e62953", "pool_name": "task-pool-72c3aef8b3", "method": "get_fund_asset_ratio", "ok": true, "setup_ms": 0.0, "build_execute_spec_ms": 0.062, "executor_ms": 141.474, "finalize_ms": 0.0, "total_ms": 141.536, "error_type": "", "error_message": "", "subprocess": {"decode_ms": 0.485, "worker_decode_ms": 0.485, "invoke_ms": 2.562, "invoke_wrapper_ms": 0.059, "user_fn_ms": 2.496, "encode_ms": 0.07, "worker_encode_result_ms": 0.07, "managed_globals_cache_hit": true, "managed_globals_ms": 0.005}, "queue_wait_ms": 138.357}
2026-05-04 09:31:52,803 INFO pycloud_parallel.service_timing {"event": "task_pool_timing", "pool_id": "1882e735f3234d5187f30a15a7e62953", "pool_name": "task-pool-72c3aef8b3", "method": "get_fund_asset_ratio", "ok": true, "setup_ms": 0.0, "build_execute_spec_ms": 0.054, "executor_ms": 485.752, "finalize_ms": 0.0, "total_ms": 485.806, "error_type": "", "error_message": "", "subprocess": {"decode_ms": 0.603, "worker_decode_ms": 0.603, "invoke_ms": 68.636, "invoke_wrapper_ms": 0.143, "user_fn_ms": 68.481, "encode_ms": 0.711, "worker_encode_result_ms": 0.711, "managed_globals_cache_hit": true, "managed_globals_ms": 0.007}, "queue_wait_ms": 415.802}
/opt/anaconda3/lib/python3.13/site-packages/flare_cores/cores.py:2508: FutureWarning: Series.__getitem__ treating keys as positions is deprecated. In a future version, integer keys will always be treated as labels (consistent with DataFrame behavior). To access a value by position, use `ser.iloc[pos]`
  if len(a) > 0 and np.isnan(a[0]):
/opt/anaconda3/lib/python3.13/site-packages/flare_cores/cores.py:2508: FutureWarning: Series.__getitem__ treating keys as positions is deprecated. In a future version, integer keys will always be treated as labels (consistent with DataFrame behavior). To access a value by position, use `ser.iloc[pos]`
  if len(a) > 0 and np.isnan(a[0]):
2026-05-04 09:31:52,855 INFO pycloud_parallel.service_timing {"event": "task_pool_timing", "pool_id": "1882e735f3234d5187f30a15a7e62953", "pool_name": "task-pool-72c3aef8b3", "method": "get_fund_asset_ratio", "ok": true, "setup_ms": 0.0, "build_execute_spec_ms": 0.05, "executor_ms": 75.57, "finalize_ms": 0.0, "total_ms": 75.62, "error_type": "", "error_message": "", "subprocess": {"decode_ms": 0.462, "worker_decode_ms": 0.462, "invoke_ms": 20.805, "invoke_wrapper_ms": 0.055, "user_fn_ms": 20.736, "encode_ms": 0.096, "worker_encode_result_ms": 0.096, "managed_globals_cache_hit": true, "managed_globals_ms": 0.005}, "queue_wait_ms": 54.207}
2026-05-04 09:31:52,855 INFO pycloud_parallel.service_timing {"event": "task_pool_timing", "pool_id": "1882e735f3234d5187f30a15a7e62953", "pool_name": "task-pool-72c3aef8b3", "method": "get_fund_asset_ratio", "ok": true, "setup_ms": 0.0, "build_execute_spec_ms": 0.054, "executor_ms": 310.041, "finalize_ms": 0.0, "total_ms": 310.095, "error_type": "", "error_message": "", "subprocess": {"decode_ms": 0.605, "worker_decode_ms": 0.605, "invoke_ms": 74.766, "invoke_wrapper_ms": 0.119, "user_fn_ms": 74.637, "encode_ms": 0.685, "worker_encode_result_ms": 0.685, "managed_globals_cache_hit": true, "managed_globals_ms": 0.005}, "queue_wait_ms": 233.985}
2026-05-04 09:31:52,855 INFO pycloud_parallel.service_timing {"event": "task_pool_timing", "pool_id": "1882e735f3234d5187f30a15a7e62953", "pool_name": "task-pool-72c3aef8b3", "method": "get_fund_asset_ratio", "ok": true, "setup_ms": 0.0, "build_execute_spec_ms": 0.017, "executor_ms": 75.739, "finalize_ms": 0.0, "total_ms": 75.756, "error_type": "", "error_message": "", "subprocess": {"decode_ms": 0.632, "worker_decode_ms": 0.632, "invoke_ms": 4.837, "invoke_wrapper_ms": 0.057, "user_fn_ms": 4.766, "encode_ms": 0.116, "worker_encode_result_ms": 0.116, "managed_globals_cache_hit": true, "managed_globals_ms": 0.005}, "queue_wait_ms": 70.154}
2026-05-04 09:31:52,855 INFO pycloud_parallel.service_timing {"event": "task_pool_timing", "pool_id": "1882e735f3234d5187f30a15a7e62953", "pool_name": "task-pool-72c3aef8b3", "method": "get_fund_asset_ratio", "ok": true, "setup_ms": 0.0, "build_execute_spec_ms": 0.025, "executor_ms": 193.581, "finalize_ms": 0.0, "total_ms": 193.606, "error_type": "", "error_message": "", "subprocess": {"decode_ms": 0.382, "worker_decode_ms": 0.382, "invoke_ms": 59.532, "invoke_wrapper_ms": 0.046, "user_fn_ms": 59.47, "encode_ms": 1.031, "worker_encode_result_ms": 1.031, "managed_globals_cache_hit": true, "managed_globals_ms": 0.004}, "queue_wait_ms": 132.636}
2026-05-04 09:31:52,911 INFO pycloud_parallel.service_timing {"event": "task_pool_timing", "pool_id": "1882e735f3234d5187f30a15a7e62953", "pool_name": "task-pool-72c3aef8b3", "method": "get_fund_asset_ratio", "ok": true, "setup_ms": 0.0, "build_execute_spec_ms": 0.056, "executor_ms": 6889.576, "finalize_ms": 0.0, "total_ms": 6889.632, "error_type": "", "error_message": "", "subprocess": {"decode_ms": 0.734, "worker_decode_ms": 0.734, "invoke_ms": 3949.844, "invoke_wrapper_ms": 0.071, "user_fn_ms": 3949.758, "encode_ms": 1.259, "worker_encode_result_ms": 1.259, "managed_globals_cache_hit": true, "managed_globals_ms": 0.008}, "queue_wait_ms": 2937.739}
2026-05-04 09:31:52,911 INFO pycloud_parallel.service_timing {"event": "task_pool_timing", "pool_id": "1882e735f3234d5187f30a15a7e62953", "pool_name": "task-pool-72c3aef8b3", "method": "get_fund_asset_ratio", "ok": true, "setup_ms": 0.0, "build_execute_spec_ms": 0.058, "executor_ms": 3760.46, "finalize_ms": 0.0, "total_ms": 3760.518, "error_type": "", "error_message": "", "subprocess": {"decode_ms": 1.073, "worker_decode_ms": 1.073, "invoke_ms": 747.157, "invoke_wrapper_ms": 0.109, "user_fn_ms": 747.035, "encode_ms": 1.2, "worker_encode_result_ms": 1.2, "managed_globals_cache_hit": true, "managed_globals_ms": 0.01}, "queue_wait_ms": 3011.03}
2026-05-04 09:31:53,071 INFO pycloud_parallel.service_timing {"event": "task_pool_timing", "pool_id": "1882e735f3234d5187f30a15a7e62953", "pool_name": "task-pool-72c3aef8b3", "method": "get_fund_asset_ratio", "ok": true, "setup_ms": 0.0, "build_execute_spec_ms": 0.049, "executor_ms": 12811.377, "finalize_ms": 0.0, "total_ms": 12811.426, "error_type": "", "error_message": "", "subprocess": {"decode_ms": 0.88, "worker_decode_ms": 0.88, "invoke_ms": 5913.224, "invoke_wrapper_ms": 0.079, "user_fn_ms": 5913.128, "encode_ms": 1.752, "worker_encode_result_ms": 1.752, "managed_globals_cache_hit": true, "managed_globals_ms": 0.009}, "queue_wait_ms": 6895.521}
2026-05-04 09:31:53,181 INFO pycloud_parallel.service_timing {"event": "task_pool_timing", "pool_id": "1882e735f3234d5187f30a15a7e62953", "pool_name": "task-pool-72c3aef8b3", "method": "get_fund_asset_ratio", "ok": true, "setup_ms": 0.0, "build_execute_spec_ms": 0.061, "executor_ms": 13362.583, "finalize_ms": 0.0, "total_ms": 13362.644, "error_type": "", "error_message": "", "subprocess": {"decode_ms": 0.79, "worker_decode_ms": 0.79, "invoke_ms": 6323.428, "invoke_wrapper_ms": 0.075, "user_fn_ms": 6323.334, "encode_ms": 2.416, "worker_encode_result_ms": 2.416, "managed_globals_cache_hit": true, "managed_globals_ms": 0.008}, "queue_wait_ms": 7035.949}
2026-05-04 09:31:53,449 INFO pycloud_parallel.service_timing {"event": "task_pool_timing", "pool_id": "1882e735f3234d5187f30a15a7e62953", "pool_name": "task-pool-72c3aef8b3", "method": "get_fund_asset_ratio", "ok": true, "setup_ms": 0.0, "build_execute_spec_ms": 0.061, "executor_ms": 9616.761, "finalize_ms": 0.0, "total_ms": 9616.822, "error_type": "", "error_message": "", "subprocess": {"decode_ms": 0.832, "worker_decode_ms": 0.832, "invoke_ms": 4544.682, "invoke_wrapper_ms": 0.104, "user_fn_ms": 4544.563, "encode_ms": 1.094, "worker_encode_result_ms": 1.094, "managed_globals_cache_hit": true, "managed_globals_ms": 0.014}, "queue_wait_ms": 5070.153}
2026-05-04 09:31:53,555 INFO pycloud_parallel.service_timing {"event": "task_pool_timing", "pool_id": "1882e735f3234d5187f30a15a7e62953", "pool_name": "task-pool-72c3aef8b3", "method": "get_fund_asset_ratio", "ok": true, "setup_ms": 0.0, "build_execute_spec_ms": 0.053, "executor_ms": 15156.678, "finalize_ms": 0.0, "total_ms": 15156.731, "error_type": "", "error_message": "", "subprocess": {"decode_ms": 0.761, "worker_decode_ms": 0.761, "invoke_ms": 7576.277, "invoke_wrapper_ms": 0.081, "user_fn_ms": 7576.182, "encode_ms": 1.034, "worker_encode_result_ms": 1.034, "managed_globals_cache_hit": true, "managed_globals_ms": 0.007}, "queue_wait_ms": 7578.606}
2026-05-04 09:31:53,555 INFO pycloud_parallel.service_timing {"event": "task_pool_timing", "pool_id": "1882e735f3234d5187f30a15a7e62953", "pool_name": "task-pool-72c3aef8b3", "method": "get_fund_asset_ratio", "ok": true, "setup_ms": 0.0, "build_execute_spec_ms": 0.056, "executor_ms": 9074.281, "finalize_ms": 0.0, "total_ms": 9074.337, "error_type": "", "error_message": "", "subprocess": {"decode_ms": 0.785, "worker_decode_ms": 0.785, "invoke_ms": 4627.181, "invoke_wrapper_ms": 0.079, "user_fn_ms": 4627.091, "encode_ms": 0.96, "worker_encode_result_ms": 0.96, "managed_globals_cache_hit": true, "managed_globals_ms": 0.008}, "queue_wait_ms": 4445.355}
I0504 09:51:06.550956 7556083 fork_posix.cc:71] Other threads are currently calling into gRPC, skipping fork() handlers
I0504 09:51:06.555013 7586439 ev_poll_posix.cc:593] FD from fork parent still in poll list: fd(3, generation: 1)
I0504 09:51:06.555135 7586439 ev_poll_posix.cc:593] FD from fork parent still in poll list: fd(6, generation: 1)
2026-05-04 09:51:09,415 INFO pycloud_parallel.controlplane.services [NodeControl] UpdateRuntimeGlobals peer=ipv4:127.0.0.1:57947 client_id=700aa7bcf5624eb49c1e703bea92ad56 code_version=sha256:aa95aad4481684160695f22f301d2d55c94c2f06460a5c521fd1712cd234ad4e.ef3a391391da0f75 runtime_key=700aa7bcf5624eb49c1e703bea92ad56
2026-05-04 09:51:09,453 INFO pycloud_parallel.controlplane.services [NodeControl] UpdateRuntimeGlobals timing client_id=700aa7bcf5624eb49c1e703bea92ad56 runtime_key=700aa7bcf5624eb49c1e703bea92ad56 keys=['bench_mark_closeprice_df', 'bench_mark_yield_df', 'bench_mark_yield_df_weekly'] decode_ms=3.520 state_ms=33.774 total_ms=37.549
/opt/anaconda3/lib/python3.13/site-packages/flare_cores/cores.py:2508: FutureWarning: Series.__getitem__ treating keys as positions is deprecated. In a future version, integer keys will always be treated as labels (consistent with DataFrame behavior). To access a value by position, use `ser.iloc[pos]`
  if len(a) > 0 and np.isnan(a[0]):
/opt/anaconda3/lib/python3.13/site-packages/flare_cores/cores.py:2508: FutureWarning: Series.__getitem__ treating keys as positions is deprecated. In a future version, integer keys will always be treated as labels (consistent with DataFrame behavior). To access a value by position, use `ser.iloc[pos]`
  if len(a) > 0 and np.isnan(a[0]):
/opt/anaconda3/lib/python3.13/site-packages/flare_cores/cores.py:2508: FutureWarning: Series.__getitem__ treating keys as positions is deprecated. In a future version, integer keys will always be treated as labels (consistent with DataFrame behavior). To access a value by position, use `ser.iloc[pos]`
  if len(a) > 0 and np.isnan(a[0]):
/opt/anaconda3/lib/python3.13/site-packages/flare_cores/cores.py:2508: FutureWarning: Series.__getitem__ treating keys as positions is deprecated. In a future version, integer keys will always be treated as labels (consistent with DataFrame behavior). To access a value by position, use `ser.iloc[pos]`
  if len(a) > 0 and np.isnan(a[0]):
/opt/anaconda3/lib/python3.13/site-packages/flare_cores/cores.py:2508: FutureWarning: Series.__getitem__ treating keys as positions is deprecated. In a future version, integer keys will always be treated as labels (consistent with DataFrame behavior). To access a value by position, use `ser.iloc[pos]`
  if len(a) > 0 and np.isnan(a[0]):
/opt/anaconda3/lib/python3.13/site-packages/flare_cores/cores.py:2508: FutureWarning: Series.__getitem__ treating keys as positions is deprecated. In a future version, integer keys will always be treated as labels (consistent with DataFrame behavior). To access a value by position, use `ser.iloc[pos]`
  if len(a) > 0 and np.isnan(a[0]):
/opt/anaconda3/lib/python3.13/site-packages/flare_cores/cores.py:2508: FutureWarning: Series.__getitem__ treating keys as positions is deprecated. In a future version, integer keys will always be treated as labels (consistent with DataFrame behavior). To access a value by position, use `ser.iloc[pos]`
  if len(a) > 0 and np.isnan(a[0]):
/opt/anaconda3/lib/python3.13/site-packages/flare_cores/cores.py:2508: FutureWarning: Series.__getitem__ treating keys as positions is deprecated. In a future version, integer keys will always be treated as labels (consistent with DataFrame behavior). To access a value by position, use `ser.iloc[pos]`
  if len(a) > 0 and np.isnan(a[0]):
/opt/anaconda3/lib/python3.13/site-packages/flare_cores/cores.py:2508: FutureWarning: Series.__getitem__ treating keys as positions is deprecated. In a future version, integer keys will always be treated as labels (consistent with DataFrame behavior). To access a value by position, use `ser.iloc[pos]`
  if len(a) > 0 and np.isnan(a[0]):
/opt/anaconda3/lib/python3.13/site-packages/flare_cores/cores.py:2508: FutureWarning: Series.__getitem__ treating keys as positions is deprecated. In a future version, integer keys will always be treated as labels (consistent with DataFrame behavior). To access a value by position, use `ser.iloc[pos]`
  if len(a) > 0 and np.isnan(a[0]):
2026-05-04 09:51:20,836 INFO pycloud_parallel.service_timing {"event": "task_pool_timing", "pool_id": "700aa7bcf5624eb49c1e703bea92ad56", "pool_name": "task-pool-636d905db3", "method": "get_fund_asset_ratio", "ok": true, "setup_ms": 0.0, "build_execute_spec_ms": 0.015, "executor_ms": 10728.768, "finalize_ms": 0.0, "total_ms": 10728.783, "error_type": "", "error_message": "", "subprocess": {"decode_ms": 1.251, "worker_decode_ms": 1.251, "invoke_ms": 10629.047, "invoke_wrapper_ms": 0.311, "user_fn_ms": 10628.689, "encode_ms": 3.015, "worker_encode_result_ms": 3.015, "managed_globals_cache_hit": true, "managed_globals_ms": 0.018}, "queue_wait_ms": 95.455}
2026-05-04 09:51:22,500 INFO pycloud_parallel.service_timing {"event": "task_pool_timing", "pool_id": "700aa7bcf5624eb49c1e703bea92ad56", "pool_name": "task-pool-636d905db3", "method": "get_fund_asset_ratio", "ok": true, "setup_ms": 0.0, "build_execute_spec_ms": 0.015, "executor_ms": 12392.586, "finalize_ms": 0.0, "total_ms": 12392.601, "error_type": "", "error_message": "", "subprocess": {"decode_ms": 1.299, "worker_decode_ms": 1.299, "invoke_ms": 12339.466, "invoke_wrapper_ms": 2.394, "user_fn_ms": 12337.036, "encode_ms": 1.473, "worker_encode_result_ms": 1.473, "managed_globals_cache_hit": true, "managed_globals_ms": 0.014}, "queue_wait_ms": 50.348}
/opt/anaconda3/lib/python3.13/site-packages/flare_cores/cores.py:2508: FutureWarning: Series.__getitem__ treating keys as positions is deprecated. In a future version, integer keys will always be treated as labels (consistent with DataFrame behavior). To access a value by position, use `ser.iloc[pos]`
  if len(a) > 0 and np.isnan(a[0]):
2026-05-04 09:51:23,779 INFO pycloud_parallel.service_timing {"event": "task_pool_timing", "pool_id": "700aa7bcf5624eb49c1e703bea92ad56", "pool_name": "task-pool-636d905db3", "method": "get_fund_asset_ratio", "ok": true, "setup_ms": 0.0, "build_execute_spec_ms": 0.013, "executor_ms": 13671.982, "finalize_ms": 0.0, "total_ms": 13671.995, "error_type": "", "error_message": "", "subprocess": {"decode_ms": 0.951, "worker_decode_ms": 0.951, "invoke_ms": 13628.894, "invoke_wrapper_ms": 0.222, "user_fn_ms": 13628.63, "encode_ms": 2.075, "worker_encode_result_ms": 2.075, "managed_globals_cache_hit": true, "managed_globals_ms": 0.01}, "queue_wait_ms": 40.062}
/opt/anaconda3/lib/python3.13/site-packages/flare_cores/cores.py:2508: FutureWarning: Series.__getitem__ treating keys as positions is deprecated. In a future version, integer keys will always be treated as labels (consistent with DataFrame behavior). To access a value by position, use `ser.iloc[pos]`
  if len(a) > 0 and np.isnan(a[0]):
2026-05-04 09:51:25,234 INFO pycloud_parallel.service_timing {"event": "task_pool_timing", "pool_id": "700aa7bcf5624eb49c1e703bea92ad56", "pool_name": "task-pool-636d905db3", "method": "get_fund_asset_ratio", "ok": true, "setup_ms": 0.0, "build_execute_spec_ms": 0.015, "executor_ms": 15127.201, "finalize_ms": 0.0, "total_ms": 15127.216, "error_type": "", "error_message": "", "subprocess": {"decode_ms": 2.138, "worker_decode_ms": 2.138, "invoke_ms": 15034.645, "invoke_wrapper_ms": 0.274, "user_fn_ms": 15034.331, "encode_ms": 1.758, "worker_encode_result_ms": 1.758, "managed_globals_cache_hit": true, "managed_globals_ms": 0.015}, "queue_wait_ms": 88.66}
2026-05-04 09:51:25,879 INFO pycloud_parallel.service_timing {"event": "task_pool_timing", "pool_id": "700aa7bcf5624eb49c1e703bea92ad56", "pool_name": "task-pool-636d905db3", "method": "get_fund_asset_ratio", "ok": true, "setup_ms": 0.0, "build_execute_spec_ms": 0.018, "executor_ms": 15772.929, "finalize_ms": 0.0, "total_ms": 15772.947, "error_type": "", "error_message": "", "subprocess": {"decode_ms": 1.211, "worker_decode_ms": 1.211, "invoke_ms": 15687.708, "invoke_wrapper_ms": 0.424, "user_fn_ms": 15687.242, "encode_ms": 1.505, "worker_encode_result_ms": 1.505, "managed_globals_cache_hit": true, "managed_globals_ms": 0.012}, "queue_wait_ms": 82.505}
/opt/anaconda3/lib/python3.13/site-packages/flare_cores/cores.py:2508: FutureWarning: Series.__getitem__ treating keys as positions is deprecated. In a future version, integer keys will always be treated as labels (consistent with DataFrame behavior). To access a value by position, use `ser.iloc[pos]`
  if len(a) > 0 and np.isnan(a[0]):
/opt/anaconda3/lib/python3.13/site-packages/flare_cores/cores.py:2508: FutureWarning: Series.__getitem__ treating keys as positions is deprecated. In a future version, integer keys will always be treated as labels (consistent with DataFrame behavior). To access a value by position, use `ser.iloc[pos]`
  if len(a) > 0 and np.isnan(a[0]):
2026-05-04 09:51:27,711 INFO pycloud_parallel.service_timing {"event": "task_pool_timing", "pool_id": "700aa7bcf5624eb49c1e703bea92ad56", "pool_name": "task-pool-636d905db3", "method": "get_fund_asset_ratio", "ok": true, "setup_ms": 0.0, "build_execute_spec_ms": 0.026, "executor_ms": 17609.667, "finalize_ms": 0.0, "total_ms": 17609.693, "error_type": "", "error_message": "", "subprocess": {"decode_ms": 1.375, "worker_decode_ms": 1.375, "invoke_ms": 17548.408, "invoke_wrapper_ms": 0.258, "user_fn_ms": 17548.102, "encode_ms": 1.994, "worker_encode_result_ms": 1.994, "managed_globals_cache_hit": true, "managed_globals_ms": 0.013}, "queue_wait_ms": 57.89}
2026-05-04 09:51:27,766 INFO pycloud_parallel.service_timing {"event": "task_pool_timing", "pool_id": "700aa7bcf5624eb49c1e703bea92ad56", "pool_name": "task-pool-636d905db3", "method": "get_fund_asset_ratio", "ok": true, "setup_ms": 0.0, "build_execute_spec_ms": 0.026, "executor_ms": 17660.046, "finalize_ms": 0.0, "total_ms": 17660.072, "error_type": "", "error_message": "", "subprocess": {"decode_ms": 3.108, "worker_decode_ms": 3.108, "invoke_ms": 17627.521, "invoke_wrapper_ms": 0.292, "user_fn_ms": 17627.189, "encode_ms": 1.514, "worker_encode_result_ms": 1.514, "managed_globals_cache_hit": true, "managed_globals_ms": 0.016}, "queue_wait_ms": 27.903}
/opt/anaconda3/lib/python3.13/site-packages/flare_cores/cores.py:2508: FutureWarning: Series.__getitem__ treating keys as positions is deprecated. In a future version, integer keys will always be treated as labels (consistent with DataFrame behavior). To access a value by position, use `ser.iloc[pos]`
  if len(a) > 0 and np.isnan(a[0]):
2026-05-04 09:51:29,055 INFO pycloud_parallel.service_timing {"event": "task_pool_timing", "pool_id": "700aa7bcf5624eb49c1e703bea92ad56", "pool_name": "task-pool-636d905db3", "method": "get_fund_asset_ratio", "ok": true, "setup_ms": 0.0, "build_execute_spec_ms": 0.024, "executor_ms": 18993.573, "finalize_ms": 0.0, "total_ms": 18993.597, "error_type": "", "error_message": "", "subprocess": {"decode_ms": 1.574, "worker_decode_ms": 1.574, "invoke_ms": 18920.661, "invoke_wrapper_ms": 0.281, "user_fn_ms": 18920.328, "encode_ms": 8.422, "worker_encode_result_ms": 8.422, "managed_globals_cache_hit": true, "managed_globals_ms": 0.012}, "queue_wait_ms": 62.916}
2026-05-04 09:51:29,217 INFO pycloud_parallel.service_timing {"event": "task_pool_timing", "pool_id": "700aa7bcf5624eb49c1e703bea92ad56", "pool_name": "task-pool-636d905db3", "method": "get_fund_asset_ratio", "ok": true, "setup_ms": 0.0, "build_execute_spec_ms": 0.029, "executor_ms": 19144.822, "finalize_ms": 0.0, "total_ms": 19144.851, "error_type": "", "error_message": "", "subprocess": {"decode_ms": 2.706, "worker_decode_ms": 2.706, "invoke_ms": 19089.27, "invoke_wrapper_ms": 0.345, "user_fn_ms": 19088.873, "encode_ms": 1.974, "worker_encode_result_ms": 1.974, "managed_globals_cache_hit": true, "managed_globals_ms": 0.013}, "queue_wait_ms": 50.872}
/opt/anaconda3/lib/python3.13/site-packages/flare_cores/cores.py:2508: FutureWarning: Series.__getitem__ treating keys as positions is deprecated. In a future version, integer keys will always be treated as labels (consistent with DataFrame behavior). To access a value by position, use `ser.iloc[pos]`
  if len(a) > 0 and np.isnan(a[0]):
/opt/anaconda3/lib/python3.13/site-packages/flare_cores/cores.py:2508: FutureWarning: Series.__getitem__ treating keys as positions is deprecated. In a future version, integer keys will always be treated as labels (consistent with DataFrame behavior). To access a value by position, use `ser.iloc[pos]`
  if len(a) > 0 and np.isnan(a[0]):
/opt/anaconda3/lib/python3.13/site-packages/flare_cores/cores.py:2508: FutureWarning: Series.__getitem__ treating keys as positions is deprecated. In a future version, integer keys will always be treated as labels (consistent with DataFrame behavior). To access a value by position, use `ser.iloc[pos]`
  if len(a) > 0 and np.isnan(a[0]):
/opt/anaconda3/lib/python3.13/site-packages/flare_cores/cores.py:2508: FutureWarning: Series.__getitem__ treating keys as positions is deprecated. In a future version, integer keys will always be treated as labels (consistent with DataFrame behavior). To access a value by position, use `ser.iloc[pos]`
  if len(a) > 0 and np.isnan(a[0]):
2026-05-04 09:51:32,700 INFO pycloud_parallel.service_timing {"event": "task_pool_timing", "pool_id": "700aa7bcf5624eb49c1e703bea92ad56", "pool_name": "task-pool-636d905db3", "method": "get_fund_asset_ratio", "ok": true, "setup_ms": 0.0, "build_execute_spec_ms": 0.012, "executor_ms": 22592.54, "finalize_ms": 0.0, "total_ms": 22592.552, "error_type": "", "error_message": "", "subprocess": {"decode_ms": 0.868, "worker_decode_ms": 0.868, "invoke_ms": 11854.957, "invoke_wrapper_ms": 0.099, "user_fn_ms": 11854.842, "encode_ms": 1.145, "worker_encode_result_ms": 1.145, "managed_globals_cache_hit": true, "managed_globals_ms": 0.01}, "queue_wait_ms": 10735.57}
2026-05-04 09:51:33,128 INFO pycloud_parallel.service_timing {"event": "task_pool_timing", "pool_id": "700aa7bcf5624eb49c1e703bea92ad56", "pool_name": "task-pool-636d905db3", "method": "get_fund_asset_ratio", "ok": true, "setup_ms": 0.0, "build_execute_spec_ms": 0.015, "executor_ms": 23019.752, "finalize_ms": 0.0, "total_ms": 23019.767, "error_type": "", "error_message": "", "subprocess": {"decode_ms": 0.845, "worker_decode_ms": 0.845, "invoke_ms": 10602.716, "invoke_wrapper_ms": 0.093, "user_fn_ms": 10602.597, "encode_ms": 2.188, "worker_encode_result_ms": 2.188, "managed_globals_cache_hit": true, "managed_globals_ms": 0.01}, "queue_wait_ms": 12414.003}
/opt/anaconda3/lib/python3.13/site-packages/flare_cores/cores.py:2508: FutureWarning: Series.__getitem__ treating keys as positions is deprecated. In a future version, integer keys will always be treated as labels (consistent with DataFrame behavior). To access a value by position, use `ser.iloc[pos]`
  if len(a) > 0 and np.isnan(a[0]):
/opt/anaconda3/lib/python3.13/site-packages/flare_cores/cores.py:2508: FutureWarning: Series.__getitem__ treating keys as positions is deprecated. In a future version, integer keys will always be treated as labels (consistent with DataFrame behavior). To access a value by position, use `ser.iloc[pos]`
  if len(a) > 0 and np.isnan(a[0]):
2026-05-04 09:51:35,875 INFO pycloud_parallel.service_timing {"event": "task_pool_timing", "pool_id": "700aa7bcf5624eb49c1e703bea92ad56", "pool_name": "task-pool-636d905db3", "method": "get_fund_asset_ratio", "ok": true, "setup_ms": 0.0, "build_execute_spec_ms": 0.012, "executor_ms": 25767.094, "finalize_ms": 0.0, "total_ms": 25767.106, "error_type": "", "error_message": "", "subprocess": {"decode_ms": 0.819, "worker_decode_ms": 0.819, "invoke_ms": 12069.834, "invoke_wrapper_ms": 0.091, "user_fn_ms": 12069.726, "encode_ms": 1.636, "worker_encode_result_ms": 1.636, "managed_globals_cache_hit": true, "managed_globals_ms": 0.011}, "queue_wait_ms": 13694.805}
2026-05-04 09:51:36,474 INFO pycloud_parallel.service_timing {"event": "task_pool_timing", "pool_id": "700aa7bcf5624eb49c1e703bea92ad56", "pool_name": "task-pool-636d905db3", "method": "get_fund_asset_ratio", "ok": true, "setup_ms": 0.0, "build_execute_spec_ms": 0.014, "executor_ms": 26365.503, "finalize_ms": 0.0, "total_ms": 26365.517, "error_type": "", "error_message": "", "subprocess": {"decode_ms": 0.805, "worker_decode_ms": 0.805, "invoke_ms": 10564.175, "invoke_wrapper_ms": 0.089, "user_fn_ms": 10564.067, "encode_ms": 24.739, "worker_encode_result_ms": 24.739, "managed_globals_cache_hit": true, "managed_globals_ms": 0.01}, "queue_wait_ms": 15775.784}
2026-05-04 09:51:36,736 INFO pycloud_parallel.service_timing {"event": "task_pool_timing", "pool_id": "700aa7bcf5624eb49c1e703bea92ad56", "pool_name": "task-pool-636d905db3", "method": "get_fund_asset_ratio", "ok": true, "setup_ms": 0.0, "build_execute_spec_ms": 0.012, "executor_ms": 26627.034, "finalize_ms": 0.0, "total_ms": 26627.046, "error_type": "", "error_message": "", "subprocess": {"decode_ms": 1.053, "worker_decode_ms": 1.053, "invoke_ms": 11486.984, "invoke_wrapper_ms": 0.127, "user_fn_ms": 11486.84, "encode_ms": 3.258, "worker_encode_result_ms": 3.258, "managed_globals_cache_hit": true, "managed_globals_ms": 0.009}, "queue_wait_ms": 15135.739}
/opt/anaconda3/lib/python3.13/site-packages/flare_cores/cores.py:2508: FutureWarning: Series.__getitem__ treating keys as positions is deprecated. In a future version, integer keys will always be treated as labels (consistent with DataFrame behavior). To access a value by position, use `ser.iloc[pos]`
  if len(a) > 0 and np.isnan(a[0]):
2026-05-04 09:51:37,599 INFO pycloud_parallel.service_timing {"event": "task_pool_timing", "pool_id": "700aa7bcf5624eb49c1e703bea92ad56", "pool_name": "task-pool-636d905db3", "method": "get_fund_asset_ratio", "ok": true, "setup_ms": 0.0, "build_execute_spec_ms": 0.117, "executor_ms": 12316.323, "finalize_ms": 0.0, "total_ms": 12316.44, "error_type": "", "error_message": "", "subprocess": {"decode_ms": 0.784, "worker_decode_ms": 0.784, "invoke_ms": 8328.051, "invoke_wrapper_ms": 0.086, "user_fn_ms": 8327.946, "encode_ms": 1.376, "worker_encode_result_ms": 1.376, "managed_globals_cache_hit": true, "managed_globals_ms": 0.01}, "queue_wait_ms": 3986.112}
2026-05-04 09:51:37,805 INFO pycloud_parallel.service_timing {"event": "task_pool_timing", "pool_id": "700aa7bcf5624eb49c1e703bea92ad56", "pool_name": "task-pool-636d905db3", "method": "get_fund_asset_ratio", "ok": true, "setup_ms": 0.0, "build_execute_spec_ms": 0.05, "executor_ms": 13943.858, "finalize_ms": 0.0, "total_ms": 13943.908, "error_type": "", "error_message": "", "subprocess": {"decode_ms": 0.8, "worker_decode_ms": 0.8, "invoke_ms": 8746.637, "invoke_wrapper_ms": 0.081, "user_fn_ms": 8746.539, "encode_ms": 1.505, "worker_encode_result_ms": 1.505, "managed_globals_cache_hit": true, "managed_globals_ms": 0.014}, "queue_wait_ms": 5194.916}
/opt/anaconda3/lib/python3.13/site-packages/flare_cores/cores.py:2508: FutureWarning: Series.__getitem__ treating keys as positions is deprecated. In a future version, integer keys will always be treated as labels (consistent with DataFrame behavior). To access a value by position, use `ser.iloc[pos]`
  if len(a) > 0 and np.isnan(a[0]):
2026-05-04 09:51:37,964 INFO pycloud_parallel.service_timing {"event": "task_pool_timing", "pool_id": "700aa7bcf5624eb49c1e703bea92ad56", "pool_name": "task-pool-636d905db3", "method": "get_fund_asset_ratio", "ok": true, "setup_ms": 0.0, "build_execute_spec_ms": 0.062, "executor_ms": 27907.413, "finalize_ms": 0.0, "total_ms": 27907.475, "error_type": "", "error_message": "", "subprocess": {"decode_ms": 2.856, "worker_decode_ms": 2.856, "invoke_ms": 27823.019, "invoke_wrapper_ms": 0.232, "user_fn_ms": 27822.74, "encode_ms": 2.785, "worker_encode_result_ms": 2.785, "managed_globals_cache_hit": true, "managed_globals_ms": 0.012}, "queue_wait_ms": 78.753}
/opt/anaconda3/lib/python3.13/site-packages/flare_cores/cores.py:2508: FutureWarning: Series.__getitem__ treating keys as positions is deprecated. In a future version, integer keys will always be treated as labels (consistent with DataFrame behavior). To access a value by position, use `ser.iloc[pos]`
  if len(a) > 0 and np.isnan(a[0]):
2026-05-04 09:51:38,124 INFO pycloud_parallel.service_timing {"event": "task_pool_timing", "pool_id": "700aa7bcf5624eb49c1e703bea92ad56", "pool_name": "task-pool-636d905db3", "method": "get_fund_asset_ratio", "ok": true, "setup_ms": 0.0, "build_execute_spec_ms": 0.063, "executor_ms": 15562.163, "finalize_ms": 0.0, "total_ms": 15562.226, "error_type": "", "error_message": "", "subprocess": {"decode_ms": 12.374, "worker_decode_ms": 12.374, "invoke_ms": 10335.197, "invoke_wrapper_ms": 0.114, "user_fn_ms": 10335.068, "encode_ms": 1.563, "worker_encode_result_ms": 1.563, "managed_globals_cache_hit": true, "managed_globals_ms": 0.011}, "queue_wait_ms": 5213.029}
/opt/anaconda3/lib/python3.13/site-packages/flare_cores/cores.py:2508: FutureWarning: Series.__getitem__ treating keys as positions is deprecated. In a future version, integer keys will always be treated as labels (consistent with DataFrame behavior). To access a value by position, use `ser.iloc[pos]`
  if len(a) > 0 and np.isnan(a[0]):
2026-05-04 09:51:38,713 INFO pycloud_parallel.service_timing {"event": "task_pool_timing", "pool_id": "700aa7bcf5624eb49c1e703bea92ad56", "pool_name": "task-pool-636d905db3", "method": "get_fund_asset_ratio", "ok": true, "setup_ms": 0.0, "build_execute_spec_ms": 0.061, "executor_ms": 17761.576, "finalize_ms": 0.0, "total_ms": 17761.637, "error_type": "", "error_message": "", "subprocess": {"decode_ms": 0.894, "worker_decode_ms": 0.894, "invoke_ms": 10995.274, "invoke_wrapper_ms": 0.091, "user_fn_ms": 10995.159, "encode_ms": 1.406, "worker_encode_result_ms": 1.406, "managed_globals_cache_hit": true, "managed_globals_ms": 0.012}, "queue_wait_ms": 6764.002}
/opt/anaconda3/lib/python3.13/site-packages/flare_cores/cores.py:2508: FutureWarning: Series.__getitem__ treating keys as positions is deprecated. In a future version, integer keys will always be treated as labels (consistent with DataFrame behavior). To access a value by position, use `ser.iloc[pos]`
  if len(a) > 0 and np.isnan(a[0]):
/opt/anaconda3/lib/python3.13/site-packages/flare_cores/cores.py:2508: FutureWarning: Series.__getitem__ treating keys as positions is deprecated. In a future version, integer keys will always be treated as labels (consistent with DataFrame behavior). To access a value by position, use `ser.iloc[pos]`
  if len(a) > 0 and np.isnan(a[0]):
/opt/anaconda3/lib/python3.13/site-packages/flare_cores/cores.py:2508: FutureWarning: Series.__getitem__ treating keys as positions is deprecated. In a future version, integer keys will always be treated as labels (consistent with DataFrame behavior). To access a value by position, use `ser.iloc[pos]`
  if len(a) > 0 and np.isnan(a[0]):
/opt/anaconda3/lib/python3.13/site-packages/flare_cores/cores.py:2508: FutureWarning: Series.__getitem__ treating keys as positions is deprecated. In a future version, integer keys will always be treated as labels (consistent with DataFrame behavior). To access a value by position, use `ser.iloc[pos]`
  if len(a) > 0 and np.isnan(a[0]):
2026-05-04 09:51:39,835 INFO pycloud_parallel.service_timing {"event": "task_pool_timing", "pool_id": "700aa7bcf5624eb49c1e703bea92ad56", "pool_name": "task-pool-636d905db3", "method": "get_fund_asset_ratio", "ok": true, "setup_ms": 0.0, "build_execute_spec_ms": 0.064, "executor_ms": 12073.793, "finalize_ms": 0.0, "total_ms": 12073.857, "error_type": "", "error_message": "", "subprocess": {"decode_ms": 0.927, "worker_decode_ms": 0.927, "invoke_ms": 6715.141, "invoke_wrapper_ms": 0.096, "user_fn_ms": 6715.028, "encode_ms": 1.532, "worker_encode_result_ms": 1.532, "managed_globals_cache_hit": true, "managed_globals_ms": 0.01}, "queue_wait_ms": 5356.193}
/opt/anaconda3/lib/python3.13/site-packages/flare_cores/cores.py:2508: FutureWarning: Series.__getitem__ treating keys as positions is deprecated. In a future version, integer keys will always be treated as labels (consistent with DataFrame behavior). To access a value by position, use `ser.iloc[pos]`
  if len(a) > 0 and np.isnan(a[0]):
2026-05-04 09:51:40,156 INFO pycloud_parallel.service_timing {"event": "task_pool_timing", "pool_id": "700aa7bcf5624eb49c1e703bea92ad56", "pool_name": "task-pool-636d905db3", "method": "get_fund_asset_ratio", "ok": true, "setup_ms": 0.0, "build_execute_spec_ms": 0.062, "executor_ms": 3643.79, "finalize_ms": 0.0, "total_ms": 3643.852, "error_type": "", "error_message": "", "subprocess": {"decode_ms": 0.591, "worker_decode_ms": 0.591, "invoke_ms": 1998.334, "invoke_wrapper_ms": 0.061, "user_fn_ms": 1998.259, "encode_ms": 1.173, "worker_encode_result_ms": 1.173, "managed_globals_cache_hit": true, "managed_globals_ms": 0.007}, "queue_wait_ms": 1643.692}
/opt/anaconda3/lib/python3.13/site-packages/flare_cores/cores.py:2508: FutureWarning: Series.__getitem__ treating keys as positions is deprecated. In a future version, integer keys will always be treated as labels (consistent with DataFrame behavior). To access a value by position, use `ser.iloc[pos]`
  if len(a) > 0 and np.isnan(a[0]):
2026-05-04 09:51:40,744 INFO pycloud_parallel.service_timing {"event": "task_pool_timing", "pool_id": "700aa7bcf5624eb49c1e703bea92ad56", "pool_name": "task-pool-636d905db3", "method": "get_fund_asset_ratio", "ok": true, "setup_ms": 0.0, "build_execute_spec_ms": 0.052, "executor_ms": 3043.598, "finalize_ms": 0.0, "total_ms": 3043.65, "error_type": "", "error_message": "", "subprocess": {"decode_ms": 0.844, "worker_decode_ms": 0.844, "invoke_ms": 904.105, "invoke_wrapper_ms": 0.073, "user_fn_ms": 904.018, "encode_ms": 0.967, "worker_encode_result_ms": 0.967, "managed_globals_cache_hit": true, "managed_globals_ms": 0.008}, "queue_wait_ms": 2137.682}
2026-05-04 09:51:40,745 INFO pycloud_parallel.service_timing {"event": "task_pool_timing", "pool_id": "700aa7bcf5624eb49c1e703bea92ad56", "pool_name": "task-pool-636d905db3", "method": "get_fund_asset_ratio", "ok": true, "setup_ms": 0.0, "build_execute_spec_ms": 0.058, "executor_ms": 3907.882, "finalize_ms": 0.0, "total_ms": 3907.94, "error_type": "", "error_message": "", "subprocess": {"decode_ms": 0.66, "worker_decode_ms": 0.66, "invoke_ms": 2046.584, "invoke_wrapper_ms": 0.071, "user_fn_ms": 2046.502, "encode_ms": 0.976, "worker_encode_result_ms": 0.976, "managed_globals_cache_hit": true, "managed_globals_ms": 0.008}, "queue_wait_ms": 1859.662}
2026-05-04 09:51:40,904 INFO pycloud_parallel.service_timing {"event": "task_pool_timing", "pool_id": "700aa7bcf5624eb49c1e703bea92ad56", "pool_name": "task-pool-636d905db3", "method": "get_fund_asset_ratio", "ok": true, "setup_ms": 0.0, "build_execute_spec_ms": 0.056, "executor_ms": 14974.963, "finalize_ms": 0.0, "total_ms": 14975.019, "error_type": "", "error_message": "", "subprocess": {"decode_ms": 0.671, "worker_decode_ms": 0.671, "invoke_ms": 8198.748, "invoke_wrapper_ms": 0.062, "user_fn_ms": 8198.672, "encode_ms": 1.27, "worker_encode_result_ms": 1.27, "managed_globals_cache_hit": true, "managed_globals_ms": 0.007}, "queue_wait_ms": 6774.274}
/opt/anaconda3/lib/python3.13/site-packages/flare_cores/cores.py:2508: FutureWarning: Series.__getitem__ treating keys as positions is deprecated. In a future version, integer keys will always be treated as labels (consistent with DataFrame behavior). To access a value by position, use `ser.iloc[pos]`
  if len(a) > 0 and np.isnan(a[0]):
/opt/anaconda3/lib/python3.13/site-packages/flare_cores/cores.py:2508: FutureWarning: Series.__getitem__ treating keys as positions is deprecated. In a future version, integer keys will always be treated as labels (consistent with DataFrame behavior). To access a value by position, use `ser.iloc[pos]`
  if len(a) > 0 and np.isnan(a[0]):
/opt/anaconda3/lib/python3.13/site-packages/flare_cores/cores.py:2508: FutureWarning: Series.__getitem__ treating keys as positions is deprecated. In a future version, integer keys will always be treated as labels (consistent with DataFrame behavior). To access a value by position, use `ser.iloc[pos]`
  if len(a) > 0 and np.isnan(a[0]):
2026-05-04 09:51:41,067 INFO pycloud_parallel.service_timing {"event": "task_pool_timing", "pool_id": "700aa7bcf5624eb49c1e703bea92ad56", "pool_name": "task-pool-636d905db3", "method": "get_fund_asset_ratio", "ok": true, "setup_ms": 0.0, "build_execute_spec_ms": 0.051, "executor_ms": 3246.419, "finalize_ms": 0.0, "total_ms": 3246.47, "error_type": "", "error_message": "", "subprocess": {"decode_ms": 0.656, "worker_decode_ms": 0.656, "invoke_ms": 927.896, "invoke_wrapper_ms": 0.064, "user_fn_ms": 927.817, "encode_ms": 1.513, "worker_encode_result_ms": 1.513, "managed_globals_cache_hit": true, "managed_globals_ms": 0.007}, "queue_wait_ms": 2316.354}
/opt/anaconda3/lib/python3.13/site-packages/flare_cores/cores.py:2508: FutureWarning: Series.__getitem__ treating keys as positions is deprecated. In a future version, integer keys will always be treated as labels (consistent with DataFrame behavior). To access a value by position, use `ser.iloc[pos]`
  if len(a) > 0 and np.isnan(a[0]):
2026-05-04 09:51:41,230 INFO pycloud_parallel.service_timing {"event": "task_pool_timing", "pool_id": "700aa7bcf5624eb49c1e703bea92ad56", "pool_name": "task-pool-636d905db3", "method": "get_fund_asset_ratio", "ok": true, "setup_ms": 0.0, "build_execute_spec_ms": 0.066, "executor_ms": 1358.862, "finalize_ms": 0.0, "total_ms": 1358.928, "error_type": "", "error_message": "", "subprocess": {"decode_ms": 0.537, "worker_decode_ms": 0.537, "invoke_ms": 143.13, "invoke_wrapper_ms": 0.065, "user_fn_ms": 143.05, "encode_ms": 0.86, "worker_encode_result_ms": 0.86, "managed_globals_cache_hit": true, "managed_globals_ms": 0.006}, "queue_wait_ms": 1214.335}
/opt/anaconda3/lib/python3.13/site-packages/flare_cores/cores.py:2508: FutureWarning: Series.__getitem__ treating keys as positions is deprecated. In a future version, integer keys will always be treated as labels (consistent with DataFrame behavior). To access a value by position, use `ser.iloc[pos]`
  if len(a) > 0 and np.isnan(a[0]):
2026-05-04 09:51:41,284 INFO pycloud_parallel.service_timing {"event": "task_pool_timing", "pool_id": "700aa7bcf5624eb49c1e703bea92ad56", "pool_name": "task-pool-636d905db3", "method": "get_fund_asset_ratio", "ok": true, "setup_ms": 0.0, "build_execute_spec_ms": 0.063, "executor_ms": 2490.986, "finalize_ms": 0.0, "total_ms": 2491.049, "error_type": "", "error_message": "", "subprocess": {"decode_ms": 0.782, "worker_decode_ms": 0.782, "invoke_ms": 389.709, "invoke_wrapper_ms": 0.067, "user_fn_ms": 389.628, "encode_ms": 0.956, "worker_encode_result_ms": 0.956, "managed_globals_cache_hit": true, "managed_globals_ms": 0.007}, "queue_wait_ms": 2099.539}
/opt/anaconda3/lib/python3.13/site-packages/flare_cores/cores.py:2508: FutureWarning: Series.__getitem__ treating keys as positions is deprecated. In a future version, integer keys will always be treated as labels (consistent with DataFrame behavior). To access a value by position, use `ser.iloc[pos]`
  if len(a) > 0 and np.isnan(a[0]):
2026-05-04 09:51:41,340 INFO pycloud_parallel.service_timing {"event": "task_pool_timing", "pool_id": "700aa7bcf5624eb49c1e703bea92ad56", "pool_name": "task-pool-636d905db3", "method": "get_fund_asset_ratio", "ok": true, "setup_ms": 0.0, "build_execute_spec_ms": 0.055, "executor_ms": 1145.95, "finalize_ms": 0.0, "total_ms": 1146.005, "error_type": "", "error_message": "", "subprocess": {"decode_ms": 0.828, "worker_decode_ms": 0.828, "invoke_ms": 121.334, "invoke_wrapper_ms": 0.067, "user_fn_ms": 121.249, "encode_ms": 0.922, "worker_encode_result_ms": 0.922, "managed_globals_cache_hit": true, "managed_globals_ms": 0.008}, "queue_wait_ms": 1022.866}
/opt/anaconda3/lib/python3.13/site-packages/flare_cores/cores.py:2508: FutureWarning: Series.__getitem__ treating keys as positions is deprecated. In a future version, integer keys will always be treated as labels (consistent with DataFrame behavior). To access a value by position, use `ser.iloc[pos]`
  if len(a) > 0 and np.isnan(a[0]):
2026-05-04 09:51:41,393 INFO pycloud_parallel.service_timing {"event": "task_pool_timing", "pool_id": "700aa7bcf5624eb49c1e703bea92ad56", "pool_name": "task-pool-636d905db3", "method": "get_fund_asset_ratio", "ok": true, "setup_ms": 0.0, "build_execute_spec_ms": 0.055, "executor_ms": 566.671, "finalize_ms": 0.0, "total_ms": 566.726, "error_type": "", "error_message": "", "subprocess": {"decode_ms": 0.521, "worker_decode_ms": 0.521, "invoke_ms": 113.024, "invoke_wrapper_ms": 0.061, "user_fn_ms": 112.951, "encode_ms": 0.727, "worker_encode_result_ms": 0.727, "managed_globals_cache_hit": true, "managed_globals_ms": 0.005}, "queue_wait_ms": 452.399}
/opt/anaconda3/lib/python3.13/site-packages/flare_cores/cores.py:2508: FutureWarning: Series.__getitem__ treating keys as positions is deprecated. In a future version, integer keys will always be treated as labels (consistent with DataFrame behavior). To access a value by position, use `ser.iloc[pos]`
  if len(a) > 0 and np.isnan(a[0]):
2026-05-04 09:51:41,447 INFO pycloud_parallel.service_timing {"event": "task_pool_timing", "pool_id": "700aa7bcf5624eb49c1e703bea92ad56", "pool_name": "task-pool-636d905db3", "method": "get_fund_asset_ratio", "ok": true, "setup_ms": 0.0, "build_execute_spec_ms": 0.051, "executor_ms": 3408.029, "finalize_ms": 0.0, "total_ms": 3408.08, "error_type": "", "error_message": "", "subprocess": {"decode_ms": 24.5, "worker_decode_ms": 24.5, "invoke_ms": 660.551, "invoke_wrapper_ms": 0.071, "user_fn_ms": 660.466, "encode_ms": 1.927, "worker_encode_result_ms": 1.927, "managed_globals_cache_hit": true, "managed_globals_ms": 0.009}, "queue_wait_ms": 2721.051}
2026-05-04 09:51:41,448 INFO pycloud_parallel.service_timing {"event": "task_pool_timing", "pool_id": "700aa7bcf5624eb49c1e703bea92ad56", "pool_name": "task-pool-636d905db3", "method": "get_fund_asset_ratio", "ok": true, "setup_ms": 0.0, "build_execute_spec_ms": 0.023, "executor_ms": 620.331, "finalize_ms": 0.0, "total_ms": 620.354, "error_type": "", "error_message": "", "subprocess": {"decode_ms": 1.143, "worker_decode_ms": 1.143, "invoke_ms": 101.545, "invoke_wrapper_ms": 0.066, "user_fn_ms": 101.465, "encode_ms": 1.028, "worker_encode_result_ms": 1.028, "managed_globals_cache_hit": true, "managed_globals_ms": 0.007}, "queue_wait_ms": 516.615}
2026-05-04 09:51:41,448 INFO pycloud_parallel.service_timing {"event": "task_pool_timing", "pool_id": "700aa7bcf5624eb49c1e703bea92ad56", "pool_name": "task-pool-636d905db3", "method": "get_fund_asset_ratio", "ok": true, "setup_ms": 0.0, "build_execute_spec_ms": 0.055, "executor_ms": 178.133, "finalize_ms": 0.0, "total_ms": 178.188, "error_type": "", "error_message": "", "subprocess": {"decode_ms": 0.708, "worker_decode_ms": 0.708, "invoke_ms": 3.676, "invoke_wrapper_ms": 0.07, "user_fn_ms": 3.593, "encode_ms": 0.169, "worker_encode_result_ms": 0.169, "managed_globals_cache_hit": true, "managed_globals_ms": 0.007}, "queue_wait_ms": 173.58}
2026-05-04 09:51:41,448 INFO pycloud_parallel.service_timing {"event": "task_pool_timing", "pool_id": "700aa7bcf5624eb49c1e703bea92ad56", "pool_name": "task-pool-636d905db3", "method": "get_fund_asset_ratio", "ok": true, "setup_ms": 0.0, "build_execute_spec_ms": 0.056, "executor_ms": 3297.102, "finalize_ms": 0.0, "total_ms": 3297.158, "error_type": "", "error_message": "", "subprocess": {"decode_ms": 0.729, "worker_decode_ms": 0.729, "invoke_ms": 696.347, "invoke_wrapper_ms": 0.067, "user_fn_ms": 696.269, "encode_ms": 25.895, "worker_encode_result_ms": 25.895, "managed_globals_cache_hit": true, "managed_globals_ms": 0.007}, "queue_wait_ms": 2574.131}
/opt/anaconda3/lib/python3.13/site-packages/flare_cores/cores.py:2508: FutureWarning: Series.__getitem__ treating keys as positions is deprecated. In a future version, integer keys will always be treated as labels (consistent with DataFrame behavior). To access a value by position, use `ser.iloc[pos]`
  if len(a) > 0 and np.isnan(a[0]):
/opt/anaconda3/lib/python3.13/site-packages/flare_cores/cores.py:2508: FutureWarning: Series.__getitem__ treating keys as positions is deprecated. In a future version, integer keys will always be treated as labels (consistent with DataFrame behavior). To access a value by position, use `ser.iloc[pos]`
  if len(a) > 0 and np.isnan(a[0]):
2026-05-04 09:51:41,502 INFO pycloud_parallel.service_timing {"event": "task_pool_timing", "pool_id": "700aa7bcf5624eb49c1e703bea92ad56", "pool_name": "task-pool-636d905db3", "method": "get_fund_asset_ratio", "ok": true, "setup_ms": 0.0, "build_execute_spec_ms": 0.015, "executor_ms": 119.042, "finalize_ms": 0.0, "total_ms": 119.057, "error_type": "", "error_message": "", "subprocess": {"decode_ms": 0.952, "worker_decode_ms": 0.952, "invoke_ms": 4.012, "invoke_wrapper_ms": 0.068, "user_fn_ms": 3.93, "encode_ms": 0.106, "worker_encode_result_ms": 0.106, "managed_globals_cache_hit": true, "managed_globals_ms": 0.007}, "queue_wait_ms": 113.972}
2026-05-04 09:51:41,502 INFO pycloud_parallel.service_timing {"event": "task_pool_timing", "pool_id": "700aa7bcf5624eb49c1e703bea92ad56", "pool_name": "task-pool-636d905db3", "method": "get_fund_asset_ratio", "ok": true, "setup_ms": 0.0, "build_execute_spec_ms": 0.059, "executor_ms": 557.612, "finalize_ms": 0.0, "total_ms": 557.671, "error_type": "", "error_message": "", "subprocess": {"decode_ms": 0.483, "worker_decode_ms": 0.483, "invoke_ms": 93.715, "invoke_wrapper_ms": 0.056, "user_fn_ms": 93.644, "encode_ms": 0.865, "worker_encode_result_ms": 0.865, "managed_globals_cache_hit": true, "managed_globals_ms": 0.005}, "queue_wait_ms": 462.549}
2026-05-04 09:51:41,503 INFO pycloud_parallel.service_timing {"event": "task_pool_timing", "pool_id": "700aa7bcf5624eb49c1e703bea92ad56", "pool_name": "task-pool-636d905db3", "method": "get_fund_asset_ratio", "ok": true, "setup_ms": 0.0, "build_execute_spec_ms": 0.056, "executor_ms": 120.015, "finalize_ms": 0.0, "total_ms": 120.071, "error_type": "", "error_message": "", "subprocess": {"decode_ms": 0.531, "worker_decode_ms": 0.531, "invoke_ms": 64.562, "invoke_wrapper_ms": 0.064, "user_fn_ms": 64.485, "encode_ms": 0.737, "worker_encode_result_ms": 0.737, "managed_globals_cache_hit": true, "managed_globals_ms": 0.006}, "queue_wait_ms": 54.185}
2026-05-04 09:51:41,503 INFO pycloud_parallel.service_timing {"event": "task_pool_timing", "pool_id": "700aa7bcf5624eb49c1e703bea92ad56", "pool_name": "task-pool-636d905db3", "method": "get_fund_asset_ratio", "ok": true, "setup_ms": 0.0, "build_execute_spec_ms": 0.056, "executor_ms": 341.308, "finalize_ms": 0.0, "total_ms": 341.364, "error_type": "", "error_message": "", "subprocess": {"decode_ms": 0.855, "worker_decode_ms": 0.855, "invoke_ms": 79.303, "invoke_wrapper_ms": 0.067, "user_fn_ms": 79.22, "encode_ms": 1.066, "worker_encode_result_ms": 1.066, "managed_globals_cache_hit": true, "managed_globals_ms": 0.168}, "queue_wait_ms": 260.084}
2026-05-04 09:51:41,558 INFO pycloud_parallel.service_timing {"event": "task_pool_timing", "pool_id": "700aa7bcf5624eb49c1e703bea92ad56", "pool_name": "task-pool-636d905db3", "method": "get_fund_asset_ratio", "ok": true, "setup_ms": 0.0, "build_execute_spec_ms": 0.061, "executor_ms": 61.275, "finalize_ms": 0.0, "total_ms": 61.336, "error_type": "", "error_message": "", "subprocess": {"decode_ms": 0.79, "worker_decode_ms": 0.79, "invoke_ms": 3.874, "invoke_wrapper_ms": 0.076, "user_fn_ms": 3.78, "encode_ms": 0.118, "worker_encode_result_ms": 0.118, "managed_globals_cache_hit": true, "managed_globals_ms": 0.009}, "queue_wait_ms": 56.493}
2026-05-04 09:51:41,776 INFO pycloud_parallel.service_timing {"event": "task_pool_timing", "pool_id": "700aa7bcf5624eb49c1e703bea92ad56", "pool_name": "task-pool-636d905db3", "method": "get_fund_asset_ratio", "ok": true, "setup_ms": 0.0, "build_execute_spec_ms": 0.063, "executor_ms": 5821.156, "finalize_ms": 0.0, "total_ms": 5821.219, "error_type": "", "error_message": "", "subprocess": {"decode_ms": 1.399, "worker_decode_ms": 1.399, "invoke_ms": 3819.127, "invoke_wrapper_ms": 0.096, "user_fn_ms": 3819.017, "encode_ms": 1.035, "worker_encode_result_ms": 1.035, "managed_globals_cache_hit": true, "managed_globals_ms": 0.013}, "queue_wait_ms": 1999.595}
2026-05-04 09:51:41,883 INFO pycloud_parallel.service_timing {"event": "task_pool_timing", "pool_id": "700aa7bcf5624eb49c1e703bea92ad56", "pool_name": "task-pool-636d905db3", "method": "get_fund_asset_ratio", "ok": true, "setup_ms": 0.0, "build_execute_spec_ms": 0.064, "executor_ms": 12593.812, "finalize_ms": 0.0, "total_ms": 12593.876, "error_type": "", "error_message": "", "subprocess": {"decode_ms": 0.737, "worker_decode_ms": 0.737, "invoke_ms": 5182.339, "invoke_wrapper_ms": 0.903, "user_fn_ms": 5181.424, "encode_ms": 1.059, "worker_encode_result_ms": 1.059, "managed_globals_cache_hit": true, "managed_globals_ms": 0.007}, "queue_wait_ms": 7409.677}
2026-05-04 09:51:41,939 INFO pycloud_parallel.service_timing {"event": "task_pool_timing", "pool_id": "700aa7bcf5624eb49c1e703bea92ad56", "pool_name": "task-pool-636d905db3", "method": "get_fund_asset_ratio", "ok": true, "setup_ms": 0.0, "build_execute_spec_ms": 0.06, "executor_ms": 9156.225, "finalize_ms": 0.0, "total_ms": 9156.285, "error_type": "", "error_message": "", "subprocess": {"decode_ms": 1.025, "worker_decode_ms": 1.025, "invoke_ms": 4362.652, "invoke_wrapper_ms": 0.075, "user_fn_ms": 4362.565, "encode_ms": 1.062, "worker_encode_result_ms": 1.062, "managed_globals_cache_hit": true, "managed_globals_ms": 0.01}, "queue_wait_ms": 4791.486}
2026-05-04 09:51:41,993 INFO pycloud_parallel.service_timing {"event": "task_pool_timing", "pool_id": "700aa7bcf5624eb49c1e703bea92ad56", "pool_name": "task-pool-636d905db3", "method": "get_fund_asset_ratio", "ok": true, "setup_ms": 0.0, "build_execute_spec_ms": 0.054, "executor_ms": 12926.04, "finalize_ms": 0.0, "total_ms": 12926.094, "error_type": "", "error_message": "", "subprocess": {"decode_ms": 0.877, "worker_decode_ms": 0.877, "invoke_ms": 5553.581, "invoke_wrapper_ms": 0.064, "user_fn_ms": 5553.505, "encode_ms": 1.375, "worker_encode_result_ms": 1.375, "managed_globals_cache_hit": true, "managed_globals_ms": 0.008}, "queue_wait_ms": 7370.207}
2026-05-04 09:51:42,208 INFO pycloud_parallel.service_timing {"event": "task_pool_timing", "pool_id": "700aa7bcf5624eb49c1e703bea92ad56", "pool_name": "task-pool-636d905db3", "method": "get_fund_asset_ratio", "ok": true, "setup_ms": 0.0, "build_execute_spec_ms": 0.189, "executor_ms": 8981.89, "finalize_ms": 0.0, "total_ms": 8982.079, "error_type": "", "error_message": "", "subprocess": {"decode_ms": 0.874, "worker_decode_ms": 0.874, "invoke_ms": 4372.528, "invoke_wrapper_ms": 0.069, "user_fn_ms": 4372.449, "encode_ms": 0.821, "worker_encode_result_ms": 0.821, "managed_globals_cache_hit": true, "managed_globals_ms": 0.009}, "queue_wait_ms": 4607.667}
2026-05-04 09:51:42,263 INFO pycloud_parallel.service_timing {"event": "task_pool_timing", "pool_id": "700aa7bcf5624eb49c1e703bea92ad56", "pool_name": "task-pool-636d905db3", "method": "get_fund_asset_ratio", "ok": true, "setup_ms": 0.0, "build_execute_spec_ms": 0.051, "executor_ms": 14381.096, "finalize_ms": 0.0, "total_ms": 14381.147, "error_type": "", "error_message": "", "subprocess": {"decode_ms": 1.069, "worker_decode_ms": 1.069, "invoke_ms": 6367.201, "invoke_wrapper_ms": 0.074, "user_fn_ms": 6367.117, "encode_ms": 0.74, "worker_encode_result_ms": 0.74, "managed_globals_cache_hit": true, "managed_globals_ms": 0.007}, "queue_wait_ms": 8012.086}
I0504 09:51:42.315255 7587045 fork_posix.cc:71] Other threads are currently calling into gRPC, skipping fork() handlers
I0504 09:51:42.319247 7587073 ev_poll_posix.cc:593] FD from fork parent still in poll list: fd(6, generation: 1)
/opt/anaconda3/lib/python3.13/site-packages/flare_cores/cores.py:2508: FutureWarning: Series.__getitem__ treating keys as positions is deprecated. In a future version, integer keys will always be treated as labels (consistent with DataFrame behavior). To access a value by position, use `ser.iloc[pos]`
  if len(a) > 0 and np.isnan(a[0]):
/opt/anaconda3/lib/python3.13/site-packages/flare_cores/cores.py:2508: FutureWarning: Series.__getitem__ treating keys as positions is deprecated. In a future version, integer keys will always be treated as labels (consistent with DataFrame behavior). To access a value by position, use `ser.iloc[pos]`
  if len(a) > 0 and np.isnan(a[0]):
/opt/anaconda3/lib/python3.13/site-packages/flare_cores/cores.py:2508: FutureWarning: Series.__getitem__ treating keys as positions is deprecated. In a future version, integer keys will always be treated as labels (consistent with DataFrame behavior). To access a value by position, use `ser.iloc[pos]`
  if len(a) > 0 and np.isnan(a[0]):
/opt/anaconda3/lib/python3.13/site-packages/flare_cores/cores.py:2508: FutureWarning: Series.__getitem__ treating keys as positions is deprecated. In a future version, integer keys will always be treated as labels (consistent with DataFrame behavior). To access a value by position, use `ser.iloc[pos]`
  if len(a) > 0 and np.isnan(a[0]):
/opt/anaconda3/lib/python3.13/site-packages/flare_cores/cores.py:2508: FutureWarning: Series.__getitem__ treating keys as positions is deprecated. In a future version, integer keys will always be treated as labels (consistent with DataFrame behavior). To access a value by position, use `ser.iloc[pos]`
  if len(a) > 0 and np.isnan(a[0]):
/opt/anaconda3/lib/python3.13/site-packages/flare_cores/cores.py:2508: FutureWarning: Series.__getitem__ treating keys as positions is deprecated. In a future version, integer keys will always be treated as labels (consistent with DataFrame behavior). To access a value by position, use `ser.iloc[pos]`
  if len(a) > 0 and np.isnan(a[0]):
/opt/anaconda3/lib/python3.13/site-packages/flare_cores/cores.py:2508: FutureWarning: Series.__getitem__ treating keys as positions is deprecated. In a future version, integer keys will always be treated as labels (consistent with DataFrame behavior). To access a value by position, use `ser.iloc[pos]`
  if len(a) > 0 and np.isnan(a[0]):
/opt/anaconda3/lib/python3.13/site-packages/flare_cores/cores.py:2508: FutureWarning: Series.__getitem__ treating keys as positions is deprecated. In a future version, integer keys will always be treated as labels (consistent with DataFrame behavior). To access a value by position, use `ser.iloc[pos]`
  if len(a) > 0 and np.isnan(a[0]):
/opt/anaconda3/lib/python3.13/site-packages/flare_cores/cores.py:2508: FutureWarning: Series.__getitem__ treating keys as positions is deprecated. In a future version, integer keys will always be treated as labels (consistent with DataFrame behavior). To access a value by position, use `ser.iloc[pos]`
  if len(a) > 0 and np.isnan(a[0]):
/opt/anaconda3/lib/python3.13/site-packages/flare_cores/cores.py:2508: FutureWarning: Series.__getitem__ treating keys as positions is deprecated. In a future version, integer keys will always be treated as labels (consistent with DataFrame behavior). To access a value by position, use `ser.iloc[pos]`
  if len(a) > 0 and np.isnan(a[0]):
2026-05-04 09:51:56,775 INFO pycloud_parallel.service_timing {"event": "task_pool_timing", "pool_id": "78d8e258862e4e4c93efc88c872fbb42", "pool_name": "task-pool-fd0d14e5d8", "method": "get_fund_asset_ratio", "ok": true, "setup_ms": 0.0, "build_execute_spec_ms": 0.028, "executor_ms": 10714.662, "finalize_ms": 0.0, "total_ms": 10714.69, "error_type": "", "error_message": "", "subprocess": {"decode_ms": 1.4, "worker_decode_ms": 1.4, "invoke_ms": 10631.571, "invoke_wrapper_ms": 0.358, "user_fn_ms": 10631.169, "encode_ms": 1.755, "worker_encode_result_ms": 1.755, "managed_globals_cache_hit": true, "managed_globals_ms": 0.013}, "queue_wait_ms": 79.936}
2026-05-04 09:51:58,059 INFO pycloud_parallel.service_timing {"event": "task_pool_timing", "pool_id": "78d8e258862e4e4c93efc88c872fbb42", "pool_name": "task-pool-fd0d14e5d8", "method": "get_fund_asset_ratio", "ok": true, "setup_ms": 0.0, "build_execute_spec_ms": 0.013, "executor_ms": 12002.808, "finalize_ms": 0.0, "total_ms": 12002.821, "error_type": "", "error_message": "", "subprocess": {"decode_ms": 1.133, "worker_decode_ms": 1.133, "invoke_ms": 11967.997, "invoke_wrapper_ms": 0.317, "user_fn_ms": 11967.629, "encode_ms": 1.908, "worker_encode_result_ms": 1.908, "managed_globals_cache_hit": true, "managed_globals_ms": 0.022}, "queue_wait_ms": 31.77}
2026-05-04 09:51:59,410 INFO pycloud_parallel.service_timing {"event": "task_pool_timing", "pool_id": "78d8e258862e4e4c93efc88c872fbb42", "pool_name": "task-pool-fd0d14e5d8", "method": "get_fund_asset_ratio", "ok": true, "setup_ms": 0.0, "build_execute_spec_ms": 0.014, "executor_ms": 13353.936, "finalize_ms": 0.0, "total_ms": 13353.95, "error_type": "", "error_message": "", "subprocess": {"decode_ms": 2.318, "worker_decode_ms": 2.318, "invoke_ms": 13311.008, "invoke_wrapper_ms": 1.788, "user_fn_ms": 13309.177, "encode_ms": 1.576, "worker_encode_result_ms": 1.576, "managed_globals_cache_hit": true, "managed_globals_ms": 0.013}, "queue_wait_ms": 39.034}
/opt/anaconda3/lib/python3.13/site-packages/flare_cores/cores.py:2508: FutureWarning: Series.__getitem__ treating keys as positions is deprecated. In a future version, integer keys will always be treated as labels (consistent with DataFrame behavior). To access a value by position, use `ser.iloc[pos]`
  if len(a) > 0 and np.isnan(a[0]):
/opt/anaconda3/lib/python3.13/site-packages/flare_cores/cores.py:2508: FutureWarning: Series.__getitem__ treating keys as positions is deprecated. In a future version, integer keys will always be treated as labels (consistent with DataFrame behavior). To access a value by position, use `ser.iloc[pos]`
  if len(a) > 0 and np.isnan(a[0]):
2026-05-04 09:52:00,856 INFO pycloud_parallel.service_timing {"event": "task_pool_timing", "pool_id": "78d8e258862e4e4c93efc88c872fbb42", "pool_name": "task-pool-fd0d14e5d8", "method": "get_fund_asset_ratio", "ok": true, "setup_ms": 0.0, "build_execute_spec_ms": 0.012, "executor_ms": 14800.317, "finalize_ms": 0.0, "total_ms": 14800.329, "error_type": "", "error_message": "", "subprocess": {"decode_ms": 1.06, "worker_decode_ms": 1.06, "invoke_ms": 14770.003, "invoke_wrapper_ms": 0.254, "user_fn_ms": 14769.702, "encode_ms": 3.96, "worker_encode_result_ms": 3.96, "managed_globals_cache_hit": true, "managed_globals_ms": 0.013}, "queue_wait_ms": 25.294}
2026-05-04 09:52:01,493 INFO pycloud_parallel.service_timing {"event": "task_pool_timing", "pool_id": "78d8e258862e4e4c93efc88c872fbb42", "pool_name": "task-pool-fd0d14e5d8", "method": "get_fund_asset_ratio", "ok": true, "setup_ms": 0.0, "build_execute_spec_ms": 0.017, "executor_ms": 15438.583, "finalize_ms": 0.0, "total_ms": 15438.6, "error_type": "", "error_message": "", "subprocess": {"decode_ms": 1.062, "worker_decode_ms": 1.062, "invoke_ms": 15408.052, "invoke_wrapper_ms": 0.283, "user_fn_ms": 15407.729, "encode_ms": 1.907, "worker_encode_result_ms": 1.907, "managed_globals_cache_hit": true, "managed_globals_ms": 0.011}, "queue_wait_ms": 27.562}
/opt/anaconda3/lib/python3.13/site-packages/flare_cores/cores.py:2508: FutureWarning: Series.__getitem__ treating keys as positions is deprecated. In a future version, integer keys will always be treated as labels (consistent with DataFrame behavior). To access a value by position, use `ser.iloc[pos]`
  if len(a) > 0 and np.isnan(a[0]):
2026-05-04 09:52:03,045 INFO pycloud_parallel.service_timing {"event": "task_pool_timing", "pool_id": "78d8e258862e4e4c93efc88c872fbb42", "pool_name": "task-pool-fd0d14e5d8", "method": "get_fund_asset_ratio", "ok": true, "setup_ms": 0.0, "build_execute_spec_ms": 0.02, "executor_ms": 16991.108, "finalize_ms": 0.0, "total_ms": 16991.128, "error_type": "", "error_message": "", "subprocess": {"decode_ms": 0.985, "worker_decode_ms": 0.985, "invoke_ms": 16946.721, "invoke_wrapper_ms": 0.297, "user_fn_ms": 16946.37, "encode_ms": 2.02, "worker_encode_result_ms": 2.02, "managed_globals_cache_hit": true, "managed_globals_ms": 0.012}, "queue_wait_ms": 41.382}
/opt/anaconda3/lib/python3.13/site-packages/flare_cores/cores.py:2508: FutureWarning: Series.__getitem__ treating keys as positions is deprecated. In a future version, integer keys will always be treated as labels (consistent with DataFrame behavior). To access a value by position, use `ser.iloc[pos]`
  if len(a) > 0 and np.isnan(a[0]):
2026-05-04 09:52:03,735 INFO pycloud_parallel.service_timing {"event": "task_pool_timing", "pool_id": "78d8e258862e4e4c93efc88c872fbb42", "pool_name": "task-pool-fd0d14e5d8", "method": "get_fund_asset_ratio", "ok": true, "setup_ms": 0.0, "build_execute_spec_ms": 0.014, "executor_ms": 17680.662, "finalize_ms": 0.0, "total_ms": 17680.676, "error_type": "", "error_message": "", "subprocess": {"decode_ms": 1.044, "worker_decode_ms": 1.044, "invoke_ms": 17616.981, "invoke_wrapper_ms": 0.279, "user_fn_ms": 17616.662, "encode_ms": 4.007, "worker_encode_result_ms": 4.007, "managed_globals_cache_hit": true, "managed_globals_ms": 0.012}, "queue_wait_ms": 58.63}
/opt/anaconda3/lib/python3.13/site-packages/flare_cores/cores.py:2508: FutureWarning: Series.__getitem__ treating keys as positions is deprecated. In a future version, integer keys will always be treated as labels (consistent with DataFrame behavior). To access a value by position, use `ser.iloc[pos]`
  if len(a) > 0 and np.isnan(a[0]):
2026-05-04 09:52:04,813 INFO pycloud_parallel.service_timing {"event": "task_pool_timing", "pool_id": "78d8e258862e4e4c93efc88c872fbb42", "pool_name": "task-pool-fd0d14e5d8", "method": "get_fund_asset_ratio", "ok": true, "setup_ms": 0.0, "build_execute_spec_ms": 0.019, "executor_ms": 18760.103, "finalize_ms": 0.0, "total_ms": 18760.122, "error_type": "", "error_message": "", "subprocess": {"decode_ms": 1.521, "worker_decode_ms": 1.521, "invoke_ms": 18698.192, "invoke_wrapper_ms": 0.276, "user_fn_ms": 18697.884, "encode_ms": 25.729, "worker_encode_result_ms": 25.729, "managed_globals_cache_hit": true, "managed_globals_ms": 0.011}, "queue_wait_ms": 34.661}
2026-05-04 09:52:05,138 INFO pycloud_parallel.service_timing {"event": "task_pool_timing", "pool_id": "78d8e258862e4e4c93efc88c872fbb42", "pool_name": "task-pool-fd0d14e5d8", "method": "get_fund_asset_ratio", "ok": true, "setup_ms": 0.0, "build_execute_spec_ms": 0.019, "executor_ms": 19084.605, "finalize_ms": 0.0, "total_ms": 19084.624, "error_type": "", "error_message": "", "subprocess": {"decode_ms": 0.954, "worker_decode_ms": 0.954, "invoke_ms": 19029.062, "invoke_wrapper_ms": 0.253, "user_fn_ms": 19028.517, "encode_ms": 2.164, "worker_encode_result_ms": 2.164, "managed_globals_cache_hit": true, "managed_globals_ms": 0.012}, "queue_wait_ms": 52.425}
/opt/anaconda3/lib/python3.13/site-packages/flare_cores/cores.py:2508: FutureWarning: Series.__getitem__ treating keys as positions is deprecated. In a future version, integer keys will always be treated as labels (consistent with DataFrame behavior). To access a value by position, use `ser.iloc[pos]`
  if len(a) > 0 and np.isnan(a[0]):
/opt/anaconda3/lib/python3.13/site-packages/flare_cores/cores.py:2508: FutureWarning: Series.__getitem__ treating keys as positions is deprecated. In a future version, integer keys will always be treated as labels (consistent with DataFrame behavior). To access a value by position, use `ser.iloc[pos]`
  if len(a) > 0 and np.isnan(a[0]):
/opt/anaconda3/lib/python3.13/site-packages/flare_cores/cores.py:2508: FutureWarning: Series.__getitem__ treating keys as positions is deprecated. In a future version, integer keys will always be treated as labels (consistent with DataFrame behavior). To access a value by position, use `ser.iloc[pos]`
  if len(a) > 0 and np.isnan(a[0]):
/opt/anaconda3/lib/python3.13/site-packages/flare_cores/cores.py:2508: FutureWarning: Series.__getitem__ treating keys as positions is deprecated. In a future version, integer keys will always be treated as labels (consistent with DataFrame behavior). To access a value by position, use `ser.iloc[pos]`
  if len(a) > 0 and np.isnan(a[0]):
2026-05-04 09:52:08,510 INFO pycloud_parallel.service_timing {"event": "task_pool_timing", "pool_id": "78d8e258862e4e4c93efc88c872fbb42", "pool_name": "task-pool-fd0d14e5d8", "method": "get_fund_asset_ratio", "ok": true, "setup_ms": 0.0, "build_execute_spec_ms": 0.118, "executor_ms": 22449.102, "finalize_ms": 0.0, "total_ms": 22449.22, "error_type": "", "error_message": "", "subprocess": {"decode_ms": 0.872, "worker_decode_ms": 0.872, "invoke_ms": 11724.119, "invoke_wrapper_ms": 0.089, "user_fn_ms": 11724.013, "encode_ms": 2.325, "worker_encode_result_ms": 2.325, "managed_globals_cache_hit": true, "managed_globals_ms": 0.013}, "queue_wait_ms": 10721.786}
2026-05-04 09:52:08,620 INFO pycloud_parallel.service_timing {"event": "task_pool_timing", "pool_id": "78d8e258862e4e4c93efc88c872fbb42", "pool_name": "task-pool-fd0d14e5d8", "method": "get_fund_asset_ratio", "ok": true, "setup_ms": 0.0, "build_execute_spec_ms": 0.038, "executor_ms": 22554.161, "finalize_ms": 0.0, "total_ms": 22554.199, "error_type": "", "error_message": "", "subprocess": {"decode_ms": 0.789, "worker_decode_ms": 0.789, "invoke_ms": 10548.043, "invoke_wrapper_ms": 0.091, "user_fn_ms": 10547.934, "encode_ms": 1.131, "worker_encode_result_ms": 1.131, "managed_globals_cache_hit": true, "managed_globals_ms": 0.01}, "queue_wait_ms": 12004.198}
/opt/anaconda3/lib/python3.13/site-packages/flare_cores/cores.py:2508: FutureWarning: Series.__getitem__ treating keys as positions is deprecated. In a future version, integer keys will always be treated as labels (consistent with DataFrame behavior). To access a value by position, use `ser.iloc[pos]`
  if len(a) > 0 and np.isnan(a[0]):
2026-05-04 09:52:10,116 INFO pycloud_parallel.service_timing {"event": "task_pool_timing", "pool_id": "78d8e258862e4e4c93efc88c872fbb42", "pool_name": "task-pool-fd0d14e5d8", "method": "get_fund_asset_ratio", "ok": true, "setup_ms": 0.0, "build_execute_spec_ms": 0.03, "executor_ms": 24049.401, "finalize_ms": 0.0, "total_ms": 24049.431, "error_type": "", "error_message": "", "subprocess": {"decode_ms": 0.751, "worker_decode_ms": 0.751, "invoke_ms": 10697.882, "invoke_wrapper_ms": 0.083, "user_fn_ms": 10697.78, "encode_ms": 14.684, "worker_encode_result_ms": 14.684, "managed_globals_cache_hit": true, "managed_globals_ms": 0.013}, "queue_wait_ms": 13336.084}
/opt/anaconda3/lib/python3.13/site-packages/flare_cores/cores.py:2508: FutureWarning: Series.__getitem__ treating keys as positions is deprecated. In a future version, integer keys will always be treated as labels (consistent with DataFrame behavior). To access a value by position, use `ser.iloc[pos]`
  if len(a) > 0 and np.isnan(a[0]):
2026-05-04 09:52:10,857 INFO pycloud_parallel.service_timing {"event": "task_pool_timing", "pool_id": "78d8e258862e4e4c93efc88c872fbb42", "pool_name": "task-pool-fd0d14e5d8", "method": "get_fund_asset_ratio", "ok": true, "setup_ms": 0.0, "build_execute_spec_ms": 0.018, "executor_ms": 24789.328, "finalize_ms": 0.0, "total_ms": 24789.346, "error_type": "", "error_message": "", "subprocess": {"decode_ms": 0.895, "worker_decode_ms": 0.895, "invoke_ms": 9309.316, "invoke_wrapper_ms": 0.092, "user_fn_ms": 9309.21, "encode_ms": 13.218, "worker_encode_result_ms": 13.218, "managed_globals_cache_hit": true, "managed_globals_ms": 0.01}, "queue_wait_ms": 15465.899}
2026-05-04 09:52:11,178 INFO pycloud_parallel.service_timing {"event": "task_pool_timing", "pool_id": "78d8e258862e4e4c93efc88c872fbb42", "pool_name": "task-pool-fd0d14e5d8", "method": "get_fund_asset_ratio", "ok": true, "setup_ms": 0.0, "build_execute_spec_ms": 0.026, "executor_ms": 25110.392, "finalize_ms": 0.0, "total_ms": 25110.418, "error_type": "", "error_message": "", "subprocess": {"decode_ms": 0.962, "worker_decode_ms": 0.962, "invoke_ms": 10236.59, "invoke_wrapper_ms": 0.116, "user_fn_ms": 10236.458, "encode_ms": 35.111, "worker_encode_result_ms": 35.111, "managed_globals_cache_hit": true, "managed_globals_ms": 0.012}, "queue_wait_ms": 14837.729}
/opt/anaconda3/lib/python3.13/site-packages/flare_cores/cores.py:2508: FutureWarning: Series.__getitem__ treating keys as positions is deprecated. In a future version, integer keys will always be treated as labels (consistent with DataFrame behavior). To access a value by position, use `ser.iloc[pos]`
  if len(a) > 0 and np.isnan(a[0]):
/opt/anaconda3/lib/python3.13/site-packages/flare_cores/cores.py:2508: FutureWarning: Series.__getitem__ treating keys as positions is deprecated. In a future version, integer keys will always be treated as labels (consistent with DataFrame behavior). To access a value by position, use `ser.iloc[pos]`
  if len(a) > 0 and np.isnan(a[0]):
/opt/anaconda3/lib/python3.13/site-packages/flare_cores/cores.py:2508: FutureWarning: Series.__getitem__ treating keys as positions is deprecated. In a future version, integer keys will always be treated as labels (consistent with DataFrame behavior). To access a value by position, use `ser.iloc[pos]`
  if len(a) > 0 and np.isnan(a[0]):
2026-05-04 09:52:12,458 INFO pycloud_parallel.service_timing {"event": "task_pool_timing", "pool_id": "78d8e258862e4e4c93efc88c872fbb42", "pool_name": "task-pool-fd0d14e5d8", "method": "get_fund_asset_ratio", "ok": true, "setup_ms": 0.0, "build_execute_spec_ms": 0.058, "executor_ms": 11558.956, "finalize_ms": 0.0, "total_ms": 11559.014, "error_type": "", "error_message": "", "subprocess": {"decode_ms": 0.699, "worker_decode_ms": 0.699, "invoke_ms": 7329.653, "invoke_wrapper_ms": 0.081, "user_fn_ms": 7329.555, "encode_ms": 3.944, "worker_encode_result_ms": 3.944, "managed_globals_cache_hit": true, "managed_globals_ms": 0.009}, "queue_wait_ms": 4224.66}
2026-05-04 09:52:12,458 INFO pycloud_parallel.service_timing {"event": "task_pool_timing", "pool_id": "78d8e258862e4e4c93efc88c872fbb42", "pool_name": "task-pool-fd0d14e5d8", "method": "get_fund_asset_ratio", "ok": true, "setup_ms": 0.0, "build_execute_spec_ms": 0.051, "executor_ms": 15634.606, "finalize_ms": 0.0, "total_ms": 15634.657, "error_type": "", "error_message": "", "subprocess": {"decode_ms": 0.814, "worker_decode_ms": 0.814, "invoke_ms": 9414.863, "invoke_wrapper_ms": 0.101, "user_fn_ms": 9414.748, "encode_ms": 17.158, "worker_encode_result_ms": 17.158, "managed_globals_cache_hit": true, "managed_globals_ms": 0.01}, "queue_wait_ms": 6201.771}
2026-05-04 09:52:12,614 INFO pycloud_parallel.service_timing {"event": "task_pool_timing", "pool_id": "78d8e258862e4e4c93efc88c872fbb42", "pool_name": "task-pool-fd0d14e5d8", "method": "get_fund_asset_ratio", "ok": true, "setup_ms": 0.0, "build_execute_spec_ms": 0.058, "executor_ms": 13180.532, "finalize_ms": 0.0, "total_ms": 13180.59, "error_type": "", "error_message": "", "subprocess": {"decode_ms": 0.721, "worker_decode_ms": 0.721, "invoke_ms": 7822.189, "invoke_wrapper_ms": 0.087, "user_fn_ms": 7822.085, "encode_ms": 1.527, "worker_encode_result_ms": 1.527, "managed_globals_cache_hit": true, "managed_globals_ms": 0.01}, "queue_wait_ms": 5356.095}
2026-05-04 09:52:12,932 INFO pycloud_parallel.service_timing {"event": "task_pool_timing", "pool_id": "78d8e258862e4e4c93efc88c872fbb42", "pool_name": "task-pool-fd0d14e5d8", "method": "get_fund_asset_ratio", "ok": true, "setup_ms": 0.0, "build_execute_spec_ms": 0.049, "executor_ms": 14803.8, "finalize_ms": 0.0, "total_ms": 14803.849, "error_type": "", "error_message": "", "subprocess": {"decode_ms": 0.756, "worker_decode_ms": 0.756, "invoke_ms": 9210.361, "invoke_wrapper_ms": 0.082, "user_fn_ms": 9210.263, "encode_ms": 1.279, "worker_encode_result_ms": 1.279, "managed_globals_cache_hit": true, "managed_globals_ms": 0.009}, "queue_wait_ms": 5591.404}
2026-05-04 09:52:12,933 INFO pycloud_parallel.service_timing {"event": "task_pool_timing", "pool_id": "78d8e258862e4e4c93efc88c872fbb42", "pool_name": "task-pool-fd0d14e5d8", "method": "get_fund_asset_ratio", "ok": true, "setup_ms": 0.0, "build_execute_spec_ms": 0.054, "executor_ms": 26881.002, "finalize_ms": 0.0, "total_ms": 26881.056, "error_type": "", "error_message": "", "subprocess": {"decode_ms": 2.724, "worker_decode_ms": 2.724, "invoke_ms": 26840.13, "invoke_wrapper_ms": 0.202, "user_fn_ms": 26839.895, "encode_ms": 1.477, "worker_encode_result_ms": 1.477, "managed_globals_cache_hit": true, "managed_globals_ms": 0.014}, "queue_wait_ms": 36.671}
/opt/anaconda3/lib/python3.13/site-packages/flare_cores/cores.py:2508: FutureWarning: Series.__getitem__ treating keys as positions is deprecated. In a future version, integer keys will always be treated as labels (consistent with DataFrame behavior). To access a value by position, use `ser.iloc[pos]`
  if len(a) > 0 and np.isnan(a[0]):
/opt/anaconda3/lib/python3.13/site-packages/flare_cores/cores.py:2508: FutureWarning: Series.__getitem__ treating keys as positions is deprecated. In a future version, integer keys will always be treated as labels (consistent with DataFrame behavior). To access a value by position, use `ser.iloc[pos]`
  if len(a) > 0 and np.isnan(a[0]):
/opt/anaconda3/lib/python3.13/site-packages/flare_cores/cores.py:2508: FutureWarning: Series.__getitem__ treating keys as positions is deprecated. In a future version, integer keys will always be treated as labels (consistent with DataFrame behavior). To access a value by position, use `ser.iloc[pos]`
  if len(a) > 0 and np.isnan(a[0]):
/opt/anaconda3/lib/python3.13/site-packages/flare_cores/cores.py:2508: FutureWarning: Series.__getitem__ treating keys as positions is deprecated. In a future version, integer keys will always be treated as labels (consistent with DataFrame behavior). To access a value by position, use `ser.iloc[pos]`
  if len(a) > 0 and np.isnan(a[0]):
/opt/anaconda3/lib/python3.13/site-packages/flare_cores/cores.py:2508: FutureWarning: Series.__getitem__ treating keys as positions is deprecated. In a future version, integer keys will always be treated as labels (consistent with DataFrame behavior). To access a value by position, use `ser.iloc[pos]`
  if len(a) > 0 and np.isnan(a[0]):
2026-05-04 09:52:14,213 INFO pycloud_parallel.service_timing {"event": "task_pool_timing", "pool_id": "78d8e258862e4e4c93efc88c872fbb42", "pool_name": "task-pool-fd0d14e5d8", "method": "get_fund_asset_ratio", "ok": true, "setup_ms": 0.0, "build_execute_spec_ms": 0.049, "executor_ms": 11127.022, "finalize_ms": 0.0, "total_ms": 11127.071, "error_type": "", "error_message": "", "subprocess": {"decode_ms": 0.651, "worker_decode_ms": 0.651, "invoke_ms": 5556.08, "invoke_wrapper_ms": 0.063, "user_fn_ms": 5556.004, "encode_ms": 1.166, "worker_encode_result_ms": 1.166, "managed_globals_cache_hit": true, "managed_globals_ms": 0.006}, "queue_wait_ms": 5569.125}
/opt/anaconda3/lib/python3.13/site-packages/flare_cores/cores.py:2508: FutureWarning: Series.__getitem__ treating keys as positions is deprecated. In a future version, integer keys will always be treated as labels (consistent with DataFrame behavior). To access a value by position, use `ser.iloc[pos]`
  if len(a) > 0 and np.isnan(a[0]):
2026-05-04 09:52:14,913 INFO pycloud_parallel.service_timing {"event": "task_pool_timing", "pool_id": "78d8e258862e4e4c93efc88c872fbb42", "pool_name": "task-pool-fd0d14e5d8", "method": "get_fund_asset_ratio", "ok": true, "setup_ms": 0.0, "build_execute_spec_ms": 0.055, "executor_ms": 3639.313, "finalize_ms": 0.0, "total_ms": 3639.368, "error_type": "", "error_message": "", "subprocess": {"decode_ms": 0.737, "worker_decode_ms": 0.737, "invoke_ms": 2006.261, "invoke_wrapper_ms": 0.087, "user_fn_ms": 2006.156, "encode_ms": 1.124, "worker_encode_result_ms": 1.124, "managed_globals_cache_hit": true, "managed_globals_ms": 0.011}, "queue_wait_ms": 1631.191}
2026-05-04 09:52:15,128 INFO pycloud_parallel.service_timing {"event": "task_pool_timing", "pool_id": "78d8e258862e4e4c93efc88c872fbb42", "pool_name": "task-pool-fd0d14e5d8", "method": "get_fund_asset_ratio", "ok": true, "setup_ms": 0.0, "build_execute_spec_ms": 0.056, "executor_ms": 2647.136, "finalize_ms": 0.0, "total_ms": 2647.192, "error_type": "", "error_message": "", "subprocess": {"decode_ms": 0.715, "worker_decode_ms": 0.715, "invoke_ms": 925.96, "invoke_wrapper_ms": 0.064, "user_fn_ms": 925.882, "encode_ms": 1.096, "worker_encode_result_ms": 1.096, "managed_globals_cache_hit": true, "managed_globals_ms": 0.007}, "queue_wait_ms": 1719.365}
/opt/anaconda3/lib/python3.13/site-packages/flare_cores/cores.py:2508: FutureWarning: Series.__getitem__ treating keys as positions is deprecated. In a future version, integer keys will always be treated as labels (consistent with DataFrame behavior). To access a value by position, use `ser.iloc[pos]`
  if len(a) > 0 and np.isnan(a[0]):
/opt/anaconda3/lib/python3.13/site-packages/flare_cores/cores.py:2508: FutureWarning: Series.__getitem__ treating keys as positions is deprecated. In a future version, integer keys will always be treated as labels (consistent with DataFrame behavior). To access a value by position, use `ser.iloc[pos]`
  if len(a) > 0 and np.isnan(a[0]):
2026-05-04 09:52:15,504 INFO pycloud_parallel.service_timing {"event": "task_pool_timing", "pool_id": "78d8e258862e4e4c93efc88c872fbb42", "pool_name": "task-pool-fd0d14e5d8", "method": "get_fund_asset_ratio", "ok": true, "setup_ms": 0.0, "build_execute_spec_ms": 0.056, "executor_ms": 13954.937, "finalize_ms": 0.0, "total_ms": 13954.993, "error_type": "", "error_message": "", "subprocess": {"decode_ms": 0.847, "worker_decode_ms": 0.847, "invoke_ms": 6953.21, "invoke_wrapper_ms": 0.066, "user_fn_ms": 6953.131, "encode_ms": 28.156, "worker_encode_result_ms": 28.156, "managed_globals_cache_hit": true, "managed_globals_ms": 0.008}, "queue_wait_ms": 6972.724}
/opt/anaconda3/lib/python3.13/site-packages/flare_cores/cores.py:2508: FutureWarning: Series.__getitem__ treating keys as positions is deprecated. In a future version, integer keys will always be treated as labels (consistent with DataFrame behavior). To access a value by position, use `ser.iloc[pos]`
  if len(a) > 0 and np.isnan(a[0]):
2026-05-04 09:52:15,771 INFO pycloud_parallel.service_timing {"event": "task_pool_timing", "pool_id": "78d8e258862e4e4c93efc88c872fbb42", "pool_name": "task-pool-fd0d14e5d8", "method": "get_fund_asset_ratio", "ok": true, "setup_ms": 0.0, "build_execute_spec_ms": 0.049, "executor_ms": 3066.589, "finalize_ms": 0.0, "total_ms": 3066.638, "error_type": "", "error_message": "", "subprocess": {"decode_ms": 0.554, "worker_decode_ms": 0.554, "invoke_ms": 643.421, "invoke_wrapper_ms": 0.064, "user_fn_ms": 643.34, "encode_ms": 1.068, "worker_encode_result_ms": 1.068, "managed_globals_cache_hit": true, "managed_globals_ms": 0.006}, "queue_wait_ms": 2421.546}
/opt/anaconda3/lib/python3.13/site-packages/flare_cores/cores.py:2508: FutureWarning: Series.__getitem__ treating keys as positions is deprecated. In a future version, integer keys will always be treated as labels (consistent with DataFrame behavior). To access a value by position, use `ser.iloc[pos]`
  if len(a) > 0 and np.isnan(a[0]):
2026-05-04 09:52:15,985 INFO pycloud_parallel.service_timing {"event": "task_pool_timing", "pool_id": "78d8e258862e4e4c93efc88c872fbb42", "pool_name": "task-pool-fd0d14e5d8", "method": "get_fund_asset_ratio", "ok": true, "setup_ms": 0.0, "build_execute_spec_ms": 0.02, "executor_ms": 3503.684, "finalize_ms": 0.0, "total_ms": 3503.704, "error_type": "", "error_message": "", "subprocess": {"decode_ms": 0.637, "worker_decode_ms": 0.637, "invoke_ms": 1053.437, "invoke_wrapper_ms": 0.071, "user_fn_ms": 1053.351, "encode_ms": 0.926, "worker_encode_result_ms": 0.926, "managed_globals_cache_hit": true, "managed_globals_ms": 0.007}, "queue_wait_ms": 2448.684}
/opt/anaconda3/lib/python3.13/site-packages/flare_cores/cores.py:2508: FutureWarning: Series.__getitem__ treating keys as positions is deprecated. In a future version, integer keys will always be treated as labels (consistent with DataFrame behavior). To access a value by position, use `ser.iloc[pos]`
  if len(a) > 0 and np.isnan(a[0]):
2026-05-04 09:52:16,146 INFO pycloud_parallel.service_timing {"event": "task_pool_timing", "pool_id": "78d8e258862e4e4c93efc88c872fbb42", "pool_name": "task-pool-fd0d14e5d8", "method": "get_fund_asset_ratio", "ok": true, "setup_ms": 0.0, "build_execute_spec_ms": 0.049, "executor_ms": 5993.123, "finalize_ms": 0.0, "total_ms": 5993.172, "error_type": "", "error_message": "", "subprocess": {"decode_ms": 0.644, "worker_decode_ms": 0.644, "invoke_ms": 3490.132, "invoke_wrapper_ms": 0.069, "user_fn_ms": 3490.049, "encode_ms": 1.414, "worker_encode_result_ms": 1.414, "managed_globals_cache_hit": true, "managed_globals_ms": 0.007}, "queue_wait_ms": 2500.933}
2026-05-04 09:52:16,147 INFO pycloud_parallel.service_timing {"event": "task_pool_timing", "pool_id": "78d8e258862e4e4c93efc88c872fbb42", "pool_name": "task-pool-fd0d14e5d8", "method": "get_fund_asset_ratio", "ok": true, "setup_ms": 0.0, "build_execute_spec_ms": 0.023, "executor_ms": 3105.929, "finalize_ms": 0.0, "total_ms": 3105.952, "error_type": "", "error_message": "", "subprocess": {"decode_ms": 0.545, "worker_decode_ms": 0.545, "invoke_ms": 405.976, "invoke_wrapper_ms": 0.061, "user_fn_ms": 405.902, "encode_ms": 1.099, "worker_encode_result_ms": 1.099, "managed_globals_cache_hit": true, "managed_globals_ms": 0.005}, "queue_wait_ms": 2698.309}
2026-05-04 09:52:16,147 INFO pycloud_parallel.service_timing {"event": "task_pool_timing", "pool_id": "78d8e258862e4e4c93efc88c872fbb42", "pool_name": "task-pool-fd0d14e5d8", "method": "get_fund_asset_ratio", "ok": true, "setup_ms": 0.0, "build_execute_spec_ms": 0.048, "executor_ms": 1906.586, "finalize_ms": 0.0, "total_ms": 1906.634, "error_type": "", "error_message": "", "subprocess": {"decode_ms": 0.518, "worker_decode_ms": 0.518, "invoke_ms": 168.551, "invoke_wrapper_ms": 0.063, "user_fn_ms": 168.477, "encode_ms": 0.886, "worker_encode_result_ms": 0.886, "managed_globals_cache_hit": true, "managed_globals_ms": 0.005}, "queue_wait_ms": 1736.631}
/opt/anaconda3/lib/python3.13/site-packages/flare_cores/cores.py:2508: FutureWarning: Series.__getitem__ treating keys as positions is deprecated. In a future version, integer keys will always be treated as labels (consistent with DataFrame behavior). To access a value by position, use `ser.iloc[pos]`
  if len(a) > 0 and np.isnan(a[0]):
2026-05-04 09:52:16,199 INFO pycloud_parallel.service_timing {"event": "task_pool_timing", "pool_id": "78d8e258862e4e4c93efc88c872fbb42", "pool_name": "task-pool-fd0d14e5d8", "method": "get_fund_asset_ratio", "ok": true, "setup_ms": 0.0, "build_execute_spec_ms": 0.071, "executor_ms": 3158.848, "finalize_ms": 0.0, "total_ms": 3158.919, "error_type": "", "error_message": "", "subprocess": {"decode_ms": 0.669, "worker_decode_ms": 0.669, "invoke_ms": 700.176, "invoke_wrapper_ms": 0.078, "user_fn_ms": 700.085, "encode_ms": 1.659, "worker_encode_result_ms": 1.659, "managed_globals_cache_hit": true, "managed_globals_ms": 0.007}, "queue_wait_ms": 2456.344}
/opt/anaconda3/lib/python3.13/site-packages/flare_cores/cores.py:2508: FutureWarning: Series.__getitem__ treating keys as positions is deprecated. In a future version, integer keys will always be treated as labels (consistent with DataFrame behavior). To access a value by position, use `ser.iloc[pos]`
  if len(a) > 0 and np.isnan(a[0]):
/opt/anaconda3/lib/python3.13/site-packages/flare_cores/cores.py:2508: FutureWarning: Series.__getitem__ treating keys as positions is deprecated. In a future version, integer keys will always be treated as labels (consistent with DataFrame behavior). To access a value by position, use `ser.iloc[pos]`
  if len(a) > 0 and np.isnan(a[0]):
/opt/anaconda3/lib/python3.13/site-packages/flare_cores/cores.py:2508: FutureWarning: Series.__getitem__ treating keys as positions is deprecated. In a future version, integer keys will always be treated as labels (consistent with DataFrame behavior). To access a value by position, use `ser.iloc[pos]`
  if len(a) > 0 and np.isnan(a[0]):
/opt/anaconda3/lib/python3.13/site-packages/flare_cores/cores.py:2508: FutureWarning: Series.__getitem__ treating keys as positions is deprecated. In a future version, integer keys will always be treated as labels (consistent with DataFrame behavior). To access a value by position, use `ser.iloc[pos]`
  if len(a) > 0 and np.isnan(a[0]):
2026-05-04 09:52:16,253 INFO pycloud_parallel.service_timing {"event": "task_pool_timing", "pool_id": "78d8e258862e4e4c93efc88c872fbb42", "pool_name": "task-pool-fd0d14e5d8", "method": "get_fund_asset_ratio", "ok": true, "setup_ms": 0.0, "build_execute_spec_ms": 0.06, "executor_ms": 707.209, "finalize_ms": 0.0, "total_ms": 707.269, "error_type": "", "error_message": "", "subprocess": {"decode_ms": 1.158, "worker_decode_ms": 1.158, "invoke_ms": 83.448, "invoke_wrapper_ms": 0.07, "user_fn_ms": 83.367, "encode_ms": 0.688, "worker_encode_result_ms": 0.688, "managed_globals_cache_hit": true, "managed_globals_ms": 0.005}, "queue_wait_ms": 621.915}
2026-05-04 09:52:16,254 INFO pycloud_parallel.service_timing {"event": "task_pool_timing", "pool_id": "78d8e258862e4e4c93efc88c872fbb42", "pool_name": "task-pool-fd0d14e5d8", "method": "get_fund_asset_ratio", "ok": true, "setup_ms": 0.0, "build_execute_spec_ms": 0.057, "executor_ms": 377.747, "finalize_ms": 0.0, "total_ms": 377.804, "error_type": "", "error_message": "", "subprocess": {"decode_ms": 0.761, "worker_decode_ms": 0.761, "invoke_ms": 69.711, "invoke_wrapper_ms": 0.07, "user_fn_ms": 69.625, "encode_ms": 1.234, "worker_encode_result_ms": 1.234, "managed_globals_cache_hit": true, "managed_globals_ms": 0.007}, "queue_wait_ms": 306.041}
2026-05-04 09:52:16,254 INFO pycloud_parallel.service_timing {"event": "task_pool_timing", "pool_id": "78d8e258862e4e4c93efc88c872fbb42", "pool_name": "task-pool-fd0d14e5d8", "method": "get_fund_asset_ratio", "ok": true, "setup_ms": 0.0, "build_execute_spec_ms": 0.052, "executor_ms": 1259.946, "finalize_ms": 0.0, "total_ms": 1259.998, "error_type": "", "error_message": "", "subprocess": {"decode_ms": 0.777, "worker_decode_ms": 0.777, "invoke_ms": 140.619, "invoke_wrapper_ms": 0.065, "user_fn_ms": 140.538, "encode_ms": 0.878, "worker_encode_result_ms": 0.878, "managed_globals_cache_hit": true, "managed_globals_ms": 0.008}, "queue_wait_ms": 1117.672}
/opt/anaconda3/lib/python3.13/site-packages/flare_cores/cores.py:2508: FutureWarning: Series.__getitem__ treating keys as positions is deprecated. In a future version, integer keys will always be treated as labels (consistent with DataFrame behavior). To access a value by position, use `ser.iloc[pos]`
  if len(a) > 0 and np.isnan(a[0]):
2026-05-04 09:52:16,309 INFO pycloud_parallel.service_timing {"event": "task_pool_timing", "pool_id": "78d8e258862e4e4c93efc88c872fbb42", "pool_name": "task-pool-fd0d14e5d8", "method": "get_fund_asset_ratio", "ok": true, "setup_ms": 0.0, "build_execute_spec_ms": 0.021, "executor_ms": 85.849, "finalize_ms": 0.0, "total_ms": 85.87, "error_type": "", "error_message": "", "subprocess": {"decode_ms": 0.586, "worker_decode_ms": 0.586, "invoke_ms": 3.308, "invoke_wrapper_ms": 0.069, "user_fn_ms": 3.228, "encode_ms": 0.092, "worker_encode_result_ms": 0.092, "managed_globals_cache_hit": true, "managed_globals_ms": 0.007}, "queue_wait_ms": 81.863}
2026-05-04 09:52:16,309 INFO pycloud_parallel.service_timing {"event": "task_pool_timing", "pool_id": "78d8e258862e4e4c93efc88c872fbb42", "pool_name": "task-pool-fd0d14e5d8", "method": "get_fund_asset_ratio", "ok": true, "setup_ms": 0.0, "build_execute_spec_ms": 0.056, "executor_ms": 1094.139, "finalize_ms": 0.0, "total_ms": 1094.195, "error_type": "", "error_message": "", "subprocess": {"decode_ms": 0.542, "worker_decode_ms": 0.542, "invoke_ms": 129.99, "invoke_wrapper_ms": 0.062, "user_fn_ms": 129.913, "encode_ms": 1.085, "worker_encode_result_ms": 1.085, "managed_globals_cache_hit": true, "managed_globals_ms": 0.006}, "queue_wait_ms": 962.522}
2026-05-04 09:52:16,309 INFO pycloud_parallel.service_timing {"event": "task_pool_timing", "pool_id": "78d8e258862e4e4c93efc88c872fbb42", "pool_name": "task-pool-fd0d14e5d8", "method": "get_fund_asset_ratio", "ok": true, "setup_ms": 0.0, "build_execute_spec_ms": 0.057, "executor_ms": 11135.855, "finalize_ms": 0.0, "total_ms": 11135.912, "error_type": "", "error_message": "", "subprocess": {"decode_ms": 1.009, "worker_decode_ms": 1.009, "invoke_ms": 5137.183, "invoke_wrapper_ms": 0.079, "user_fn_ms": 5137.09, "encode_ms": 1.302, "worker_encode_result_ms": 1.302, "managed_globals_cache_hit": true, "managed_globals_ms": 0.008}, "queue_wait_ms": 5996.361}
2026-05-04 09:52:16,309 INFO pycloud_parallel.service_timing {"event": "task_pool_timing", "pool_id": "78d8e258862e4e4c93efc88c872fbb42", "pool_name": "task-pool-fd0d14e5d8", "method": "get_fund_asset_ratio", "ok": true, "setup_ms": 0.0, "build_execute_spec_ms": 0.056, "executor_ms": 318.306, "finalize_ms": 0.0, "total_ms": 318.362, "error_type": "", "error_message": "", "subprocess": {"decode_ms": 0.454, "worker_decode_ms": 0.454, "invoke_ms": 66.831, "invoke_wrapper_ms": 0.056, "user_fn_ms": 66.758, "encode_ms": 1.058, "worker_encode_result_ms": 1.058, "managed_globals_cache_hit": true, "managed_globals_ms": 0.005}, "queue_wait_ms": 249.963}
2026-05-04 09:52:16,310 INFO pycloud_parallel.service_timing {"event": "task_pool_timing", "pool_id": "78d8e258862e4e4c93efc88c872fbb42", "pool_name": "task-pool-fd0d14e5d8", "method": "get_fund_asset_ratio", "ok": true, "setup_ms": 0.0, "build_execute_spec_ms": 0.059, "executor_ms": 87.573, "finalize_ms": 0.0, "total_ms": 87.632, "error_type": "", "error_message": "", "subprocess": {"decode_ms": 0.8, "worker_decode_ms": 0.8, "invoke_ms": 60.128, "invoke_wrapper_ms": 0.066, "user_fn_ms": 60.046, "encode_ms": 1.653, "worker_encode_result_ms": 1.653, "managed_globals_cache_hit": true, "managed_globals_ms": 0.007}, "queue_wait_ms": 24.992}
2026-05-04 09:52:16,471 INFO pycloud_parallel.service_timing {"event": "task_pool_timing", "pool_id": "78d8e258862e4e4c93efc88c872fbb42", "pool_name": "task-pool-fd0d14e5d8", "method": "get_fund_asset_ratio", "ok": true, "setup_ms": 0.0, "build_execute_spec_ms": 0.059, "executor_ms": 11630.858, "finalize_ms": 0.0, "total_ms": 11630.917, "error_type": "", "error_message": "", "subprocess": {"decode_ms": 2.344, "worker_decode_ms": 2.344, "invoke_ms": 5629.509, "invoke_wrapper_ms": 0.072, "user_fn_ms": 5629.425, "encode_ms": 1.055, "worker_encode_result_ms": 1.055, "managed_globals_cache_hit": true, "managed_globals_ms": 0.014}, "queue_wait_ms": 5997.95}
2026-05-04 09:52:16,582 INFO pycloud_parallel.service_timing {"event": "task_pool_timing", "pool_id": "78d8e258862e4e4c93efc88c872fbb42", "pool_name": "task-pool-fd0d14e5d8", "method": "get_fund_asset_ratio", "ok": true, "setup_ms": 0.0, "build_execute_spec_ms": 0.061, "executor_ms": 5647.027, "finalize_ms": 0.0, "total_ms": 5647.088, "error_type": "", "error_message": "", "subprocess": {"decode_ms": 0.829, "worker_decode_ms": 0.829, "invoke_ms": 3675.072, "invoke_wrapper_ms": 0.089, "user_fn_ms": 3674.969, "encode_ms": 1.332, "worker_encode_result_ms": 1.332, "managed_globals_cache_hit": true, "managed_globals_ms": 0.008}, "queue_wait_ms": 1969.794}
2026-05-04 09:52:16,687 INFO pycloud_parallel.service_timing {"event": "task_pool_timing", "pool_id": "78d8e258862e4e4c93efc88c872fbb42", "pool_name": "task-pool-fd0d14e5d8", "method": "get_fund_asset_ratio", "ok": true, "setup_ms": 0.0, "build_execute_spec_ms": 0.057, "executor_ms": 8064.579, "finalize_ms": 0.0, "total_ms": 8064.636, "error_type": "", "error_message": "", "subprocess": {"decode_ms": 0.652, "worker_decode_ms": 0.652, "invoke_ms": 4246.044, "invoke_wrapper_ms": 0.069, "user_fn_ms": 4245.96, "encode_ms": 1.175, "worker_encode_result_ms": 1.175, "managed_globals_cache_hit": true, "managed_globals_ms": 0.007}, "queue_wait_ms": 3816.708}
2026-05-04 09:52:16,741 INFO pycloud_parallel.service_timing {"event": "task_pool_timing", "pool_id": "78d8e258862e4e4c93efc88c872fbb42", "pool_name": "task-pool-fd0d14e5d8", "method": "get_fund_asset_ratio", "ok": true, "setup_ms": 0.0, "build_execute_spec_ms": 0.05, "executor_ms": 12896.673, "finalize_ms": 0.0, "total_ms": 12896.723, "error_type": "", "error_message": "", "subprocess": {"decode_ms": 0.985, "worker_decode_ms": 0.985, "invoke_ms": 6629.958, "invoke_wrapper_ms": 0.071, "user_fn_ms": 6629.873, "encode_ms": 1.048, "worker_encode_result_ms": 1.048, "managed_globals_cache_hit": true, "managed_globals_ms": 0.009}, "queue_wait_ms": 6264.682}
2026-05-04 09:52:16,795 INFO pycloud_parallel.service_timing {"event": "task_pool_timing", "pool_id": "78d8e258862e4e4c93efc88c872fbb42", "pool_name": "task-pool-fd0d14e5d8", "method": "get_fund_asset_ratio", "ok": true, "setup_ms": 0.0, "build_execute_spec_ms": 0.05, "executor_ms": 8159.224, "finalize_ms": 0.0, "total_ms": 8159.274, "error_type": "", "error_message": "", "subprocess": {"decode_ms": 0.713, "worker_decode_ms": 0.713, "invoke_ms": 4312.318, "invoke_wrapper_ms": 0.063, "user_fn_ms": 4312.241, "encode_ms": 0.878, "worker_encode_result_ms": 0.878, "managed_globals_cache_hit": true, "managed_globals_ms": 0.008}, "queue_wait_ms": 3845.315}
 re minimize 
